ahv:AADV58_00005	ko:K02358
ahv:AADV58_00010	ko:K14234
ahv:AADV58_00015	ko:K14225
ahv:AADV58_00020	ko:K14236
ahv:AADV58_00025	ko:K08738
ahv:AADV58_00030	ko:K01687
ahv:AADV58_00035	ko:K13292
ahv:AADV58_00040	ko:K01759
ahv:AADV58_00050	ko:K03799
ahv:AADV58_00055	ko:K03717
ahv:AADV58_00060	ko:K07258
ahv:AADV58_00065	ko:K00824
ahv:AADV58_00070	ko:K09158
ahv:AADV58_00075	ko:K03801
ahv:AADV58_00080	ko:K03644
ahv:AADV58_00105	ko:K25137
ahv:AADV58_00110	ko:K08973
ahv:AADV58_00120	ko:K00523
ahv:AADV58_00125	ko:K11250
ahv:AADV58_00130	ko:K22108
ahv:AADV58_00140	ko:K01996
ahv:AADV58_00145	ko:K01995
ahv:AADV58_00150	ko:K01998
ahv:AADV58_00155	ko:K01997
ahv:AADV58_00160	ko:K01999
ahv:AADV58_00165	ko:K04090
ahv:AADV58_00190	ko:K07340
ahv:AADV58_00205	ko:K01796
ahv:AADV58_00220	ko:K01996
ahv:AADV58_00225	ko:K01999
ahv:AADV58_00230	ko:K01998
ahv:AADV58_00235	ko:K01997
ahv:AADV58_00240	ko:K01995
ahv:AADV58_00245	ko:K01897
ahv:AADV58_00250	ko:K10914
ahv:AADV58_00260	ko:K03406
ahv:AADV58_00265	ko:K18303
ahv:AADV58_00270	ko:K18302
ahv:AADV58_00280	ko:K11942
ahv:AADV58_00300	ko:K11527
ahv:AADV58_00310	ko:K03406
ahv:AADV58_00325	ko:K15633
ahv:AADV58_00335	ko:K02482
ahv:AADV58_00365	ko:K00311
ahv:AADV58_00370	ko:K20035
ahv:AADV58_00380	ko:K02483
ahv:AADV58_00385	ko:K02355
ahv:AADV58_00395	ko:K04042
ahv:AADV58_00405	ko:K00266
ahv:AADV58_00410	ko:K00265
ahv:AADV58_00415	ko:K01735
ahv:AADV58_00420	ko:K00891
ahv:AADV58_00425	ko:K02666
ahv:AADV58_00430	ko:K02665
ahv:AADV58_00435	ko:K02664
ahv:AADV58_00440	ko:K02663
ahv:AADV58_00445	ko:K02662
ahv:AADV58_00450	ko:K05366
ahv:AADV58_00455	ko:K06202
ahv:AADV58_00465	ko:K01586
ahv:AADV58_00470	ko:K04762
ahv:AADV58_00475	ko:K24180
ahv:AADV58_00480	ko:K03667
ahv:AADV58_00485	ko:K01419
ahv:AADV58_00495	ko:K06969
ahv:AADV58_00505	ko:K03733
ahv:AADV58_00510	ko:K09921
ahv:AADV58_00515	ko:K01778
ahv:AADV58_00525	ko:K02517
ahv:AADV58_00530	ko:K00789
ahv:AADV58_00535	ko:K25135
ahv:AADV58_00540	ko:K01251
ahv:AADV58_00545	ko:K06442
ahv:AADV58_00550	ko:K00297
ahv:AADV58_00560	ko:K14229
ahv:AADV58_00565	ko:K14229
ahv:AADV58_00570	ko:K03607
ahv:AADV58_00575	ko:K01061
ahv:AADV58_00580	ko:K08301
ahv:AADV58_00585	ko:K08303
ahv:AADV58_00595	ko:K01907
ahv:AADV58_00600	ko:K03776
ahv:AADV58_00605	ko:K01692
ahv:AADV58_00610	ko:K06287
ahv:AADV58_00615	ko:K00783
ahv:AADV58_00620	ko:K09710
ahv:AADV58_00625	ko:K00969
ahv:AADV58_00640	ko:K02204
ahv:AADV58_00655	ko:K02335
ahv:AADV58_00675	ko:K02805
ahv:AADV58_00680	ko:K00973
ahv:AADV58_00705	ko:K00059
ahv:AADV58_00735	ko:K13670
ahv:AADV58_00765	ko:K19354
ahv:AADV58_00775	ko:K01953
ahv:AADV58_00795	ko:K11085
ahv:AADV58_00800	ko:K02844
ahv:AADV58_00805	ko:K02849
ahv:AADV58_00810	ko:K02226
ahv:AADV58_00815	ko:K02233
ahv:AADV58_00820	ko:K00768
ahv:AADV58_00825	ko:K02231
ahv:AADV58_00830	ko:K02232
ahv:AADV58_00835	ko:K04719
ahv:AADV58_00845	ko:K02227
ahv:AADV58_00850	ko:K02225
ahv:AADV58_00855	ko:K02016
ahv:AADV58_00860	ko:K02016
ahv:AADV58_00875	ko:K02014
ahv:AADV58_00885	ko:K00641
ahv:AADV58_00895	ko:K08218
ahv:AADV58_00920	ko:K01142
ahv:AADV58_00925	ko:K00762
ahv:AADV58_00935	ko:K02434
ahv:AADV58_00945	ko:K02433
ahv:AADV58_00950	ko:K02435
ahv:AADV58_00955	ko:K03569
ahv:AADV58_00960	ko:K03570
ahv:AADV58_00965	ko:K03571
ahv:AADV58_00970	ko:K05515
ahv:AADV58_00975	ko:K05837
ahv:AADV58_00980	ko:K03642
ahv:AADV58_00990	ko:K24844
ahv:AADV58_00995	ko:K24845
ahv:AADV58_01000	ko:K24843
ahv:AADV58_01010	ko:K03821
ahv:AADV58_01030	ko:K00253
ahv:AADV58_01035	ko:K01673
ahv:AADV58_01040	ko:K00626
ahv:AADV58_01050	ko:K00248
ahv:AADV58_01065	ko:K01969
ahv:AADV58_01070	ko:K13766
ahv:AADV58_01080	ko:K01968
ahv:AADV58_01085	ko:K01640
ahv:AADV58_01095	ko:K06938
ahv:AADV58_01110	ko:K03406
ahv:AADV58_01120	ko:K06958
ahv:AADV58_01135	ko:K03186
ahv:AADV58_01140	ko:K07157
ahv:AADV58_01150	ko:K07086
ahv:AADV58_01155	ko:K21703
ahv:AADV58_01160	ko:K14225
ahv:AADV58_01175	ko:K03575
ahv:AADV58_01180	ko:K25135
ahv:AADV58_01185	ko:K25135
ahv:AADV58_01190	ko:K06158
ahv:AADV58_01205	ko:K02203
ahv:AADV58_01210	ko:K01433
ahv:AADV58_01220	ko:K03320
ahv:AADV58_01225	ko:K04752
ahv:AADV58_01235	ko:K09806
ahv:AADV58_01240	ko:K07391
ahv:AADV58_01245	ko:K07552
ahv:AADV58_01260	ko:K03752
ahv:AADV58_01265	ko:K07092
ahv:AADV58_01270	ko:K02437
ahv:AADV58_01275	ko:K14238
ahv:AADV58_01280	ko:K03833
ahv:AADV58_01295	ko:K01042
ahv:AADV58_01300	ko:K02380
ahv:AADV58_01305	ko:K00127
ahv:AADV58_01310	ko:K00124
ahv:AADV58_01315	ko:K00123
ahv:AADV58_01320	ko:K06917
ahv:AADV58_01325	ko:K01008
ahv:AADV58_01330	ko:K11927
ahv:AADV58_01340	ko:K02482
ahv:AADV58_01345	ko:K00548
ahv:AADV58_01355	ko:K01091
ahv:AADV58_01360	ko:K07080
ahv:AADV58_01375	ko:K10125
ahv:AADV58_01380	ko:K01826
ahv:AADV58_01385	ko:K10126
ahv:AADV58_01390	ko:K00075
ahv:AADV58_01395	ko:K01448
ahv:AADV58_01410	ko:K17061
ahv:AADV58_01415	ko:K17060
ahv:AADV58_01420	ko:K01744
ahv:AADV58_01425	ko:K03406
ahv:AADV58_01430	ko:K10004
ahv:AADV58_01435	ko:K10002
ahv:AADV58_01440	ko:K10003
ahv:AADV58_01445	ko:K05597
ahv:AADV58_01450	ko:K10001
ahv:AADV58_01460	ko:K00847
ahv:AADV58_01480	ko:K04066
ahv:AADV58_01485	ko:K01599
ahv:AADV58_01500	ko:K03498
ahv:AADV58_01505	ko:K03499
ahv:AADV58_01510	ko:K13599
ahv:AADV58_01515	ko:K13598
ahv:AADV58_01525	ko:K03500
ahv:AADV58_01535	ko:K00604
ahv:AADV58_01540	ko:K01462
ahv:AADV58_01550	ko:K04096
ahv:AADV58_01555	ko:K03169
ahv:AADV58_01570	ko:K04761
ahv:AADV58_01575	ko:K06183
ahv:AADV58_01590	ko:K05569
ahv:AADV58_01595	ko:K05570
ahv:AADV58_01600	ko:K05571
ahv:AADV58_01615	ko:K05567
ahv:AADV58_01625	ko:K05568
ahv:AADV58_01645	ko:K01919
ahv:AADV58_01650	ko:K01920
ahv:AADV58_01655	ko:K03734
ahv:AADV58_01665	ko:K07814
ahv:AADV58_01670	ko:K07560
ahv:AADV58_01675	ko:K02503
ahv:AADV58_01680	ko:K01424
ahv:AADV58_01695	ko:K02470
ahv:AADV58_01700	ko:K02338
ahv:AADV58_01705	ko:K02313
ahv:AADV58_01710	ko:K02914
ahv:AADV58_01715	ko:K03536
ahv:AADV58_01720	ko:K08998
ahv:AADV58_01725	ko:K03217
ahv:AADV58_01730	ko:K03650
ahv:AADV58_01740	ko:K02067
ahv:AADV58_01755	ko:K07090
ahv:AADV58_01770	ko:K18240
ahv:AADV58_01785	ko:K03183
ahv:AADV58_01790	ko:K26731
ahv:AADV58_01795	ko:K05979
ahv:AADV58_01800	ko:K00059
ahv:AADV58_01815	ko:K00647
ahv:AADV58_01870	ko:K02078
ahv:AADV58_01875	ko:K09458
ahv:AADV58_01880	ko:K02078
ahv:AADV58_01890	ko:K04084
ahv:AADV58_01895	ko:K03926
ahv:AADV58_01900	ko:K09694
ahv:AADV58_01905	ko:K09695
ahv:AADV58_01910	ko:K07018
ahv:AADV58_01925	ko:K03307
ahv:AADV58_01930	ko:K06177
ahv:AADV58_01940	ko:K03553
ahv:AADV58_01945	ko:K03565
ahv:AADV58_01950	ko:K06861
ahv:AADV58_01955	ko:K03092
ahv:AADV58_01960	ko:K05808
ahv:AADV58_01965	ko:K02806
ahv:AADV58_01970	ko:K06023
ahv:AADV58_01975	ko:K01768
ahv:AADV58_01980	ko:K14058
ahv:AADV58_02005	ko:K00974
ahv:AADV58_02020	ko:K08309
ahv:AADV58_02025	ko:K01934
ahv:AADV58_02035	ko:K14155
ahv:AADV58_02040	ko:K01738
ahv:AADV58_02045	ko:K01754
ahv:AADV58_02060	ko:K06218
ahv:AADV58_02075	ko:K23127
ahv:AADV58_02085	ko:K03183
ahv:AADV58_02090	ko:K03690
ahv:AADV58_02095	ko:K02114
ahv:AADV58_02100	ko:K02112
ahv:AADV58_02105	ko:K02115
ahv:AADV58_02110	ko:K02111
ahv:AADV58_02115	ko:K02113
ahv:AADV58_02120	ko:K02109
ahv:AADV58_02125	ko:K02110
ahv:AADV58_02130	ko:K02108
ahv:AADV58_02135	ko:K02116
ahv:AADV58_02140	ko:K03497
ahv:AADV58_02145	ko:K03496
ahv:AADV58_02150	ko:K03501
ahv:AADV58_02155	ko:K03495
ahv:AADV58_02165	ko:K00793
ahv:AADV58_02170	ko:K15035
ahv:AADV58_02180	ko:K02014
ahv:AADV58_02185	ko:K08483
ahv:AADV58_02190	ko:K02784
ahv:AADV58_02195	ko:K02793
ahv:AADV58_02205	ko:K08224
ahv:AADV58_02225	ko:K09924
ahv:AADV58_02230	ko:K06915
ahv:AADV58_02235	ko:K19159
ahv:AADV58_02240	ko:K19158
ahv:AADV58_02250	ko:K06911
ahv:AADV58_02275	ko:K01159
ahv:AADV58_02280	ko:K03550
ahv:AADV58_02290	ko:K03551
ahv:AADV58_02300	ko:K07107
ahv:AADV58_02305	ko:K03562
ahv:AADV58_02310	ko:K03560
ahv:AADV58_02315	ko:K03832
ahv:AADV58_02320	ko:K03641
ahv:AADV58_02325	ko:K03640
ahv:AADV58_02335	ko:K10026
ahv:AADV58_02350	ko:K01996
ahv:AADV58_02355	ko:K01995
ahv:AADV58_02360	ko:K01998
ahv:AADV58_02365	ko:K01997
ahv:AADV58_02370	ko:K01999
ahv:AADV58_02375	ko:K06920
ahv:AADV58_02380	ko:K07112
ahv:AADV58_02415	ko:K02224
ahv:AADV58_02420	ko:K10914
ahv:AADV58_02430	ko:K00077
ahv:AADV58_02440	ko:K19221
ahv:AADV58_02445	ko:K02013
ahv:AADV58_02450	ko:K02015
ahv:AADV58_02455	ko:K16092
ahv:AADV58_02460	ko:K09892
ahv:AADV58_02465	ko:K09888
ahv:AADV58_02470	ko:K28358
ahv:AADV58_02475	ko:K07090
ahv:AADV58_02485	ko:K11688
ahv:AADV58_02490	ko:K11689
ahv:AADV58_02495	ko:K11690
ahv:AADV58_02500	ko:K13929
ahv:AADV58_02505	ko:K13931
ahv:AADV58_02510	ko:K13932
ahv:AADV58_02515	ko:K13933
ahv:AADV58_02520	ko:K13934
ahv:AADV58_02525	ko:K13930
ahv:AADV58_02530	ko:K00645
ahv:AADV58_02535	ko:K07090
ahv:AADV58_02550	ko:K14393
ahv:AADV58_02560	ko:K01847
ahv:AADV58_02565	ko:K07588
ahv:AADV58_02570	ko:K01966
ahv:AADV58_02575	ko:K01965
ahv:AADV58_02590	ko:K02200
ahv:AADV58_02595	ko:K02200
ahv:AADV58_02600	ko:K02199
ahv:AADV58_02605	ko:K02198
ahv:AADV58_02610	ko:K02197
ahv:AADV58_02615	ko:K02196
ahv:AADV58_02620	ko:K02195
ahv:AADV58_02625	ko:K02194
ahv:AADV58_02630	ko:K02193
ahv:AADV58_02635	ko:K00428
ahv:AADV58_02640	ko:K04761
ahv:AADV58_02650	ko:K06282
ahv:AADV58_02655	ko:K06281
ahv:AADV58_02660	ko:K03620
ahv:AADV58_02665	ko:K03605
ahv:AADV58_02670	ko:K04653
ahv:AADV58_02675	ko:K03619
ahv:AADV58_02680	ko:K03618
ahv:AADV58_02700	ko:K04651
ahv:AADV58_02705	ko:K04652
ahv:AADV58_02710	ko:K04656
ahv:AADV58_02720	ko:K04653
ahv:AADV58_02725	ko:K04654
ahv:AADV58_02730	ko:K04655
ahv:AADV58_02740	ko:K19640
ahv:AADV58_02745	ko:K19641
ahv:AADV58_02750	ko:K23548
ahv:AADV58_02755	ko:K23549
ahv:AADV58_02765	ko:K00657
ahv:AADV58_02780	ko:K13771
ahv:AADV58_02785	ko:K07722
ahv:AADV58_02790	ko:K19661
ahv:AADV58_02795	ko:K10094
ahv:AADV58_02800	ko:K16915
ahv:AADV58_02810	ko:K02007
ahv:AADV58_02815	ko:K02008
ahv:AADV58_02820	ko:K02006
ahv:AADV58_02825	ko:K00029
ahv:AADV58_02830	ko:K07152
ahv:AADV58_02835	ko:K02558
ahv:AADV58_02845	ko:K03786
ahv:AADV58_02850	ko:K02160
ahv:AADV58_02855	ko:K01961
ahv:AADV58_02860	ko:K02687
ahv:AADV58_02870	ko:K00856
ahv:AADV58_02875	ko:K22310
ahv:AADV58_02885	ko:K01525
ahv:AADV58_02890	ko:K00820
ahv:AADV58_02895	ko:K02841
ahv:AADV58_02900	ko:K02527
ahv:AADV58_02905	ko:K12340
ahv:AADV58_02915	ko:K00573
ahv:AADV58_02920	ko:K01674
ahv:AADV58_02925	ko:K03147
ahv:AADV58_02930	ko:K03281
ahv:AADV58_02935	ko:K06940
ahv:AADV58_02940	ko:K06153
ahv:AADV58_02945	ko:K07000
ahv:AADV58_02950	ko:K01147
ahv:AADV58_02955	ko:K03832
ahv:AADV58_02960	ko:K00014
ahv:AADV58_02965	ko:K03814
ahv:AADV58_02970	ko:K06213
ahv:AADV58_02975	ko:K11741
ahv:AADV58_02980	ko:K01845
ahv:AADV58_02985	ko:K00788
ahv:AADV58_02990	ko:K00941
ahv:AADV58_02995	ko:K02657
ahv:AADV58_03000	ko:K02658
ahv:AADV58_03005	ko:K02659
ahv:AADV58_03010	ko:K02660
ahv:AADV58_03015	ko:K06596
ahv:AADV58_03020	ko:K07814
ahv:AADV58_03025	ko:K01669
ahv:AADV58_03030	ko:K07735
ahv:AADV58_03035	ko:K07447
ahv:AADV58_03040	ko:K02825
ahv:AADV58_03045	ko:K00609
ahv:AADV58_03050	ko:K01465
ahv:AADV58_03055	ko:K02237
ahv:AADV58_03060	ko:K09131
ahv:AADV58_03065	ko:K02221
ahv:AADV58_03070	ko:K00286
ahv:AADV58_03075	ko:K06997
ahv:AADV58_03080	ko:K02669
ahv:AADV58_03085	ko:K02670
ahv:AADV58_03100	ko:K03656
ahv:AADV58_03110	ko:K03743
ahv:AADV58_03120	ko:K03688
ahv:AADV58_03135	ko:K01887
ahv:AADV58_03145	ko:K03673
ahv:AADV58_03160	ko:K03154
ahv:AADV58_03165	ko:K03149
ahv:AADV58_03170	ko:K03439
ahv:AADV58_03175	ko:K03554
ahv:AADV58_03180	ko:K09858
ahv:AADV58_03190	ko:K10680
ahv:AADV58_03195	ko:K16137
ahv:AADV58_03230	ko:K01519
ahv:AADV58_03235	ko:K00989
ahv:AADV58_03240	ko:K20074
ahv:AADV58_03255	ko:K00942
ahv:AADV58_03260	ko:K03060
ahv:AADV58_03265	ko:K01139
ahv:AADV58_03270	ko:K00285
ahv:AADV58_03275	ko:K03424
ahv:AADV58_03285	ko:K03089
ahv:AADV58_03290	ko:K01894
ahv:AADV58_03295	ko:K06131
ahv:AADV58_03305	ko:K03517
ahv:AADV58_03320	ko:K01915
ahv:AADV58_03330	ko:K07708
ahv:AADV58_03335	ko:K07712
ahv:AADV58_03340	ko:K03524
ahv:AADV58_03345	ko:K03525
ahv:AADV58_03365	ko:K00135
ahv:AADV58_03380	ko:K14219
ahv:AADV58_03385	ko:K07727
ahv:AADV58_03395	ko:K14059
ahv:AADV58_03420	ko:K07486
ahv:AADV58_03425	ko:K05916
ahv:AADV58_03440	ko:K03088
ahv:AADV58_03485	ko:K02387
ahv:AADV58_03515	ko:K17686
ahv:AADV58_03530	ko:K07787
ahv:AADV58_03535	ko:K07798
ahv:AADV58_03540	ko:K07796
ahv:AADV58_03560	ko:K22348
ahv:AADV58_03575	ko:K07665
ahv:AADV58_03580	ko:K07644
ahv:AADV58_03600	ko:K02448
ahv:AADV58_03615	ko:K21563
ahv:AADV58_03620	ko:K04748
ahv:AADV58_03630	ko:K02164
ahv:AADV58_03635	ko:K04561
ahv:AADV58_03640	ko:K02305
ahv:AADV58_03650	ko:K07152
ahv:AADV58_03665	ko:K07152
ahv:AADV58_03670	ko:K00376
ahv:AADV58_03690	ko:K00376
ahv:AADV58_03710	ko:K07218
ahv:AADV58_03715	ko:K02573
ahv:AADV58_03720	ko:K02574
ahv:AADV58_03725	ko:K01990
ahv:AADV58_03735	ko:K01992
ahv:AADV58_03745	ko:K03453
ahv:AADV58_03770	ko:K02575
ahv:AADV58_03775	ko:K02575
ahv:AADV58_03780	ko:K00370
ahv:AADV58_03785	ko:K00371
ahv:AADV58_03790	ko:K00373
ahv:AADV58_03795	ko:K00374
ahv:AADV58_03800	ko:K07673
ahv:AADV58_03805	ko:K07684
ahv:AADV58_03815	ko:K01673
ahv:AADV58_03820	ko:K01095
ahv:AADV58_03825	ko:K00946
ahv:AADV58_03830	ko:K03625
ahv:AADV58_03835	ko:K00794
ahv:AADV58_03840	ko:K14652
ahv:AADV58_03850	ko:K06942
ahv:AADV58_03855	ko:K01056
ahv:AADV58_03860	ko:K02897
ahv:AADV58_03865	ko:K00948
ahv:AADV58_03870	ko:K14223
ahv:AADV58_03875	ko:K00919
ahv:AADV58_03880	ko:K02494
ahv:AADV58_03890	ko:K10563
ahv:AADV58_03905	ko:K00954
ahv:AADV58_03910	ko:K08316
ahv:AADV58_03915	ko:K07263
ahv:AADV58_03920	ko:K07263
ahv:AADV58_03925	ko:K03110
ahv:AADV58_03930	ko:K09812
ahv:AADV58_03935	ko:K09811
ahv:AADV58_03940	ko:K02482
ahv:AADV58_03975	ko:K06001
ahv:AADV58_03985	ko:K00859
ahv:AADV58_03990	ko:K18778
ahv:AADV58_03995	ko:K09862
ahv:AADV58_04000	ko:K03574
ahv:AADV58_04005	ko:K06923
ahv:AADV58_04010	ko:K08304
ahv:AADV58_04015	ko:K03320
ahv:AADV58_04020	ko:K04078
ahv:AADV58_04025	ko:K04077
ahv:AADV58_04035	ko:K14393
ahv:AADV58_04040	ko:K02483
ahv:AADV58_04050	ko:K14231
ahv:AADV58_04065	ko:K08296
ahv:AADV58_04070	ko:K22468
ahv:AADV58_04080	ko:K00382
ahv:AADV58_04085	ko:K00627
ahv:AADV58_04090	ko:K00163
ahv:AADV58_04095	ko:K00179
ahv:AADV58_04100	ko:K00180
ahv:AADV58_04105	ko:K01491
ahv:AADV58_04110	ko:K01588
ahv:AADV58_04120	ko:K01589
ahv:AADV58_04125	ko:K07566
ahv:AADV58_04130	ko:K14218
ahv:AADV58_04140	ko:K07484
ahv:AADV58_04180	ko:K14218
ahv:AADV58_04190	ko:K09928
ahv:AADV58_04205	ko:K09800
ahv:AADV58_04210	ko:K07278
ahv:AADV58_04220	ko:K03286
ahv:AADV58_04225	ko:K07001
ahv:AADV58_04240	ko:K03413
ahv:AADV58_04265	ko:K05782
ahv:AADV58_04270	ko:K02337
ahv:AADV58_04275	ko:K03406
ahv:AADV58_04285	ko:K00342
ahv:AADV58_04290	ko:K09822
ahv:AADV58_04300	ko:K00342
ahv:AADV58_04305	ko:K00342
ahv:AADV58_04315	ko:K06193
ahv:AADV58_04320	ko:K03321
ahv:AADV58_04335	ko:K01874
ahv:AADV58_04345	ko:K03593
ahv:AADV58_04350	ko:K01494
ahv:AADV58_04355	ko:K01584
ahv:AADV58_04360	ko:K00287
ahv:AADV58_04365	ko:K01810
ahv:AADV58_04370	ko:K00560
ahv:AADV58_04380	ko:K03831
ahv:AADV58_04385	ko:K09889
ahv:AADV58_04390	ko:K03592
ahv:AADV58_04395	ko:K07182
ahv:AADV58_04400	ko:K11688
ahv:AADV58_04405	ko:K15634
ahv:AADV58_04410	ko:K00600
ahv:AADV58_04415	ko:K07738
ahv:AADV58_04420	ko:K11752
ahv:AADV58_04425	ko:K21029
ahv:AADV58_04435	ko:K03797
ahv:AADV58_04440	ko:K22719
ahv:AADV58_04455	ko:K03676
ahv:AADV58_04460	ko:K03071
ahv:AADV58_04470	ko:K00057
ahv:AADV58_04475	ko:K03216
ahv:AADV58_04485	ko:K01012
ahv:AADV58_04490	ko:K02169
ahv:AADV58_04495	ko:K17247
ahv:AADV58_04500	ko:K07147
ahv:AADV58_04520	ko:K03978
ahv:AADV58_04525	ko:K01698
ahv:AADV58_04530	ko:K05501
ahv:AADV58_04535	ko:K07025
ahv:AADV58_04540	ko:K00930
ahv:AADV58_04545	ko:K08310
ahv:AADV58_04555	ko:K01167
ahv:AADV58_04560	ko:K01876
ahv:AADV58_04575	ko:K02654
ahv:AADV58_04580	ko:K02653
ahv:AADV58_04585	ko:K02652
ahv:AADV58_04590	ko:K03699
ahv:AADV58_04600	ko:K03106
ahv:AADV58_04610	ko:K01881
ahv:AADV58_04615	ko:K08311
ahv:AADV58_04625	ko:K06134
ahv:AADV58_04630	ko:K07397
ahv:AADV58_04635	ko:K02871
ahv:AADV58_04640	ko:K02996
ahv:AADV58_04655	ko:K15724
ahv:AADV58_04665	ko:K01977
ahv:AADV58_04670	ko:K14227
ahv:AADV58_04675	ko:K14218
ahv:AADV58_04680	ko:K01980
ahv:AADV58_04685	ko:K01985
ahv:AADV58_04695	ko:K22132
ahv:AADV58_04705	ko:K02523
ahv:AADV58_04710	ko:K14232
ahv:AADV58_04715	ko:K21703
ahv:AADV58_04720	ko:K02448
ahv:AADV58_04725	ko:K04748
ahv:AADV58_04730	ko:K01601
ahv:AADV58_04755	ko:K01086
ahv:AADV58_04760	ko:K28462
ahv:AADV58_04765	ko:K00615
ahv:AADV58_04770	ko:K00134
ahv:AADV58_04775	ko:K01624
ahv:AADV58_04780	ko:K01783
ahv:AADV58_04785	ko:K01091
ahv:AADV58_04795	ko:K01624
ahv:AADV58_04800	ko:K00873
ahv:AADV58_04810	ko:K00927
ahv:AADV58_04815	ko:K03472
ahv:AADV58_04825	ko:K00134
ahv:AADV58_04830	ko:K00615
ahv:AADV58_04835	ko:K11689
ahv:AADV58_04840	ko:K11690
ahv:AADV58_04845	ko:K11688
ahv:AADV58_04850	ko:K03841
ahv:AADV58_04865	ko:K09761
ahv:AADV58_04870	ko:K23753
ahv:AADV58_04875	ko:K14682
ahv:AADV58_04900	ko:K01807
ahv:AADV58_04910	ko:K01551
ahv:AADV58_04920	ko:K28614
ahv:AADV58_04925	ko:K03741
ahv:AADV58_04930	ko:K03741
ahv:AADV58_04935	ko:K03892
ahv:AADV58_04945	ko:K03574
ahv:AADV58_04950	ko:K03406
ahv:AADV58_04955	ko:K02040
ahv:AADV58_04960	ko:K02037
ahv:AADV58_04965	ko:K02038
ahv:AADV58_04970	ko:K02036
ahv:AADV58_04975	ko:K02039
ahv:AADV58_04980	ko:K07657
ahv:AADV58_04985	ko:K07636
ahv:AADV58_04995	ko:K19002
ahv:AADV58_05010	ko:K26913
ahv:AADV58_05020	ko:K02012
ahv:AADV58_05025	ko:K02010
ahv:AADV58_05030	ko:K02011
ahv:AADV58_05035	ko:K03430
ahv:AADV58_05040	ko:K28018
ahv:AADV58_05045	ko:K05306
ahv:AADV58_05050	ko:K00901
ahv:AADV58_05070	ko:K01759
ahv:AADV58_05080	ko:K00655
ahv:AADV58_05085	ko:K03273
ahv:AADV58_05090	ko:K01879
ahv:AADV58_05095	ko:K01878
ahv:AADV58_05105	ko:K03820
ahv:AADV58_05110	ko:K06189
ahv:AADV58_05115	ko:K07042
ahv:AADV58_05120	ko:K06217
ahv:AADV58_05125	ko:K06168
ahv:AADV58_05130	ko:K14230
ahv:AADV58_05140	ko:K02517
ahv:AADV58_05145	ko:K14230
ahv:AADV58_05150	ko:K03086
ahv:AADV58_05155	ko:K02316
ahv:AADV58_05160	ko:K09117
ahv:AADV58_05165	ko:K02970
ahv:AADV58_05170	ko:K25706
ahv:AADV58_05175	ko:K08591
ahv:AADV58_05180	ko:K01633
ahv:AADV58_05185	ko:K07238
ahv:AADV58_05195	ko:K04763
ahv:AADV58_05200	ko:K00567
ahv:AADV58_05205	ko:K00252
ahv:AADV58_05210	ko:K00147
ahv:AADV58_05215	ko:K02340
ahv:AADV58_05220	ko:K03643
ahv:AADV58_05225	ko:K01869
ahv:AADV58_05235	ko:K03657
ahv:AADV58_05245	ko:K03496
ahv:AADV58_05250	ko:K06950
ahv:AADV58_05255	ko:K02668
ahv:AADV58_05260	ko:K02667
ahv:AADV58_05265	ko:K03806
ahv:AADV58_05275	ko:K01596
ahv:AADV58_05280	ko:K00029
ahv:AADV58_05285	ko:K07262
ahv:AADV58_05295	ko:K18928
ahv:AADV58_05300	ko:K18929
ahv:AADV58_05310	ko:K00018
ahv:AADV58_05315	ko:K00782
ahv:AADV58_05320	ko:K14761
ahv:AADV58_05330	ko:K07220
ahv:AADV58_05335	ko:K03306
ahv:AADV58_05360	ko:K12543
ahv:AADV58_05365	ko:K02483
ahv:AADV58_05380	ko:K07670
ahv:AADV58_05385	ko:K08738
ahv:AADV58_05400	ko:K18138
ahv:AADV58_05410	ko:K03665
ahv:AADV58_05420	ko:K00042
ahv:AADV58_05425	ko:K00042
ahv:AADV58_05430	ko:K09823
ahv:AADV58_05435	ko:K06204
ahv:AADV58_05445	ko:K01737
ahv:AADV58_05455	ko:K02003
ahv:AADV58_05460	ko:K02004
ahv:AADV58_05465	ko:K09950
ahv:AADV58_05470	ko:K16267
ahv:AADV58_05480	ko:K02483
ahv:AADV58_05500	ko:K05916
ahv:AADV58_05515	ko:K15727
ahv:AADV58_05520	ko:K15726
ahv:AADV58_05530	ko:K15725
ahv:AADV58_05570	ko:K01628
ahv:AADV58_05575	ko:K08963
ahv:AADV58_05580	ko:K14287
ahv:AADV58_05585	ko:K03282
ahv:AADV58_05590	ko:K00982
ahv:AADV58_05600	ko:K11206
ahv:AADV58_05605	ko:K03568
ahv:AADV58_05615	ko:K01626
ahv:AADV58_05620	ko:K07001
ahv:AADV58_05640	ko:K01736
ahv:AADV58_05645	ko:K09794
ahv:AADV58_05650	ko:K05820
ahv:AADV58_05655	ko:K01703
ahv:AADV58_05665	ko:K01704
ahv:AADV58_05670	ko:K00052
ahv:AADV58_05675	ko:K00133
ahv:AADV58_05680	ko:K08086
ahv:AADV58_05690	ko:K06173
ahv:AADV58_05695	ko:K01817
ahv:AADV58_05700	ko:K01696
ahv:AADV58_05705	ko:K01695
ahv:AADV58_05710	ko:K01963
ahv:AADV58_05715	ko:K11754
ahv:AADV58_05720	ko:K03749
ahv:AADV58_05725	ko:K03558
ahv:AADV58_05730	ko:K00764
ahv:AADV58_05735	ko:K10764
ahv:AADV58_05740	ko:K11927
ahv:AADV58_05745	ko:K14234
ahv:AADV58_05755	ko:K03496
ahv:AADV58_05760	ko:K14230
ahv:AADV58_05765	ko:K01977
ahv:AADV58_05770	ko:K14227
ahv:AADV58_05775	ko:K14218
ahv:AADV58_05780	ko:K01980
ahv:AADV58_05785	ko:K01985
ahv:AADV58_05790	ko:K01983
ahv:AADV58_05795	ko:K02343
ahv:AADV58_05800	ko:K09747
ahv:AADV58_05805	ko:K06187
ahv:AADV58_05810	ko:K00411
ahv:AADV58_05815	ko:K00412
ahv:AADV58_05820	ko:K00413
ahv:AADV58_05825	ko:K03599
ahv:AADV58_05830	ko:K03600
ahv:AADV58_05835	ko:K00372
ahv:AADV58_05845	ko:K26139
ahv:AADV58_05850	ko:K26138
ahv:AADV58_05855	ko:K03795
ahv:AADV58_05860	ko:K07183
ahv:AADV58_05865	ko:K15576
ahv:AADV58_05870	ko:K15577
ahv:AADV58_05875	ko:K15578
ahv:AADV58_05885	ko:K00797
ahv:AADV58_05890	ko:K14219
ahv:AADV58_05895	ko:K03406
ahv:AADV58_05900	ko:K15738
ahv:AADV58_05920	ko:K01069
ahv:AADV58_05930	ko:K01247
ahv:AADV58_05935	ko:K01962
ahv:AADV58_05940	ko:K04075
ahv:AADV58_05945	ko:K01714
ahv:AADV58_05950	ko:K07287
ahv:AADV58_05960	ko:K03215
ahv:AADV58_05965	ko:K19416
ahv:AADV58_05970	ko:K14233
ahv:AADV58_05980	ko:K00798
ahv:AADV58_05985	ko:K01816
ahv:AADV58_05995	ko:K00104
ahv:AADV58_06000	ko:K11472
ahv:AADV58_06005	ko:K11473
ahv:AADV58_06015	ko:K20074
ahv:AADV58_06020	ko:K11927
ahv:AADV58_06040	ko:K02027
ahv:AADV58_06045	ko:K01126
ahv:AADV58_06050	ko:K01872
ahv:AADV58_06070	ko:K15778
ahv:AADV58_06075	ko:K07019
ahv:AADV58_06085	ko:K02843
ahv:AADV58_06095	ko:K00826
ahv:AADV58_06110	ko:K00566
ahv:AADV58_06125	ko:K01756
ahv:AADV58_06155	ko:K03769
ahv:AADV58_06160	ko:K02597
ahv:AADV58_06165	ko:K02595
ahv:AADV58_06175	ko:K00640
ahv:AADV58_06180	ko:K02594
ahv:AADV58_06195	ko:K03497
ahv:AADV58_06200	ko:K03499
ahv:AADV58_06205	ko:K03498
ahv:AADV58_06240	ko:K01993
ahv:AADV58_06245	ko:K13926
ahv:AADV58_06250	ko:K01992
ahv:AADV58_06275	ko:K02593
ahv:AADV58_06280	ko:K02591
ahv:AADV58_06285	ko:K02586
ahv:AADV58_06290	ko:K02588
ahv:AADV58_06295	ko:K05951
ahv:AADV58_06310	ko:K07814
ahv:AADV58_06340	ko:K07216
ahv:AADV58_06365	ko:K06940
ahv:AADV58_06370	ko:K05521
ahv:AADV58_06375	ko:K15790
ahv:AADV58_06390	ko:K22405
ahv:AADV58_06405	ko:K02585
ahv:AADV58_06410	ko:K07043
ahv:AADV58_06415	ko:K07216
ahv:AADV58_06420	ko:K04095
ahv:AADV58_06435	ko:K03671
ahv:AADV58_06445	ko:K09929
ahv:AADV58_06450	ko:K09930
ahv:AADV58_06465	ko:K06196
ahv:AADV58_06470	ko:K02444
ahv:AADV58_06475	ko:K02055
ahv:AADV58_06480	ko:K02053
ahv:AADV58_06485	ko:K02053
ahv:AADV58_06490	ko:K02052
ahv:AADV58_06495	ko:K03651
ahv:AADV58_06505	ko:K05835
ahv:AADV58_06525	ko:K10800
ahv:AADV58_06540	ko:K07493
ahv:AADV58_06565	ko:K03839
ahv:AADV58_06570	ko:K02597
ahv:AADV58_06585	ko:K02584
ahv:AADV58_06590	ko:K23916
ahv:AADV58_06595	ko:K03617
ahv:AADV58_06600	ko:K03616
ahv:AADV58_06605	ko:K03615
ahv:AADV58_06610	ko:K03614
ahv:AADV58_06615	ko:K03612
ahv:AADV58_06620	ko:K03613
ahv:AADV58_06625	ko:K09801
ahv:AADV58_06635	ko:K02587
ahv:AADV58_06640	ko:K02592
ahv:AADV58_06645	ko:K02596
ahv:AADV58_06650	ko:K03803
ahv:AADV58_06680	ko:K13819
ahv:AADV58_06685	ko:K04487
ahv:AADV58_06690	ko:K03074
ahv:AADV58_06695	ko:K03072
ahv:AADV58_06700	ko:K03210
ahv:AADV58_06705	ko:K00773
ahv:AADV58_06710	ko:K07568
ahv:AADV58_06720	ko:K03699
ahv:AADV58_06730	ko:K21498
ahv:AADV58_06735	ko:K07334
ahv:AADV58_06745	ko:K14228
ahv:AADV58_06755	ko:K02302
ahv:AADV58_06760	ko:K03802
ahv:AADV58_06765	ko:K03802
ahv:AADV58_06775	ko:K06147
ahv:AADV58_06780	ko:K06181
ahv:AADV58_06785	ko:K09005
ahv:AADV58_06790	ko:K03181
ahv:AADV58_06800	ko:K14393
ahv:AADV58_06810	ko:K07326
ahv:AADV58_06820	ko:K07117
ahv:AADV58_06830	ko:K04564
ahv:AADV58_06835	ko:K03601
ahv:AADV58_06840	ko:K03561
ahv:AADV58_06845	ko:K03559
ahv:AADV58_06850	ko:K00912
ahv:AADV58_06855	ko:K09791
ahv:AADV58_06860	ko:K00979
ahv:AADV58_06865	ko:K00939
ahv:AADV58_06870	ko:K21071
ahv:AADV58_06875	ko:K12541
ahv:AADV58_06880	ko:K12542
ahv:AADV58_06895	ko:K21563
ahv:AADV58_06900	ko:K21405
ahv:AADV58_06905	ko:K00138
ahv:AADV58_06910	ko:K09959
ahv:AADV58_06925	ko:K01579
ahv:AADV58_06930	ko:K12537
ahv:AADV58_06935	ko:K12536
ahv:AADV58_06945	ko:K01918
ahv:AADV58_06950	ko:K00606
ahv:AADV58_06955	ko:K00950
ahv:AADV58_06960	ko:K00970
ahv:AADV58_06965	ko:K28842
ahv:AADV58_06970	ko:K10763
ahv:AADV58_06975	ko:K01866
ahv:AADV58_06980	ko:K01933
ahv:AADV58_06985	ko:K03642
ahv:AADV58_06990	ko:K03585
ahv:AADV58_06995	ko:K18138
ahv:AADV58_07010	ko:K00791
ahv:AADV58_07015	ko:K07262
ahv:AADV58_07025	ko:K03572
ahv:AADV58_07035	ko:K11175
ahv:AADV58_07045	ko:K03500
ahv:AADV58_07060	ko:K03496
ahv:AADV58_07065	ko:K00821
ahv:AADV58_07070	ko:K00611
ahv:AADV58_07075	ko:K01940
ahv:AADV58_07085	ko:K09913
ahv:AADV58_07090	ko:K09767
ahv:AADV58_07100	ko:K06985
ahv:AADV58_07115	ko:K02227
ahv:AADV58_07120	ko:K00626
ahv:AADV58_07135	ko:K03324
ahv:AADV58_07145	ko:K07137
ahv:AADV58_07160	ko:K03189
ahv:AADV58_07165	ko:K03188
ahv:AADV58_07170	ko:K03187
ahv:AADV58_07175	ko:K01428
ahv:AADV58_07180	ko:K01429
ahv:AADV58_07185	ko:K01430
ahv:AADV58_07190	ko:K03190
ahv:AADV58_07200	ko:K02051
ahv:AADV58_07205	ko:K02049
ahv:AADV58_07210	ko:K02050
ahv:AADV58_07215	ko:K03365
ahv:AADV58_07220	ko:K11264
ahv:AADV58_07235	ko:K01487
ahv:AADV58_07240	ko:K18456
ahv:AADV58_07245	ko:K23536
ahv:AADV58_07250	ko:K23535
ahv:AADV58_07255	ko:K23537
ahv:AADV58_07260	ko:K07402
ahv:AADV58_07265	ko:K13482
ahv:AADV58_07270	ko:K13481
ahv:AADV58_07280	ko:K07335
ahv:AADV58_07300	ko:K21053
ahv:AADV58_07305	ko:K01483
ahv:AADV58_07310	ko:K01477
ahv:AADV58_07315	ko:K16842
ahv:AADV58_07320	ko:K00769
ahv:AADV58_07330	ko:K07127
ahv:AADV58_07335	ko:K13485
ahv:AADV58_07345	ko:K02028
ahv:AADV58_07350	ko:K02029
ahv:AADV58_07355	ko:K02029
ahv:AADV58_07360	ko:K02030
ahv:AADV58_07380	ko:K01999
ahv:AADV58_07385	ko:K06879
ahv:AADV58_07410	ko:K11963
ahv:AADV58_07415	ko:K11962
ahv:AADV58_07420	ko:K11961
ahv:AADV58_07425	ko:K11960
ahv:AADV58_07440	ko:K06999
ahv:AADV58_07455	ko:K11959
ahv:AADV58_07525	ko:K11527
ahv:AADV58_07530	ko:K07814
ahv:AADV58_07535	ko:K06949
ahv:AADV58_07545	ko:K06013
ahv:AADV58_07550	ko:K13288
ahv:AADV58_07560	ko:K02909
ahv:AADV58_07565	ko:K03628
ahv:AADV58_07570	ko:K03671
ahv:AADV58_07575	ko:K11712
ahv:AADV58_07580	ko:K11711
ahv:AADV58_07585	ko:K11688
ahv:AADV58_07590	ko:K11689
ahv:AADV58_07595	ko:K11690
ahv:AADV58_07605	ko:K00940
ahv:AADV58_07610	ko:K06941
ahv:AADV58_07615	ko:K02656
ahv:AADV58_07620	ko:K15539
ahv:AADV58_07625	ko:K03526
ahv:AADV58_07630	ko:K01892
ahv:AADV58_07640	ko:K17713
ahv:AADV58_07645	ko:K03977
ahv:AADV58_07650	ko:K03666
ahv:AADV58_07655	ko:K03665
ahv:AADV58_07660	ko:K04088
ahv:AADV58_07665	ko:K04087
ahv:AADV58_07670	ko:K09937
ahv:AADV58_07675	ko:K02502
ahv:AADV58_07680	ko:K01939
ahv:AADV58_07690	ko:K14228
ahv:AADV58_07695	ko:K12573
ahv:AADV58_07700	ko:K07216
ahv:AADV58_07705	ko:K03218
ahv:AADV58_07730	ko:K18139
ahv:AADV58_07735	ko:K18138
ahv:AADV58_07740	ko:K03585
ahv:AADV58_07745	ko:K03577
ahv:AADV58_07755	ko:K03413
ahv:AADV58_07770	ko:K03407
ahv:AADV58_07775	ko:K03406
ahv:AADV58_07780	ko:K03408
ahv:AADV58_07785	ko:K03406
ahv:AADV58_07790	ko:K03406
ahv:AADV58_07795	ko:K03411
ahv:AADV58_07800	ko:K00575
ahv:AADV58_07805	ko:K03412
ahv:AADV58_07810	ko:K05786
ahv:AADV58_07825	ko:K05367
ahv:AADV58_07830	ko:K09941
ahv:AADV58_07835	ko:K02439
ahv:AADV58_07840	ko:K00799
ahv:AADV58_07850	ko:K06894
ahv:AADV58_07875	ko:K00956
ahv:AADV58_07880	ko:K00957
ahv:AADV58_07885	ko:K11105
ahv:AADV58_07905	ko:K07646
ahv:AADV58_07910	ko:K07667
ahv:AADV58_07915	ko:K03498
ahv:AADV58_07920	ko:K03499
ahv:AADV58_07925	ko:K00557
ahv:AADV58_07960	ko:K00925
ahv:AADV58_07965	ko:K02027
ahv:AADV58_07975	ko:K03782
ahv:AADV58_07980	ko:K00432
ahv:AADV58_07985	ko:K00390
ahv:AADV58_07995	ko:K00381
ahv:AADV58_08000	ko:K13634
ahv:AADV58_08015	ko:K01768
ahv:AADV58_08020	ko:K03769
ahv:AADV58_08025	ko:K05527
ahv:AADV58_08030	ko:K09780
ahv:AADV58_08035	ko:K06190
ahv:AADV58_08040	ko:K13815
ahv:AADV58_08050	ko:K01935
ahv:AADV58_08055	ko:K02169
ahv:AADV58_08060	ko:K02170
ahv:AADV58_08065	ko:K00652
ahv:AADV58_08075	ko:K02442
ahv:AADV58_08080	ko:K00833
ahv:AADV58_08090	ko:K09861
ahv:AADV58_08095	ko:K03672
ahv:AADV58_08105	ko:K04047
ahv:AADV58_08115	ko:K05541
ahv:AADV58_08120	ko:K03439
ahv:AADV58_08125	ko:K06940
ahv:AADV58_08135	ko:K00616
ahv:AADV58_08140	ko:K01682
ahv:AADV58_08155	ko:K01633
ahv:AADV58_08160	ko:K00287
ahv:AADV58_08175	ko:K06445
ahv:AADV58_08180	ko:K00626
ahv:AADV58_08185	ko:K01782
ahv:AADV58_08205	ko:K07003
ahv:AADV58_08210	ko:K07516
ahv:AADV58_08215	ko:K00632
ahv:AADV58_08225	ko:K01897
ahv:AADV58_08230	ko:K00459
ahv:AADV58_08235	ko:K20035
ahv:AADV58_08250	ko:K00937
ahv:AADV58_08255	ko:K06867
ahv:AADV58_08330	ko:K20266
ahv:AADV58_08335	ko:K06077
ahv:AADV58_08430	ko:K14233
ahv:AADV58_08440	ko:K01092
ahv:AADV58_08445	ko:K02533
ahv:AADV58_08450	ko:K09768
ahv:AADV58_08460	ko:K01613
ahv:AADV58_08465	ko:K06970
ahv:AADV58_08475	ko:K03745
ahv:AADV58_08480	ko:K14237
ahv:AADV58_08485	ko:K01868
ahv:AADV58_08490	ko:K02520
ahv:AADV58_08495	ko:K02916
ahv:AADV58_08500	ko:K02887
ahv:AADV58_08505	ko:K01889
ahv:AADV58_08510	ko:K01890
ahv:AADV58_08515	ko:K04764
ahv:AADV58_08525	ko:K14232
ahv:AADV58_08530	ko:K03746
ahv:AADV58_08535	ko:K03787
ahv:AADV58_08540	ko:K00573
ahv:AADV58_08545	ko:K06194
ahv:AADV58_08550	ko:K03087
ahv:AADV58_08555	ko:K08305
ahv:AADV58_08560	ko:K22452
ahv:AADV58_08570	ko:K03924
ahv:AADV58_08580	ko:K00928
ahv:AADV58_08585	ko:K14233
ahv:AADV58_08615	ko:K03746
ahv:AADV58_08625	ko:K20920
ahv:AADV58_08630	ko:K20988
ahv:AADV58_08635	ko:K16554
ahv:AADV58_08640	ko:K01104
ahv:AADV58_08655	ko:K08307
ahv:AADV58_08680	ko:K14260
ahv:AADV58_08685	ko:K00003
ahv:AADV58_08700	ko:K01733
ahv:AADV58_08710	ko:K00346
ahv:AADV58_08715	ko:K00347
ahv:AADV58_08720	ko:K00348
ahv:AADV58_08725	ko:K00349
ahv:AADV58_08730	ko:K00350
ahv:AADV58_08735	ko:K00351
ahv:AADV58_08740	ko:K05952
ahv:AADV58_08750	ko:K01476
ahv:AADV58_08765	ko:K00281
ahv:AADV58_08770	ko:K02437
ahv:AADV58_08775	ko:K00605
ahv:AADV58_08780	ko:K07053
ahv:AADV58_08795	ko:K01867
ahv:AADV58_08800	ko:K05896
ahv:AADV58_08805	ko:K06024
ahv:AADV58_08810	ko:K06178
ahv:AADV58_08815	ko:K09748
ahv:AADV58_08820	ko:K02600
ahv:AADV58_08825	ko:K02519
ahv:AADV58_08830	ko:K02834
ahv:AADV58_08835	ko:K03177
ahv:AADV58_08840	ko:K02956
ahv:AADV58_08845	ko:K00962
ahv:AADV58_08850	ko:K06204
ahv:AADV58_08855	ko:K14232
ahv:AADV58_08860	ko:K14219
ahv:AADV58_08865	ko:K00012
ahv:AADV58_08870	ko:K08679
ahv:AADV58_08895	ko:K19267
ahv:AADV58_08905	ko:K02017
ahv:AADV58_08910	ko:K02018
ahv:AADV58_08915	ko:K02020
ahv:AADV58_08920	ko:K02019
ahv:AADV58_08925	ko:K02019
ahv:AADV58_08935	ko:K14441
ahv:AADV58_08945	ko:K00215
ahv:AADV58_08950	ko:K23775
ahv:AADV58_08955	ko:K03640
ahv:AADV58_08960	ko:K04083
ahv:AADV58_08970	ko:K09951
ahv:AADV58_08975	ko:K15342
ahv:AADV58_08980	ko:K09952
ahv:AADV58_08985	ko:K07093
ahv:AADV58_08990	ko:K09773
ahv:AADV58_08995	ko:K01595
ahv:AADV58_09000	ko:K18930
ahv:AADV58_09005	ko:K18929
ahv:AADV58_09010	ko:K00782
ahv:AADV58_09015	ko:K18928
ahv:AADV58_09020	ko:K05799
ahv:AADV58_09025	ko:K01007
ahv:AADV58_09035	ko:K07114
ahv:AADV58_09055	ko:K05834
ahv:AADV58_09070	ko:K07448
ahv:AADV58_09080	ko:K03924
ahv:AADV58_09140	ko:K14228
ahv:AADV58_09145	ko:K14228
ahv:AADV58_09165	ko:K01578
ahv:AADV58_09185	ko:K03770
ahv:AADV58_09190	ko:K03321
ahv:AADV58_09195	ko:K00208
ahv:AADV58_09200	ko:K00311
ahv:AADV58_09205	ko:K07107
ahv:AADV58_09210	ko:K01129
ahv:AADV58_09230	ko:K01356
ahv:AADV58_09235	ko:K14160
ahv:AADV58_09240	ko:K14161
ahv:AADV58_09245	ko:K02342
ahv:AADV58_09250	ko:K21686
ahv:AADV58_09265	ko:K07034
ahv:AADV58_09270	ko:K02014
ahv:AADV58_09275	ko:K00525
ahv:AADV58_09290	ko:K00526
ahv:AADV58_09295	ko:K02014
ahv:AADV58_09300	ko:K02035
ahv:AADV58_09305	ko:K02033
ahv:AADV58_09310	ko:K02034
ahv:AADV58_09315	ko:K02031
ahv:AADV58_09315	ko:K02032
ahv:AADV58_09325	ko:K07304
ahv:AADV58_09340	ko:K05805
ahv:AADV58_09355	ko:K03546
ahv:AADV58_09360	ko:K03547
ahv:AADV58_09365	ko:K08997
ahv:AADV58_09375	ko:K03406
ahv:AADV58_09380	ko:K01952
ahv:AADV58_09385	ko:K00767
ahv:AADV58_09395	ko:K23997
ahv:AADV58_09405	ko:K05838
ahv:AADV58_09410	ko:K01937
ahv:AADV58_09415	ko:K01627
ahv:AADV58_09420	ko:K01689
ahv:AADV58_09425	ko:K05589
ahv:AADV58_09430	ko:K03564
ahv:AADV58_09435	ko:K03775
ahv:AADV58_09440	ko:K03555
ahv:AADV58_09455	ko:K07316
ahv:AADV58_09460	ko:K04095
ahv:AADV58_09475	ko:K08227
ahv:AADV58_09485	ko:K01775
ahv:AADV58_09490	ko:K04485
ahv:AADV58_09495	ko:K02004
ahv:AADV58_09535	ko:K06886
ahv:AADV58_09540	ko:K03932
ahv:AADV58_09545	ko:K06207
ahv:AADV58_09560	ko:K03639
ahv:AADV58_09565	ko:K14220
ahv:AADV58_09575	ko:K00832
ahv:AADV58_09580	ko:K03702
ahv:AADV58_09585	ko:K25307
ahv:AADV58_09590	ko:K08300
ahv:AADV58_09600	ko:K06179
ahv:AADV58_09605	ko:K01091
ahv:AADV58_09610	ko:K04773
ahv:AADV58_09615	ko:K07056
ahv:AADV58_09620	ko:K25422
ahv:AADV58_09625	ko:K07040
ahv:AADV58_09630	ko:K02911
ahv:AADV58_09635	ko:K03621
ahv:AADV58_09640	ko:K00648
ahv:AADV58_09645	ko:K00645
ahv:AADV58_09650	ko:K00059
ahv:AADV58_09655	ko:K02078
ahv:AADV58_09660	ko:K09458
ahv:AADV58_09670	ko:K00278
ahv:AADV58_09675	ko:K03088
ahv:AADV58_09680	ko:K03803
ahv:AADV58_09685	ko:K04771
ahv:AADV58_09695	ko:K03596
ahv:AADV58_09700	ko:K03100
ahv:AADV58_09710	ko:K03685
ahv:AADV58_09715	ko:K03595
ahv:AADV58_09720	ko:K03584
ahv:AADV58_09725	ko:K03474
ahv:AADV58_09730	ko:K00997
ahv:AADV58_09735	ko:K01207
ahv:AADV58_09740	ko:K00432
ahv:AADV58_09755	ko:K01118
ahv:AADV58_09760	ko:K06911
ahv:AADV58_09765	ko:K15777
ahv:AADV58_09770	ko:K00563
ahv:AADV58_09775	ko:K06158
ahv:AADV58_09780	ko:K00145
ahv:AADV58_09785	ko:K02356
ahv:AADV58_09795	ko:K03703
ahv:AADV58_09800	ko:K00995
ahv:AADV58_09805	ko:K14225
ahv:AADV58_09810	ko:K14222
ahv:AADV58_09815	ko:K14225
ahv:AADV58_09820	ko:K14228
ahv:AADV58_09865	ko:K00432
ahv:AADV58_09880	ko:K18916
ahv:AADV58_09885	ko:K02042
ahv:AADV58_09890	ko:K02044
ahv:AADV58_09895	ko:K02041
ahv:AADV58_09980	ko:K03717
ahv:AADV58_10015	ko:K09793
ahv:AADV58_10020	ko:K19745
ahv:AADV58_10025	ko:K16137
ahv:AADV58_10045	ko:K06867
ahv:AADV58_10050	ko:K03424
ahv:AADV58_10055	ko:K02676
ahv:AADV58_10060	ko:K02341
ahv:AADV58_10065	ko:K00943
ahv:AADV58_10070	ko:K07082
ahv:AADV58_10075	ko:K06980
ahv:AADV58_10090	ko:K11991
ahv:AADV58_10095	ko:K07301
ahv:AADV58_10115	ko:K07741
ahv:AADV58_10215	ko:K06903
ahv:AADV58_10240	ko:K06907
ahv:AADV58_10245	ko:K06908
ahv:AADV58_10265	ko:K06906
ahv:AADV58_10270	ko:K06905
ahv:AADV58_10380	ko:K07733
ahv:AADV58_10390	ko:K01951
ahv:AADV58_10395	ko:K00088
ahv:AADV58_10405	ko:K09801
ahv:AADV58_10415	ko:K03664
ahv:AADV58_10435	ko:K21929
ahv:AADV58_10440	ko:K03789
ahv:AADV58_10445	ko:K14742
ahv:AADV58_10455	ko:K07659
ahv:AADV58_10460	ko:K07638
ahv:AADV58_10465	ko:K01770
ahv:AADV58_10470	ko:K00991
ahv:AADV58_10480	ko:K06990
ahv:AADV58_10485	ko:K09141
ahv:AADV58_10490	ko:K04069
ahv:AADV58_10510	ko:K03723
ahv:AADV58_10515	ko:K01626
ahv:AADV58_10520	ko:K01079
ahv:AADV58_10555	ko:K04755
ahv:AADV58_10560	ko:K04044
ahv:AADV58_10565	ko:K04082
ahv:AADV58_10570	ko:K13628
ahv:AADV58_10575	ko:K04488
ahv:AADV58_10580	ko:K04487
ahv:AADV58_10585	ko:K04487
ahv:AADV58_10590	ko:K13643
ahv:AADV58_10595	ko:K00640
ahv:AADV58_10600	ko:K00375
ahv:AADV58_10605	ko:K07005
ahv:AADV58_10615	ko:K01658
ahv:AADV58_10620	ko:K06048
ahv:AADV58_10630	ko:K14162
ahv:AADV58_10650	ko:K14220
ahv:AADV58_10670	ko:K14220
ahv:AADV58_10675	ko:K14540
ahv:AADV58_10680	ko:K03636
ahv:AADV58_10685	ko:K03750
ahv:AADV58_10690	ko:K03753
ahv:AADV58_10700	ko:K03722
ahv:AADV58_10705	ko:K25996
ahv:AADV58_10710	ko:K00233
ahv:AADV58_10715	ko:K25995
ahv:AADV58_10720	ko:K07090
ahv:AADV58_10725	ko:K16135
ahv:AADV58_10745	ko:K00023
ahv:AADV58_10750	ko:K00023
ahv:AADV58_10755	ko:K03821
ahv:AADV58_10760	ko:K05810
ahv:AADV58_10765	ko:K06180
ahv:AADV58_10770	ko:K05807
ahv:AADV58_10785	ko:K09760
ahv:AADV58_10800	ko:K03413
ahv:AADV58_10805	ko:K01069
ahv:AADV58_10815	ko:K03469
ahv:AADV58_10820	ko:K02342
ahv:AADV58_10840	ko:K15011
ahv:AADV58_10845	ko:K15012
ahv:AADV58_10850	ko:K05559
ahv:AADV58_10855	ko:K05560
ahv:AADV58_10860	ko:K05561
ahv:AADV58_10865	ko:K05562
ahv:AADV58_10870	ko:K05563
ahv:AADV58_10875	ko:K05564
ahv:AADV58_10880	ko:K09796
ahv:AADV58_10885	ko:K07152
ahv:AADV58_10905	ko:K00951
ahv:AADV58_10910	ko:K07080
ahv:AADV58_10920	ko:K00261
ahv:AADV58_10930	ko:K09933
ahv:AADV58_10935	ko:K13626
ahv:AADV58_10940	ko:K06959
ahv:AADV58_10960	ko:K03437
ahv:AADV58_10965	ko:K03470
ahv:AADV58_10970	ko:K00748
ahv:AADV58_10975	ko:K00677
ahv:AADV58_10980	ko:K02372
ahv:AADV58_10985	ko:K02536
ahv:AADV58_10990	ko:K06142
ahv:AADV58_10995	ko:K07277
ahv:AADV58_11000	ko:K11749
ahv:AADV58_11005	ko:K00099
ahv:AADV58_11010	ko:K00981
ahv:AADV58_11015	ko:K00806
ahv:AADV58_11020	ko:K02838
ahv:AADV58_11025	ko:K09903
ahv:AADV58_11030	ko:K02357
ahv:AADV58_11035	ko:K02967
ahv:AADV58_11040	ko:K00067
ahv:AADV58_11045	ko:K01265
ahv:AADV58_11050	ko:K00990
ahv:AADV58_11055	ko:K19696
ahv:AADV58_11065	ko:K00760
ahv:AADV58_11070	ko:K00963
ahv:AADV58_11075	ko:K01972
ahv:AADV58_11085	ko:K03529
ahv:AADV58_11100	ko:K14267
ahv:AADV58_11105	ko:K00674
ahv:AADV58_11110	ko:K02670
ahv:AADV58_11115	ko:K01439
ahv:AADV58_11120	ko:K07320
ahv:AADV58_11125	ko:K00797
ahv:AADV58_11140	ko:K01270
ahv:AADV58_11155	ko:K13408
ahv:AADV58_11160	ko:K13409
ahv:AADV58_11165	ko:K12340
ahv:AADV58_11185	ko:K12543
ahv:AADV58_11190	ko:K11527
ahv:AADV58_11200	ko:K27080
ahv:AADV58_11215	ko:K27079
ahv:AADV58_11220	ko:K12511
ahv:AADV58_11225	ko:K12510
ahv:AADV58_11230	ko:K02283
ahv:AADV58_11235	ko:K02282
ahv:AADV58_11240	ko:K02280
ahv:AADV58_11245	ko:K02279
ahv:AADV58_11250	ko:K12513
ahv:AADV58_11255	ko:K02278
ahv:AADV58_11260	ko:K02651
ahv:AADV58_11285	ko:K07576
ahv:AADV58_11300	ko:K01784
ahv:AADV58_11305	ko:K28660
ahv:AADV58_11310	ko:K03606
ahv:AADV58_11325	ko:K16011
ahv:AADV58_11335	ko:K03207
ahv:AADV58_11340	ko:K03208
ahv:AADV58_11375	ko:K01711
ahv:AADV58_11385	ko:K02377
ahv:AADV58_11390	ko:K00012
ahv:AADV58_11395	ko:K03655
ahv:AADV58_11420	ko:K14226
ahv:AADV58_11495	ko:K06077
ahv:AADV58_11545	ko:K07504
ahv:AADV58_11565	ko:K03545
ahv:AADV58_11570	ko:K01358
ahv:AADV58_11575	ko:K03544
ahv:AADV58_11580	ko:K01338
ahv:AADV58_11585	ko:K03530
ahv:AADV58_11590	ko:K14237
ahv:AADV58_11595	ko:K14219
ahv:AADV58_11600	ko:K14219
ahv:AADV58_11605	ko:K07715
ahv:AADV58_11615	ko:K07711
ahv:AADV58_11625	ko:K06020
ahv:AADV58_11640	ko:K24847
ahv:AADV58_11715	ko:K14228
ahv:AADV58_11725	ko:K02291
ahv:AADV58_11730	ko:K21677
ahv:AADV58_11750	ko:K03821
ahv:AADV58_11755	ko:K02003
ahv:AADV58_11760	ko:K10804
ahv:AADV58_11775	ko:K09181
ahv:AADV58_11790	ko:K03426
ahv:AADV58_11800	ko:K02824
ahv:AADV58_11805	ko:K00761
ahv:AADV58_11820	ko:K07462
ahv:AADV58_11845	ko:K03406
ahv:AADV58_11850	ko:K02836
ahv:AADV58_11855	ko:K11312
ahv:AADV58_11865	ko:K04567
ahv:AADV58_11875	ko:K15461
ahv:AADV58_11880	ko:K01740
ahv:AADV58_11890	ko:K09982
ahv:AADV58_11900	ko:K06916
ahv:AADV58_11905	ko:K00382
ahv:AADV58_11910	ko:K00658
ahv:AADV58_11915	ko:K00164
ahv:AADV58_11920	ko:K01647
ahv:AADV58_11925	ko:K09159
ahv:AADV58_11930	ko:K00240
ahv:AADV58_11935	ko:K00239
ahv:AADV58_11940	ko:K00242
ahv:AADV58_11945	ko:K00241
ahv:AADV58_11950	ko:K03710
ahv:AADV58_11955	ko:K00024
ahv:AADV58_11960	ko:K01644
ahv:AADV58_11965	ko:K06175
ahv:AADV58_11985	ko:K00459
ahv:AADV58_11990	ko:K07234
ahv:AADV58_12005	ko:K01652
ahv:AADV58_12010	ko:K01653
ahv:AADV58_12015	ko:K02569
ahv:AADV58_12020	ko:K02568
ahv:AADV58_12025	ko:K02574
ahv:AADV58_12030	ko:K02573
ahv:AADV58_12035	ko:K02567
ahv:AADV58_12040	ko:K02570
ahv:AADV58_12045	ko:K02572
ahv:AADV58_12050	ko:K07673
ahv:AADV58_12055	ko:K07684
ahv:AADV58_12065	ko:K09164
ahv:AADV58_12075	ko:K03695
ahv:AADV58_12080	ko:K03406
ahv:AADV58_12085	ko:K03635
ahv:AADV58_12090	ko:K02837
ahv:AADV58_12115	ko:K15726
ahv:AADV58_12120	ko:K15727
ahv:AADV58_12130	ko:K15725
ahv:AADV58_12145	ko:K21694
ahv:AADV58_12150	ko:K21555
ahv:AADV58_12155	ko:K01792
ahv:AADV58_12165	ko:K07115
ahv:AADV58_12185	ko:K11003
ahv:AADV58_12200	ko:K11004
ahv:AADV58_12205	ko:K28956
ahv:AADV58_12220	ko:K02238
ahv:AADV58_12225	ko:K09928
ahv:AADV58_12230	ko:K01912
ahv:AADV58_12235	ko:K03406
ahv:AADV58_12240	ko:K09810
ahv:AADV58_12245	ko:K09808
ahv:AADV58_12285	ko:K03387
ahv:AADV58_12300	ko:K00425
ahv:AADV58_12305	ko:K00426
ahv:AADV58_12310	ko:K00411
ahv:AADV58_12315	ko:K00424
ahv:AADV58_12335	ko:K03325
ahv:AADV58_12360	ko:K14393
ahv:AADV58_12365	ko:K02342
ahv:AADV58_12370	ko:K07182
ahv:AADV58_12375	ko:K07182
ahv:AADV58_12380	ko:K02342
ahv:AADV58_12385	ko:K07658
ahv:AADV58_12400	ko:K01895
ahv:AADV58_12405	ko:K01676
ahv:AADV58_12410	ko:K04771
ahv:AADV58_12415	ko:K07039
ahv:AADV58_12430	ko:K20971
ahv:AADV58_12450	ko:K07289
ahv:AADV58_12455	ko:K07240
ahv:AADV58_12470	ko:K10679
ahv:AADV58_12475	ko:K09749
ahv:AADV58_12480	ko:K02622
ahv:AADV58_12485	ko:K07001
ahv:AADV58_12490	ko:K07001
ahv:AADV58_12500	ko:K02346
ahv:AADV58_12520	ko:K03308
ahv:AADV58_12525	ko:K13040
ahv:AADV58_12530	ko:K14987
ahv:AADV58_12535	ko:K19713
ahv:AADV58_12540	ko:K02621
ahv:AADV58_12560	ko:K07226
ahv:AADV58_12570	ko:K14237
ahv:AADV58_12585	ko:K07486
ahv:AADV58_12595	ko:K07484
ahv:AADV58_12620	ko:K14237
ahv:AADV58_12625	ko:K01885
ahv:AADV58_12630	ko:K14218
ahv:AADV58_12635	ko:K14224
ahv:AADV58_12640	ko:K14221
ahv:AADV58_12645	ko:K14218
ahv:AADV58_12650	ko:K14224
ahv:AADV58_12655	ko:K14221
ahv:AADV58_12665	ko:K00528
ahv:AADV58_12685	ko:K08307
ahv:AADV58_12690	ko:K02031
ahv:AADV58_12690	ko:K02032
ahv:AADV58_12695	ko:K02034
ahv:AADV58_12700	ko:K02033
ahv:AADV58_12705	ko:K03453
ahv:AADV58_12720	ko:K14233
ahv:AADV58_12725	ko:K18691
ahv:AADV58_12730	ko:K01875
ahv:AADV58_12735	ko:K14054
ahv:AADV58_12740	ko:K07478
ahv:AADV58_12745	ko:K19163
ahv:AADV58_12750	ko:K19164
ahv:AADV58_12840	ko:K03634
ahv:AADV58_12845	ko:K03466
ahv:AADV58_12850	ko:K00384
ahv:AADV58_12860	ko:K15987
ahv:AADV58_12865	ko:K04751
ahv:AADV58_12870	ko:K01950
ahv:AADV58_12875	ko:K01507
ahv:AADV58_12880	ko:K07501
ahv:AADV58_12885	ko:K12339
ahv:AADV58_12890	ko:K03274
ahv:AADV58_12895	ko:K21344
ahv:AADV58_12900	ko:K19804
ahv:AADV58_12905	ko:K08992
ahv:AADV58_12910	ko:K05788
ahv:AADV58_12915	ko:K02945
ahv:AADV58_12920	ko:K00800
ahv:AADV58_12925	ko:K01790
ahv:AADV58_12930	ko:K00973
ahv:AADV58_12935	ko:K01710
ahv:AADV58_12940	ko:K26441
ahv:AADV58_12945	ko:K04517
ahv:AADV58_12950	ko:K00817
ahv:AADV58_12955	ko:K14170
ahv:AADV58_12960	ko:K00831
ahv:AADV58_12965	ko:K02469
ahv:AADV58_12970	ko:K12960
ahv:AADV58_12975	ko:K03286
ahv:AADV58_12980	ko:K00568
ahv:AADV58_12985	ko:K02035
ahv:AADV58_12990	ko:K03564
ahv:AADV58_12995	ko:K07175
ahv:AADV58_13005	ko:K02314
ahv:AADV58_13010	ko:K02939
ahv:AADV58_13015	ko:K02963
ahv:AADV58_13020	ko:K02686
ahv:AADV58_13025	ko:K02990
ahv:AADV58_13040	ko:K03522
ahv:AADV58_13045	ko:K03521
ahv:AADV58_13055	ko:K01524
ahv:AADV58_13060	ko:K01908
ahv:AADV58_13070	ko:K19745
ahv:AADV58_13080	ko:K02012
ahv:AADV58_13090	ko:K02011
ahv:AADV58_13095	ko:K02010
ahv:AADV58_13100	ko:K00684
ahv:AADV58_13105	ko:K21420
ahv:AADV58_13115	ko:K03744
ahv:AADV58_13120	ko:K06872
ahv:AADV58_13130	ko:K02004
ahv:AADV58_13135	ko:K02003
ahv:AADV58_13140	ko:K02005
ahv:AADV58_13145	ko:K12340
ahv:AADV58_13150	ko:K26605
ahv:AADV58_13155	ko:K26606
ahv:AADV58_13160	ko:K09136
ahv:AADV58_13170	ko:K06876
ahv:AADV58_13185	ko:K00254
ahv:AADV58_13190	ko:K03617
ahv:AADV58_13195	ko:K03616
ahv:AADV58_13200	ko:K03615
ahv:AADV58_13205	ko:K03614
ahv:AADV58_13210	ko:K03612
ahv:AADV58_13215	ko:K03613
ahv:AADV58_13220	ko:K06941
ahv:AADV58_13230	ko:K00428
ahv:AADV58_13240	ko:K10773
ahv:AADV58_13265	ko:K02454
ahv:AADV58_13270	ko:K04079
ahv:AADV58_13275	ko:K01985
ahv:AADV58_13280	ko:K01980
ahv:AADV58_13285	ko:K14218
ahv:AADV58_13290	ko:K14227
ahv:AADV58_13295	ko:K01977
ahv:AADV58_13300	ko:K04760
ahv:AADV58_13325	ko:K05592
ahv:AADV58_13335	ko:K16087
ahv:AADV58_13340	ko:K02230
ahv:AADV58_13345	ko:K16092
ahv:AADV58_13360	ko:K02230
ahv:AADV58_13385	ko:K02986
ahv:AADV58_13405	ko:K01465
ahv:AADV58_13415	ko:K01868
ahv:AADV58_13420	ko:K01883
ahv:AADV58_13440	ko:K03832
ahv:AADV58_13445	ko:K03561
ahv:AADV58_13450	ko:K03559
ahv:AADV58_13465	ko:K04759
ahv:AADV58_13480	ko:K07165
ahv:AADV58_13495	ko:K07263
ahv:AADV58_13500	ko:K03594
ahv:AADV58_13505	ko:K03594
ahv:AADV58_13510	ko:K02192
ahv:AADV58_13515	ko:K02012
ahv:AADV58_13520	ko:K07336
ahv:AADV58_13525	ko:K16422
ahv:AADV58_13530	ko:K16090
ahv:AADV58_13540	ko:K07213
ahv:AADV58_13550	ko:K17686
ahv:AADV58_13555	ko:K09792
ahv:AADV58_13560	ko:K02495
ahv:AADV58_13565	ko:K01420
ahv:AADV58_13570	ko:K21430
ahv:AADV58_13580	ko:K06140
ahv:AADV58_13585	ko:K00262
ahv:AADV58_13620	ko:K03821
ahv:AADV58_13625	ko:K07576
ahv:AADV58_13645	ko:K00436
ahv:AADV58_13650	ko:K18007
ahv:AADV58_13655	ko:K18006
ahv:AADV58_13660	ko:K18005
ahv:AADV58_13670	ko:K00208
ahv:AADV58_13685	ko:K00625
ahv:AADV58_13690	ko:K00925
ahv:AADV58_13695	ko:K00525
ahv:AADV58_13705	ko:K02968
ahv:AADV58_13710	ko:K08084
ahv:AADV58_13715	ko:K02671
ahv:AADV58_13720	ko:K02672
ahv:AADV58_13725	ko:K02673
ahv:AADV58_13730	ko:K02674
ahv:AADV58_13735	ko:K02655
ahv:AADV58_13740	ko:K03527
ahv:AADV58_13745	ko:K03774
ahv:AADV58_13750	ko:K03101
ahv:AADV58_13755	ko:K01870
ahv:AADV58_13760	ko:K11753
ahv:AADV58_13770	ko:K01448
ahv:AADV58_13775	ko:K06925
ahv:AADV58_13780	ko:K18979
ahv:AADV58_13785	ko:K01011
ahv:AADV58_13805	ko:K03602
ahv:AADV58_13810	ko:K00795
ahv:AADV58_13815	ko:K01662
ahv:AADV58_13820	ko:K09007
ahv:AADV58_13825	ko:K02884
ahv:AADV58_13830	ko:K00554
ahv:AADV58_13835	ko:K02860
ahv:AADV58_13840	ko:K02959
ahv:AADV58_13850	ko:K03809
ahv:AADV58_13860	ko:K01649
ahv:AADV58_13865	ko:K17103
ahv:AADV58_13870	ko:K00053
ahv:AADV58_13875	ko:K01653
ahv:AADV58_13880	ko:K01652
ahv:AADV58_13885	ko:K03088
ahv:AADV58_13905	ko:K11720
ahv:AADV58_13910	ko:K07091
ahv:AADV58_13915	ko:K01255
ahv:AADV58_13920	ko:K02339
ahv:AADV58_13935	ko:K01873
ahv:AADV58_13940	ko:K03342
ahv:AADV58_13945	ko:K04085
ahv:AADV58_13950	ko:K01423
ahv:AADV58_13955	ko:K03637
ahv:AADV58_13960	ko:K17226
ahv:AADV58_13965	ko:K17227
ahv:AADV58_13970	ko:K03704
ahv:AADV58_13975	ko:K06891
ahv:AADV58_13980	ko:K03694
ahv:AADV58_13985	ko:K02553
ahv:AADV58_13995	ko:K03406
ahv:AADV58_14000	ko:K01637
ahv:AADV58_14005	ko:K09794
ahv:AADV58_14015	ko:K09790
ahv:AADV58_14025	ko:K01638
ahv:AADV58_14030	ko:K02014
ahv:AADV58_14040	ko:K06518
ahv:AADV58_14075	ko:K03406
ahv:AADV58_14080	ko:K18313
ahv:AADV58_14085	ko:K01776
ahv:AADV58_14095	ko:K00031
ahv:AADV58_14100	ko:K00031
ahv:AADV58_14105	ko:K00906
ahv:AADV58_14110	ko:K00324
ahv:AADV58_14115	ko:K00324
ahv:AADV58_14120	ko:K00325
ahv:AADV58_14125	ko:K03406
ahv:AADV58_14130	ko:K07112
ahv:AADV58_14140	ko:K17218
ahv:AADV58_14150	ko:K17224
ahv:AADV58_14155	ko:K17223
ahv:AADV58_14160	ko:K17222
ahv:AADV58_14165	ko:K17227
ahv:AADV58_14170	ko:K17226
ahv:AADV58_14175	ko:K22622
ahv:AADV58_14180	ko:K17225
ahv:AADV58_14190	ko:K17230
ahv:AADV58_14195	ko:K17229
ahv:AADV58_14205	ko:K01520
ahv:AADV58_14210	ko:K13038
ahv:AADV58_14215	ko:K03630
ahv:AADV58_14220	ko:K02902
ahv:AADV58_14225	ko:K02913
ahv:AADV58_14230	ko:K03611
ahv:AADV58_14245	ko:K07661
ahv:AADV58_14250	ko:K18072
ahv:AADV58_14265	ko:K01515
ahv:AADV58_14270	ko:K00343
ahv:AADV58_14275	ko:K00342
ahv:AADV58_14280	ko:K00341
ahv:AADV58_14285	ko:K00340
ahv:AADV58_14290	ko:K00339
ahv:AADV58_14295	ko:K00338
ahv:AADV58_14300	ko:K00337
ahv:AADV58_14305	ko:K00336
ahv:AADV58_14310	ko:K00335
ahv:AADV58_14315	ko:K00334
ahv:AADV58_14320	ko:K00333
ahv:AADV58_14325	ko:K00332
ahv:AADV58_14330	ko:K00331
ahv:AADV58_14335	ko:K00330
ahv:AADV58_14340	ko:K14228
ahv:AADV58_14345	ko:K03075
ahv:AADV58_14350	ko:K01803
ahv:AADV58_14355	ko:K03431
ahv:AADV58_14360	ko:K00796
ahv:AADV58_14365	ko:K03798
ahv:AADV58_14370	ko:K02427
ahv:AADV58_14385	ko:K03624
ahv:AADV58_14390	ko:K01955
ahv:AADV58_14395	ko:K01956
ahv:AADV58_14405	ko:K00215
ahv:AADV58_14410	ko:K06186
ahv:AADV58_14415	ko:K03711
ahv:AADV58_14420	ko:K23541
ahv:AADV58_14425	ko:K03631
ahv:AADV58_14430	ko:K00858
ahv:AADV58_14435	ko:K03705
ahv:AADV58_14440	ko:K01772
ahv:AADV58_14450	ko:K03406
ahv:AADV58_14455	ko:K12132
ahv:AADV58_14460	ko:K03687
ahv:AADV58_14465	ko:K04043
ahv:AADV58_14470	ko:K03686
ahv:AADV58_14480	ko:K01883
ahv:AADV58_14495	ko:K03767
ahv:AADV58_14500	ko:K03768
ahv:AADV58_14505	ko:K03269
ahv:AADV58_14510	ko:K03654
ahv:AADV58_14530	ko:K01654
ahv:AADV58_14535	ko:K08068
ahv:AADV58_14550	ko:K02500
ahv:AADV58_14555	ko:K02501
ahv:AADV58_14565	ko:K07484
ahv:AADV58_14580	ko:K00978
ahv:AADV58_14585	ko:K01709
ahv:AADV58_14590	ko:K01790
ahv:AADV58_14620	ko:K02406
ahv:AADV58_14625	ko:K02406
ahv:AADV58_14630	ko:K06603
ahv:AADV58_14635	ko:K02407
ahv:AADV58_14640	ko:K02422
ahv:AADV58_14655	ko:K04061
ahv:AADV58_14660	ko:K21087
ahv:AADV58_14670	ko:K18475
ahv:AADV58_14675	ko:K02408
ahv:AADV58_14680	ko:K10943
ahv:AADV58_14685	ko:K10942
ahv:AADV58_14690	ko:K02409
ahv:AADV58_14695	ko:K02410
ahv:AADV58_14700	ko:K02411
ahv:AADV58_14705	ko:K02412
ahv:AADV58_14710	ko:K02413
ahv:AADV58_14715	ko:K02414
ahv:AADV58_14720	ko:K02415
ahv:AADV58_14725	ko:K02416
ahv:AADV58_14730	ko:K02417
ahv:AADV58_14735	ko:K02418
ahv:AADV58_14740	ko:K02419
ahv:AADV58_14745	ko:K02420
ahv:AADV58_14750	ko:K02421
ahv:AADV58_14760	ko:K02397
ahv:AADV58_14765	ko:K02396
ahv:AADV58_14770	ko:K02395
ahv:AADV58_14775	ko:K02394
ahv:AADV58_14780	ko:K02393
ahv:AADV58_14785	ko:K02392
ahv:AADV58_14790	ko:K02391
ahv:AADV58_14795	ko:K02390
ahv:AADV58_14800	ko:K02389
ahv:AADV58_14805	ko:K02388
ahv:AADV58_14810	ko:K02387
ahv:AADV58_14815	ko:K02386
ahv:AADV58_14820	ko:K02398
ahv:AADV58_14825	ko:K02399
ahv:AADV58_14830	ko:K02557
ahv:AADV58_14835	ko:K02556
ahv:AADV58_14840	ko:K02405
ahv:AADV58_14845	ko:K04562
ahv:AADV58_14850	ko:K02404
ahv:AADV58_14855	ko:K02400
ahv:AADV58_14860	ko:K02401
ahv:AADV58_14865	ko:K03407
ahv:AADV58_14870	ko:K03414
ahv:AADV58_14875	ko:K03413
ahv:AADV58_14880	ko:K03415
ahv:AADV58_14885	ko:K03415
ahv:AADV58_14890	ko:K20978
ahv:AADV58_14895	ko:K03412
ahv:AADV58_14900	ko:K03411
ahv:AADV58_14905	ko:K00575
ahv:AADV58_14910	ko:K03406
ahv:AADV58_14915	ko:K03406
ahv:AADV58_14920	ko:K03408
ahv:AADV58_14925	ko:K03407
ahv:AADV58_14930	ko:K03413
ahv:AADV58_14935	ko:K02557
ahv:AADV58_14940	ko:K02556
ahv:AADV58_14960	ko:K09926
ahv:AADV58_14970	ko:K00406
ahv:AADV58_14975	ko:K00407
ahv:AADV58_14980	ko:K00405
ahv:AADV58_14985	ko:K00404
ahv:AADV58_14995	ko:K01533
ahv:AADV58_15015	ko:K14234
ahv:AADV58_15020	ko:K03980
ahv:AADV58_15045	ko:K02650
ahv:AADV58_15065	ko:K20074
ahv:AADV58_15075	ko:K01902
ahv:AADV58_15080	ko:K01903
ahv:AADV58_15085	ko:K26939
ahv:AADV58_15090	ko:K16165
ahv:AADV58_15105	ko:K04772
ahv:AADV58_15115	ko:K03118
ahv:AADV58_15120	ko:K03117
ahv:AADV58_15125	ko:K03116
ahv:AADV58_15130	ko:K02503
ahv:AADV58_15135	ko:K01523
ahv:AADV58_15140	ko:K01496
ahv:AADV58_15145	ko:K02500
ahv:AADV58_15150	ko:K01814
ahv:AADV58_15155	ko:K02501
ahv:AADV58_15160	ko:K01693
ahv:AADV58_15165	ko:K00817
ahv:AADV58_15170	ko:K07240
ahv:AADV58_15175	ko:K07240
ahv:AADV58_15180	ko:K00013
ahv:AADV58_15185	ko:K00765
ahv:AADV58_15190	ko:K03704
ahv:AADV58_15195	ko:K00790
ahv:AADV58_15205	ko:K01992
ahv:AADV58_15215	ko:K07122
ahv:AADV58_15220	ko:K07323
ahv:AADV58_15225	ko:K04754
ahv:AADV58_15230	ko:K02067
ahv:AADV58_15235	ko:K02066
ahv:AADV58_15240	ko:K02065
ahv:AADV58_15245	ko:K12282
ahv:AADV58_15255	ko:K02652
ahv:AADV58_15260	ko:K02653
ahv:AADV58_15295	ko:K06041
ahv:AADV58_15300	ko:K11719
ahv:AADV58_15305	ko:K09774
ahv:AADV58_15325	ko:K06203
ahv:AADV58_15335	ko:K03578
ahv:AADV58_15340	ko:K03406
ahv:AADV58_15355	ko:K06199
ahv:AADV58_15360	ko:K03306
ahv:AADV58_15365	ko:K01886
ahv:AADV58_15385	ko:K07317
ahv:AADV58_15390	ko:K01591
ahv:AADV58_15400	ko:K01996
ahv:AADV58_15405	ko:K01995
ahv:AADV58_15410	ko:K01998
ahv:AADV58_15415	ko:K01997
ahv:AADV58_15435	ko:K15866
ahv:AADV58_15440	ko:K00074
ahv:AADV58_15445	ko:K02614
ahv:AADV58_15450	ko:K01912
ahv:AADV58_15455	ko:K07823
ahv:AADV58_15460	ko:K01999
ahv:AADV58_15465	ko:K01692
ahv:AADV58_15470	ko:K13766
ahv:AADV58_15480	ko:K02617
ahv:AADV58_15485	ko:K02616
ahv:AADV58_15510	ko:K02005
ahv:AADV58_15515	ko:K02003
ahv:AADV58_15520	ko:K02004
ahv:AADV58_15525	ko:K02004
ahv:AADV58_15530	ko:K17865
ahv:AADV58_15535	ko:K06182
ahv:AADV58_15540	ko:K03772
ahv:AADV58_15545	ko:K02888
ahv:AADV58_15550	ko:K02899
ahv:AADV58_15555	ko:K03979
ahv:AADV58_15560	ko:K00931
ahv:AADV58_15580	ko:K01609
ahv:AADV58_15585	ko:K00766
ahv:AADV58_15590	ko:K01658
ahv:AADV58_15595	ko:K01657
ahv:AADV58_15600	ko:K01783
ahv:AADV58_15605	ko:K06195
ahv:AADV58_15610	ko:K00570
ahv:AADV58_15620	ko:K00620
ahv:AADV58_15625	ko:K03070
ahv:AADV58_15645	ko:K02535
ahv:AADV58_15650	ko:K03531
ahv:AADV58_15655	ko:K03590
ahv:AADV58_15660	ko:K03589
ahv:AADV58_15665	ko:K01921
ahv:AADV58_15670	ko:K01924
ahv:AADV58_15675	ko:K02563
ahv:AADV58_15680	ko:K03588
ahv:AADV58_15685	ko:K01925
ahv:AADV58_15690	ko:K01000
ahv:AADV58_15695	ko:K01929
ahv:AADV58_15700	ko:K01928
ahv:AADV58_15705	ko:K03587
ahv:AADV58_15710	ko:K03586
ahv:AADV58_15715	ko:K03438
ahv:AADV58_15720	ko:K03925
ahv:AADV58_15725	ko:K03981
ahv:AADV58_15730	ko:K18800
ahv:AADV58_15740	ko:K03530
ahv:AADV58_15745	ko:K24119
ahv:AADV58_15750	ko:K03387
ahv:AADV58_15760	ko:K01978
ahv:AADV58_15765	ko:K00569
ahv:AADV58_15770	ko:K03719
ahv:AADV58_15775	ko:K01649
ahv:AADV58_15785	ko:K02518
ahv:AADV58_15795	ko:K01465
ahv:AADV58_15800	ko:K03427
ahv:AADV58_15810	ko:K01154
ahv:AADV58_15815	ko:K01153
ahv:AADV58_15820	ko:K07056
ahv:AADV58_15825	ko:K07460
ahv:AADV58_15835	ko:K03271
ahv:AADV58_15840	ko:K28369
ahv:AADV58_15850	ko:K10716
ahv:AADV58_15860	ko:K11688
ahv:AADV58_15875	ko:K16052
ahv:AADV58_15880	ko:K03692
ahv:AADV58_15885	ko:K22044
ahv:AADV58_15915	ko:K00574
ahv:AADV58_15920	ko:K09701
ahv:AADV58_15925	ko:K06954
ahv:AADV58_15930	ko:K09007
ahv:AADV58_15935	ko:K22491
ahv:AADV58_15945	ko:K21345
ahv:AADV58_15960	ko:K03111
ahv:AADV58_15975	ko:K03701
ahv:AADV58_15980	ko:K00901
ahv:AADV58_16010	ko:K01923
ahv:AADV58_16020	ko:K01414
ahv:AADV58_16030	ko:K01142
ahv:AADV58_16035	ko:K01420
ahv:AADV58_16065	ko:K02528
ahv:AADV58_16070	ko:K00097
ahv:AADV58_16075	ko:K03771
ahv:AADV58_16080	ko:K04744
ahv:AADV58_16085	ko:K07102
ahv:AADV58_16090	ko:K00992
ahv:AADV58_16095	ko:K14623
ahv:AADV58_16100	ko:K01262
ahv:AADV58_16105	ko:K03185
ahv:AADV58_16110	ko:K02548
ahv:AADV58_16115	ko:K05540
ahv:AADV58_16120	ko:K03557
ahv:AADV58_16125	ko:K00602
ahv:AADV58_16130	ko:K01945
ahv:AADV58_16135	ko:K00228
ahv:AADV58_16145	ko:K02498
ahv:AADV58_16150	ko:K02496
ahv:AADV58_16155	ko:K01719
ahv:AADV58_16160	ko:K01749
ahv:AADV58_16180	ko:K03559
ahv:AADV58_16185	ko:K03561
ahv:AADV58_16190	ko:K03832
ahv:AADV58_16200	ko:K02014
ahv:AADV58_16205	ko:K01256
ahv:AADV58_16215	ko:K08083
ahv:AADV58_16220	ko:K08082
ahv:AADV58_16250	ko:K12978
ahv:AADV58_16255	ko:K01755
ahv:AADV58_16265	ko:K13635
ahv:AADV58_16270	ko:K02045
ahv:AADV58_16275	ko:K02047
ahv:AADV58_16280	ko:K02046
ahv:AADV58_16290	ko:K07002
ahv:AADV58_16295	ko:K23163
ahv:AADV58_16305	ko:K07390
ahv:AADV58_16310	ko:K02493
ahv:AADV58_16315	ko:K02835
ahv:AADV58_16325	ko:K02492
ahv:AADV58_16330	ko:K03640
ahv:AADV58_16335	ko:K03776
ahv:AADV58_16340	ko:K07259
ahv:AADV58_16345	ko:K10439
ahv:AADV58_16365	ko:K03182
ahv:AADV58_16370	ko:K03179
ahv:AADV58_16385	ko:K05939
ahv:AADV58_16395	ko:K05366
ahv:AADV58_16400	ko:K07387
ahv:AADV58_16410	ko:K03655
ahv:AADV58_16435	ko:K06076
ahv:AADV58_16440	ko:K10806
ahv:AADV58_16445	ko:K24821
ahv:AADV58_16455	ko:K02879
ahv:AADV58_16460	ko:K03040
ahv:AADV58_16465	ko:K02986
ahv:AADV58_16470	ko:K02948
ahv:AADV58_16475	ko:K02952
ahv:AADV58_16480	ko:K02919
ahv:AADV58_16485	ko:K02518
ahv:AADV58_16490	ko:K03076
ahv:AADV58_16495	ko:K02876
ahv:AADV58_16500	ko:K02907
ahv:AADV58_16505	ko:K02988
ahv:AADV58_16510	ko:K02881
ahv:AADV58_16515	ko:K02933
ahv:AADV58_16520	ko:K02994
ahv:AADV58_16525	ko:K02954
ahv:AADV58_16530	ko:K02931
ahv:AADV58_16535	ko:K02895
ahv:AADV58_16540	ko:K02874
ahv:AADV58_16545	ko:K02961
ahv:AADV58_16550	ko:K02904
ahv:AADV58_16555	ko:K02878
ahv:AADV58_16560	ko:K02982
ahv:AADV58_16565	ko:K02890
ahv:AADV58_16570	ko:K02965
ahv:AADV58_16575	ko:K02886
ahv:AADV58_16580	ko:K02892
ahv:AADV58_16585	ko:K02926
ahv:AADV58_16590	ko:K02906
ahv:AADV58_16595	ko:K02946
ahv:AADV58_16600	ko:K02358
ahv:AADV58_16605	ko:K02355
ahv:AADV58_16610	ko:K02992
ahv:AADV58_16615	ko:K02950
ahv:AADV58_16620	ko:K03046
ahv:AADV58_16625	ko:K03043
ahv:AADV58_16630	ko:K02935
ahv:AADV58_16635	ko:K02864
ahv:AADV58_16640	ko:K02863
ahv:AADV58_16645	ko:K02867
ahv:AADV58_16650	ko:K02601
ahv:AADV58_16655	ko:K03073
ahv:AADV58_16660	ko:K14235
ahv:AADV58_16685	ko:K02657
ahv:AADV58_16690	ko:K11523
ahv:AADV58_16845	ko:K00558
ahv:AADV58_16850	ko:K00558
ahv:AADV58_16860	ko:K07484
ahv:AADV58_16865	ko:K07484
ahv:AADV58_16875	ko:K21006
ahv:AADV58_16880	ko:K21007
ahv:AADV58_16885	ko:K07171
ahv:AADV58_16890	ko:K21008
ahv:AADV58_16895	ko:K21009
ahv:AADV58_16900	ko:K21010
ahv:AADV58_16905	ko:K21011
ahv:AADV58_16910	ko:K21012
ahv:AADV58_16925	ko:K03746
ahv:AADV58_16945	ko:K19170
ahv:AADV58_17110	ko:K02669
ahv:AADV58_17155	ko:K20533
ahv:AADV58_17160	ko:K20532
ahv:AADV58_17165	ko:K20531
ahv:AADV58_17195	ko:K20530
ahv:AADV58_17200	ko:K20529
ahv:AADV58_17205	ko:K20528
ahv:AADV58_17225	ko:K12071
ahv:AADV58_17230	ko:K12070
ahv:AADV58_17255	ko:K06919
ahv:AADV58_17260	ko:K06077
ahv:AADV58_17280	ko:K03111
ahv:AADV58_17290	ko:K09882
ahv:AADV58_17320	ko:K03655
ahv:AADV58_17335	ko:K03496
ahv:AADV58_17355	ko:K03497
ahv:AADV58_17365	ko:K07493
ahv:AADV58_17380	ko:K03530
ahv:AADV58_17390	ko:K02654
ahv:AADV58_17395	ko:K04485
ahv:AADV58_17415	ko:K16137
ahv:AADV58_17420	ko:K19745
ahv:AADV58_17425	ko:K09793
ahv:AADV58_17460	ko:K03717
ahv:AADV58_17545	ko:K02041
ahv:AADV58_17550	ko:K02044
ahv:AADV58_17555	ko:K02042
ahv:AADV58_17560	ko:K18916
ahv:AADV58_17575	ko:K00432
ahv:AADV58_17710	ko:K03657
ahv:AADV58_17740	ko:K00525
ahv:AADV58_17795	ko:K04763
ahv:AADV58_17875	ko:K07090
ahv:AADV58_17895	ko:K06039
ahv:AADV58_17935	ko:K00428
ahv:AADV58_17945	ko:K08355
ahv:AADV58_17950	ko:K08356
ahv:AADV58_17955	ko:K08738
ahv:AADV58_17960	ko:K03639
ahv:AADV58_18020	ko:K03554
ahv:AADV58_18050	ko:K00820
ahv:AADV58_18115	ko:K01784
ahv:AADV58_18195	ko:K07117
ahv:AADV58_18200	ko:K07491
ahv:AADV58_18225	ko:K04763
ahv:AADV58_18440	ko:K07075
ahv:AADV58_18505	ko:K07458
ahv:AADV58_18510	ko:K00799
ahv:AADV58_18520	ko:K01069
ahv:AADV58_18550	ko:K00558
ahv:AADV58_18565	ko:K03496
ahv:AADV58_18585	ko:K07075
