aii:E4K63_00005	ko:K02313
aii:E4K63_00010	ko:K02338
aii:E4K63_00015	ko:K01183
aii:E4K63_00025	ko:K15035
aii:E4K63_00030	ko:K00609
aii:E4K63_00035	ko:K01955
aii:E4K63_00040	ko:K01956
aii:E4K63_00050	ko:K01147
aii:E4K63_00055	ko:K06999
aii:E4K63_00060	ko:K01749
aii:E4K63_00065	ko:K06199
aii:E4K63_00085	ko:K02050
aii:E4K63_00090	ko:K02049
aii:E4K63_00110	ko:K02494
aii:E4K63_00115	ko:K00919
aii:E4K63_00120	ko:K14223
aii:E4K63_00130	ko:K02221
aii:E4K63_00135	ko:K09131
aii:E4K63_00140	ko:K03789
aii:E4K63_00150	ko:K07497
aii:E4K63_00160	ko:K07483
aii:E4K63_00195	ko:K02238
aii:E4K63_00210	ko:K03281
aii:E4K63_00245	ko:K01977
aii:E4K63_00250	ko:K14227
aii:E4K63_00255	ko:K14218
aii:E4K63_00260	ko:K01980
aii:E4K63_00265	ko:K01985
aii:E4K63_00285	ko:K07493
aii:E4K63_00305	ko:K03979
aii:E4K63_00315	ko:K02471
aii:E4K63_00320	ko:K01876
aii:E4K63_00325	ko:K01177
aii:E4K63_00330	ko:K01006
aii:E4K63_00335	ko:K04759
aii:E4K63_00340	ko:K13288
aii:E4K63_00345	ko:K02356
aii:E4K63_00350	ko:K02655
aii:E4K63_00355	ko:K02517
aii:E4K63_00360	ko:K02517
aii:E4K63_00365	ko:K03217
aii:E4K63_00370	ko:K08998
aii:E4K63_00375	ko:K03536
aii:E4K63_00380	ko:K02914
aii:E4K63_00385	ko:K03834
aii:E4K63_00390	ko:K03501
aii:E4K63_00395	ko:K06997
aii:E4K63_00410	ko:K03271
aii:E4K63_00415	ko:K06186
aii:E4K63_00420	ko:K02968
aii:E4K63_00425	ko:K01696
aii:E4K63_00430	ko:K01695
aii:E4K63_00445	ko:K03695
aii:E4K63_00470	ko:K07404
aii:E4K63_00485	ko:K07566
aii:E4K63_00490	ko:K02945
aii:E4K63_00495	ko:K11991
aii:E4K63_00500	ko:K01921
aii:E4K63_00505	ko:K03589
aii:E4K63_00510	ko:K03590
aii:E4K63_00515	ko:K03531
aii:E4K63_00520	ko:K02535
aii:E4K63_00525	ko:K02343
aii:E4K63_00550	ko:K18552
aii:E4K63_00565	ko:K08303
aii:E4K63_00570	ko:K00573
aii:E4K63_00575	ko:K12340
aii:E4K63_00580	ko:K06133
aii:E4K63_00585	ko:K00764
aii:E4K63_00590	ko:K01952
aii:E4K63_00595	ko:K01756
aii:E4K63_00610	ko:K02435
aii:E4K63_00615	ko:K02433
aii:E4K63_00620	ko:K02434
aii:E4K63_00625	ko:K07498
aii:E4K63_00635	ko:K00133
aii:E4K63_00655	ko:K27501
aii:E4K63_00665	ko:K13745
aii:E4K63_00670	ko:K00836
aii:E4K63_00675	ko:K00928
aii:E4K63_00700	ko:K03711
aii:E4K63_00705	ko:K00330
aii:E4K63_00710	ko:K00331
aii:E4K63_00715	ko:K00332
aii:E4K63_00720	ko:K00333
aii:E4K63_00725	ko:K00334
aii:E4K63_00730	ko:K00335
aii:E4K63_00735	ko:K00336
aii:E4K63_00740	ko:K00337
aii:E4K63_00745	ko:K00338
aii:E4K63_00750	ko:K00339
aii:E4K63_00755	ko:K00340
aii:E4K63_00760	ko:K00341
aii:E4K63_00765	ko:K00342
aii:E4K63_00770	ko:K00343
aii:E4K63_00775	ko:K09806
aii:E4K63_00780	ko:K07391
aii:E4K63_00785	ko:K01599
aii:E4K63_00790	ko:K14230
aii:E4K63_00795	ko:K09748
aii:E4K63_00800	ko:K02600
aii:E4K63_00805	ko:K02519
aii:E4K63_00810	ko:K02834
aii:E4K63_00815	ko:K01892
aii:E4K63_00825	ko:K06916
aii:E4K63_00830	ko:K06179
aii:E4K63_00855	ko:K02108
aii:E4K63_00860	ko:K02110
aii:E4K63_00865	ko:K02109
aii:E4K63_00870	ko:K02113
aii:E4K63_00875	ko:K02111
aii:E4K63_00880	ko:K02115
aii:E4K63_00885	ko:K02112
aii:E4K63_00890	ko:K02114
aii:E4K63_00905	ko:K01885
aii:E4K63_00915	ko:K07323
aii:E4K63_00920	ko:K07122
aii:E4K63_00940	ko:K03098
aii:E4K63_00945	ko:K02340
aii:E4K63_00950	ko:K01425
aii:E4K63_00955	ko:K01915
aii:E4K63_00960	ko:K14224
aii:E4K63_00965	ko:K02067
aii:E4K63_00970	ko:K02066
aii:E4K63_00975	ko:K02065
aii:E4K63_00980	ko:K03608
aii:E4K63_00985	ko:K03609
aii:E4K63_00990	ko:K03610
aii:E4K63_00995	ko:K02913
aii:E4K63_01000	ko:K02902
aii:E4K63_01010	ko:K03655
aii:E4K63_01035	ko:K01676
aii:E4K63_01040	ko:K03574
aii:E4K63_01050	ko:K06901
aii:E4K63_01065	ko:K07223
aii:E4K63_01075	ko:K27802
aii:E4K63_01085	ko:K02669
aii:E4K63_01090	ko:K00426
aii:E4K63_01095	ko:K00425
aii:E4K63_01100	ko:K07645
aii:E4K63_01130	ko:K18138
aii:E4K63_01135	ko:K03585
aii:E4K63_01140	ko:K03611
aii:E4K63_01145	ko:K00974
aii:E4K63_01150	ko:K11085
aii:E4K63_01155	ko:K00912
aii:E4K63_01160	ko:K02335
aii:E4K63_01165	ko:K03525
aii:E4K63_01170	ko:K01839
aii:E4K63_01175	ko:K01619
aii:E4K63_01180	ko:K11535
aii:E4K63_01185	ko:K00943
aii:E4K63_01190	ko:K02837
aii:E4K63_01200	ko:K03110
aii:E4K63_01205	ko:K07486
aii:E4K63_01210	ko:K03657
aii:E4K63_01220	ko:K00864
aii:E4K63_01225	ko:K00111
aii:E4K63_01230	ko:K02440
aii:E4K63_01240	ko:K03442
aii:E4K63_01245	ko:K14236
aii:E4K63_01250	ko:K14225
aii:E4K63_01255	ko:K14234
aii:E4K63_01260	ko:K02358
aii:E4K63_01265	ko:K14235
aii:E4K63_01270	ko:K03073
aii:E4K63_01275	ko:K02601
aii:E4K63_01280	ko:K02867
aii:E4K63_01285	ko:K02863
aii:E4K63_01290	ko:K02864
aii:E4K63_01295	ko:K02935
aii:E4K63_01300	ko:K03043
aii:E4K63_01305	ko:K03046
aii:E4K63_01310	ko:K08992
aii:E4K63_01315	ko:K25706
aii:E4K63_01320	ko:K00507
aii:E4K63_01325	ko:K00789
aii:E4K63_01330	ko:K02959
aii:E4K63_01335	ko:K02860
aii:E4K63_01340	ko:K00554
aii:E4K63_01345	ko:K02884
aii:E4K63_01350	ko:K04763
aii:E4K63_01360	ko:K08311
aii:E4K63_01370	ko:K03806
aii:E4K63_01380	ko:K02622
aii:E4K63_01390	ko:K17713
aii:E4K63_01400	ko:K02492
aii:E4K63_01405	ko:K02835
aii:E4K63_01410	ko:K02493
aii:E4K63_01425	ko:K07460
aii:E4K63_01430	ko:K01414
aii:E4K63_01460	ko:K07493
aii:E4K63_01475	ko:K00860
aii:E4K63_01480	ko:K00956
aii:E4K63_01490	ko:K00957
aii:E4K63_01525	ko:K01953
aii:E4K63_01555	ko:K03168
aii:E4K63_01560	ko:K03496
aii:E4K63_01565	ko:K03497
aii:E4K63_01580	ko:K02427
aii:E4K63_01600	ko:K03101
aii:E4K63_01605	ko:K01870
aii:E4K63_01610	ko:K11753
aii:E4K63_01615	ko:K00027
aii:E4K63_01630	ko:K03977
aii:E4K63_01635	ko:K00790
aii:E4K63_01640	ko:K00075
aii:E4K63_01650	ko:K02169
aii:E4K63_01660	ko:K02503
aii:E4K63_01665	ko:K03688
aii:E4K63_01670	ko:K03690
aii:E4K63_01675	ko:K03183
aii:E4K63_01685	ko:K00845
aii:E4K63_01695	ko:K06190
aii:E4K63_01710	ko:K01874
aii:E4K63_01715	ko:K07100
aii:E4K63_01725	ko:K07100
aii:E4K63_01735	ko:K14233
aii:E4K63_01740	ko:K14237
aii:E4K63_01750	ko:K01977
aii:E4K63_01755	ko:K14227
aii:E4K63_01760	ko:K14218
aii:E4K63_01765	ko:K01980
aii:E4K63_01770	ko:K01985
aii:E4K63_01795	ko:K03650
aii:E4K63_01805	ko:K05808
aii:E4K63_01810	ko:K02806
aii:E4K63_01815	ko:K02533
aii:E4K63_01820	ko:K03470
aii:E4K63_01825	ko:K03600
aii:E4K63_01830	ko:K03599
aii:E4K63_01835	ko:K02996
aii:E4K63_01840	ko:K02871
aii:E4K63_01850	ko:K08304
aii:E4K63_01855	ko:K03687
aii:E4K63_01860	ko:K04043
aii:E4K63_01865	ko:K03686
aii:E4K63_01920	ko:K01916
aii:E4K63_01925	ko:K00763
aii:E4K63_01930	ko:K06911
aii:E4K63_01935	ko:K07486
aii:E4K63_01940	ko:K18139
aii:E4K63_01945	ko:K03543
aii:E4K63_01950	ko:K03446
aii:E4K63_01955	ko:K01897
aii:E4K63_01960	ko:K03305
aii:E4K63_01965	ko:K03305
aii:E4K63_01970	ko:K09761
aii:E4K63_01985	ko:K02067
aii:E4K63_01990	ko:K02065
aii:E4K63_01995	ko:K02066
aii:E4K63_02000	ko:K03796
aii:E4K63_02005	ko:K06180
aii:E4K63_02010	ko:K05807
aii:E4K63_02015	ko:K01624
aii:E4K63_02020	ko:K00873
aii:E4K63_02025	ko:K00927
aii:E4K63_02030	ko:K00134
aii:E4K63_02035	ko:K00615
aii:E4K63_02040	ko:K07040
aii:E4K63_02045	ko:K02911
aii:E4K63_02050	ko:K03621
aii:E4K63_02055	ko:K00648
aii:E4K63_02060	ko:K00645
aii:E4K63_02065	ko:K00059
aii:E4K63_02070	ko:K02078
aii:E4K63_02075	ko:K09458
aii:E4K63_02080	ko:K01610
aii:E4K63_02085	ko:K01886
aii:E4K63_02100	ko:K01929
aii:E4K63_02105	ko:K03269
aii:E4K63_02110	ko:K00762
aii:E4K63_02120	ko:K02558
aii:E4K63_02125	ko:K03218
aii:E4K63_02130	ko:K00537
aii:E4K63_02135	ko:K00031
aii:E4K63_02145	ko:K03578
aii:E4K63_02150	ko:K15912
aii:E4K63_02155	ko:K07133
aii:E4K63_02185	ko:K15894
aii:E4K63_02190	ko:K00067
aii:E4K63_02195	ko:K24258
aii:E4K63_02220	ko:K01710
aii:E4K63_02225	ko:K07154
aii:E4K63_02275	ko:K18829
aii:E4K63_02280	ko:K18828
aii:E4K63_02305	ko:K06921
aii:E4K63_02320	ko:K03179
aii:E4K63_02325	ko:K03181
aii:E4K63_02330	ko:K00989
aii:E4K63_02340	ko:K03799
aii:E4K63_02345	ko:K03744
aii:E4K63_02350	ko:K01534
aii:E4K63_02355	ko:K00057
aii:E4K63_02365	ko:K04485
aii:E4K63_02380	ko:K01736
aii:E4K63_02385	ko:K04565
aii:E4K63_02390	ko:K01809
aii:E4K63_02395	ko:K02650
aii:E4K63_02400	ko:K02650
aii:E4K63_02405	ko:K01491
aii:E4K63_02410	ko:K07461
aii:E4K63_02415	ko:K01933
aii:E4K63_02420	ko:K13713
aii:E4K63_02425	ko:K11175
aii:E4K63_02430	ko:K01588
aii:E4K63_02435	ko:K01589
aii:E4K63_02475	ko:K11179
aii:E4K63_02480	ko:K03599
aii:E4K63_02485	ko:K04774
aii:E4K63_02490	ko:K02341
aii:E4K63_02495	ko:K07491
aii:E4K63_02500	ko:K07574
aii:E4K63_02505	ko:K01698
aii:E4K63_02510	ko:K03216
aii:E4K63_02520	ko:K11073
aii:E4K63_02525	ko:K20265
aii:E4K63_02535	ko:K03548
aii:E4K63_02540	ko:K07462
aii:E4K63_02545	ko:K03524
aii:E4K63_02550	ko:K04568
aii:E4K63_02560	ko:K01961
aii:E4K63_02565	ko:K02160
aii:E4K63_02575	ko:K02528
aii:E4K63_02580	ko:K03771
aii:E4K63_02585	ko:K04744
aii:E4K63_02590	ko:K01887
aii:E4K63_02595	ko:K06949
aii:E4K63_02605	ko:K03572
aii:E4K63_02610	ko:K00384
aii:E4K63_02625	ko:K06201
aii:E4K63_02645	ko:K01902
aii:E4K63_02650	ko:K01903
aii:E4K63_02660	ko:K05539
aii:E4K63_02670	ko:K02470
aii:E4K63_02680	ko:K12979
aii:E4K63_02685	ko:K10563
aii:E4K63_02695	ko:K03438
aii:E4K63_02700	ko:K03586
aii:E4K63_02705	ko:K03587
aii:E4K63_02710	ko:K02956
aii:E4K63_02715	ko:K00962
aii:E4K63_02720	ko:K15724
aii:E4K63_02725	ko:K01627
aii:E4K63_02730	ko:K00876
aii:E4K63_02735	ko:K03060
aii:E4K63_02740	ko:K14237
aii:E4K63_02745	ko:K03215
aii:E4K63_02750	ko:K03811
aii:E4K63_02760	ko:K01689
aii:E4K63_02765	ko:K05589
aii:E4K63_02770	ko:K00991
aii:E4K63_02780	ko:K00060
aii:E4K63_02785	ko:K00639
aii:E4K63_02800	ko:K01977
aii:E4K63_02805	ko:K14227
aii:E4K63_02810	ko:K14218
aii:E4K63_02815	ko:K01980
aii:E4K63_02820	ko:K01985
aii:E4K63_02835	ko:K03500
aii:E4K63_02840	ko:K01092
aii:E4K63_02850	ko:K06141
aii:E4K63_02865	ko:K02653
aii:E4K63_02870	ko:K02652
aii:E4K63_02875	ko:K01126
aii:E4K63_02885	ko:K03802
aii:E4K63_02895	ko:K01770
aii:E4K63_02910	ko:K02072
aii:E4K63_02910	ko:K02073
aii:E4K63_02915	ko:K02071
aii:E4K63_02920	ko:K08591
aii:E4K63_02925	ko:K00773
aii:E4K63_02940	ko:K03210
aii:E4K63_02945	ko:K03072
aii:E4K63_02950	ko:K03074
aii:E4K63_02960	ko:K03089
aii:E4K63_02965	ko:K00800
aii:E4K63_02975	ko:K03469
aii:E4K63_02980	ko:K01424
aii:E4K63_02985	ko:K01673
aii:E4K63_03000	ko:K03545
aii:E4K63_03005	ko:K01358
aii:E4K63_03010	ko:K03544
aii:E4K63_03015	ko:K01338
aii:E4K63_03020	ko:K03530
aii:E4K63_03025	ko:K03770
aii:E4K63_03030	ko:K00791
aii:E4K63_03035	ko:K03666
aii:E4K63_03040	ko:K03665
aii:E4K63_03045	ko:K04088
aii:E4K63_03050	ko:K04087
aii:E4K63_03055	ko:K25307
aii:E4K63_03060	ko:K03978
aii:E4K63_03065	ko:K09125
aii:E4K63_03070	ko:K01759
aii:E4K63_03090	ko:K00208
aii:E4K63_03095	ko:K06041
aii:E4K63_03100	ko:K01783
aii:E4K63_03105	ko:K07025
aii:E4K63_03115	ko:K13282
aii:E4K63_03120	ko:K13051
aii:E4K63_03125	ko:K14231
aii:E4K63_03130	ko:K14232
aii:E4K63_03135	ko:K14219
aii:E4K63_03140	ko:K14226
aii:E4K63_03145	ko:K14228
aii:E4K63_03155	ko:K01932
aii:E4K63_03160	ko:K22116
aii:E4K63_03170	ko:K01139
aii:E4K63_03175	ko:K06187
aii:E4K63_03180	ko:K09747
aii:E4K63_03185	ko:K02563
aii:E4K63_03190	ko:K02437
aii:E4K63_03200	ko:K01265
aii:E4K63_03210	ko:K02621
aii:E4K63_03215	ko:K18284
aii:E4K63_03220	ko:K08309
aii:E4K63_03225	ko:K02337
aii:E4K63_03235	ko:K01985
aii:E4K63_03240	ko:K09808
aii:E4K63_03245	ko:K09810
aii:E4K63_03255	ko:K07493
aii:E4K63_03260	ko:K07486
aii:E4K63_03275	ko:K01750
aii:E4K63_03280	ko:K03834
aii:E4K63_03290	ko:K01582
aii:E4K63_03295	ko:K00605
aii:E4K63_03300	ko:K02437
aii:E4K63_03305	ko:K00282
aii:E4K63_03310	ko:K00283
aii:E4K63_03325	ko:K01878
aii:E4K63_03330	ko:K01928
aii:E4K63_03335	ko:K06956
aii:E4K63_03340	ko:K00820
aii:E4K63_03355	ko:K03526
aii:E4K63_03360	ko:K05810
aii:E4K63_03365	ko:K01262
aii:E4K63_03370	ko:K01173
aii:E4K63_03385	ko:K09895
aii:E4K63_03390	ko:K03185
aii:E4K63_03395	ko:K18800
aii:E4K63_03400	ko:K07568
aii:E4K63_03410	ko:K03365
aii:E4K63_03420	ko:K26735
aii:E4K63_03430	ko:K06980
aii:E4K63_03435	ko:K03656
aii:E4K63_03440	ko:K08137
aii:E4K63_03445	ko:K07146
aii:E4K63_03450	ko:K20828
aii:E4K63_03455	ko:K01679
aii:E4K63_03460	ko:K03321
aii:E4K63_03465	ko:K02346
aii:E4K63_03475	ko:K06158
aii:E4K63_03480	ko:K02168
aii:E4K63_03485	ko:K03437
aii:E4K63_03500	ko:K13993
aii:E4K63_03520	ko:K12267
aii:E4K63_03530	ko:K07552
aii:E4K63_03545	ko:K18979
aii:E4K63_03550	ko:K09710
aii:E4K63_03565	ko:K00526
aii:E4K63_03565	ko:K03676
aii:E4K63_03570	ko:K03676
aii:E4K63_03575	ko:K00525
aii:E4K63_03580	ko:K00024
aii:E4K63_03590	ko:K06134
aii:E4K63_03600	ko:K22132
aii:E4K63_03610	ko:K03386
aii:E4K63_03620	ko:K06193
aii:E4K63_03625	ko:K02342
aii:E4K63_03630	ko:K07260
aii:E4K63_03635	ko:K09859
aii:E4K63_03645	ko:K26061
aii:E4K63_03655	ko:K02970
aii:E4K63_03660	ko:K09117
aii:E4K63_03665	ko:K02316
aii:E4K63_03670	ko:K03086
aii:E4K63_03680	ko:K03699
aii:E4K63_03690	ko:K06942
aii:E4K63_03695	ko:K01056
aii:E4K63_03700	ko:K17836
aii:E4K63_03710	ko:K02654
aii:E4K63_03715	ko:K00322
aii:E4K63_03735	ko:K03652
aii:E4K63_03755	ko:K03675
aii:E4K63_03760	ko:K03616
aii:E4K63_03765	ko:K10773
aii:E4K63_03780	ko:K19416
aii:E4K63_03785	ko:K03723
aii:E4K63_03795	ko:K03644
aii:E4K63_03810	ko:K01159
aii:E4K63_03820	ko:K03550
aii:E4K63_03835	ko:K03595
aii:E4K63_03850	ko:K18930
aii:E4K63_03865	ko:K06133
aii:E4K63_03885	ko:K00939
aii:E4K63_03900	ko:K02664
aii:E4K63_03905	ko:K02665
aii:E4K63_03910	ko:K02666
aii:E4K63_03915	ko:K00891
aii:E4K63_03920	ko:K01735
aii:E4K63_03930	ko:K09159
aii:E4K63_03935	ko:K13821
aii:E4K63_03950	ko:K13038
aii:E4K63_03955	ko:K01669
aii:E4K63_03960	ko:K01772
aii:E4K63_03970	ko:K02650
aii:E4K63_03980	ko:K02687
aii:E4K63_03990	ko:K14237
aii:E4K63_04005	ko:K00432
aii:E4K63_04010	ko:K23997
aii:E4K63_04030	ko:K01872
aii:E4K63_04040	ko:K01255
aii:E4K63_04045	ko:K00616
aii:E4K63_04055	ko:K20265
aii:E4K63_04060	ko:K03499
aii:E4K63_04070	ko:K09014
aii:E4K63_04075	ko:K09013
aii:E4K63_04080	ko:K09015
aii:E4K63_04100	ko:K03671
aii:E4K63_04115	ko:K03574
aii:E4K63_04120	ko:K07735
aii:E4K63_04125	ko:K07447
aii:E4K63_04130	ko:K01869
aii:E4K63_04135	ko:K03643
aii:E4K63_04140	ko:K16053
aii:E4K63_04145	ko:K01494
aii:E4K63_04150	ko:K03593
aii:E4K63_04155	ko:K06131
aii:E4K63_04165	ko:K01890
aii:E4K63_04175	ko:K01889
aii:E4K63_04180	ko:K03305
aii:E4K63_04195	ko:K01625
aii:E4K63_04215	ko:K03551
aii:E4K63_04230	ko:K01488
aii:E4K63_04240	ko:K01771
aii:E4K63_04250	ko:K07493
aii:E4K63_04255	ko:K11927
aii:E4K63_04260	ko:K01495
aii:E4K63_04285	ko:K01658
aii:E4K63_04290	ko:K03342
aii:E4K63_04300	ko:K01633
aii:E4K63_04305	ko:K07090
aii:E4K63_04320	ko:K13941
aii:E4K63_04330	ko:K01845
aii:E4K63_04335	ko:K01920
aii:E4K63_04340	ko:K00604
aii:E4K63_04355	ko:K12297
aii:E4K63_04375	ko:K01662
aii:E4K63_04380	ko:K01951
aii:E4K63_04390	ko:K06987
aii:E4K63_04400	ko:K02518
aii:E4K63_04405	ko:K07090
aii:E4K63_04415	ko:K03106
aii:E4K63_04420	ko:K01626
aii:E4K63_04425	ko:K06207
aii:E4K63_04440	ko:K15461
aii:E4K63_04445	ko:K07491
aii:E4K63_04450	ko:K09801
aii:E4K63_04460	ko:K03664
aii:E4K63_04465	ko:K14058
aii:E4K63_04470	ko:K03762
aii:E4K63_04480	ko:K01142
aii:E4K63_04490	ko:K00383
aii:E4K63_04500	ko:K07497
aii:E4K63_04505	ko:K07483
aii:E4K63_04510	ko:K03602
aii:E4K63_04515	ko:K03601
aii:E4K63_04520	ko:K01507
aii:E4K63_04525	ko:K07258
aii:E4K63_04530	ko:K09158
aii:E4K63_04535	ko:K03801
aii:E4K63_04545	ko:K02897
aii:E4K63_04550	ko:K00948
aii:E4K63_04560	ko:K14742
aii:E4K63_04570	ko:K01443
aii:E4K63_04575	ko:K14540
aii:E4K63_04585	ko:K21029
aii:E4K63_04590	ko:K21147
aii:E4K63_04610	ko:K00857
aii:E4K63_04620	ko:K06168
aii:E4K63_04625	ko:K06217
aii:E4K63_04630	ko:K07042
aii:E4K63_04635	ko:K06189
aii:E4K63_04640	ko:K03820
aii:E4K63_04645	ko:K09760
aii:E4K63_04650	ko:K03703
aii:E4K63_04655	ko:K03684
aii:E4K63_04660	ko:K07552
aii:E4K63_04665	ko:K01879
aii:E4K63_04670	ko:K03424
aii:E4K63_04675	ko:K03629
aii:E4K63_04685	ko:K01934
aii:E4K63_04690	ko:K05527
aii:E4K63_04695	ko:K03975
aii:E4K63_04700	ko:K03975
aii:E4K63_04705	ko:K03584
aii:E4K63_04715	ko:K04487
aii:E4K63_04720	ko:K08300
aii:E4K63_04725	ko:K13292
aii:E4K63_04730	ko:K00560
aii:E4K63_04735	ko:K00058
aii:E4K63_04740	ko:K04075
aii:E4K63_04745	ko:K00833
aii:E4K63_04750	ko:K01012
aii:E4K63_04755	ko:K00652
aii:E4K63_04760	ko:K02169
aii:E4K63_04765	ko:K01935
aii:E4K63_04770	ko:K03524
aii:E4K63_04775	ko:K00942
aii:E4K63_04795	ko:K05592
aii:E4K63_04800	ko:K03769
aii:E4K63_04815	ko:K00979
aii:E4K63_04820	ko:K09791
aii:E4K63_04825	ko:K04085
aii:E4K63_04830	ko:K00566
aii:E4K63_04850	ko:K01895
aii:E4K63_04855	ko:K00963
aii:E4K63_04870	ko:K14233
aii:E4K63_04875	ko:K00812
aii:E4K63_04885	ko:K03789
aii:E4K63_04895	ko:K06178
aii:E4K63_04900	ko:K02656
aii:E4K63_04905	ko:K06941
aii:E4K63_04910	ko:K02314
aii:E4K63_04915	ko:K02939
aii:E4K63_04920	ko:K02963
aii:E4K63_04925	ko:K02990
aii:E4K63_04930	ko:K00228
aii:E4K63_04935	ko:K00831
aii:E4K63_04940	ko:K00945
aii:E4K63_04950	ko:K24157
aii:E4K63_04955	ko:K04761
aii:E4K63_04960	ko:K07259
aii:E4K63_04970	ko:K07107
aii:E4K63_04975	ko:K14058
aii:E4K63_04980	ko:K03773
aii:E4K63_04990	ko:K02523
aii:E4K63_04995	ko:K09889
aii:E4K63_05000	ko:K00600
aii:E4K63_05005	ko:K18842
aii:E4K63_05010	ko:K07171
aii:E4K63_05035	ko:K01866
aii:E4K63_05040	ko:K03800
aii:E4K63_05050	ko:K01419
aii:E4K63_05055	ko:K03667
aii:E4K63_05060	ko:K06173
aii:E4K63_05075	ko:K06861
aii:E4K63_05085	ko:K11719
aii:E4K63_05090	ko:K03270
aii:E4K63_05095	ko:K01776
aii:E4K63_05105	ko:K03702
aii:E4K63_05110	ko:K01141
aii:E4K63_05125	ko:K03495
aii:E4K63_05140	ko:K01807
aii:E4K63_05155	ko:K02887
aii:E4K63_05160	ko:K02916
aii:E4K63_05165	ko:K02520
aii:E4K63_05170	ko:K01868
aii:E4K63_05185	ko:K03286
aii:E4K63_05200	ko:K00954
aii:E4K63_05210	ko:K13628
aii:E4K63_05215	ko:K11717
aii:E4K63_05220	ko:K01752
aii:E4K63_05230	ko:K11751
aii:E4K63_05235	ko:K04518
aii:E4K63_05255	ko:K01775
aii:E4K63_05270	ko:K09799
aii:E4K63_05275	ko:K01079
aii:E4K63_05285	ko:K11076
aii:E4K63_05290	ko:K11075
aii:E4K63_05295	ko:K11074
aii:E4K63_05300	ko:K06867
aii:E4K63_05305	ko:K02899
aii:E4K63_05310	ko:K02888
aii:E4K63_05320	ko:K03070
aii:E4K63_05330	ko:K03784
aii:E4K63_05340	ko:K03701
aii:E4K63_05345	ko:K03624
aii:E4K63_05350	ko:K08084
aii:E4K63_05355	ko:K01810
aii:E4K63_05360	ko:K00949
aii:E4K63_05365	ko:K00088
aii:E4K63_05370	ko:K01255
aii:E4K63_05375	ko:K07091
aii:E4K63_05380	ko:K11720
aii:E4K63_05385	ko:K07263
aii:E4K63_05390	ko:K07263
aii:E4K63_05395	ko:K08316
aii:E4K63_05405	ko:K06169
aii:E4K63_05410	ko:K00757
aii:E4K63_05420	ko:K14229
aii:E4K63_05430	ko:K15633
aii:E4K63_05435	ko:K01875
aii:E4K63_05460	ko:K03631
aii:E4K63_05470	ko:K00812
aii:E4K63_05475	ko:K00847
aii:E4K63_05495	ko:K16013
aii:E4K63_05500	ko:K16012
aii:E4K63_05530	ko:K11103
aii:E4K63_05535	ko:K09022
aii:E4K63_05540	ko:K02445
aii:E4K63_05555	ko:K06197
aii:E4K63_05570	ko:K06901
aii:E4K63_05575	ko:K01129
aii:E4K63_05595	ko:K01183
aii:E4K63_05605	ko:K14228
aii:E4K63_05610	ko:K14222
aii:E4K63_05615	ko:K14225
aii:E4K63_05625	ko:K04758
aii:E4K63_05635	ko:K01069
aii:E4K63_05650	ko:K01719
aii:E4K63_05655	ko:K02426
aii:E4K63_05670	ko:K14220
aii:E4K63_05675	ko:K01881
aii:E4K63_05680	ko:K14287
aii:E4K63_05685	ko:K13566
aii:E4K63_05690	ko:K03625
aii:E4K63_05695	ko:K09160
aii:E4K63_05710	ko:K07493
aii:E4K63_05735	ko:K07090
aii:E4K63_05750	ko:K22042
aii:E4K63_05755	ko:K01487
aii:E4K63_05760	ko:K03824
aii:E4K63_05770	ko:K03439
aii:E4K63_05775	ko:K05835
aii:E4K63_05780	ko:K00243
aii:E4K63_05790	ko:K00858
aii:E4K63_05795	ko:K20534
aii:E4K63_05805	ko:K01992
aii:E4K63_05810	ko:K01990
aii:E4K63_05815	ko:K11312
aii:E4K63_05820	ko:K11312
aii:E4K63_05825	ko:K03424
aii:E4K63_05830	ko:K03583
aii:E4K63_05840	ko:K01972
aii:E4K63_05860	ko:K00761
aii:E4K63_05865	ko:K09001
aii:E4K63_05870	ko:K15738
aii:E4K63_05895	ko:K01897
aii:E4K63_05900	ko:K06445
aii:E4K63_05905	ko:K07516
aii:E4K63_05910	ko:K00632
aii:E4K63_05920	ko:K14233
aii:E4K63_05925	ko:K07090
aii:E4K63_05930	ko:K21829
aii:E4K63_05940	ko:K14441
aii:E4K63_05945	ko:K03640
aii:E4K63_05955	ko:K03641
aii:E4K63_05960	ko:K03646
aii:E4K63_05965	ko:K03560
aii:E4K63_05970	ko:K03562
aii:E4K63_05980	ko:K17103
aii:E4K63_05985	ko:K06208
aii:E4K63_05990	ko:K03527
aii:E4K63_05995	ko:K03774
aii:E4K63_06010	ko:K04096
aii:E4K63_06015	ko:K04754
aii:E4K63_06020	ko:K00568
aii:E4K63_06045	ko:K03588
aii:E4K63_06050	ko:K01925
aii:E4K63_06055	ko:K01000
aii:E4K63_06065	ko:K03704
aii:E4K63_06070	ko:K02970
aii:E4K63_06075	ko:K11901
aii:E4K63_06080	ko:K11900
aii:E4K63_06140	ko:K00820
aii:E4K63_06145	ko:K04042
aii:E4K63_06150	ko:K13522
aii:E4K63_06160	ko:K01613
aii:E4K63_06170	ko:K03581
aii:E4K63_06175	ko:K03582
aii:E4K63_06185	ko:K14228
aii:E4K63_06190	ko:K03040
aii:E4K63_06195	ko:K07478
aii:E4K63_06200	ko:K07486
aii:E4K63_06205	ko:K01524
aii:E4K63_06210	ko:K03671
aii:E4K63_06215	ko:K03628
aii:E4K63_06230	ko:K03462
aii:E4K63_06235	ko:K01476
aii:E4K63_06245	ko:K12573
aii:E4K63_06250	ko:K03177
aii:E4K63_06255	ko:K03685
aii:E4K63_06260	ko:K03100
aii:E4K63_06265	ko:K07666
aii:E4K63_06270	ko:K00286
aii:E4K63_06275	ko:K01519
aii:E4K63_06280	ko:K02527
aii:E4K63_06285	ko:K00795
aii:E4K63_06290	ko:K01004
aii:E4K63_06295	ko:K22468
aii:E4K63_06300	ko:K14230
aii:E4K63_06315	ko:K00748
aii:E4K63_06320	ko:K00677
aii:E4K63_06325	ko:K02372
aii:E4K63_06330	ko:K02536
aii:E4K63_06335	ko:K06142
aii:E4K63_06340	ko:K07277
aii:E4K63_06345	ko:K00099
aii:E4K63_06350	ko:K02469
aii:E4K63_06355	ko:K03648
aii:E4K63_06370	ko:K07552
aii:E4K63_06395	ko:K01666
aii:E4K63_06405	ko:K07493
aii:E4K63_06415	ko:K00382
aii:E4K63_06420	ko:K00627
aii:E4K63_06425	ko:K00163
aii:E4K63_06430	ko:K07266
aii:E4K63_06460	ko:K19157
aii:E4K63_06465	ko:K07473
aii:E4K63_06470	ko:K07266
aii:E4K63_06500	ko:K01784
aii:E4K63_06510	ko:K01630
aii:E4K63_06520	ko:K01840
aii:E4K63_06525	ko:K00971
aii:E4K63_06530	ko:K22252
aii:E4K63_06535	ko:K01711
aii:E4K63_06565	ko:K09688
aii:E4K63_06570	ko:K09689
aii:E4K63_06575	ko:K10107
aii:E4K63_06580	ko:K07265
aii:E4K63_06615	ko:K09803
aii:E4K63_06625	ko:K07497
aii:E4K63_06630	ko:K07483
aii:E4K63_06635	ko:K00652
aii:E4K63_06645	ko:K15778
aii:E4K63_06655	ko:K00859
aii:E4K63_06660	ko:K14219
aii:E4K63_06665	ko:K14225
aii:E4K63_06670	ko:K01867
aii:E4K63_06680	ko:K03316
aii:E4K63_06695	ko:K07106
aii:E4K63_06715	ko:K01962
aii:E4K63_06720	ko:K03555
aii:E4K63_06730	ko:K03071
aii:E4K63_06735	ko:K03834
aii:E4K63_06740	ko:K03733
aii:E4K63_06745	ko:K15984
aii:E4K63_06760	ko:K00951
aii:E4K63_06765	ko:K01978
aii:E4K63_06775	ko:K03834
aii:E4K63_06780	ko:K05516
aii:E4K63_06785	ko:K00567
aii:E4K63_06790	ko:K20265
aii:E4K63_06795	ko:K00262
aii:E4K63_06815	ko:K03885
aii:E4K63_06820	ko:K20265
aii:E4K63_06825	ko:K04077
aii:E4K63_06830	ko:K04078
aii:E4K63_06840	ko:K14219
aii:E4K63_06845	ko:K01983
aii:E4K63_06850	ko:K09861
aii:E4K63_06855	ko:K00783
aii:E4K63_06875	ko:K07320
aii:E4K63_06880	ko:K01883
aii:E4K63_06905	ko:K11928
aii:E4K63_06910	ko:K02446
aii:E4K63_06915	ko:K07018
aii:E4K63_06920	ko:K11733
aii:E4K63_06925	ko:K12978
aii:E4K63_06930	ko:K03466
aii:E4K63_06935	ko:K03634
aii:E4K63_06950	ko:K03498
aii:E4K63_06960	ko:K03607
aii:E4K63_06965	ko:K14230
aii:E4K63_06985	ko:K02909
aii:E4K63_06990	ko:K01919
aii:E4K63_06995	ko:K03980
aii:E4K63_07000	ko:K07126
aii:E4K63_07005	ko:K06925
aii:E4K63_07010	ko:K11754
aii:E4K63_07015	ko:K01963
aii:E4K63_07020	ko:K00940
aii:E4K63_07025	ko:K01937
aii:E4K63_07040	ko:K04079
aii:E4K63_07050	ko:K02879
aii:E4K63_07055	ko:K03040
aii:E4K63_07060	ko:K02986
aii:E4K63_07065	ko:K02948
aii:E4K63_07070	ko:K02952
aii:E4K63_07075	ko:K02919
aii:E4K63_07080	ko:K03076
aii:E4K63_07085	ko:K02876
aii:E4K63_07090	ko:K02907
aii:E4K63_07095	ko:K02988
aii:E4K63_07100	ko:K02881
aii:E4K63_07105	ko:K02933
aii:E4K63_07110	ko:K02994
aii:E4K63_07115	ko:K02954
aii:E4K63_07120	ko:K02931
aii:E4K63_07125	ko:K02895
aii:E4K63_07130	ko:K02874
aii:E4K63_07135	ko:K02961
aii:E4K63_07140	ko:K02904
aii:E4K63_07145	ko:K02878
aii:E4K63_07150	ko:K02982
aii:E4K63_07155	ko:K02890
aii:E4K63_07160	ko:K02965
aii:E4K63_07165	ko:K02886
aii:E4K63_07170	ko:K02892
aii:E4K63_07175	ko:K02926
aii:E4K63_07180	ko:K02906
aii:E4K63_07185	ko:K02946
aii:E4K63_07190	ko:K02355
aii:E4K63_07195	ko:K02992
aii:E4K63_07200	ko:K02950
aii:E4K63_07205	ko:K00995
aii:E4K63_07210	ko:K01520
aii:E4K63_07215	ko:K00981
aii:E4K63_07220	ko:K00806
aii:E4K63_07225	ko:K02838
aii:E4K63_07230	ko:K09903
aii:E4K63_07235	ko:K02357
aii:E4K63_07240	ko:K02967
aii:E4K63_07245	ko:K00287
aii:E4K63_07255	ko:K00425
aii:E4K63_07260	ko:K00426
aii:E4K63_07310	ko:K04066
aii:E4K63_07315	ko:K03811
aii:E4K63_07320	ko:K07058
aii:E4K63_07325	ko:K03809
aii:E4K63_07330	ko:K06077
aii:E4K63_07340	ko:K02077
aii:E4K63_07345	ko:K02074
aii:E4K63_07350	ko:K02075
aii:E4K63_07365	ko:K00760
aii:E4K63_07370	ko:K01939
aii:E4K63_07375	ko:K00602
aii:E4K63_07410	ko:K06020
aii:E4K63_07425	ko:K03778
aii:E4K63_07430	ko:K03762
aii:E4K63_07435	ko:K19159
aii:E4K63_07440	ko:K19158
aii:E4K63_07450	ko:K03071
aii:E4K63_07455	ko:K03553
aii:E4K63_07460	ko:K03565
aii:E4K63_07465	ko:K03111
aii:E4K63_07480	ko:K07497
aii:E4K63_07485	ko:K07483
aii:E4K63_07500	ko:K00925
aii:E4K63_07505	ko:K13788
aii:E4K63_07510	ko:K00135
aii:E4K63_07530	ko:K07056
aii:E4K63_07535	ko:K01924
aii:E4K63_07540	ko:K00014
aii:E4K63_07590	ko:K13498
aii:E4K63_07595	ko:K01465
aii:E4K63_07600	ko:K01591
aii:E4K63_07605	ko:K00254
aii:E4K63_07635	ko:K11901
aii:E4K63_07640	ko:K11900
aii:E4K63_07685	ko:K01873
aii:E4K63_07690	ko:K07086
aii:E4K63_07695	ko:K02339
aii:E4K63_07710	ko:K07114
aii:E4K63_07715	ko:K07114
aii:E4K63_07720	ko:K07114
aii:E4K63_07735	ko:K03924
aii:E4K63_07750	ko:K00868
aii:E4K63_07760	ko:K02536
aii:E4K63_07770	ko:K02257
aii:E4K63_07775	ko:K02300
aii:E4K63_07780	ko:K02299
aii:E4K63_07785	ko:K02298
aii:E4K63_07790	ko:K02297
aii:E4K63_07795	ko:K14228
aii:E4K63_07800	ko:K03075
aii:E4K63_07805	ko:K01803
aii:E4K63_07810	ko:K03431
aii:E4K63_07815	ko:K00759
aii:E4K63_07820	ko:K00658
aii:E4K63_07825	ko:K00164
aii:E4K63_07830	ko:K00240
aii:E4K63_07835	ko:K00239
aii:E4K63_07840	ko:K00242
aii:E4K63_07845	ko:K00241
aii:E4K63_07850	ko:K01647
aii:E4K63_07855	ko:K08218
aii:E4K63_07860	ko:K04564
aii:E4K63_07865	ko:K07390
aii:E4K63_07880	ko:K04567
aii:E4K63_07885	ko:K02836
aii:E4K63_07910	ko:K03306
aii:E4K63_07915	ko:K07220
aii:E4K63_07930	ko:K23123
aii:E4K63_07935	ko:K03762
aii:E4K63_07945	ko:K03596
aii:E4K63_07950	ko:K00566
aii:E4K63_07960	ko:K01462
aii:E4K63_07965	ko:K00794
aii:E4K63_07970	ko:K14652
aii:E4K63_07975	ko:K00793
aii:E4K63_07980	ko:K11752
aii:E4K63_07990	ko:K04773
aii:E4K63_08000	ko:K03313
aii:E4K63_08010	ko:K00655
aii:E4K63_08015	ko:K00655
aii:E4K63_08020	ko:K05524
aii:E4K63_08035	ko:K07560
aii:E4K63_08040	ko:K14187
aii:E4K63_08070	ko:K00766
aii:E4K63_08075	ko:K01658
aii:E4K63_08080	ko:K01657
aii:E4K63_08085	ko:K03720
aii:E4K63_08090	ko:K14221
aii:E4K63_08095	ko:K14234
aii:E4K63_08100	ko:K08301
