alc:OTEC02_00005	ko:K02313
alc:OTEC02_00010	ko:K02338
alc:OTEC02_00015	ko:K03629
alc:OTEC02_00020	ko:K02470
alc:OTEC02_00025	ko:K15536
alc:OTEC02_00035	ko:K06158
alc:OTEC02_00060	ko:K15724
alc:OTEC02_00070	ko:K09001
alc:OTEC02_00075	ko:K01866
alc:OTEC02_00080	ko:K01977
alc:OTEC02_00085	ko:K14227
alc:OTEC02_00090	ko:K14218
alc:OTEC02_00095	ko:K01980
alc:OTEC02_00100	ko:K01985
alc:OTEC02_00105	ko:K00799
alc:OTEC02_00115	ko:K03308
alc:OTEC02_00125	ko:K03500
alc:OTEC02_00130	ko:K00604
alc:OTEC02_00135	ko:K01687
alc:OTEC02_00145	ko:K07090
alc:OTEC02_00155	ko:K09016
alc:OTEC02_00160	ko:K01595
alc:OTEC02_00165	ko:K18301
alc:OTEC02_00170	ko:K18302
alc:OTEC02_00175	ko:K18303
alc:OTEC02_00185	ko:K03686
alc:OTEC02_00195	ko:K00215
alc:OTEC02_00205	ko:K19577
alc:OTEC02_00210	ko:K06222
alc:OTEC02_00235	ko:K12957
alc:OTEC02_00240	ko:K01246
alc:OTEC02_00250	ko:K21472
alc:OTEC02_00255	ko:K03575
alc:OTEC02_00275	ko:K09160
alc:OTEC02_00280	ko:K21430
alc:OTEC02_00285	ko:K07478
alc:OTEC02_00290	ko:K21990
alc:OTEC02_00300	ko:K01923
alc:OTEC02_00310	ko:K01714
alc:OTEC02_00315	ko:K08281
alc:OTEC02_00320	ko:K03453
alc:OTEC02_00325	ko:K26939
alc:OTEC02_00335	ko:K00457
alc:OTEC02_00350	ko:K01800
alc:OTEC02_00355	ko:K01555
alc:OTEC02_00360	ko:K11734
alc:OTEC02_00380	ko:K05836
alc:OTEC02_00385	ko:K09975
alc:OTEC02_00390	ko:K01712
alc:OTEC02_00395	ko:K01745
alc:OTEC02_00400	ko:K16234
alc:OTEC02_00405	ko:K01468
alc:OTEC02_00410	ko:K01479
alc:OTEC02_00420	ko:K01091
alc:OTEC02_00425	ko:K01776
alc:OTEC02_00445	ko:K00820
alc:OTEC02_00450	ko:K04042
alc:OTEC02_00455	ko:K01095
alc:OTEC02_00460	ko:K00946
alc:OTEC02_00465	ko:K03625
alc:OTEC02_00470	ko:K00794
alc:OTEC02_00475	ko:K14652
alc:OTEC02_00485	ko:K01079
alc:OTEC02_00505	ko:K07560
alc:OTEC02_00510	ko:K00763
alc:OTEC02_00515	ko:K01011
alc:OTEC02_00520	ko:K01613
alc:OTEC02_00535	ko:K10938
alc:OTEC02_00550	ko:K07657
alc:OTEC02_00565	ko:K26937
alc:OTEC02_00570	ko:K14287
alc:OTEC02_00590	ko:K01919
alc:OTEC02_00595	ko:K03611
alc:OTEC02_00620	ko:K07000
alc:OTEC02_00625	ko:K02622
alc:OTEC02_00630	ko:K01483
alc:OTEC02_00635	ko:K01477
alc:OTEC02_00640	ko:K16839
alc:OTEC02_00650	ko:K24206
alc:OTEC02_00655	ko:K07127
alc:OTEC02_00660	ko:K16840
alc:OTEC02_00665	ko:K16842
alc:OTEC02_00685	ko:K04084
alc:OTEC02_00710	ko:K01142
alc:OTEC02_00715	ko:K00762
alc:OTEC02_00725	ko:K02014
alc:OTEC02_00735	ko:K01920
alc:OTEC02_00740	ko:K02563
alc:OTEC02_00745	ko:K01924
alc:OTEC02_00750	ko:K01921
alc:OTEC02_00755	ko:K03589
alc:OTEC02_00760	ko:K03590
alc:OTEC02_00765	ko:K03531
alc:OTEC02_00770	ko:K02535
alc:OTEC02_00785	ko:K00163
alc:OTEC02_00790	ko:K00627
alc:OTEC02_00800	ko:K23541
alc:OTEC02_00805	ko:K02014
alc:OTEC02_00815	ko:K00088
alc:OTEC02_00820	ko:K03431
alc:OTEC02_00825	ko:K00275
alc:OTEC02_00830	ko:K07462
alc:OTEC02_00845	ko:K02836
alc:OTEC02_00860	ko:K02527
alc:OTEC02_00880	ko:K01895
alc:OTEC02_00890	ko:K03719
alc:OTEC02_00895	ko:K17228
alc:OTEC02_00900	ko:K00299
alc:OTEC02_00925	ko:K14393
alc:OTEC02_00935	ko:K02168
alc:OTEC02_00955	ko:K03701
alc:OTEC02_00960	ko:K16137
alc:OTEC02_00970	ko:K08987
alc:OTEC02_00975	ko:K02442
alc:OTEC02_00980	ko:K07124
alc:OTEC02_00990	ko:K03707
alc:OTEC02_00995	ko:K09799
alc:OTEC02_01005	ko:K03111
alc:OTEC02_01010	ko:K26606
alc:OTEC02_01015	ko:K26605
alc:OTEC02_01025	ko:K11735
alc:OTEC02_01030	ko:K00375
alc:OTEC02_01035	ko:K00823
alc:OTEC02_01040	ko:K00135
alc:OTEC02_01055	ko:K06911
alc:OTEC02_01065	ko:K06954
alc:OTEC02_01085	ko:K14234
alc:OTEC02_01110	ko:K08224
alc:OTEC02_01155	ko:K17989
alc:OTEC02_01185	ko:K14233
alc:OTEC02_01190	ko:K03549
alc:OTEC02_01200	ko:K01173
alc:OTEC02_01220	ko:K06188
alc:OTEC02_01235	ko:K02500
alc:OTEC02_01240	ko:K02204
alc:OTEC02_01270	ko:K01814
alc:OTEC02_01285	ko:K02501
alc:OTEC02_01290	ko:K01693
alc:OTEC02_01300	ko:K14231
alc:OTEC02_01305	ko:K14231
alc:OTEC02_01315	ko:K18118
alc:OTEC02_01325	ko:K07638
alc:OTEC02_01330	ko:K07659
alc:OTEC02_01335	ko:K06959
alc:OTEC02_01340	ko:K01673
alc:OTEC02_01345	ko:K28140
alc:OTEC02_01350	ko:K01740
alc:OTEC02_01355	ko:K06020
alc:OTEC02_01390	ko:K15725
alc:OTEC02_01395	ko:K15727
alc:OTEC02_01400	ko:K15726
alc:OTEC02_01405	ko:K16264
alc:OTEC02_01420	ko:K14224
alc:OTEC02_01425	ko:K14224
alc:OTEC02_01435	ko:K16235
alc:OTEC02_01440	ko:K14224
alc:OTEC02_01445	ko:K14218
alc:OTEC02_01450	ko:K01885
alc:OTEC02_01460	ko:K23163
alc:OTEC02_01465	ko:K03438
alc:OTEC02_01470	ko:K03586
alc:OTEC02_01475	ko:K03587
alc:OTEC02_01480	ko:K01928
alc:OTEC02_01485	ko:K01929
alc:OTEC02_01490	ko:K01000
alc:OTEC02_01500	ko:K00563
alc:OTEC02_01505	ko:K05366
alc:OTEC02_01510	ko:K02662
alc:OTEC02_01515	ko:K02663
alc:OTEC02_01520	ko:K02664
alc:OTEC02_01525	ko:K02665
alc:OTEC02_01530	ko:K02666
alc:OTEC02_01535	ko:K00891
alc:OTEC02_01540	ko:K01735
alc:OTEC02_01555	ko:K00265
alc:OTEC02_01560	ko:K00266
alc:OTEC02_01565	ko:K07044
alc:OTEC02_01570	ko:K03744
alc:OTEC02_01575	ko:K06872
alc:OTEC02_01585	ko:K02650
alc:OTEC02_01600	ko:K03594
alc:OTEC02_01605	ko:K02192
alc:OTEC02_01615	ko:K01139
alc:OTEC02_01620	ko:K03060
alc:OTEC02_01625	ko:K00942
alc:OTEC02_01635	ko:K08084
alc:OTEC02_01640	ko:K02671
alc:OTEC02_01645	ko:K02672
alc:OTEC02_01650	ko:K02673
alc:OTEC02_01655	ko:K02674
alc:OTEC02_01660	ko:K02655
alc:OTEC02_01665	ko:K02655
alc:OTEC02_01670	ko:K02959
alc:OTEC02_01675	ko:K02860
alc:OTEC02_01680	ko:K00554
alc:OTEC02_01685	ko:K02884
alc:OTEC02_01690	ko:K01046
alc:OTEC02_01700	ko:K03177
alc:OTEC02_01705	ko:K07090
alc:OTEC02_01715	ko:K11939
alc:OTEC02_01720	ko:K11939
alc:OTEC02_01725	ko:K00058
alc:OTEC02_01745	ko:K03923
alc:OTEC02_01755	ko:K08160
alc:OTEC02_01765	ko:K04565
alc:OTEC02_01775	ko:K03496
alc:OTEC02_01805	ko:K16235
alc:OTEC02_01810	ko:K00261
alc:OTEC02_01815	ko:K00840
alc:OTEC02_01820	ko:K00673
alc:OTEC02_01825	ko:K06447
alc:OTEC02_01830	ko:K01484
alc:OTEC02_01835	ko:K05526
alc:OTEC02_01865	ko:K21645
alc:OTEC02_01870	ko:K01779
alc:OTEC02_01900	ko:K01879
alc:OTEC02_01905	ko:K01878
alc:OTEC02_01930	ko:K07168
alc:OTEC02_01945	ko:K20035
alc:OTEC02_01955	ko:K00014
alc:OTEC02_01960	ko:K00228
alc:OTEC02_01965	ko:K01497
alc:OTEC02_01970	ko:K01662
alc:OTEC02_01975	ko:K01092
alc:OTEC02_01990	ko:K02065
alc:OTEC02_01995	ko:K02066
alc:OTEC02_02000	ko:K02067
alc:OTEC02_02005	ko:K07323
alc:OTEC02_02015	ko:K03284
alc:OTEC02_02025	ko:K03574
alc:OTEC02_02035	ko:K03655
alc:OTEC02_02050	ko:K00631
alc:OTEC02_02055	ko:K10805
alc:OTEC02_02065	ko:K07044
alc:OTEC02_02070	ko:K03978
alc:OTEC02_02075	ko:K13771
alc:OTEC02_02085	ko:K06915
alc:OTEC02_02090	ko:K01760
alc:OTEC02_02100	ko:K02946
alc:OTEC02_02105	ko:K02906
alc:OTEC02_02110	ko:K02926
alc:OTEC02_02115	ko:K02892
alc:OTEC02_02120	ko:K02886
alc:OTEC02_02125	ko:K02965
alc:OTEC02_02130	ko:K02890
alc:OTEC02_02135	ko:K02982
alc:OTEC02_02140	ko:K02878
alc:OTEC02_02145	ko:K02904
alc:OTEC02_02150	ko:K02961
alc:OTEC02_02155	ko:K02874
alc:OTEC02_02160	ko:K02895
alc:OTEC02_02165	ko:K02931
alc:OTEC02_02170	ko:K02954
alc:OTEC02_02175	ko:K02994
alc:OTEC02_02180	ko:K02933
alc:OTEC02_02185	ko:K02881
alc:OTEC02_02190	ko:K02988
alc:OTEC02_02195	ko:K02907
alc:OTEC02_02200	ko:K02876
alc:OTEC02_02205	ko:K03076
alc:OTEC02_02210	ko:K02919
alc:OTEC02_02215	ko:K02952
alc:OTEC02_02220	ko:K02948
alc:OTEC02_02225	ko:K02986
alc:OTEC02_02230	ko:K03040
alc:OTEC02_02235	ko:K02879
alc:OTEC02_02240	ko:K10215
alc:OTEC02_02245	ko:K00255
alc:OTEC02_02250	ko:K09159
alc:OTEC02_02265	ko:K28165
alc:OTEC02_02280	ko:K07070
alc:OTEC02_02285	ko:K01414
alc:OTEC02_02290	ko:K12573
alc:OTEC02_02295	ko:K14233
alc:OTEC02_02300	ko:K14219
alc:OTEC02_02305	ko:K14219
alc:OTEC02_02320	ko:K14219
alc:OTEC02_02325	ko:K07078
alc:OTEC02_02335	ko:K29029
alc:OTEC02_02340	ko:K07058
alc:OTEC02_02345	ko:K03809
alc:OTEC02_02350	ko:K03816
alc:OTEC02_02365	ko:K03832
alc:OTEC02_02370	ko:K07042
alc:OTEC02_02375	ko:K06217
alc:OTEC02_02380	ko:K06168
alc:OTEC02_02385	ko:K08309
alc:OTEC02_02390	ko:K01166
alc:OTEC02_02395	ko:K00024
alc:OTEC02_02410	ko:K07394
alc:OTEC02_02415	ko:K07115
alc:OTEC02_02420	ko:K17103
alc:OTEC02_02430	ko:K01977
alc:OTEC02_02435	ko:K14227
alc:OTEC02_02440	ko:K14218
alc:OTEC02_02445	ko:K01980
alc:OTEC02_02450	ko:K01985
alc:OTEC02_02465	ko:K00249
alc:OTEC02_02470	ko:K03790
alc:OTEC02_02475	ko:K22108
alc:OTEC02_02485	ko:K13774
alc:OTEC02_02490	ko:K13778
alc:OTEC02_02495	ko:K11731
alc:OTEC02_02500	ko:K13779
alc:OTEC02_02505	ko:K13777
alc:OTEC02_02515	ko:K03600
alc:OTEC02_02520	ko:K03599
alc:OTEC02_02525	ko:K02996
alc:OTEC02_02530	ko:K02871
alc:OTEC02_02535	ko:K00097
alc:OTEC02_02540	ko:K02528
alc:OTEC02_02545	ko:K01525
alc:OTEC02_02565	ko:K03665
alc:OTEC02_02570	ko:K22617
alc:OTEC02_02575	ko:K06132
alc:OTEC02_02580	ko:K07098
alc:OTEC02_02590	ko:K21021
alc:OTEC02_02600	ko:K01977
alc:OTEC02_02605	ko:K14227
alc:OTEC02_02610	ko:K14218
alc:OTEC02_02615	ko:K01980
alc:OTEC02_02620	ko:K01985
alc:OTEC02_02635	ko:K00382
alc:OTEC02_02655	ko:K03672
alc:OTEC02_02660	ko:K10806
alc:OTEC02_02675	ko:K09767
alc:OTEC02_02685	ko:K15461
alc:OTEC02_02695	ko:K09780
alc:OTEC02_02700	ko:K06190
alc:OTEC02_02705	ko:K07053
alc:OTEC02_02710	ko:K08994
alc:OTEC02_02715	ko:K03630
alc:OTEC02_02720	ko:K13038
alc:OTEC02_02725	ko:K03074
alc:OTEC02_02735	ko:K03210
alc:OTEC02_02740	ko:K00773
alc:OTEC02_02745	ko:K07568
alc:OTEC02_02750	ko:K14228
alc:OTEC02_02885	ko:K00826
alc:OTEC02_02890	ko:K07276
alc:OTEC02_02920	ko:K07270
alc:OTEC02_02940	ko:K01876
alc:OTEC02_02950	ko:K02014
alc:OTEC02_02975	ko:K13256
alc:OTEC02_02980	ko:K00799
alc:OTEC02_02990	ko:K20035
alc:OTEC02_02995	ko:K20035
alc:OTEC02_03005	ko:K07642
alc:OTEC02_03010	ko:K07664
alc:OTEC02_03020	ko:K08997
alc:OTEC02_03025	ko:K00507
alc:OTEC02_03035	ko:K01126
alc:OTEC02_03040	ko:K00798
alc:OTEC02_03045	ko:K16092
alc:OTEC02_03050	ko:K01817
alc:OTEC02_03055	ko:K01696
alc:OTEC02_03070	ko:K07044
alc:OTEC02_03080	ko:K01695
alc:OTEC02_03085	ko:K01963
alc:OTEC02_03090	ko:K11754
alc:OTEC02_03115	ko:K24158
alc:OTEC02_03120	ko:K03070
alc:OTEC02_03135	ko:K11068
alc:OTEC02_03160	ko:K01782
alc:OTEC02_03165	ko:K00626
alc:OTEC02_03175	ko:K01796
alc:OTEC02_03180	ko:K07267
alc:OTEC02_03185	ko:K00117
alc:OTEC02_03190	ko:K00381
alc:OTEC02_03200	ko:K03297
alc:OTEC02_03205	ko:K04750
alc:OTEC02_03210	ko:K00626
alc:OTEC02_03215	ko:K08084
alc:OTEC02_03220	ko:K03286
alc:OTEC02_03225	ko:K14415
alc:OTEC02_03230	ko:K11733
alc:OTEC02_03235	ko:K00564
alc:OTEC02_03240	ko:K16345
alc:OTEC02_03245	ko:K06207
alc:OTEC02_03250	ko:K03282
alc:OTEC02_03260	ko:K03769
alc:OTEC02_03265	ko:K10563
alc:OTEC02_03270	ko:K03652
alc:OTEC02_03275	ko:K02014
alc:OTEC02_03285	ko:K13936
alc:OTEC02_03295	ko:K03981
alc:OTEC02_03300	ko:K06980
alc:OTEC02_03320	ko:K06193
alc:OTEC02_03325	ko:K09946
alc:OTEC02_03335	ko:K18138
alc:OTEC02_03340	ko:K03585
alc:OTEC02_03350	ko:K02657
alc:OTEC02_03355	ko:K02658
alc:OTEC02_03360	ko:K02659
alc:OTEC02_03365	ko:K02660
alc:OTEC02_03380	ko:K02495
alc:OTEC02_03390	ko:K01439
alc:OTEC02_03395	ko:K16348
alc:OTEC02_03400	ko:K09977
alc:OTEC02_03405	ko:K09790
alc:OTEC02_03415	ko:K14237
alc:OTEC02_03420	ko:K14221
alc:OTEC02_03425	ko:K14221
alc:OTEC02_03430	ko:K14237
alc:OTEC02_03435	ko:K14221
alc:OTEC02_03440	ko:K14237
alc:OTEC02_03450	ko:K00380
alc:OTEC02_03465	ko:K07552
alc:OTEC02_03490	ko:K03310
alc:OTEC02_03495	ko:K07001
alc:OTEC02_03500	ko:K01754
alc:OTEC02_03505	ko:K17938
alc:OTEC02_03525	ko:K05520
alc:OTEC02_03530	ko:K02434
alc:OTEC02_03535	ko:K02433
alc:OTEC02_03540	ko:K02435
alc:OTEC02_03545	ko:K03569
alc:OTEC02_03550	ko:K03570
alc:OTEC02_03555	ko:K03571
alc:OTEC02_03560	ko:K06287
alc:OTEC02_03565	ko:K08301
alc:OTEC02_03575	ko:K00635
alc:OTEC02_03580	ko:K00390
alc:OTEC02_03585	ko:K02203
alc:OTEC02_03590	ko:K06076
alc:OTEC02_03595	ko:K00355
alc:OTEC02_03610	ko:K02616
alc:OTEC02_03615	ko:K06153
alc:OTEC02_03630	ko:K05523
alc:OTEC02_03635	ko:K14219
alc:OTEC02_03645	ko:K11734
alc:OTEC02_03650	ko:K09788
alc:OTEC02_03655	ko:K00795
alc:OTEC02_03670	ko:K07340
alc:OTEC02_03675	ko:K07001
alc:OTEC02_03700	ko:K03760
alc:OTEC02_03705	ko:K07666
alc:OTEC02_03710	ko:K07645
alc:OTEC02_03720	ko:K03320
alc:OTEC02_03730	ko:K13936
alc:OTEC02_03745	ko:K01873
alc:OTEC02_03775	ko:K18139
alc:OTEC02_03780	ko:K18138
alc:OTEC02_03785	ko:K03585
alc:OTEC02_03800	ko:K02523
alc:OTEC02_03805	ko:K02888
alc:OTEC02_03810	ko:K02899
alc:OTEC02_03815	ko:K03634
alc:OTEC02_03825	ko:K01875
alc:OTEC02_03830	ko:K02302
alc:OTEC02_03835	ko:K03216
alc:OTEC02_03865	ko:K03809
alc:OTEC02_03885	ko:K03801
alc:OTEC02_03895	ko:K09158
alc:OTEC02_03900	ko:K03086
alc:OTEC02_03910	ko:K07039
alc:OTEC02_03915	ko:K07146
alc:OTEC02_03920	ko:K06938
alc:OTEC02_03925	ko:K01647
alc:OTEC02_03935	ko:K00241
alc:OTEC02_03940	ko:K00242
alc:OTEC02_03945	ko:K00239
alc:OTEC02_03950	ko:K00240
alc:OTEC02_03965	ko:K00164
alc:OTEC02_03970	ko:K00658
alc:OTEC02_03975	ko:K00382
alc:OTEC02_03980	ko:K01903
alc:OTEC02_03985	ko:K01902
alc:OTEC02_04005	ko:K01867
alc:OTEC02_04010	ko:K09781
alc:OTEC02_04015	ko:K07054
alc:OTEC02_04020	ko:K03316
alc:OTEC02_04045	ko:K07443
alc:OTEC02_04055	ko:K00638
alc:OTEC02_04060	ko:K03624
alc:OTEC02_04065	ko:K01955
alc:OTEC02_04070	ko:K01956
alc:OTEC02_04095	ko:K07574
alc:OTEC02_04100	ko:K02427
alc:OTEC02_04105	ko:K03798
alc:OTEC02_04110	ko:K00796
alc:OTEC02_04125	ko:K14228
alc:OTEC02_04130	ko:K01113
alc:OTEC02_04135	ko:K14228
alc:OTEC02_04140	ko:K14222
alc:OTEC02_04145	ko:K01491
alc:OTEC02_04160	ko:K03761
alc:OTEC02_04165	ko:K00864
alc:OTEC02_04170	ko:K00111
alc:OTEC02_04175	ko:K01596
alc:OTEC02_04195	ko:K04078
alc:OTEC02_04200	ko:K04077
alc:OTEC02_04205	ko:K00901
alc:OTEC02_04215	ko:K01126
alc:OTEC02_04220	ko:K18138
alc:OTEC02_04230	ko:K03799
alc:OTEC02_04245	ko:K14058
alc:OTEC02_04260	ko:K04760
alc:OTEC02_04265	ko:K14233
alc:OTEC02_04300	ko:K10680
alc:OTEC02_04320	ko:K00059
alc:OTEC02_04335	ko:K00130
alc:OTEC02_04340	ko:K09932
alc:OTEC02_04345	ko:K03781
alc:OTEC02_04355	ko:K00865
alc:OTEC02_04365	ko:K02379
alc:OTEC02_04375	ko:K03473
alc:OTEC02_04380	ko:K04568
alc:OTEC02_04390	ko:K04485
alc:OTEC02_04395	ko:K03310
alc:OTEC02_04400	ko:K11737
alc:OTEC02_04410	ko:K01586
alc:OTEC02_04415	ko:K01778
alc:OTEC02_04425	ko:K03733
alc:OTEC02_04430	ko:K03521
alc:OTEC02_04435	ko:K03522
alc:OTEC02_04440	ko:K02469
alc:OTEC02_04445	ko:K01992
alc:OTEC02_04450	ko:K01992
alc:OTEC02_04455	ko:K01993
alc:OTEC02_04460	ko:K12340
alc:OTEC02_04465	ko:K00831
alc:OTEC02_04475	ko:K09768
alc:OTEC02_04485	ko:K09808
alc:OTEC02_04490	ko:K09810
alc:OTEC02_04495	ko:K02238
alc:OTEC02_04500	ko:K02517
alc:OTEC02_04505	ko:K04773
alc:OTEC02_04515	ko:K11175
alc:OTEC02_04520	ko:K01933
alc:OTEC02_04530	ko:K10763
alc:OTEC02_04555	ko:K03088
alc:OTEC02_04565	ko:K03437
alc:OTEC02_04570	ko:K03841
alc:OTEC02_04580	ko:K03640
alc:OTEC02_04585	ko:K03641
alc:OTEC02_04590	ko:K03646
alc:OTEC02_04595	ko:K03560
alc:OTEC02_04600	ko:K03562
alc:OTEC02_04605	ko:K07107
alc:OTEC02_04615	ko:K03551
alc:OTEC02_04620	ko:K03550
alc:OTEC02_04625	ko:K01129
alc:OTEC02_04630	ko:K01952
alc:OTEC02_04635	ko:K07552
alc:OTEC02_04665	ko:K03564
alc:OTEC02_04680	ko:K06920
alc:OTEC02_04685	ko:K10026
alc:OTEC02_04690	ko:K00674
alc:OTEC02_04700	ko:K13635
alc:OTEC02_04705	ko:K02045
alc:OTEC02_04710	ko:K02047
alc:OTEC02_04715	ko:K02046
alc:OTEC02_04720	ko:K07002
alc:OTEC02_04725	ko:K02048
alc:OTEC02_04730	ko:K02619
alc:OTEC02_04735	ko:K07082
alc:OTEC02_04740	ko:K00943
alc:OTEC02_04750	ko:K00278
alc:OTEC02_04755	ko:K04771
alc:OTEC02_04760	ko:K07107
alc:OTEC02_04765	ko:K03596
alc:OTEC02_04770	ko:K03100
alc:OTEC02_04780	ko:K03685
alc:OTEC02_04785	ko:K03595
alc:OTEC02_04795	ko:K03584
alc:OTEC02_04800	ko:K03474
alc:OTEC02_04805	ko:K06169
alc:OTEC02_04810	ko:K16066
alc:OTEC02_04815	ko:K14220
alc:OTEC02_04840	ko:K00812
alc:OTEC02_04860	ko:K03702
alc:OTEC02_04865	ko:K03098
alc:OTEC02_04870	ko:K05786
alc:OTEC02_04875	ko:K00134
alc:OTEC02_04890	ko:K03979
alc:OTEC02_04895	ko:K00931
alc:OTEC02_04910	ko:K05540
alc:OTEC02_04915	ko:K00459
alc:OTEC02_04920	ko:K22736
alc:OTEC02_04930	ko:K01791
alc:OTEC02_04960	ko:K01669
alc:OTEC02_04965	ko:K03775
alc:OTEC02_04970	ko:K03885
alc:OTEC02_04975	ko:K07258
alc:OTEC02_04985	ko:K00031
alc:OTEC02_04990	ko:K06181
alc:OTEC02_04995	ko:K00031
alc:OTEC02_05015	ko:K06956
alc:OTEC02_05025	ko:K07263
alc:OTEC02_05050	ko:K00788
alc:OTEC02_05055	ko:K01845
alc:OTEC02_05065	ko:K06177
alc:OTEC02_05070	ko:K03580
alc:OTEC02_05080	ko:K22105
alc:OTEC02_05085	ko:K22770
alc:OTEC02_05090	ko:K22769
alc:OTEC02_05110	ko:K00836
alc:OTEC02_05115	ko:K13745
alc:OTEC02_05135	ko:K11734
alc:OTEC02_05140	ko:K02040
alc:OTEC02_05145	ko:K02037
alc:OTEC02_05150	ko:K02038
alc:OTEC02_05155	ko:K02036
alc:OTEC02_05160	ko:K04774
alc:OTEC02_05170	ko:K08984
alc:OTEC02_05175	ko:K01756
alc:OTEC02_05180	ko:K07153
alc:OTEC02_05185	ko:K00566
alc:OTEC02_05200	ko:K07258
alc:OTEC02_05215	ko:K03787
alc:OTEC02_05220	ko:K06194
alc:OTEC02_05235	ko:K08218
alc:OTEC02_05240	ko:K01759
alc:OTEC02_05245	ko:K14347
alc:OTEC02_05250	ko:K02909
alc:OTEC02_05260	ko:K23127
alc:OTEC02_05265	ko:K19810
alc:OTEC02_05270	ko:K02356
alc:OTEC02_05275	ko:K06200
alc:OTEC02_05285	ko:K14237
alc:OTEC02_05315	ko:K06911
alc:OTEC02_05340	ko:K25283
alc:OTEC02_05345	ko:K25285
alc:OTEC02_05350	ko:K25282
alc:OTEC02_05355	ko:K02014
alc:OTEC02_05360	ko:K27501
alc:OTEC02_05370	ko:K02363
alc:OTEC02_05375	ko:K01252
alc:OTEC02_05395	ko:K06147
alc:OTEC02_05405	ko:K02362
alc:OTEC02_05410	ko:K02361
alc:OTEC02_05425	ko:K01599
alc:OTEC02_05445	ko:K20319
alc:OTEC02_05450	ko:K01495
alc:OTEC02_05455	ko:K13481
alc:OTEC02_05460	ko:K13482
alc:OTEC02_05465	ko:K07402
alc:OTEC02_05475	ko:K01609
alc:OTEC02_05480	ko:K00766
alc:OTEC02_05485	ko:K01658
alc:OTEC02_05495	ko:K01262
alc:OTEC02_05500	ko:K03305
alc:OTEC02_05505	ko:K01915
alc:OTEC02_05510	ko:K03181
alc:OTEC02_05515	ko:K03179
alc:OTEC02_05535	ko:K14220
alc:OTEC02_05540	ko:K14220
alc:OTEC02_05545	ko:K14220
alc:OTEC02_05550	ko:K04564
alc:OTEC02_05560	ko:K04691
alc:OTEC02_05565	ko:K00974
alc:OTEC02_05570	ko:K00029
alc:OTEC02_05580	ko:K09761
alc:OTEC02_05585	ko:K00297
alc:OTEC02_05590	ko:K01251
alc:OTEC02_05600	ko:K01607
alc:OTEC02_05605	ko:K06445
alc:OTEC02_05610	ko:K03644
alc:OTEC02_05615	ko:K00322
alc:OTEC02_05625	ko:K02575
alc:OTEC02_05635	ko:K01265
alc:OTEC02_05640	ko:K02967
alc:OTEC02_05645	ko:K02357
alc:OTEC02_05660	ko:K26605
alc:OTEC02_05665	ko:K26606
alc:OTEC02_05675	ko:K03642
alc:OTEC02_05680	ko:K08305
alc:OTEC02_05685	ko:K05837
alc:OTEC02_05695	ko:K06879
alc:OTEC02_05700	ko:K01992
alc:OTEC02_05705	ko:K01990
alc:OTEC02_05710	ko:K14219
alc:OTEC02_05720	ko:K10857
alc:OTEC02_05735	ko:K00600
alc:OTEC02_05740	ko:K18903
alc:OTEC02_05745	ko:K18902
alc:OTEC02_05750	ko:K18901
alc:OTEC02_05755	ko:K18900
alc:OTEC02_05760	ko:K10013
alc:OTEC02_05765	ko:K10016
alc:OTEC02_05770	ko:K10015
alc:OTEC02_05775	ko:K10017
alc:OTEC02_05780	ko:K03297
alc:OTEC02_05790	ko:K08303
alc:OTEC02_05805	ko:K00528
alc:OTEC02_05810	ko:K22900
alc:OTEC02_05820	ko:K02454
alc:OTEC02_05830	ko:K02483
alc:OTEC02_05835	ko:K02484
alc:OTEC02_05845	ko:K03574
alc:OTEC02_05855	ko:K05365
alc:OTEC02_05860	ko:K00858
alc:OTEC02_05865	ko:K09916
alc:OTEC02_05880	ko:K11103
alc:OTEC02_05885	ko:K00255
alc:OTEC02_05895	ko:K07017
alc:OTEC02_05900	ko:K14170
alc:OTEC02_05905	ko:K24018
alc:OTEC02_05915	ko:K01270
alc:OTEC02_05920	ko:K00784
alc:OTEC02_05925	ko:K07018
alc:OTEC02_05930	ko:K09861
alc:OTEC02_05935	ko:K03149
alc:OTEC02_05940	ko:K03154
alc:OTEC02_05950	ko:K03089
alc:OTEC02_05955	ko:K04085
alc:OTEC02_05960	ko:K03704
alc:OTEC02_05965	ko:K03732
alc:OTEC02_05980	ko:K00057
alc:OTEC02_05985	ko:K08296
alc:OTEC02_05990	ko:K02461
alc:OTEC02_06000	ko:K00254
alc:OTEC02_06005	ko:K03558
alc:OTEC02_06010	ko:K00764
alc:OTEC02_06025	ko:K00090
alc:OTEC02_06030	ko:K01423
alc:OTEC02_06035	ko:K09117
alc:OTEC02_06040	ko:K02970
alc:OTEC02_06045	ko:K25706
alc:OTEC02_06055	ko:K06923
alc:OTEC02_06070	ko:K14228
alc:OTEC02_06075	ko:K14235
alc:OTEC02_06080	ko:K14228
alc:OTEC02_06085	ko:K14235
alc:OTEC02_06090	ko:K03704
alc:OTEC02_06115	ko:K03821
alc:OTEC02_06130	ko:K03312
alc:OTEC02_06135	ko:K11747
alc:OTEC02_06155	ko:K09758
alc:OTEC02_06160	ko:K07085
alc:OTEC02_06165	ko:K03808
alc:OTEC02_06170	ko:K03808
alc:OTEC02_06175	ko:K06192
alc:OTEC02_06180	ko:K09857
alc:OTEC02_06185	ko:K07127
alc:OTEC02_06195	ko:K07665
alc:OTEC02_06200	ko:K07644
alc:OTEC02_06205	ko:K03098
alc:OTEC02_06210	ko:K00507
alc:OTEC02_06220	ko:K09701
alc:OTEC02_06225	ko:K00574
alc:OTEC02_06235	ko:K00574
alc:OTEC02_06265	ko:K25316
alc:OTEC02_06270	ko:K00344
alc:OTEC02_06295	ko:K05710
alc:OTEC02_06310	ko:K07002
alc:OTEC02_06330	ko:K00480
alc:OTEC02_06335	ko:K05548
alc:OTEC02_06360	ko:K11103
alc:OTEC02_06370	ko:K01069
alc:OTEC02_06375	ko:K02072
alc:OTEC02_06380	ko:K02071
alc:OTEC02_06385	ko:K02073
alc:OTEC02_06390	ko:K01945
alc:OTEC02_06395	ko:K00602
alc:OTEC02_06400	ko:K03557
alc:OTEC02_06410	ko:K02687
alc:OTEC02_06420	ko:K03495
alc:OTEC02_06425	ko:K19611
alc:OTEC02_06470	ko:K07395
alc:OTEC02_06475	ko:K01775
alc:OTEC02_06480	ko:K02314
alc:OTEC02_06485	ko:K02939
alc:OTEC02_06490	ko:K02963
alc:OTEC02_06495	ko:K02990
alc:OTEC02_06500	ko:K02257
alc:OTEC02_06505	ko:K02300
alc:OTEC02_06510	ko:K02299
alc:OTEC02_06515	ko:K02298
alc:OTEC02_06520	ko:K02297
alc:OTEC02_06530	ko:K01007
alc:OTEC02_06535	ko:K09773
alc:OTEC02_06540	ko:K11935
alc:OTEC02_06545	ko:K11931
alc:OTEC02_06550	ko:K11936
alc:OTEC02_06555	ko:K11937
alc:OTEC02_06590	ko:K02835
alc:OTEC02_06595	ko:K02493
alc:OTEC02_06600	ko:K15554
alc:OTEC02_06605	ko:K15553
alc:OTEC02_06630	ko:K21029
alc:OTEC02_06640	ko:K01633
alc:OTEC02_06645	ko:K00950
alc:OTEC02_06650	ko:K01546
alc:OTEC02_06655	ko:K01547
alc:OTEC02_06660	ko:K01548
alc:OTEC02_06665	ko:K07646
alc:OTEC02_06675	ko:K09470
alc:OTEC02_06685	ko:K06134
alc:OTEC02_06695	ko:K07278
alc:OTEC02_06700	ko:K09800
alc:OTEC02_06705	ko:K07404
alc:OTEC02_06745	ko:K10716
alc:OTEC02_06750	ko:K19577
alc:OTEC02_06760	ko:K03576
alc:OTEC02_06775	ko:K06183
alc:OTEC02_06795	ko:K06925
alc:OTEC02_06805	ko:K00791
alc:OTEC02_06810	ko:K03666
alc:OTEC02_06820	ko:K10679
alc:OTEC02_06825	ko:K03269
alc:OTEC02_06830	ko:K03768
alc:OTEC02_06835	ko:K01886
alc:OTEC02_06840	ko:K01951
alc:OTEC02_06845	ko:K03736
alc:OTEC02_06850	ko:K03735
alc:OTEC02_06855	ko:K16238
alc:OTEC02_06865	ko:K00138
alc:OTEC02_06880	ko:K13954
alc:OTEC02_06885	ko:K15255
alc:OTEC02_06890	ko:K01826
alc:OTEC02_06895	ko:K13652
alc:OTEC02_06900	ko:K00878
alc:OTEC02_06915	ko:K01256
alc:OTEC02_06920	ko:K27078
alc:OTEC02_06925	ko:K07346
alc:OTEC02_06930	ko:K07347
alc:OTEC02_06935	ko:K27078
alc:OTEC02_06940	ko:K00799
alc:OTEC02_06955	ko:K04093
alc:OTEC02_06980	ko:K16091
alc:OTEC02_06985	ko:K16090
alc:OTEC02_06990	ko:K07336
alc:OTEC02_06995	ko:K03711
alc:OTEC02_07030	ko:K01185
alc:OTEC02_07085	ko:K02014
alc:OTEC02_07095	ko:K03824
alc:OTEC02_07130	ko:K05782
alc:OTEC02_07135	ko:K03719
alc:OTEC02_07140	ko:K11250
alc:OTEC02_07145	ko:K00616
alc:OTEC02_07160	ko:K00626
alc:OTEC02_07165	ko:K00059
alc:OTEC02_07185	ko:K08167
alc:OTEC02_07200	ko:K02343
alc:OTEC02_07205	ko:K01114
alc:OTEC02_07210	ko:K07107
alc:OTEC02_07235	ko:K01821
alc:OTEC02_07240	ko:K25307
alc:OTEC02_07245	ko:K00075
alc:OTEC02_07275	ko:K27078
alc:OTEC02_07280	ko:K07346
alc:OTEC02_07285	ko:K07347
alc:OTEC02_07290	ko:K27078
alc:OTEC02_07295	ko:K05820
alc:OTEC02_07305	ko:K01961
alc:OTEC02_07310	ko:K02160
alc:OTEC02_07315	ko:K03786
alc:OTEC02_07320	ko:K03502
alc:OTEC02_07325	ko:K02014
alc:OTEC02_07335	ko:K27501
alc:OTEC02_07340	ko:K03446
alc:OTEC02_07345	ko:K23374
alc:OTEC02_07350	ko:K23375
alc:OTEC02_07370	ko:K02014
alc:OTEC02_07380	ko:K22067
alc:OTEC02_07385	ko:K07183
alc:OTEC02_07395	ko:K00362
alc:OTEC02_07400	ko:K26139
alc:OTEC02_07405	ko:K00372
alc:OTEC02_07410	ko:K03752
alc:OTEC02_07420	ko:K03639
alc:OTEC02_07430	ko:K03635
alc:OTEC02_07440	ko:K03750
alc:OTEC02_07460	ko:K11179
alc:OTEC02_07475	ko:K07235
alc:OTEC02_07480	ko:K01784
alc:OTEC02_07485	ko:K01679
alc:OTEC02_07515	ko:K00285
alc:OTEC02_07525	ko:K01770
alc:OTEC02_07535	ko:K00611
alc:OTEC02_07545	ko:K07712
alc:OTEC02_07550	ko:K07708
alc:OTEC02_07560	ko:K14441
alc:OTEC02_07565	ko:K09903
alc:OTEC02_07570	ko:K02838
alc:OTEC02_07575	ko:K00806
alc:OTEC02_07585	ko:K00099
alc:OTEC02_07590	ko:K11749
alc:OTEC02_07595	ko:K07277
alc:OTEC02_07600	ko:K06142
alc:OTEC02_07605	ko:K02536
alc:OTEC02_07610	ko:K02372
alc:OTEC02_07615	ko:K00677
alc:OTEC02_07625	ko:K01983
alc:OTEC02_07630	ko:K03565
alc:OTEC02_07635	ko:K03553
alc:OTEC02_07640	ko:K04762
alc:OTEC02_07645	ko:K20881
alc:OTEC02_07665	ko:K01556
alc:OTEC02_07670	ko:K03293
alc:OTEC02_07690	ko:K03321
alc:OTEC02_07700	ko:K00117
alc:OTEC02_07725	ko:K02770
alc:OTEC02_07730	ko:K00882
alc:OTEC02_07735	ko:K23993
alc:OTEC02_07755	ko:K11477
alc:OTEC02_07760	ko:K03311
alc:OTEC02_07765	ko:K01265
alc:OTEC02_07780	ko:K07390
alc:OTEC02_07785	ko:K00821
alc:OTEC02_07815	ko:K03110
alc:OTEC02_07820	ko:K07078
alc:OTEC02_07825	ko:K09909
alc:OTEC02_07840	ko:K00424
alc:OTEC02_07845	ko:K00426
alc:OTEC02_07850	ko:K00425
alc:OTEC02_07875	ko:K06972
alc:OTEC02_07880	ko:K01058
alc:OTEC02_07885	ko:K03498
alc:OTEC02_07890	ko:K03499
alc:OTEC02_07895	ko:K01754
alc:OTEC02_07900	ko:K01807
alc:OTEC02_07915	ko:K00145
alc:OTEC02_07925	ko:K06891
alc:OTEC02_07930	ko:K03694
alc:OTEC02_07935	ko:K09771
alc:OTEC02_07940	ko:K01626
alc:OTEC02_07955	ko:K00219
alc:OTEC02_07970	ko:K07019
alc:OTEC02_07975	ko:K07044
alc:OTEC02_07985	ko:K01937
alc:OTEC02_07990	ko:K01627
alc:OTEC02_07995	ko:K01689
alc:OTEC02_08010	ko:K16088
alc:OTEC02_08015	ko:K05589
alc:OTEC02_08020	ko:K00991
alc:OTEC02_08025	ko:K01031
alc:OTEC02_08030	ko:K01032
alc:OTEC02_08035	ko:K07823
alc:OTEC02_08040	ko:K01857
alc:OTEC02_08045	ko:K01055
alc:OTEC02_08050	ko:K08195
alc:OTEC02_08055	ko:K01607
alc:OTEC02_08060	ko:K00449
alc:OTEC02_08065	ko:K00448
alc:OTEC02_08070	ko:K03785
alc:OTEC02_08075	ko:K09483
alc:OTEC02_08080	ko:K07267
alc:OTEC02_08085	ko:K05358
alc:OTEC02_08095	ko:K07112
alc:OTEC02_08100	ko:K07112
alc:OTEC02_08110	ko:K02624
alc:OTEC02_08120	ko:K00249
alc:OTEC02_08140	ko:K21758
alc:OTEC02_08155	ko:K01426
alc:OTEC02_08160	ko:K22027
alc:OTEC02_08185	ko:K00059
alc:OTEC02_08195	ko:K23470
alc:OTEC02_08205	ko:K00276
alc:OTEC02_08220	ko:K00146
alc:OTEC02_08225	ko:K01434
alc:OTEC02_08230	ko:K01055
alc:OTEC02_08235	ko:K07823
alc:OTEC02_08240	ko:K01032
alc:OTEC02_08245	ko:K01031
alc:OTEC02_08250	ko:K03381
alc:OTEC02_08255	ko:K03464
alc:OTEC02_08260	ko:K01856
alc:OTEC02_08265	ko:K21756
alc:OTEC02_08280	ko:K13875
alc:OTEC02_08295	ko:K13877
alc:OTEC02_08305	ko:K09471
alc:OTEC02_08330	ko:K18147
alc:OTEC02_08335	ko:K18146
alc:OTEC02_08340	ko:K18145
alc:OTEC02_08345	ko:K18144
alc:OTEC02_08350	ko:K18143
alc:OTEC02_08375	ko:K06889
alc:OTEC02_08380	ko:K10215
alc:OTEC02_08405	ko:K00055
alc:OTEC02_08410	ko:K00128
alc:OTEC02_08420	ko:K10805
alc:OTEC02_08425	ko:K01897
alc:OTEC02_08435	ko:K00249
alc:OTEC02_08475	ko:K00632
alc:OTEC02_08520	ko:K00249
alc:OTEC02_08530	ko:K02688
alc:OTEC02_08535	ko:K20034
alc:OTEC02_08545	ko:K14393
alc:OTEC02_08555	ko:K02624
alc:OTEC02_08570	ko:K08195
alc:OTEC02_08575	ko:K07267
alc:OTEC02_08595	ko:K08195
alc:OTEC02_08630	ko:K01715
alc:OTEC02_08635	ko:K05548
alc:OTEC02_08640	ko:K03521
alc:OTEC02_08645	ko:K03522
alc:OTEC02_08655	ko:K00311
alc:OTEC02_08665	ko:K06446
alc:OTEC02_08670	ko:K00252
alc:OTEC02_08675	ko:K07535
alc:OTEC02_08680	ko:K07536
alc:OTEC02_08685	ko:K04117
alc:OTEC02_08690	ko:K04116
alc:OTEC02_08700	ko:K01130
alc:OTEC02_08705	ko:K13444
alc:OTEC02_08710	ko:K21758
alc:OTEC02_08735	ko:K00128
alc:OTEC02_08740	ko:K00217
alc:OTEC02_08745	ko:K04098
alc:OTEC02_08760	ko:K01031
alc:OTEC02_08765	ko:K01032
alc:OTEC02_08770	ko:K07823
alc:OTEC02_08785	ko:K00389
alc:OTEC02_08810	ko:K02554
alc:OTEC02_08815	ko:K18366
alc:OTEC02_08820	ko:K18365
alc:OTEC02_08830	ko:K10216
alc:OTEC02_08835	ko:K05817
alc:OTEC02_08840	ko:K05708
alc:OTEC02_08845	ko:K05709
alc:OTEC02_08850	ko:K05710
alc:OTEC02_08855	ko:K05711
alc:OTEC02_08860	ko:K05713
alc:OTEC02_08865	ko:K00529
alc:OTEC02_08870	ko:K05819
alc:OTEC02_08880	ko:K05817
alc:OTEC02_08885	ko:K05712
alc:OTEC02_08895	ko:K00433
alc:OTEC02_08925	ko:K03885
alc:OTEC02_08985	ko:K09936
alc:OTEC02_08990	ko:K09936
alc:OTEC02_09065	ko:K21699
alc:OTEC02_09070	ko:K00822
alc:OTEC02_09075	ko:K00140
alc:OTEC02_09080	ko:K11735
alc:OTEC02_09090	ko:K00450
alc:OTEC02_09095	ko:K22270
alc:OTEC02_09100	ko:K01801
alc:OTEC02_09105	ko:K16165
alc:OTEC02_09110	ko:K08195
alc:OTEC02_09115	ko:K03543
alc:OTEC02_09130	ko:K13877
alc:OTEC02_09155	ko:K22025
alc:OTEC02_09160	ko:K13021
alc:OTEC02_09165	ko:K00042
alc:OTEC02_09175	ko:K13979
alc:OTEC02_09195	ko:K02016
alc:OTEC02_09200	ko:K02015
alc:OTEC02_09205	ko:K02013
alc:OTEC02_09215	ko:K00948
alc:OTEC02_09220	ko:K03462
alc:OTEC02_09230	ko:K00297
alc:OTEC02_09245	ko:K21801
alc:OTEC02_09250	ko:K03543
alc:OTEC02_09255	ko:K03446
alc:OTEC02_09315	ko:K07559
alc:OTEC02_09330	ko:K06889
alc:OTEC02_09345	ko:K07345
alc:OTEC02_09350	ko:K15540
alc:OTEC02_09355	ko:K07347
alc:OTEC02_09360	ko:K07345
alc:OTEC02_09370	ko:K00121
alc:OTEC02_09400	ko:K06132
alc:OTEC02_09420	ko:K01273
alc:OTEC02_09425	ko:K06139
alc:OTEC02_09430	ko:K06138
alc:OTEC02_09435	ko:K06137
alc:OTEC02_09440	ko:K06136
alc:OTEC02_09445	ko:K06135
alc:OTEC02_09450	ko:K00937
alc:OTEC02_09455	ko:K01081
alc:OTEC02_09460	ko:K03711
alc:OTEC02_09465	ko:K01252
alc:OTEC02_09470	ko:K00216
alc:OTEC02_09490	ko:K02017
alc:OTEC02_09495	ko:K02018
alc:OTEC02_09500	ko:K02020
alc:OTEC02_09505	ko:K02019
alc:OTEC02_09510	ko:K05599
alc:OTEC02_09515	ko:K05600
alc:OTEC02_09520	ko:K11311
alc:OTEC02_09555	ko:K21758
alc:OTEC02_09560	ko:K08195
alc:OTEC02_09570	ko:K00019
alc:OTEC02_09595	ko:K17737
alc:OTEC02_09600	ko:K01028
alc:OTEC02_09605	ko:K01029
alc:OTEC02_09610	ko:K02106
alc:OTEC02_09615	ko:K00626
alc:OTEC02_09625	ko:K21645
alc:OTEC02_09640	ko:K01744
alc:OTEC02_09645	ko:K02014
alc:OTEC02_09650	ko:K02625
alc:OTEC02_09665	ko:K15555
alc:OTEC02_09670	ko:K15554
alc:OTEC02_09675	ko:K15553
alc:OTEC02_09690	ko:K03710
alc:OTEC02_09695	ko:K07240
alc:OTEC02_09700	ko:K01118
alc:OTEC02_09710	ko:K07506
alc:OTEC02_09720	ko:K00003
alc:OTEC02_09725	ko:K07090
alc:OTEC02_09730	ko:K17218
alc:OTEC02_09745	ko:K08994
alc:OTEC02_09750	ko:K00004
alc:OTEC02_09755	ko:K03366
alc:OTEC02_09760	ko:K00382
alc:OTEC02_09765	ko:K00627
alc:OTEC02_09770	ko:K21417
alc:OTEC02_09775	ko:K21416
alc:OTEC02_09780	ko:K03644
alc:OTEC02_09805	ko:K01736
alc:OTEC02_09810	ko:K07320
alc:OTEC02_09815	ko:K01696
alc:OTEC02_09820	ko:K09989
alc:OTEC02_09835	ko:K09902
alc:OTEC02_09855	ko:K03566
alc:OTEC02_09860	ko:K01118
alc:OTEC02_09865	ko:K03684
alc:OTEC02_09870	ko:K06187
alc:OTEC02_09875	ko:K09747
alc:OTEC02_09885	ko:K10764
alc:OTEC02_09900	ko:K02503
alc:OTEC02_09925	ko:K00748
alc:OTEC02_09930	ko:K16088
alc:OTEC02_09950	ko:K07090
alc:OTEC02_09955	ko:K01626
alc:OTEC02_09970	ko:K02226
alc:OTEC02_09975	ko:K00768
alc:OTEC02_09980	ko:K02231
alc:OTEC02_09995	ko:K03976
alc:OTEC02_10015	ko:K00249
alc:OTEC02_10020	ko:K00496
alc:OTEC02_10025	ko:K21747
alc:OTEC02_10030	ko:K03770
alc:OTEC02_10035	ko:K03530
alc:OTEC02_10050	ko:K13643
alc:OTEC02_10055	ko:K04487
alc:OTEC02_10060	ko:K04488
alc:OTEC02_10065	ko:K13628
alc:OTEC02_10070	ko:K04082
alc:OTEC02_10075	ko:K04044
alc:OTEC02_10080	ko:K04755
alc:OTEC02_10085	ko:K01768
alc:OTEC02_10095	ko:K03723
alc:OTEC02_10105	ko:K07223
alc:OTEC02_10115	ko:K02553
alc:OTEC02_10125	ko:K02968
alc:OTEC02_10135	ko:K01082
alc:OTEC02_10150	ko:K02031
alc:OTEC02_10150	ko:K02032
alc:OTEC02_10155	ko:K02034
alc:OTEC02_10160	ko:K02033
alc:OTEC02_10170	ko:K02035
alc:OTEC02_10180	ko:K02014
alc:OTEC02_10185	ko:K03832
alc:OTEC02_10190	ko:K03561
alc:OTEC02_10195	ko:K03559
alc:OTEC02_10200	ko:K03559
alc:OTEC02_10205	ko:K00657
alc:OTEC02_10210	ko:K01638
alc:OTEC02_10215	ko:K06916
alc:OTEC02_10230	ko:K28370
alc:OTEC02_10235	ko:K01591
alc:OTEC02_10240	ko:K08992
alc:OTEC02_10245	ko:K05788
alc:OTEC02_10250	ko:K02945
alc:OTEC02_10255	ko:K00945
alc:OTEC02_10265	ko:K11991
alc:OTEC02_10275	ko:K03648
alc:OTEC02_10280	ko:K01737
alc:OTEC02_10285	ko:K02460
alc:OTEC02_10290	ko:K02459
alc:OTEC02_10295	ko:K02458
alc:OTEC02_10300	ko:K02456
alc:OTEC02_10310	ko:K03424
alc:OTEC02_10315	ko:K02676
alc:OTEC02_10320	ko:K02341
alc:OTEC02_10325	ko:K00979
alc:OTEC02_10330	ko:K00912
alc:OTEC02_10335	ko:K11085
alc:OTEC02_10340	ko:K03559
alc:OTEC02_10345	ko:K03561
alc:OTEC02_10350	ko:K03497
alc:OTEC02_10355	ko:K03496
alc:OTEC02_10360	ko:K03501
alc:OTEC02_10365	ko:K00992
alc:OTEC02_10370	ko:K07102
alc:OTEC02_10375	ko:K04744
alc:OTEC02_10380	ko:K03771
alc:OTEC02_10385	ko:K01624
alc:OTEC02_10395	ko:K00927
alc:OTEC02_10400	ko:K09966
alc:OTEC02_10405	ko:K25422
alc:OTEC02_10410	ko:K18850
alc:OTEC02_10420	ko:K22042
alc:OTEC02_10425	ko:K07862
alc:OTEC02_10435	ko:K09912
alc:OTEC02_10440	ko:K18893
alc:OTEC02_10455	ko:K02437
alc:OTEC02_10460	ko:K12410
alc:OTEC02_10465	ko:K11928
alc:OTEC02_10470	ko:K03719
alc:OTEC02_10475	ko:K13821
alc:OTEC02_10485	ko:K00557
alc:OTEC02_10515	ko:K00615
alc:OTEC02_10520	ko:K00789
alc:OTEC02_10535	ko:K07113
alc:OTEC02_10540	ko:K19318
alc:OTEC02_10545	ko:K24217
alc:OTEC02_10555	ko:K01159
alc:OTEC02_10560	ko:K23997
alc:OTEC02_10565	ko:K18979
alc:OTEC02_10570	ko:K01012
alc:OTEC02_10585	ko:K07345
alc:OTEC02_10590	ko:K15540
alc:OTEC02_10595	ko:K07347
alc:OTEC02_10600	ko:K07345
alc:OTEC02_10625	ko:K03457
alc:OTEC02_10640	ko:K14230
alc:OTEC02_10665	ko:K03719
alc:OTEC02_10675	ko:K10004
alc:OTEC02_10680	ko:K10002
alc:OTEC02_10685	ko:K10003
alc:OTEC02_10690	ko:K10001
alc:OTEC02_10695	ko:K00799
alc:OTEC02_10710	ko:K20938
alc:OTEC02_10715	ko:K02073
alc:OTEC02_10720	ko:K02073
alc:OTEC02_10725	ko:K02071
alc:OTEC02_10730	ko:K02072
alc:OTEC02_10735	ko:K06942
alc:OTEC02_10745	ko:K10914
alc:OTEC02_10755	ko:K26605
alc:OTEC02_10760	ko:K26606
alc:OTEC02_10770	ko:K08289
alc:OTEC02_10775	ko:K00990
alc:OTEC02_10780	ko:K14267
alc:OTEC02_10795	ko:K00432
alc:OTEC02_10800	ko:K07305
alc:OTEC02_10805	ko:K14260
alc:OTEC02_10815	ko:K05597
alc:OTEC02_10820	ko:K02337
alc:OTEC02_10825	ko:K15396
alc:OTEC02_10830	ko:K00640
alc:OTEC02_10845	ko:K03387
alc:OTEC02_10850	ko:K07240
alc:OTEC02_10855	ko:K07240
alc:OTEC02_10865	ko:K11811
alc:OTEC02_10870	ko:K03325
alc:OTEC02_10875	ko:K03741
alc:OTEC02_10880	ko:K03892
alc:OTEC02_10885	ko:K00537
alc:OTEC02_10915	ko:K03457
alc:OTEC02_10920	ko:K16841
alc:OTEC02_10925	ko:K03119
alc:OTEC02_10930	ko:K15552
alc:OTEC02_10935	ko:K10831
alc:OTEC02_10940	ko:K15551
alc:OTEC02_10955	ko:K20938
alc:OTEC02_10975	ko:K00425
alc:OTEC02_10980	ko:K00426
alc:OTEC02_10995	ko:K13928
alc:OTEC02_11010	ko:K13935
alc:OTEC02_11015	ko:K13934
alc:OTEC02_11020	ko:K13933
alc:OTEC02_11025	ko:K13932
alc:OTEC02_11030	ko:K13931
alc:OTEC02_11035	ko:K13930
alc:OTEC02_11040	ko:K13929
alc:OTEC02_11045	ko:K03566
alc:OTEC02_11065	ko:K22479
alc:OTEC02_11070	ko:K07734
alc:OTEC02_11075	ko:K00375
alc:OTEC02_11085	ko:K06518
alc:OTEC02_11095	ko:K00799
alc:OTEC02_11100	ko:K11209
alc:OTEC02_11105	ko:K18900
alc:OTEC02_11110	ko:K00059
alc:OTEC02_11120	ko:K00640
alc:OTEC02_11130	ko:K11717
alc:OTEC02_11140	ko:K05835
alc:OTEC02_11155	ko:K02030
alc:OTEC02_11160	ko:K02030
alc:OTEC02_11165	ko:K02028
alc:OTEC02_11170	ko:K02029
alc:OTEC02_11175	ko:K02029
alc:OTEC02_11185	ko:K06975
alc:OTEC02_11215	ko:K03503
alc:OTEC02_11240	ko:K03781
alc:OTEC02_11250	ko:K03743
alc:OTEC02_11295	ko:K05548
alc:OTEC02_11305	ko:K15256
alc:OTEC02_11310	ko:K00666
alc:OTEC02_11320	ko:K00253
alc:OTEC02_11325	ko:K01969
alc:OTEC02_11330	ko:K13766
alc:OTEC02_11335	ko:K01968
alc:OTEC02_11340	ko:K01640
alc:OTEC02_11350	ko:K04090
alc:OTEC02_11380	ko:K01032
alc:OTEC02_11385	ko:K01031
alc:OTEC02_11390	ko:K08196
alc:OTEC02_11395	ko:K06446
alc:OTEC02_11400	ko:K01692
alc:OTEC02_11430	ko:K23948
alc:OTEC02_11445	ko:K01041
alc:OTEC02_11450	ko:K06446
alc:OTEC02_11455	ko:K08196
alc:OTEC02_11460	ko:K05306
alc:OTEC02_11465	ko:K03430
alc:OTEC02_11470	ko:K27877
alc:OTEC02_11475	ko:K02011
alc:OTEC02_11480	ko:K02010
alc:OTEC02_11485	ko:K02012
alc:OTEC02_11495	ko:K25317
alc:OTEC02_11500	ko:K00481
alc:OTEC02_11505	ko:K02624
alc:OTEC02_11510	ko:K01607
alc:OTEC02_11515	ko:K00135
alc:OTEC02_11525	ko:K23467
alc:OTEC02_11535	ko:K23463
alc:OTEC02_11540	ko:K23464
alc:OTEC02_11555	ko:K23466
alc:OTEC02_11565	ko:K00799
alc:OTEC02_11595	ko:K19267
alc:OTEC02_11630	ko:K07124
alc:OTEC02_11635	ko:K06076
alc:OTEC02_11640	ko:K26937
alc:OTEC02_11680	ko:K02614
alc:OTEC02_11685	ko:K02617
alc:OTEC02_11690	ko:K02616
alc:OTEC02_11695	ko:K01912
alc:OTEC02_11700	ko:K07823
alc:OTEC02_11705	ko:K00074
alc:OTEC02_11710	ko:K15866
alc:OTEC02_11715	ko:K01692
alc:OTEC02_11720	ko:K02613
alc:OTEC02_11725	ko:K02612
alc:OTEC02_11730	ko:K02611
alc:OTEC02_11735	ko:K02610
alc:OTEC02_11740	ko:K02609
alc:OTEC02_11745	ko:K02618
alc:OTEC02_11750	ko:K01752
alc:OTEC02_11755	ko:K03298
alc:OTEC02_11760	ko:K09712
alc:OTEC02_11765	ko:K13639
alc:OTEC02_11775	ko:K09765
alc:OTEC02_11780	ko:K00375
alc:OTEC02_11790	ko:K09927
alc:OTEC02_11795	ko:K03449
alc:OTEC02_11800	ko:K01487
alc:OTEC02_11805	ko:K06867
alc:OTEC02_11815	ko:K17733
alc:OTEC02_11825	ko:K11892
alc:OTEC02_11830	ko:K11893
alc:OTEC02_11835	ko:K11902
alc:OTEC02_11840	ko:K11907
alc:OTEC02_11850	ko:K03286
alc:OTEC02_11855	ko:K11890
alc:OTEC02_11860	ko:K11891
alc:OTEC02_11870	ko:K11895
alc:OTEC02_11875	ko:K11896
alc:OTEC02_11880	ko:K11897
alc:OTEC02_11885	ko:K11903
alc:OTEC02_11890	ko:K11900
alc:OTEC02_11895	ko:K11901
alc:OTEC02_11940	ko:K11904
alc:OTEC02_11950	ko:K02050
alc:OTEC02_11955	ko:K02049
alc:OTEC02_11960	ko:K02051
alc:OTEC02_11965	ko:K01457
alc:OTEC02_11970	ko:K07722
alc:OTEC02_11990	ko:K01941
alc:OTEC02_11995	ko:K28693
alc:OTEC02_12000	ko:K28692
alc:OTEC02_12010	ko:K17735
alc:OTEC02_12080	ko:K03281
alc:OTEC02_12085	ko:K11263
alc:OTEC02_12100	ko:K07160
alc:OTEC02_12120	ko:K03088
alc:OTEC02_12125	ko:K09929
alc:OTEC02_12130	ko:K09930
alc:OTEC02_12165	ko:K03284
alc:OTEC02_12240	ko:K07165
alc:OTEC02_12245	ko:K16088
alc:OTEC02_12255	ko:K09936
alc:OTEC02_12265	ko:K18900
alc:OTEC02_12275	ko:K27078
alc:OTEC02_12285	ko:K08195
alc:OTEC02_12295	ko:K03781
alc:OTEC02_12325	ko:K03555
alc:OTEC02_12335	ko:K05524
alc:OTEC02_12365	ko:K12542
alc:OTEC02_12375	ko:K12543
alc:OTEC02_12380	ko:K06861
alc:OTEC02_12385	ko:K09774
alc:OTEC02_12395	ko:K03270
alc:OTEC02_12400	ko:K06041
alc:OTEC02_12405	ko:K01883
alc:OTEC02_12410	ko:K14225
alc:OTEC02_12420	ko:K07729
alc:OTEC02_12435	ko:K03503
alc:OTEC02_12440	ko:K03502
alc:OTEC02_12455	ko:K03791
alc:OTEC02_12555	ko:K09960
alc:OTEC02_12570	ko:K09961
alc:OTEC02_12645	ko:K22302
alc:OTEC02_12660	ko:K00558
alc:OTEC02_12735	ko:K16053
alc:OTEC02_12770	ko:K07044
alc:OTEC02_12815	ko:K03719
alc:OTEC02_12825	ko:K00286
alc:OTEC02_12835	ko:K03704
alc:OTEC02_12840	ko:K02517
alc:OTEC02_12845	ko:K05834
alc:OTEC02_12880	ko:K14230
alc:OTEC02_12885	ko:K03601
alc:OTEC02_12890	ko:K03602
alc:OTEC02_12920	ko:K19591
alc:OTEC02_12925	ko:K17686
alc:OTEC02_12930	ko:K07213
alc:OTEC02_12940	ko:K16249
alc:OTEC02_12945	ko:K16243
alc:OTEC02_12950	ko:K16244
alc:OTEC02_12955	ko:K16242
alc:OTEC02_12960	ko:K16245
alc:OTEC02_12965	ko:K16246
alc:OTEC02_12975	ko:K21757
alc:OTEC02_12985	ko:K05549
alc:OTEC02_12995	ko:K05784
alc:OTEC02_13000	ko:K05783
alc:OTEC02_13005	ko:K05782
alc:OTEC02_13010	ko:K05548
alc:OTEC02_13015	ko:K21758
alc:OTEC02_13020	ko:K16872
alc:OTEC02_13025	ko:K03578
alc:OTEC02_13030	ko:K24119
alc:OTEC02_13050	ko:K03387
alc:OTEC02_13060	ko:K00799
alc:OTEC02_13065	ko:K07004
alc:OTEC02_13070	ko:K03439
alc:OTEC02_13090	ko:K00799
alc:OTEC02_13105	ko:K01465
alc:OTEC02_13110	ko:K00609
alc:OTEC02_13120	ko:K12297
alc:OTEC02_13130	ko:K03743
alc:OTEC02_13135	ko:K03695
alc:OTEC02_13150	ko:K07397
alc:OTEC02_13160	ko:K10914
alc:OTEC02_13180	ko:K01939
alc:OTEC02_13185	ko:K02502
alc:OTEC02_13195	ko:K00134
alc:OTEC02_13200	ko:K01872
alc:OTEC02_13205	ko:K00928
alc:OTEC02_13210	ko:K03563
alc:OTEC02_13215	ko:K03470
alc:OTEC02_13230	ko:K21053
alc:OTEC02_13235	ko:K06901
alc:OTEC02_13245	ko:K06911
alc:OTEC02_13275	ko:K16135
alc:OTEC02_13280	ko:K13021
alc:OTEC02_13285	ko:K03779
alc:OTEC02_13290	ko:K03780
alc:OTEC02_13315	ko:K03333
alc:OTEC02_13320	ko:K09136
alc:OTEC02_13330	ko:K26744
alc:OTEC02_13335	ko:K03862
alc:OTEC02_13340	ko:K03863
alc:OTEC02_13345	ko:K11475
alc:OTEC02_13355	ko:K05819
alc:OTEC02_13360	ko:K18383
alc:OTEC02_13365	ko:K21802
alc:OTEC02_13370	ko:K12508
alc:OTEC02_13375	ko:K00249
alc:OTEC02_13405	ko:K13877
alc:OTEC02_13410	ko:K01707
alc:OTEC02_13415	ko:K01706
alc:OTEC02_13420	ko:K03535
alc:OTEC02_13425	ko:K01708
alc:OTEC02_13440	ko:K00154
alc:OTEC02_13460	ko:K11737
alc:OTEC02_13465	ko:K00673
alc:OTEC02_13470	ko:K00840
alc:OTEC02_13480	ko:K00130
alc:OTEC02_13500	ko:K14052
alc:OTEC02_13505	ko:K09471
alc:OTEC02_13510	ko:K11734
alc:OTEC02_13535	ko:K02073
alc:OTEC02_13540	ko:K14233
alc:OTEC02_13545	ko:K00219
alc:OTEC02_13550	ko:K01940
alc:OTEC02_13560	ko:K01465
alc:OTEC02_13565	ko:K03683
alc:OTEC02_13570	ko:K14224
alc:OTEC02_13575	ko:K02014
alc:OTEC02_13585	ko:K13896
alc:OTEC02_13590	ko:K13895
alc:OTEC02_13595	ko:K13894
alc:OTEC02_13600	ko:K13893
alc:OTEC02_13610	ko:K14159
alc:OTEC02_13620	ko:K03426
alc:OTEC02_13635	ko:K07460
alc:OTEC02_13640	ko:K07056
alc:OTEC02_13645	ko:K05596
alc:OTEC02_13650	ko:K06895
alc:OTEC02_13670	ko:K18800
alc:OTEC02_13675	ko:K03185
alc:OTEC02_13680	ko:K01262
alc:OTEC02_13685	ko:K09895
alc:OTEC02_13700	ko:K28358
alc:OTEC02_13720	ko:K01934
alc:OTEC02_13725	ko:K01338
alc:OTEC02_13730	ko:K00783
alc:OTEC02_13735	ko:K15777
alc:OTEC02_13745	ko:K00262
alc:OTEC02_13750	ko:K03616
alc:OTEC02_13755	ko:K10773
alc:OTEC02_13765	ko:K00939
alc:OTEC02_13780	ko:K05515
alc:OTEC02_13785	ko:K08316
alc:OTEC02_13790	ko:K03192
alc:OTEC02_13795	ko:K03189
alc:OTEC02_13800	ko:K03188
alc:OTEC02_13805	ko:K03187
alc:OTEC02_13810	ko:K01428
alc:OTEC02_13815	ko:K01429
alc:OTEC02_13820	ko:K01430
alc:OTEC02_13825	ko:K03190
alc:OTEC02_13840	ko:K01637
alc:OTEC02_13850	ko:K03699
alc:OTEC02_13855	ko:K03300
alc:OTEC02_13865	ko:K00956
alc:OTEC02_13870	ko:K00957
alc:OTEC02_13880	ko:K04567
alc:OTEC02_13900	ko:K05297
alc:OTEC02_13910	ko:K04761
alc:OTEC02_13925	ko:K00937
alc:OTEC02_13930	ko:K03814
alc:OTEC02_13940	ko:K02004
alc:OTEC02_13945	ko:K02003
alc:OTEC02_13950	ko:K10804
alc:OTEC02_13955	ko:K01673
alc:OTEC02_13970	ko:K16089
alc:OTEC02_13975	ko:K07400
alc:OTEC02_13985	ko:K01130
alc:OTEC02_13990	ko:K13444
alc:OTEC02_14005	ko:K01753
alc:OTEC02_14010	ko:K03306
alc:OTEC02_14015	ko:K00548
alc:OTEC02_14020	ko:K00615
alc:OTEC02_14025	ko:K00615
alc:OTEC02_14050	ko:K01785
alc:OTEC02_14060	ko:K08223
alc:OTEC02_14070	ko:K01425
alc:OTEC02_14075	ko:K01462
alc:OTEC02_14080	ko:K03762
alc:OTEC02_14095	ko:K01652
alc:OTEC02_14105	ko:K06989
alc:OTEC02_14130	ko:K00529
alc:OTEC02_14170	ko:K03811
alc:OTEC02_14185	ko:K11936
alc:OTEC02_14190	ko:K11931
alc:OTEC02_14195	ko:K01802
alc:OTEC02_14205	ko:K11103
alc:OTEC02_14230	ko:K02168
alc:OTEC02_14235	ko:K02168
alc:OTEC02_14240	ko:K02167
alc:OTEC02_14245	ko:K00130
alc:OTEC02_14250	ko:K00108
alc:OTEC02_14255	ko:K00116
alc:OTEC02_14270	ko:K03758
alc:OTEC02_14290	ko:K09790
alc:OTEC02_14295	ko:K07215
alc:OTEC02_14315	ko:K16087
alc:OTEC02_14320	ko:K07165
alc:OTEC02_14335	ko:K01714
alc:OTEC02_14340	ko:K28762
alc:OTEC02_14380	ko:K01156
alc:OTEC02_14385	ko:K07316
alc:OTEC02_14390	ko:K15035
alc:OTEC02_14395	ko:K00681
alc:OTEC02_14400	ko:K03446
alc:OTEC02_14405	ko:K03543
alc:OTEC02_14415	ko:K01698
alc:OTEC02_14420	ko:K03153
alc:OTEC02_14425	ko:K07071
alc:OTEC02_14435	ko:K06996
alc:OTEC02_14445	ko:K03547
alc:OTEC02_14450	ko:K03546
alc:OTEC02_14455	ko:K06997
alc:OTEC02_14460	ko:K02669
alc:OTEC02_14465	ko:K02670
alc:OTEC02_14470	ko:K03711
alc:OTEC02_14475	ko:K06186
alc:OTEC02_14480	ko:K09801
alc:OTEC02_14495	ko:K07216
alc:OTEC02_14510	ko:K00930
alc:OTEC02_14515	ko:K15778
alc:OTEC02_14520	ko:K01520
alc:OTEC02_14525	ko:K03656
alc:OTEC02_14545	ko:K03610
alc:OTEC02_14550	ko:K03609
alc:OTEC02_14555	ko:K03608
alc:OTEC02_14565	ko:K05835
alc:OTEC02_14570	ko:K03466
alc:OTEC02_14575	ko:K00384
alc:OTEC02_14580	ko:K00684
alc:OTEC02_14585	ko:K21420
alc:OTEC02_14590	ko:K03789
alc:OTEC02_14595	ko:K07044
alc:OTEC02_14600	ko:K07044
alc:OTEC02_14605	ko:K02358
alc:OTEC02_14610	ko:K02355
alc:OTEC02_14615	ko:K02992
alc:OTEC02_14620	ko:K02950
alc:OTEC02_14630	ko:K00647
alc:OTEC02_14635	ko:K08973
alc:OTEC02_14645	ko:K01950
alc:OTEC02_14655	ko:K14230
alc:OTEC02_14660	ko:K22444
alc:OTEC02_14665	ko:K00135
alc:OTEC02_14670	ko:K22443
alc:OTEC02_14680	ko:K03451
alc:OTEC02_14685	ko:K07246
alc:OTEC02_14690	ko:K16135
alc:OTEC02_14700	ko:K14230
alc:OTEC02_14705	ko:K01978
alc:OTEC02_14715	ko:K00954
alc:OTEC02_14720	ko:K03664
alc:OTEC02_14725	ko:K03809
alc:OTEC02_14730	ko:K05810
alc:OTEC02_14735	ko:K06180
alc:OTEC02_14740	ko:K05807
alc:OTEC02_14745	ko:K02316
alc:OTEC02_14750	ko:K02492
alc:OTEC02_14760	ko:K02494
alc:OTEC02_14765	ko:K00919
alc:OTEC02_14770	ko:K14223
alc:OTEC02_14775	ko:K14223
alc:OTEC02_14780	ko:K14223
alc:OTEC02_14785	ko:K14223
alc:OTEC02_14790	ko:K00948
alc:OTEC02_14795	ko:K02897
alc:OTEC02_14800	ko:K01056
alc:OTEC02_14805	ko:K01579
alc:OTEC02_14820	ko:K02858
alc:OTEC02_14825	ko:K01091
alc:OTEC02_14830	ko:K00941
alc:OTEC02_14840	ko:K02078
alc:OTEC02_14845	ko:K00059
alc:OTEC02_14850	ko:K00645
alc:OTEC02_14855	ko:K02911
alc:OTEC02_14860	ko:K07040
alc:OTEC02_14865	ko:K09906
alc:OTEC02_14875	ko:K05896
alc:OTEC02_14880	ko:K06024
alc:OTEC02_14885	ko:K06178
alc:OTEC02_14890	ko:K01935
alc:OTEC02_14895	ko:K02169
alc:OTEC02_14900	ko:K00652
alc:OTEC02_14905	ko:K00833
alc:OTEC02_14910	ko:K02170
alc:OTEC02_14915	ko:K01087
alc:OTEC02_14920	ko:K00697
alc:OTEC02_14930	ko:K03594
alc:OTEC02_14935	ko:K01972
alc:OTEC02_14940	ko:K03528
alc:OTEC02_14945	ko:K03529
alc:OTEC02_14955	ko:K07090
alc:OTEC02_14960	ko:K03524
alc:OTEC02_14965	ko:K03525
alc:OTEC02_14970	ko:K03106
alc:OTEC02_14980	ko:K05541
alc:OTEC02_15015	ko:K01494
alc:OTEC02_15025	ko:K09928
alc:OTEC02_15030	ko:K01243
alc:OTEC02_15035	ko:K03593
alc:OTEC02_15045	ko:K01874
alc:OTEC02_15060	ko:K05835
alc:OTEC02_15110	ko:K00528
alc:OTEC02_15125	ko:K00761
alc:OTEC02_15130	ko:K00343
alc:OTEC02_15135	ko:K00342
alc:OTEC02_15140	ko:K00341
alc:OTEC02_15145	ko:K00340
alc:OTEC02_15150	ko:K00339
alc:OTEC02_15155	ko:K00338
alc:OTEC02_15160	ko:K00337
alc:OTEC02_15165	ko:K00336
alc:OTEC02_15170	ko:K00335
alc:OTEC02_15175	ko:K00334
alc:OTEC02_15180	ko:K13378
alc:OTEC02_15185	ko:K00331
alc:OTEC02_15205	ko:K07639
alc:OTEC02_15210	ko:K07661
alc:OTEC02_15215	ko:K00525
alc:OTEC02_15225	ko:K00526
alc:OTEC02_15235	ko:K14060
alc:OTEC02_15240	ko:K14060
alc:OTEC02_15270	ko:K00712
alc:OTEC02_15295	ko:K12542
alc:OTEC02_15300	ko:K12541
alc:OTEC02_15305	ko:K12543
alc:OTEC02_15325	ko:K09024
alc:OTEC02_15330	ko:K00549
alc:OTEC02_15345	ko:K05835
alc:OTEC02_15355	ko:K07120
alc:OTEC02_15360	ko:K07793
alc:OTEC02_15365	ko:K07794
alc:OTEC02_15370	ko:K07795
alc:OTEC02_15375	ko:K13794
alc:OTEC02_15385	ko:K03288
alc:OTEC02_15390	ko:K02020
alc:OTEC02_15395	ko:K13794
alc:OTEC02_15400	ko:K13796
alc:OTEC02_15405	ko:K13795
alc:OTEC02_15425	ko:K01041
alc:OTEC02_15430	ko:K08196
alc:OTEC02_15435	ko:K00252
alc:OTEC02_15450	ko:K01488
alc:OTEC02_15455	ko:K14232
alc:OTEC02_15460	ko:K14226
alc:OTEC02_15465	ko:K14219
alc:OTEC02_15470	ko:K14232
alc:OTEC02_15475	ko:K03517
alc:OTEC02_15480	ko:K00620
alc:OTEC02_15485	ko:K00567
alc:OTEC02_15490	ko:K11741
alc:OTEC02_15500	ko:K07233
alc:OTEC02_15520	ko:K01783
alc:OTEC02_15525	ko:K09956
alc:OTEC02_15530	ko:K01070
alc:OTEC02_15540	ko:K15984
alc:OTEC02_15545	ko:K14742
alc:OTEC02_15585	ko:K06992
alc:OTEC02_15595	ko:K01665
alc:OTEC02_15600	ko:K00817
alc:OTEC02_15605	ko:K00013
alc:OTEC02_15610	ko:K00765
alc:OTEC02_15615	ko:K00790
alc:OTEC02_15625	ko:K05808
alc:OTEC02_15630	ko:K03092
alc:OTEC02_15635	ko:K01985
alc:OTEC02_15640	ko:K01980
alc:OTEC02_15645	ko:K14218
alc:OTEC02_15650	ko:K14227
alc:OTEC02_15655	ko:K01977
alc:OTEC02_15660	ko:K04754
alc:OTEC02_15675	ko:K11206
alc:OTEC02_15685	ko:K23775
alc:OTEC02_15690	ko:K04063
alc:OTEC02_15695	ko:K02454
alc:OTEC02_15715	ko:K02335
alc:OTEC02_15720	ko:K02221
alc:OTEC02_15725	ko:K00286
alc:OTEC02_15730	ko:K04075
alc:OTEC02_15735	ko:K01962
alc:OTEC02_15740	ko:K01524
alc:OTEC02_15745	ko:K03671
alc:OTEC02_15750	ko:K03628
alc:OTEC02_15765	ko:K04764
alc:OTEC02_15770	ko:K01890
alc:OTEC02_15775	ko:K01889
alc:OTEC02_15795	ko:K02887
alc:OTEC02_15800	ko:K02916
alc:OTEC02_15820	ko:K11209
alc:OTEC02_15830	ko:K02520
alc:OTEC02_15835	ko:K01868
alc:OTEC02_15840	ko:K20034
alc:OTEC02_15845	ko:K09889
alc:OTEC02_15850	ko:K08485
alc:OTEC02_15855	ko:K06958
alc:OTEC02_15860	ko:K01918
alc:OTEC02_15865	ko:K00606
alc:OTEC02_15870	ko:K00950
alc:OTEC02_15875	ko:K00970
alc:OTEC02_15880	ko:K02237
alc:OTEC02_15885	ko:K04765
alc:OTEC02_15895	ko:K00951
alc:OTEC02_15900	ko:K03215
alc:OTEC02_15905	ko:K07501
alc:OTEC02_15910	ko:K12339
alc:OTEC02_15915	ko:K07678
alc:OTEC02_15930	ko:K01816
alc:OTEC02_15935	ko:K09710
alc:OTEC02_15945	ko:K00325
alc:OTEC02_15950	ko:K00324
alc:OTEC02_15955	ko:K00324
alc:OTEC02_15975	ko:K05539
alc:OTEC02_15995	ko:K22132
alc:OTEC02_16000	ko:K27802
alc:OTEC02_16005	ko:K03424
alc:OTEC02_16020	ko:K02837
alc:OTEC02_16035	ko:K21023
alc:OTEC02_16040	ko:K00053
alc:OTEC02_16045	ko:K01653
alc:OTEC02_16050	ko:K01652
alc:OTEC02_16055	ko:K01869
alc:OTEC02_16060	ko:K03643
alc:OTEC02_16065	ko:K02340
alc:OTEC02_16070	ko:K13888
alc:OTEC02_16075	ko:K05685
alc:OTEC02_16080	ko:K18139
alc:OTEC02_16085	ko:K00208
alc:OTEC02_16095	ko:K13288
alc:OTEC02_16100	ko:K06949
alc:OTEC02_16110	ko:K03676
alc:OTEC02_16115	ko:K03071
alc:OTEC02_16120	ko:K06133
alc:OTEC02_16130	ko:K09458
alc:OTEC02_16135	ko:K00059
alc:OTEC02_16145	ko:K00647
alc:OTEC02_16170	ko:K07107
alc:OTEC02_16175	ko:K01745
alc:OTEC02_16200	ko:K02078
alc:OTEC02_16205	ko:K02078
alc:OTEC02_16220	ko:K03977
alc:OTEC02_16225	ko:K17713
alc:OTEC02_16235	ko:K01892
alc:OTEC02_16240	ko:K03526
alc:OTEC02_16250	ko:K02656
alc:OTEC02_16255	ko:K06941
alc:OTEC02_16260	ko:K00940
alc:OTEC02_16270	ko:K19302
alc:OTEC02_16280	ko:K03797
alc:OTEC02_16285	ko:K01207
alc:OTEC02_16300	ko:K00147
alc:OTEC02_16305	ko:K00131
alc:OTEC02_16310	ko:K00851
alc:OTEC02_16315	ko:K03299
alc:OTEC02_16320	ko:K01625
alc:OTEC02_16325	ko:K01690
alc:OTEC02_16340	ko:K13788
alc:OTEC02_16345	ko:K01676
alc:OTEC02_16360	ko:K03544
alc:OTEC02_16365	ko:K01358
alc:OTEC02_16370	ko:K03545
alc:OTEC02_16375	ko:K16090
alc:OTEC02_16380	ko:K07336
alc:OTEC02_16385	ko:K01649
alc:OTEC02_16390	ko:K00641
alc:OTEC02_16405	ko:K01519
alc:OTEC02_16410	ko:K24180
alc:OTEC02_16415	ko:K03116
alc:OTEC02_16420	ko:K03117
alc:OTEC02_16425	ko:K03118
alc:OTEC02_16430	ko:K07093
alc:OTEC02_16435	ko:K07093
alc:OTEC02_16445	ko:K13292
alc:OTEC02_16460	ko:K00560
alc:OTEC02_16465	ko:K00287
alc:OTEC02_16475	ko:K07304
alc:OTEC02_16480	ko:K03559
alc:OTEC02_16485	ko:K03561
alc:OTEC02_16490	ko:K03832
alc:OTEC02_16495	ko:K01433
alc:OTEC02_16505	ko:K00154
alc:OTEC02_16510	ko:K02902
alc:OTEC02_16515	ko:K02913
alc:OTEC02_16520	ko:K26735
alc:OTEC02_16545	ko:K03657
alc:OTEC02_16560	ko:K03168
alc:OTEC02_16580	ko:K03745
alc:OTEC02_16585	ko:K15738
alc:OTEC02_16595	ko:K02517
alc:OTEC02_16605	ko:K11102
alc:OTEC02_16615	ko:K00133
alc:OTEC02_16630	ko:K01424
alc:OTEC02_16635	ko:K06173
alc:OTEC02_16645	ko:K02518
alc:OTEC02_16660	ko:K00052
alc:OTEC02_16670	ko:K01704
alc:OTEC02_16675	ko:K01703
alc:OTEC02_16690	ko:K06377
alc:OTEC02_16700	ko:K28842
alc:OTEC02_16705	ko:K08311
alc:OTEC02_16710	ko:K08484
alc:OTEC02_16715	ko:K03782
alc:OTEC02_16725	ko:K05817
alc:OTEC02_16735	ko:K00799
alc:OTEC02_16745	ko:K01091
alc:OTEC02_16750	ko:K06179
alc:OTEC02_16760	ko:K08300
alc:OTEC02_16765	ko:K13776
alc:OTEC02_16770	ko:K14229
alc:OTEC02_16775	ko:K14229
alc:OTEC02_16795	ko:K09936
alc:OTEC02_16800	ko:K26939
alc:OTEC02_16820	ko:K02909
alc:OTEC02_16830	ko:K06199
alc:OTEC02_16850	ko:K09862
alc:OTEC02_16855	ko:K01069
alc:OTEC02_16860	ko:K01772
alc:OTEC02_16870	ko:K01776
alc:OTEC02_16875	ko:K09986
alc:OTEC02_16880	ko:K00311
alc:OTEC02_16890	ko:K04085
alc:OTEC02_16895	ko:K06189
alc:OTEC02_16900	ko:K03820
alc:OTEC02_16905	ko:K06878
alc:OTEC02_16915	ko:K02456
alc:OTEC02_16920	ko:K02455
alc:OTEC02_16925	ko:K04066
alc:OTEC02_16930	ko:K11747
alc:OTEC02_16935	ko:K04083
alc:OTEC02_16945	ko:K05516
alc:OTEC02_16950	ko:K18997
alc:OTEC02_16960	ko:K00962
alc:OTEC02_16965	ko:K02956
alc:OTEC02_16975	ko:K03581
alc:OTEC02_16980	ko:K03582
alc:OTEC02_16985	ko:K03583
alc:OTEC02_16995	ko:K23753
alc:OTEC02_17005	ko:K03183
alc:OTEC02_17015	ko:K03688
alc:OTEC02_17025	ko:K11755
alc:OTEC02_17040	ko:K05559
alc:OTEC02_17045	ko:K05560
alc:OTEC02_17050	ko:K05561
alc:OTEC02_17055	ko:K05562
alc:OTEC02_17060	ko:K05563
alc:OTEC02_17065	ko:K05564
alc:OTEC02_17070	ko:K02834
alc:OTEC02_17075	ko:K02519
alc:OTEC02_17080	ko:K02600
alc:OTEC02_17085	ko:K09748
alc:OTEC02_17090	ko:K14230
alc:OTEC02_17095	ko:K14230
alc:OTEC02_17100	ko:K14228
alc:OTEC02_17105	ko:K03075
alc:OTEC02_17110	ko:K01803
alc:OTEC02_17115	ko:K02652
alc:OTEC02_17120	ko:K02653
alc:OTEC02_17125	ko:K02654
alc:OTEC02_17130	ko:K00859
alc:OTEC02_17140	ko:K03218
alc:OTEC02_17145	ko:K09913
alc:OTEC02_17155	ko:K03631
alc:OTEC02_17160	ko:K07735
alc:OTEC02_17165	ko:K07447
alc:OTEC02_17200	ko:K10778
alc:OTEC02_17205	ko:K00995
alc:OTEC02_17215	ko:K03703
alc:OTEC02_17235	ko:K12979
alc:OTEC02_17245	ko:K01825
alc:OTEC02_17250	ko:K00632
alc:OTEC02_17260	ko:K07002
alc:OTEC02_17290	ko:K04079
alc:OTEC02_17300	ko:K07275
alc:OTEC02_17305	ko:K07084
alc:OTEC02_17330	ko:K03046
alc:OTEC02_17335	ko:K03043
alc:OTEC02_17340	ko:K02935
alc:OTEC02_17345	ko:K02864
alc:OTEC02_17350	ko:K02863
alc:OTEC02_17355	ko:K02867
alc:OTEC02_17360	ko:K02601
alc:OTEC02_17365	ko:K03073
alc:OTEC02_17370	ko:K14235
alc:OTEC02_17375	ko:K02358
alc:OTEC02_17380	ko:K14234
alc:OTEC02_17385	ko:K14225
alc:OTEC02_17390	ko:K14236
alc:OTEC02_17395	ko:K14234
alc:OTEC02_17400	ko:K01657
alc:OTEC02_17405	ko:K01091
alc:OTEC02_17415	ko:K02453
alc:OTEC02_17420	ko:K02452
alc:OTEC02_17425	ko:K02463
alc:OTEC02_17430	ko:K03746
alc:OTEC02_17435	ko:K07107
alc:OTEC02_17450	ko:K01719
alc:OTEC02_17455	ko:K01749
alc:OTEC02_17460	ko:K08083
alc:OTEC02_17465	ko:K08082
alc:OTEC02_17470	ko:K01755
alc:OTEC02_17480	ko:K02039
alc:OTEC02_17485	ko:K12340
alc:OTEC02_17495	ko:K03298
alc:OTEC02_17510	ko:K03147
alc:OTEC02_17515	ko:K01515
alc:OTEC02_17520	ko:K03651
alc:OTEC02_17525	ko:K06204
alc:OTEC02_17530	ko:K01894
alc:OTEC02_17535	ko:K03588
alc:OTEC02_17540	ko:K01925
alc:OTEC02_17550	ko:K04759
alc:OTEC02_17555	ko:K04758
alc:OTEC02_17560	ko:K04763
alc:OTEC02_17565	ko:K03981
alc:OTEC02_17570	ko:K00003
alc:OTEC02_17575	ko:K01733
alc:OTEC02_17580	ko:K07262
alc:OTEC02_17585	ko:K07689
alc:OTEC02_17590	ko:K02668
alc:OTEC02_17595	ko:K02667
alc:OTEC02_17600	ko:K03797
alc:OTEC02_17605	ko:K15633
alc:OTEC02_17610	ko:K11720
alc:OTEC02_17615	ko:K07091
alc:OTEC02_17620	ko:K01255
alc:OTEC02_17625	ko:K02339
alc:OTEC02_17640	ko:K00793
alc:OTEC02_17645	ko:K07318
alc:OTEC02_17650	ko:K11752
alc:OTEC02_17655	ko:K07738
alc:OTEC02_17660	ko:K03320
alc:OTEC02_17665	ko:K04752
alc:OTEC02_17675	ko:K07391
alc:OTEC02_17680	ko:K00375
alc:OTEC02_17685	ko:K01628
alc:OTEC02_17690	ko:K01714
alc:OTEC02_17710	ko:K01507
alc:OTEC02_17725	ko:K01897
alc:OTEC02_17730	ko:K02621
alc:OTEC02_17735	ko:K28762
alc:OTEC02_17745	ko:K09858
alc:OTEC02_17775	ko:K02346
alc:OTEC02_17820	ko:K01738
alc:OTEC02_17830	ko:K01985
alc:OTEC02_17835	ko:K01980
alc:OTEC02_17840	ko:K14218
alc:OTEC02_17845	ko:K14227
alc:OTEC02_17850	ko:K01977
alc:OTEC02_17870	ko:K02014
alc:OTEC02_17880	ko:K01462
alc:OTEC02_17890	ko:K04096
alc:OTEC02_17895	ko:K07566
alc:OTEC02_17920	ko:K00432
alc:OTEC02_17935	ko:K02114
alc:OTEC02_17940	ko:K02112
alc:OTEC02_17945	ko:K02115
alc:OTEC02_17950	ko:K02111
alc:OTEC02_17955	ko:K02113
alc:OTEC02_17960	ko:K02109
alc:OTEC02_17965	ko:K02110
alc:OTEC02_17970	ko:K02108
alc:OTEC02_17975	ko:K02116
alc:OTEC02_17980	ko:K09815
alc:OTEC02_17985	ko:K09823
alc:OTEC02_17990	ko:K09817
alc:OTEC02_17995	ko:K09816
alc:OTEC02_18000	ko:K05834
alc:OTEC02_18005	ko:K07223
alc:OTEC02_18010	ko:K00027
alc:OTEC02_18020	ko:K01887
alc:OTEC02_18030	ko:K00799
alc:OTEC02_18035	ko:K07397
alc:OTEC02_18040	ko:K06911
alc:OTEC02_18060	ko:K01951
alc:OTEC02_18070	ko:K15977
alc:OTEC02_18075	ko:K03975
alc:OTEC02_18090	ko:K03496
alc:OTEC02_18100	ko:K05527
alc:OTEC02_18105	ko:K14225
alc:OTEC02_18110	ko:K14225
alc:OTEC02_18115	ko:K06133
alc:OTEC02_18130	ko:K07003
alc:OTEC02_18165	ko:K13061
alc:OTEC02_18180	ko:K01692
alc:OTEC02_18185	ko:K00248
alc:OTEC02_18190	ko:K01895
alc:OTEC02_18195	ko:K00020
alc:OTEC02_18200	ko:K00140
alc:OTEC02_18210	ko:K21962
alc:OTEC02_18215	ko:K00274
alc:OTEC02_18230	ko:K11737
alc:OTEC02_18235	ko:K11737
alc:OTEC02_18245	ko:K01775
alc:OTEC02_18250	ko:K00285
alc:OTEC02_18255	ko:K03719
alc:OTEC02_18265	ko:K02014
alc:OTEC02_18280	ko:K06177
alc:OTEC02_18335	ko:K11904
alc:OTEC02_18340	ko:K07126
alc:OTEC02_18380	ko:K20455
alc:OTEC02_18385	ko:K01659
alc:OTEC02_18390	ko:K03417
alc:OTEC02_18405	ko:K00832
alc:OTEC02_18415	ko:K29125
alc:OTEC02_18420	ko:K14348
alc:OTEC02_18425	ko:K00427
alc:OTEC02_18430	ko:K01840
alc:OTEC02_18435	ko:K01784
alc:OTEC02_18440	ko:K01810
alc:OTEC02_18445	ko:K00012
alc:OTEC02_18450	ko:K00963
alc:OTEC02_18460	ko:K01784
alc:OTEC02_18475	ko:K17939
alc:OTEC02_18510	ko:K02474
alc:OTEC02_18515	ko:K01991
alc:OTEC02_18520	ko:K25307
alc:OTEC02_18525	ko:K16692
alc:OTEC02_18530	ko:K03772
alc:OTEC02_18535	ko:K03773
alc:OTEC02_18540	ko:K03980
alc:OTEC02_18545	ko:K03806
alc:OTEC02_18550	ko:K00767
alc:OTEC02_18560	ko:K01114
alc:OTEC02_18570	ko:K00989
alc:OTEC02_18575	ko:K22769
alc:OTEC02_18580	ko:K22770
alc:OTEC02_18595	ko:K03673
alc:OTEC02_18600	ko:K00568
alc:OTEC02_18605	ko:K22292
alc:OTEC02_18625	ko:K14682
alc:OTEC02_18630	ko:K15553
alc:OTEC02_18635	ko:K15553
alc:OTEC02_18640	ko:K04091
alc:OTEC02_18645	ko:K15554
alc:OTEC02_18650	ko:K15555
alc:OTEC02_18655	ko:K09017
alc:OTEC02_18660	ko:K01243
alc:OTEC02_18670	ko:K11753
alc:OTEC02_18675	ko:K01870
alc:OTEC02_18680	ko:K03101
alc:OTEC02_18685	ko:K03774
alc:OTEC02_18695	ko:K06867
alc:OTEC02_18700	ko:K01985
alc:OTEC02_18705	ko:K01980
alc:OTEC02_18710	ko:K14218
alc:OTEC02_18715	ko:K14227
alc:OTEC02_18720	ko:K01977
alc:OTEC02_18725	ko:K03767
alc:OTEC02_18755	ko:K03687
alc:OTEC02_18760	ko:K04043
alc:OTEC02_18785	ko:K01589
alc:OTEC02_18790	ko:K01588
alc:OTEC02_18795	ko:K09922
alc:OTEC02_18800	ko:K02558
alc:OTEC02_18810	ko:K19302
alc:OTEC02_18820	ko:K09962
alc:OTEC02_18840	ko:K01487
alc:OTEC02_18845	ko:K00760
alc:OTEC02_18855	ko:K03981
alc:OTEC02_18865	ko:K23240
alc:OTEC02_18870	ko:K03650
alc:OTEC02_18875	ko:K03217
alc:OTEC02_18880	ko:K08998
alc:OTEC02_18885	ko:K03536
alc:OTEC02_18890	ko:K02914
