alte:ALT761_00001	ko:K02313
alte:ALT761_00002	ko:K02338
alte:ALT761_00003	ko:K03629
alte:ALT761_00004	ko:K02470
alte:ALT761_00006	ko:K01879
alte:ALT761_00007	ko:K01878
alte:ALT761_00008	ko:K01246
alte:ALT761_00010	ko:K09894
alte:ALT761_00012	ko:K03978
alte:ALT761_00013	ko:K02335
alte:ALT761_00015	ko:K03498
alte:ALT761_00018	ko:K03499
alte:ALT761_00019	ko:K03500
alte:ALT761_00020	ko:K00604
alte:ALT761_00021	ko:K01462
alte:ALT761_00023	ko:K04096
alte:ALT761_00024	ko:K03747
alte:ALT761_00025	ko:K07479
alte:ALT761_00026	ko:K07566
alte:ALT761_00027	ko:K00228
alte:ALT761_00028	ko:K07275
alte:ALT761_00029	ko:K06886
alte:ALT761_00030	ko:K00014
alte:ALT761_00032	ko:K01977
alte:ALT761_00033	ko:K01980
alte:ALT761_00034	ko:K01985
alte:ALT761_00036	ko:K08981
alte:ALT761_00037	ko:K01977
alte:ALT761_00038	ko:K01980
alte:ALT761_00039	ko:K01985
alte:ALT761_00040	ko:K12976
alte:ALT761_00043	ko:K14162
alte:ALT761_00044	ko:K14161
alte:ALT761_00051	ko:K05501
alte:ALT761_00052	ko:K13038
alte:ALT761_00053	ko:K03630
alte:ALT761_00058	ko:K00980
alte:ALT761_00060	ko:K02902
alte:ALT761_00061	ko:K02913
alte:ALT761_00063	ko:K10563
alte:ALT761_00064	ko:K00954
alte:ALT761_00065	ko:K11211
alte:ALT761_00066	ko:K12982
alte:ALT761_00070	ko:K00639
alte:ALT761_00071	ko:K00060
alte:ALT761_00072	ko:K02439
alte:ALT761_00073	ko:K02441
alte:ALT761_00074	ko:K02415
alte:ALT761_00075	ko:K03181
alte:ALT761_00076	ko:K03179
alte:ALT761_00077	ko:K09806
alte:ALT761_00078	ko:K03656
alte:ALT761_00081	ko:K14219
alte:ALT761_00082	ko:K07154
alte:ALT761_00083	ko:K15773
alte:ALT761_00084	ko:K03315
alte:ALT761_00086	ko:K03451
alte:ALT761_00091	ko:K03303
alte:ALT761_00093	ko:K07165
alte:ALT761_00099	ko:K25961
alte:ALT761_00100	ko:K25960
alte:ALT761_00101	ko:K21834
alte:ALT761_00102	ko:K21833
alte:ALT761_00104	ko:K01273
alte:ALT761_00105	ko:K21826
alte:ALT761_00106	ko:K00479
alte:ALT761_00107	ko:K21832
alte:ALT761_00108	ko:K00600
alte:ALT761_00109	ko:K00303
alte:ALT761_00110	ko:K00304
alte:ALT761_00111	ko:K00302
alte:ALT761_00112	ko:K00305
alte:ALT761_00113	ko:K01433
alte:ALT761_00115	ko:K05020
alte:ALT761_00116	ko:K03566
alte:ALT761_00117	ko:K00020
alte:ALT761_00119	ko:K07248
alte:ALT761_00120	ko:K01684
alte:ALT761_00122	ko:K12254
alte:ALT761_00126	ko:K16088
alte:ALT761_00128	ko:K00140
alte:ALT761_00129	ko:K00020
alte:ALT761_00130	ko:K01993
alte:ALT761_00131	ko:K13926
alte:ALT761_00132	ko:K01992
alte:ALT761_00133	ko:K00249
alte:ALT761_00137	ko:K06918
alte:ALT761_00138	ko:K08990
alte:ALT761_00141	ko:K03150
alte:ALT761_00142	ko:K03149
alte:ALT761_00143	ko:K03154
alte:ALT761_00144	ko:K03148
alte:ALT761_00145	ko:K14153
alte:ALT761_00146	ko:K03147
alte:ALT761_00148	ko:K02014
alte:ALT761_00150	ko:K06988
alte:ALT761_00151	ko:K12234
alte:ALT761_00152	ko:K14941
alte:ALT761_00153	ko:K11212
alte:ALT761_00154	ko:K11779
alte:ALT761_00155	ko:K11779
alte:ALT761_00156	ko:K09017
alte:ALT761_00157	ko:K21699
alte:ALT761_00158	ko:K00822
alte:ALT761_00159	ko:K00140
alte:ALT761_00160	ko:K06016
alte:ALT761_00161	ko:K03457
alte:ALT761_00162	ko:K01464
alte:ALT761_00163	ko:K02498
alte:ALT761_00164	ko:K02496
alte:ALT761_00165	ko:K01719
alte:ALT761_00166	ko:K01749
alte:ALT761_00168	ko:K06999
alte:ALT761_00169	ko:K00942
alte:ALT761_00170	ko:K03060
alte:ALT761_00171	ko:K01139
alte:ALT761_00173	ko:K00556
alte:ALT761_00174	ko:K03655
alte:ALT761_00175	ko:K15984
alte:ALT761_00176	ko:K24138
alte:ALT761_00178	ko:K02012
alte:ALT761_00179	ko:K02011
alte:ALT761_00180	ko:K02010
alte:ALT761_00184	ko:K03442
alte:ALT761_00188	ko:K06886
alte:ALT761_00192	ko:K05596
alte:ALT761_00193	ko:K06895
alte:ALT761_00194	ko:K11741
alte:ALT761_00197	ko:K03585
alte:ALT761_00198	ko:K18138
alte:ALT761_00203	ko:K03406
alte:ALT761_00204	ko:K16074
alte:ALT761_00206	ko:K01497
alte:ALT761_00209	ko:K08997
alte:ALT761_00210	ko:K00799
alte:ALT761_00211	ko:K03654
alte:ALT761_00212	ko:K01073
alte:ALT761_00213	ko:K06213
alte:ALT761_00214	ko:K05786
alte:ALT761_00216	ko:K03657
alte:ALT761_00217	ko:K00640
alte:ALT761_00218	ko:K20862
alte:ALT761_00219	ko:K03733
alte:ALT761_00220	ko:K09921
alte:ALT761_00221	ko:K01778
alte:ALT761_00222	ko:K01586
alte:ALT761_00225	ko:K19302
alte:ALT761_00226	ko:K02553
alte:ALT761_00227	ko:K05986
alte:ALT761_00228	ko:K03186
alte:ALT761_00229	ko:K02558
alte:ALT761_00230	ko:K03841
alte:ALT761_00231	ko:K01507
alte:ALT761_00232	ko:K09950
alte:ALT761_00234	ko:K07107
alte:ALT761_00235	ko:K04046
alte:ALT761_00236	ko:K03701
alte:ALT761_00239	ko:K06889
alte:ALT761_00240	ko:K02529
alte:ALT761_00241	ko:K01785
alte:ALT761_00242	ko:K00965
alte:ALT761_00243	ko:K00849
alte:ALT761_00244	ko:K03307
alte:ALT761_00245	ko:K03111
alte:ALT761_00248	ko:K01714
alte:ALT761_00253	ko:K07407
alte:ALT761_00255	ko:K14266
alte:ALT761_00256	ko:K03307
alte:ALT761_00257	ko:K02014
alte:ALT761_00258	ko:K00864
alte:ALT761_00259	ko:K02444
alte:ALT761_00260	ko:K00111
alte:ALT761_00262	ko:K12279
alte:ALT761_00263	ko:K12279
alte:ALT761_00264	ko:K12280
alte:ALT761_00265	ko:K12281
alte:ALT761_00266	ko:K12282
alte:ALT761_00267	ko:K12283
alte:ALT761_00268	ko:K12284
alte:ALT761_00269	ko:K12276
alte:ALT761_00270	ko:K12278
alte:ALT761_00272	ko:K10925
alte:ALT761_00273	ko:K10924
alte:ALT761_00274	ko:K10926
alte:ALT761_00275	ko:K10927
alte:ALT761_00276	ko:K12285
alte:ALT761_00277	ko:K12286
alte:ALT761_00278	ko:K03569
alte:ALT761_00279	ko:K03570
alte:ALT761_00280	ko:K03571
alte:ALT761_00281	ko:K06287
alte:ALT761_00282	ko:K08301
alte:ALT761_00284	ko:K11206
alte:ALT761_00285	ko:K03568
alte:ALT761_00287	ko:K09889
alte:ALT761_00288	ko:K03592
alte:ALT761_00290	ko:K01190
alte:ALT761_00291	ko:K07773
alte:ALT761_00293	ko:K00703
alte:ALT761_00294	ko:K00564
alte:ALT761_00295	ko:K03439
alte:ALT761_00297	ko:K03575
alte:ALT761_00299	ko:K14231
alte:ALT761_00302	ko:K01990
alte:ALT761_00305	ko:K09136
alte:ALT761_00319	ko:K16087
alte:ALT761_00321	ko:K19609
alte:ALT761_00322	ko:K19610
alte:ALT761_00324	ko:K03406
alte:ALT761_00325	ko:K03413
alte:ALT761_00326	ko:K03407
alte:ALT761_00327	ko:K03408
alte:ALT761_00328	ko:K03406
alte:ALT761_00329	ko:K00575
alte:ALT761_00330	ko:K03411
alte:ALT761_00331	ko:K03412
alte:ALT761_00333	ko:K01560
alte:ALT761_00334	ko:K03799
alte:ALT761_00338	ko:K01194
alte:ALT761_00348	ko:K05499
alte:ALT761_00352	ko:K01816
alte:ALT761_00353	ko:K26059
alte:ALT761_00354	ko:K26060
alte:ALT761_00360	ko:K19954
alte:ALT761_00361	ko:K01834
alte:ALT761_00362	ko:K27802
alte:ALT761_00364	ko:K02946
alte:ALT761_00365	ko:K02906
alte:ALT761_00366	ko:K02926
alte:ALT761_00367	ko:K02892
alte:ALT761_00368	ko:K02886
alte:ALT761_00369	ko:K02965
alte:ALT761_00370	ko:K02890
alte:ALT761_00371	ko:K02982
alte:ALT761_00372	ko:K02878
alte:ALT761_00373	ko:K02904
alte:ALT761_00374	ko:K02961
alte:ALT761_00376	ko:K02841
alte:ALT761_00377	ko:K02527
alte:ALT761_00381	ko:K03406
alte:ALT761_00382	ko:K01284
alte:ALT761_00384	ko:K01433
alte:ALT761_00385	ko:K01975
alte:ALT761_00386	ko:K03579
alte:ALT761_00387	ko:K08305
alte:ALT761_00389	ko:K05365
alte:ALT761_00392	ko:K09781
alte:ALT761_00396	ko:K04752
alte:ALT761_00397	ko:K03320
alte:ALT761_00398	ko:K00681
alte:ALT761_00399	ko:K07223
alte:ALT761_00400	ko:K01768
alte:ALT761_00401	ko:K01845
alte:ALT761_00402	ko:K00609
alte:ALT761_00403	ko:K18301
alte:ALT761_00407	ko:K07678
alte:ALT761_00408	ko:K02621
alte:ALT761_00412	ko:K06447
alte:ALT761_00413	ko:K00673
alte:ALT761_00414	ko:K00821
alte:ALT761_00416	ko:K01664
alte:ALT761_00417	ko:K01867
alte:ALT761_00418	ko:K01783
alte:ALT761_00422	ko:K06223
alte:ALT761_00423	ko:K03112
alte:ALT761_00424	ko:K01735
alte:ALT761_00425	ko:K00891
alte:ALT761_00426	ko:K02666
alte:ALT761_00427	ko:K02665
alte:ALT761_00428	ko:K02664
alte:ALT761_00429	ko:K02663
alte:ALT761_00430	ko:K02662
alte:ALT761_00431	ko:K05366
alte:ALT761_00432	ko:K00027
alte:ALT761_00434	ko:K11209
alte:ALT761_00440	ko:K14682
alte:ALT761_00441	ko:K01755
alte:ALT761_00442	ko:K01940
alte:ALT761_00443	ko:K00611
alte:ALT761_00444	ko:K00930
alte:ALT761_00445	ko:K00145
alte:ALT761_00446	ko:K01734
alte:ALT761_00448	ko:K02393
alte:ALT761_00450	ko:K06006
alte:ALT761_00451	ko:K07662
alte:ALT761_00452	ko:K07640
alte:ALT761_00453	ko:K01048
alte:ALT761_00454	ko:K03216
alte:ALT761_00455	ko:K00057
alte:ALT761_00456	ko:K03071
alte:ALT761_00457	ko:K03676
alte:ALT761_00459	ko:K22719
alte:ALT761_00461	ko:K09798
alte:ALT761_00463	ko:K01126
alte:ALT761_00465	ko:K01613
alte:ALT761_00466	ko:K06949
alte:ALT761_00468	ko:K13288
alte:ALT761_00469	ko:K14225
alte:ALT761_00470	ko:K14225
alte:ALT761_00473	ko:K09897
alte:ALT761_00474	ko:K01652
alte:ALT761_00475	ko:K01653
alte:ALT761_00477	ko:K03116
alte:ALT761_00478	ko:K03117
alte:ALT761_00479	ko:K03118
alte:ALT761_00481	ko:K03424
alte:ALT761_00483	ko:K01698
alte:ALT761_00484	ko:K01524
alte:ALT761_00485	ko:K03732
alte:ALT761_00486	ko:K03671
alte:ALT761_00487	ko:K03628
alte:ALT761_00490	ko:K03313
alte:ALT761_00491	ko:K01588
alte:ALT761_00492	ko:K01589
alte:ALT761_00493	ko:K14234
alte:ALT761_00494	ko:K09796
alte:ALT761_00495	ko:K04047
alte:ALT761_00496	ko:K21430
alte:ALT761_00498	ko:K05838
alte:ALT761_00500	ko:K09937
alte:ALT761_00501	ko:K01939
alte:ALT761_00502	ko:K00128
alte:ALT761_00503	ko:K06991
alte:ALT761_00504	ko:K00681
alte:ALT761_00506	ko:K01207
alte:ALT761_00508	ko:K18930
alte:ALT761_00510	ko:K07106
alte:ALT761_00511	ko:K01775
alte:ALT761_00516	ko:K02030
alte:ALT761_00532	ko:K06218
alte:ALT761_00558	ko:K00632
alte:ALT761_00559	ko:K01825
alte:ALT761_00560	ko:K08309
alte:ALT761_00561	ko:K01271
alte:ALT761_00562	ko:K07238
alte:ALT761_00563	ko:K02523
alte:ALT761_00564	ko:K02888
alte:ALT761_00565	ko:K02899
alte:ALT761_00566	ko:K03979
alte:ALT761_00568	ko:K00287
alte:ALT761_00569	ko:K03087
alte:ALT761_00570	ko:K06194
alte:ALT761_00572	ko:K00573
alte:ALT761_00573	ko:K03787
alte:ALT761_00574	ko:K06176
alte:ALT761_00575	ko:K01770
alte:ALT761_00576	ko:K00991
alte:ALT761_00577	ko:K05589
alte:ALT761_00579	ko:K03406
alte:ALT761_00580	ko:K13821
alte:ALT761_00581	ko:K18139
alte:ALT761_00586	ko:K07184
alte:ALT761_00587	ko:K18446
alte:ALT761_00589	ko:K03573
alte:ALT761_00590	ko:K08311
alte:ALT761_00591	ko:K08484
alte:ALT761_00592	ko:K07090
alte:ALT761_00593	ko:K13292
alte:ALT761_00594	ko:K00560
alte:ALT761_00598	ko:K08218
alte:ALT761_00601	ko:K06177
alte:ALT761_00602	ko:K03580
alte:ALT761_00603	ko:K07175
alte:ALT761_00605	ko:K02302
alte:ALT761_00606	ko:K05592
alte:ALT761_00610	ko:K12340
alte:ALT761_00611	ko:K01515
alte:ALT761_00612	ko:K09920
alte:ALT761_00613	ko:K03651
alte:ALT761_00614	ko:K07000
alte:ALT761_00615	ko:K02622
alte:ALT761_00616	ko:K13924
alte:ALT761_00617	ko:K11354
alte:ALT761_00622	ko:K19810
alte:ALT761_00623	ko:K02356
alte:ALT761_00624	ko:K04568
alte:ALT761_00625	ko:K02014
alte:ALT761_00628	ko:K03767
alte:ALT761_00629	ko:K11391
alte:ALT761_00631	ko:K05527
alte:ALT761_00633	ko:K09962
alte:ALT761_00637	ko:K03321
alte:ALT761_00638	ko:K00362
alte:ALT761_00639	ko:K00363
alte:ALT761_00640	ko:K00372
alte:ALT761_00641	ko:K02303
alte:ALT761_00643	ko:K03406
alte:ALT761_00644	ko:K15576
alte:ALT761_00645	ko:K15577
alte:ALT761_00646	ko:K15578
alte:ALT761_00649	ko:K03673
alte:ALT761_00650	ko:K16092
alte:ALT761_00656	ko:K20035
alte:ALT761_00664	ko:K03585
alte:ALT761_00665	ko:K18138
alte:ALT761_00668	ko:K03406
alte:ALT761_00669	ko:K03086
alte:ALT761_00670	ko:K02316
alte:ALT761_00671	ko:K09117
alte:ALT761_00672	ko:K02970
alte:ALT761_00673	ko:K25706
alte:ALT761_00675	ko:K08591
alte:ALT761_00676	ko:K01633
alte:ALT761_00677	ko:K00950
alte:ALT761_00678	ko:K06153
alte:ALT761_00679	ko:K02503
alte:ALT761_00682	ko:K05782
alte:ALT761_00683	ko:K23779
alte:ALT761_00684	ko:K03554
alte:ALT761_00686	ko:K07657
alte:ALT761_00687	ko:K07636
alte:ALT761_00688	ko:K02040
alte:ALT761_00689	ko:K00472
alte:ALT761_00693	ko:K03561
alte:ALT761_00694	ko:K03561
alte:ALT761_00695	ko:K03559
alte:ALT761_00696	ko:K03832
alte:ALT761_00698	ko:K07814
alte:ALT761_00700	ko:K01897
alte:ALT761_00702	ko:K21430
alte:ALT761_00703	ko:K01682
alte:ALT761_00704	ko:K26441
alte:ALT761_00705	ko:K01682
alte:ALT761_00706	ko:K09005
alte:ALT761_00707	ko:K00928
alte:ALT761_00708	ko:K03406
alte:ALT761_00709	ko:K01525
alte:ALT761_00710	ko:K06195
alte:ALT761_00711	ko:K02528
alte:ALT761_00712	ko:K00097
alte:ALT761_00713	ko:K03771
alte:ALT761_00714	ko:K04744
alte:ALT761_00715	ko:K05801
alte:ALT761_00716	ko:K04763
alte:ALT761_00717	ko:K03981
alte:ALT761_00718	ko:K07462
alte:ALT761_00720	ko:K03584
alte:ALT761_00721	ko:K03474
alte:ALT761_00722	ko:K00997
alte:ALT761_00723	ko:K03215
alte:ALT761_00724	ko:K00951
alte:ALT761_00725	ko:K04765
alte:ALT761_00727	ko:K02871
alte:ALT761_00728	ko:K02996
alte:ALT761_00729	ko:K00411
alte:ALT761_00730	ko:K00412
alte:ALT761_00731	ko:K00413
alte:ALT761_00732	ko:K03599
alte:ALT761_00733	ko:K03600
alte:ALT761_00736	ko:K06213
alte:ALT761_00737	ko:K08485
alte:ALT761_00738	ko:K06958
alte:ALT761_00739	ko:K02806
alte:ALT761_00740	ko:K05808
alte:ALT761_00741	ko:K03092
alte:ALT761_00742	ko:K06861
alte:ALT761_00743	ko:K09774
alte:ALT761_00744	ko:K11719
alte:ALT761_00745	ko:K03270
alte:ALT761_00746	ko:K06041
alte:ALT761_00747	ko:K07301
alte:ALT761_00748	ko:K02065
alte:ALT761_00749	ko:K02066
alte:ALT761_00750	ko:K02067
alte:ALT761_00751	ko:K07323
alte:ALT761_00752	ko:K07122
alte:ALT761_00754	ko:K00790
alte:ALT761_00755	ko:K04691
alte:ALT761_00756	ko:K04772
alte:ALT761_00757	ko:K09908
alte:ALT761_00758	ko:K06916
alte:ALT761_00764	ko:K12257
alte:ALT761_00765	ko:K11105
alte:ALT761_00770	ko:K01999
alte:ALT761_00772	ko:K08325
alte:ALT761_00776	ko:K00789
alte:ALT761_00777	ko:K00615
alte:ALT761_00778	ko:K03472
alte:ALT761_00779	ko:K00927
alte:ALT761_00780	ko:K01623
alte:ALT761_00782	ko:K01524
alte:ALT761_00783	ko:K00937
alte:ALT761_00785	ko:K02037
alte:ALT761_00786	ko:K02038
alte:ALT761_00787	ko:K02036
alte:ALT761_00788	ko:K02039
alte:ALT761_00789	ko:K03306
alte:ALT761_00790	ko:K14055
alte:ALT761_00791	ko:K04761
alte:ALT761_00792	ko:K03088
alte:ALT761_00796	ko:K11068
alte:ALT761_00801	ko:K02529
alte:ALT761_00802	ko:K00854
alte:ALT761_00803	ko:K01805
alte:ALT761_00804	ko:K01179
alte:ALT761_00806	ko:K14266
alte:ALT761_00808	ko:K05349
alte:ALT761_00809	ko:K23775
alte:ALT761_00810	ko:K04063
alte:ALT761_00811	ko:K01254
alte:ALT761_00814	ko:K03406
alte:ALT761_00815	ko:K03547
alte:ALT761_00816	ko:K03546
alte:ALT761_00820	ko:K18676
alte:ALT761_00821	ko:K01443
alte:ALT761_00828	ko:K07165
alte:ALT761_00837	ko:K14230
alte:ALT761_00842	ko:K06518
alte:ALT761_00850	ko:K01519
alte:ALT761_00851	ko:K05590
alte:ALT761_00852	ko:K00974
alte:ALT761_00853	ko:K02450
alte:ALT761_00854	ko:K02451
alte:ALT761_00855	ko:K25135
alte:ALT761_00856	ko:K01704
alte:ALT761_00857	ko:K01703
alte:ALT761_00858	ko:K00052
alte:ALT761_00859	ko:K01649
alte:ALT761_00862	ko:K01809
alte:ALT761_00864	ko:K01686
alte:ALT761_00865	ko:K00040
alte:ALT761_00866	ko:K02014
alte:ALT761_00867	ko:K01689
alte:ALT761_00868	ko:K01937
alte:ALT761_00869	ko:K03555
alte:ALT761_00870	ko:K03743
alte:ALT761_00871	ko:K03553
alte:ALT761_00872	ko:K09697
alte:ALT761_00873	ko:K09696
alte:ALT761_00875	ko:K04061
alte:ALT761_00877	ko:K02193
alte:ALT761_00878	ko:K02194
alte:ALT761_00879	ko:K02195
alte:ALT761_00880	ko:K02196
alte:ALT761_00881	ko:K02197
alte:ALT761_00882	ko:K02198
alte:ALT761_00883	ko:K02199
alte:ALT761_00884	ko:K02200
alte:ALT761_00886	ko:K04754
alte:ALT761_00887	ko:K01784
alte:ALT761_00889	ko:K03305
alte:ALT761_00890	ko:K10107
alte:ALT761_00891	ko:K09689
alte:ALT761_00892	ko:K09688
alte:ALT761_00896	ko:K02851
alte:ALT761_00898	ko:K12990
alte:ALT761_00899	ko:K00963
alte:ALT761_00900	ko:K02237
alte:ALT761_00901	ko:K00030
alte:ALT761_00904	ko:K06966
alte:ALT761_00906	ko:K06879
alte:ALT761_00907	ko:K15723
alte:ALT761_00912	ko:K03502
alte:ALT761_00913	ko:K03503
alte:ALT761_00950	ko:K06175
alte:ALT761_00952	ko:K00674
alte:ALT761_00953	ko:K00990
alte:ALT761_00954	ko:K01265
alte:ALT761_00956	ko:K02967
alte:ALT761_00957	ko:K02357
alte:ALT761_00958	ko:K09903
alte:ALT761_00959	ko:K02838
alte:ALT761_00960	ko:K00806
alte:ALT761_00961	ko:K00981
alte:ALT761_00962	ko:K00099
alte:ALT761_00963	ko:K11749
alte:ALT761_00964	ko:K07277
alte:ALT761_00965	ko:K06142
alte:ALT761_00966	ko:K02372
alte:ALT761_00967	ko:K00677
alte:ALT761_00968	ko:K00748
alte:ALT761_00969	ko:K03470
alte:ALT761_00970	ko:K02337
alte:ALT761_00971	ko:K01962
alte:ALT761_00972	ko:K04075
alte:ALT761_00974	ko:K03455
alte:ALT761_00976	ko:K11991
alte:ALT761_00978	ko:K18691
alte:ALT761_00979	ko:K01952
alte:ALT761_00982	ko:K14219
alte:ALT761_00984	ko:K12543
alte:ALT761_00985	ko:K12541
alte:ALT761_00986	ko:K12542
alte:ALT761_00987	ko:K07684
alte:ALT761_00991	ko:K09860
alte:ALT761_00992	ko:K02399
alte:ALT761_00993	ko:K02398
alte:ALT761_00994	ko:K02386
alte:ALT761_00995	ko:K03415
alte:ALT761_00996	ko:K00575
alte:ALT761_00997	ko:K02387
alte:ALT761_00998	ko:K02388
alte:ALT761_00999	ko:K02389
alte:ALT761_01000	ko:K02390
alte:ALT761_01001	ko:K02391
alte:ALT761_01002	ko:K02392
alte:ALT761_01003	ko:K02393
alte:ALT761_01004	ko:K02394
alte:ALT761_01005	ko:K02395
alte:ALT761_01006	ko:K02396
alte:ALT761_01007	ko:K02397
alte:ALT761_01009	ko:K02406
alte:ALT761_01010	ko:K02406
alte:ALT761_01012	ko:K02406
alte:ALT761_01013	ko:K06603
alte:ALT761_01014	ko:K02407
alte:ALT761_01015	ko:K02422
alte:ALT761_01033	ko:K00059
alte:ALT761_01039	ko:K15899
alte:ALT761_01041	ko:K15894
alte:ALT761_01042	ko:K02406
alte:ALT761_01043	ko:K10941
alte:ALT761_01044	ko:K10942
alte:ALT761_01045	ko:K10943
alte:ALT761_01046	ko:K02408
alte:ALT761_01047	ko:K02409
alte:ALT761_01048	ko:K02410
alte:ALT761_01049	ko:K02411
alte:ALT761_01050	ko:K02412
alte:ALT761_01051	ko:K02413
alte:ALT761_01052	ko:K02414
alte:ALT761_01053	ko:K02415
alte:ALT761_01054	ko:K02416
alte:ALT761_01055	ko:K02417
alte:ALT761_01056	ko:K02418
alte:ALT761_01057	ko:K02419
alte:ALT761_01058	ko:K02420
alte:ALT761_01059	ko:K02421
alte:ALT761_01060	ko:K02401
alte:ALT761_01061	ko:K02400
alte:ALT761_01062	ko:K02404
alte:ALT761_01063	ko:K04562
alte:ALT761_01064	ko:K02405
alte:ALT761_01065	ko:K03413
alte:ALT761_01066	ko:K03414
alte:ALT761_01067	ko:K03407
alte:ALT761_01068	ko:K03412
alte:ALT761_01069	ko:K03496
alte:ALT761_01070	ko:K03408
alte:ALT761_01071	ko:K03408
alte:ALT761_01073	ko:K00651
alte:ALT761_01075	ko:K00548
alte:ALT761_01077	ko:K03576
alte:ALT761_01078	ko:K04761
alte:ALT761_01079	ko:K01673
alte:ALT761_01080	ko:K03321
alte:ALT761_01081	ko:K02014
alte:ALT761_01082	ko:K02167
alte:ALT761_01083	ko:K07386
alte:ALT761_01084	ko:K09919
alte:ALT761_01085	ko:K03565
alte:ALT761_01086	ko:K01872
alte:ALT761_01087	ko:K03563
alte:ALT761_01088	ko:K14233
alte:ALT761_01089	ko:K14219
alte:ALT761_01090	ko:K14219
alte:ALT761_01092	ko:K01573
alte:ALT761_01093	ko:K01571
alte:ALT761_01094	ko:K20509
alte:ALT761_01095	ko:K19230
alte:ALT761_01096	ko:K19229
alte:ALT761_01097	ko:K19228
alte:ALT761_01098	ko:K19227
alte:ALT761_01099	ko:K19226
alte:ALT761_01100	ko:K03974
alte:ALT761_01101	ko:K03969
alte:ALT761_01102	ko:K03970
alte:ALT761_01103	ko:K03973
alte:ALT761_01104	ko:K00500
alte:ALT761_01105	ko:K03721
alte:ALT761_01106	ko:K16171
alte:ALT761_01107	ko:K01800
alte:ALT761_01108	ko:K05800
alte:ALT761_01109	ko:K00263
alte:ALT761_01112	ko:K00453
alte:ALT761_01119	ko:K03561
alte:ALT761_01120	ko:K03561
alte:ALT761_01121	ko:K03559
alte:ALT761_01122	ko:K03832
alte:ALT761_01124	ko:K06957
alte:ALT761_01127	ko:K02014
alte:ALT761_01129	ko:K03811
alte:ALT761_01131	ko:K14235
alte:ALT761_01133	ko:K03789
alte:ALT761_01140	ko:K02837
alte:ALT761_01141	ko:K01887
alte:ALT761_01143	ko:K19784
alte:ALT761_01145	ko:K00471
alte:ALT761_01149	ko:K02836
alte:ALT761_01150	ko:K04567
alte:ALT761_01151	ko:K00077
alte:ALT761_01152	ko:K06177
alte:ALT761_01154	ko:K07263
alte:ALT761_01155	ko:K01919
alte:ALT761_01159	ko:K02005
alte:ALT761_01160	ko:K02003
alte:ALT761_01161	ko:K02004
alte:ALT761_01162	ko:K02004
alte:ALT761_01167	ko:K07320
alte:ALT761_01168	ko:K01736
alte:ALT761_01169	ko:K05820
alte:ALT761_01171	ko:K06415
alte:ALT761_01172	ko:K09786
alte:ALT761_01173	ko:K07180
alte:ALT761_01174	ko:K04564
alte:ALT761_01175	ko:K07390
alte:ALT761_01176	ko:K02014
alte:ALT761_01178	ko:K07165
alte:ALT761_01179	ko:K02014
alte:ALT761_01180	ko:K02192
alte:ALT761_01181	ko:K03386
alte:ALT761_01182	ko:K03683
alte:ALT761_01183	ko:K21218
alte:ALT761_01184	ko:K01126
alte:ALT761_01185	ko:K01759
alte:ALT761_01187	ko:K03704
alte:ALT761_01193	ko:K10773
alte:ALT761_01194	ko:K03613
alte:ALT761_01195	ko:K03612
alte:ALT761_01196	ko:K03614
alte:ALT761_01197	ko:K03615
alte:ALT761_01198	ko:K03616
alte:ALT761_01199	ko:K03617
alte:ALT761_01200	ko:K14220
alte:ALT761_01201	ko:K14220
alte:ALT761_01202	ko:K26937
alte:ALT761_01203	ko:K03702
alte:ALT761_01204	ko:K21699
alte:ALT761_01207	ko:K06920
alte:ALT761_01208	ko:K10026
alte:ALT761_01210	ko:K01953
alte:ALT761_01216	ko:K00956
alte:ALT761_01217	ko:K01082
alte:ALT761_01218	ko:K00860
alte:ALT761_01219	ko:K00957
alte:ALT761_01220	ko:K03307
alte:ALT761_01223	ko:K03088
alte:ALT761_01226	ko:K07114
alte:ALT761_01227	ko:K07114
alte:ALT761_01230	ko:K03924
alte:ALT761_01231	ko:K00632
alte:ALT761_01232	ko:K01782
alte:ALT761_01237	ko:K08296
alte:ALT761_01239	ko:K03699
alte:ALT761_01241	ko:K03106
alte:ALT761_01249	ko:K18138
alte:ALT761_01250	ko:K03585
alte:ALT761_01251	ko:K06147
alte:ALT761_01252	ko:K01740
alte:ALT761_01253	ko:K07396
alte:ALT761_01254	ko:K01295
alte:ALT761_01255	ko:K02959
alte:ALT761_01256	ko:K02860
alte:ALT761_01257	ko:K00554
alte:ALT761_01258	ko:K02884
alte:ALT761_01262	ko:K01626
alte:ALT761_01263	ko:K14187
alte:ALT761_01264	ko:K03406
alte:ALT761_01265	ko:K14170
alte:ALT761_01266	ko:K03413
alte:ALT761_01267	ko:K03113
alte:ALT761_01268	ko:K20978
alte:ALT761_01269	ko:K20977
alte:ALT761_01273	ko:K07711
alte:ALT761_01275	ko:K07715
alte:ALT761_01278	ko:K01876
alte:ALT761_01279	ko:K08310
alte:ALT761_01280	ko:K01159
alte:ALT761_01281	ko:K03550
alte:ALT761_01282	ko:K03551
alte:ALT761_01283	ko:K07107
alte:ALT761_01284	ko:K03562
alte:ALT761_01285	ko:K03560
alte:ALT761_01286	ko:K03646
alte:ALT761_01287	ko:K03641
alte:ALT761_01288	ko:K03640
alte:ALT761_01290	ko:K14229
alte:ALT761_01291	ko:K14229
alte:ALT761_01292	ko:K14229
alte:ALT761_01293	ko:K03517
alte:ALT761_01294	ko:K14233
alte:ALT761_01299	ko:K01265
alte:ALT761_01302	ko:K03531
alte:ALT761_01309	ko:K02445
alte:ALT761_01310	ko:K00077
alte:ALT761_01314	ko:K06996
alte:ALT761_01315	ko:K00133
alte:ALT761_01317	ko:K03781
alte:ALT761_01320	ko:K00344
alte:ALT761_01322	ko:K04767
alte:ALT761_01325	ko:K19736
alte:ALT761_01329	ko:K09857
alte:ALT761_01330	ko:K06192
alte:ALT761_01331	ko:K03808
alte:ALT761_01333	ko:K01893
alte:ALT761_01335	ko:K07301
alte:ALT761_01340	ko:K00833
alte:ALT761_01341	ko:K01012
alte:ALT761_01342	ko:K00652
alte:ALT761_01343	ko:K02169
alte:ALT761_01344	ko:K01935
alte:ALT761_01345	ko:K05995
alte:ALT761_01346	ko:K25307
alte:ALT761_01347	ko:K06073
alte:ALT761_01348	ko:K06074
alte:ALT761_01349	ko:K01626
alte:ALT761_01351	ko:K09954
alte:ALT761_01352	ko:K24821
alte:ALT761_01353	ko:K03639
alte:ALT761_01356	ko:K14237
alte:ALT761_01357	ko:K14237
alte:ALT761_01358	ko:K14237
alte:ALT761_01359	ko:K01885
alte:ALT761_01360	ko:K14218
alte:ALT761_01361	ko:K14224
alte:ALT761_01362	ko:K14224
alte:ALT761_01363	ko:K14224
alte:ALT761_01364	ko:K14224
alte:ALT761_01367	ko:K05541
alte:ALT761_01370	ko:K10804
alte:ALT761_01371	ko:K02003
alte:ALT761_01372	ko:K02004
alte:ALT761_01373	ko:K07071
alte:ALT761_01374	ko:K07589
alte:ALT761_01375	ko:K11744
alte:ALT761_01376	ko:K07637
alte:ALT761_01377	ko:K07660
alte:ALT761_01381	ko:K09780
alte:ALT761_01382	ko:K01695
alte:ALT761_01383	ko:K01696
alte:ALT761_01384	ko:K13498
alte:ALT761_01385	ko:K00766
alte:ALT761_01386	ko:K01658
alte:ALT761_01387	ko:K01657
alte:ALT761_01388	ko:K07053
alte:ALT761_01390	ko:K05896
alte:ALT761_01391	ko:K06024
alte:ALT761_01392	ko:K06178
alte:ALT761_01394	ko:K06222
alte:ALT761_01395	ko:K00661
alte:ALT761_01397	ko:K00537
alte:ALT761_01399	ko:K00569
alte:ALT761_01400	ko:K06186
alte:ALT761_01401	ko:K03631
alte:ALT761_01402	ko:K00858
alte:ALT761_01403	ko:K00019
alte:ALT761_01405	ko:K00641
alte:ALT761_01407	ko:K02014
alte:ALT761_01410	ko:K03687
alte:ALT761_01411	ko:K04043
alte:ALT761_01412	ko:K03686
alte:ALT761_01415	ko:K01908
alte:ALT761_01417	ko:K00215
alte:ALT761_01418	ko:K01956
alte:ALT761_01419	ko:K01955
alte:ALT761_01420	ko:K03624
alte:ALT761_01427	ko:K04080
alte:ALT761_01428	ko:K00925
alte:ALT761_01429	ko:K13788
alte:ALT761_01430	ko:K03820
alte:ALT761_01431	ko:K06189
alte:ALT761_01432	ko:K07042
alte:ALT761_01433	ko:K06217
alte:ALT761_01434	ko:K06168
alte:ALT761_01435	ko:K03184
alte:ALT761_01441	ko:K03310
alte:ALT761_01442	ko:K14223
alte:ALT761_01443	ko:K14223
alte:ALT761_01444	ko:K14228
alte:ALT761_01445	ko:K14230
alte:ALT761_01447	ko:K06942
alte:ALT761_01448	ko:K01056
alte:ALT761_01449	ko:K02897
alte:ALT761_01450	ko:K12957
alte:ALT761_01453	ko:K00948
alte:ALT761_01454	ko:K14223
alte:ALT761_01455	ko:K00919
alte:ALT761_01456	ko:K02494
alte:ALT761_01457	ko:K02492
alte:ALT761_01458	ko:K02835
alte:ALT761_01459	ko:K02493
alte:ALT761_01462	ko:K01627
alte:ALT761_01464	ko:K03566
alte:ALT761_01465	ko:K07020
alte:ALT761_01467	ko:K06968
alte:ALT761_01468	ko:K02355
alte:ALT761_01469	ko:K01725
alte:ALT761_01471	ko:K21993
alte:ALT761_01472	ko:K22452
alte:ALT761_01474	ko:K03924
alte:ALT761_01475	ko:K03645
alte:ALT761_01476	ko:K01835
alte:ALT761_01477	ko:K00688
alte:ALT761_01479	ko:K05526
alte:ALT761_01484	ko:K01439
alte:ALT761_01486	ko:K02777
alte:ALT761_01487	ko:K09707
alte:ALT761_01488	ko:K06996
alte:ALT761_01489	ko:K00457
alte:ALT761_01490	ko:K00451
alte:ALT761_01492	ko:K14237
alte:ALT761_01496	ko:K01487
alte:ALT761_01497	ko:K07127
alte:ALT761_01498	ko:K16840
alte:ALT761_01499	ko:K07402
alte:ALT761_01500	ko:K13482
alte:ALT761_01501	ko:K13481
alte:ALT761_01502	ko:K09017
alte:ALT761_01503	ko:K16842
alte:ALT761_01505	ko:K06901
alte:ALT761_01506	ko:K21053
alte:ALT761_01513	ko:K02014
alte:ALT761_01514	ko:K16345
alte:ALT761_01515	ko:K01488
alte:ALT761_01517	ko:K02083
alte:ALT761_01518	ko:K00839
alte:ALT761_01519	ko:K07090
alte:ALT761_01520	ko:K22602
alte:ALT761_01521	ko:K01426
alte:ALT761_01527	ko:K03793
alte:ALT761_01528	ko:K01868
alte:ALT761_01529	ko:K02520
alte:ALT761_01530	ko:K02916
alte:ALT761_01531	ko:K02887
alte:ALT761_01533	ko:K03606
alte:ALT761_01534	ko:K20920
alte:ALT761_01535	ko:K20988
alte:ALT761_01536	ko:K16554
alte:ALT761_01537	ko:K01104
alte:ALT761_01549	ko:K16703
alte:ALT761_01559	ko:K01889
alte:ALT761_01560	ko:K01890
alte:ALT761_01561	ko:K04764
alte:ALT761_01565	ko:K03976
alte:ALT761_01566	ko:K01434
alte:ALT761_01567	ko:K01207
alte:ALT761_01568	ko:K14445
alte:ALT761_01569	ko:K00798
alte:ALT761_01571	ko:K03723
alte:ALT761_01573	ko:K09808
alte:ALT761_01574	ko:K07101
alte:ALT761_01577	ko:K01142
alte:ALT761_01580	ko:K02426
alte:ALT761_01586	ko:K00975
alte:ALT761_01592	ko:K01640
alte:ALT761_01593	ko:K01968
alte:ALT761_01594	ko:K13766
alte:ALT761_01595	ko:K01969
alte:ALT761_01596	ko:K00253
alte:ALT761_01598	ko:K00626
alte:ALT761_01600	ko:K09749
alte:ALT761_01601	ko:K01141
alte:ALT761_01604	ko:K01083
alte:ALT761_01605	ko:K14379
alte:ALT761_01611	ko:K03578
alte:ALT761_01614	ko:K06969
alte:ALT761_01616	ko:K03469
alte:ALT761_01617	ko:K02342
alte:ALT761_01619	ko:K14221
alte:ALT761_01620	ko:K14221
alte:ALT761_01621	ko:K14221
alte:ALT761_01622	ko:K14221
alte:ALT761_01624	ko:K09810
alte:ALT761_01625	ko:K09808
alte:ALT761_01628	ko:K01484
alte:ALT761_01629	ko:K03168
alte:ALT761_01630	ko:K09912
alte:ALT761_01633	ko:K21053
alte:ALT761_01634	ko:K07006
alte:ALT761_01635	ko:K00799
alte:ALT761_01636	ko:K09958
alte:ALT761_01639	ko:K02348
alte:ALT761_01640	ko:K01560
alte:ALT761_01643	ko:K08300
alte:ALT761_01644	ko:K06179
alte:ALT761_01645	ko:K01091
alte:ALT761_01646	ko:K25422
alte:ALT761_01647	ko:K07040
alte:ALT761_01648	ko:K02911
alte:ALT761_01649	ko:K03621
alte:ALT761_01650	ko:K00648
alte:ALT761_01651	ko:K00645
alte:ALT761_01652	ko:K00059
alte:ALT761_01653	ko:K02078
alte:ALT761_01654	ko:K09458
alte:ALT761_01655	ko:K02619
alte:ALT761_01656	ko:K07082
alte:ALT761_01657	ko:K00943
alte:ALT761_01658	ko:K02341
alte:ALT761_01659	ko:K03424
alte:ALT761_01660	ko:K00275
alte:ALT761_01663	ko:K01283
alte:ALT761_01665	ko:K21472
alte:ALT761_01674	ko:K07165
alte:ALT761_01677	ko:K09773
alte:ALT761_01678	ko:K01007
alte:ALT761_01679	ko:K07303
alte:ALT761_01680	ko:K07302
alte:ALT761_01682	ko:K13936
alte:ALT761_01683	ko:K02525
alte:ALT761_01684	ko:K01729
alte:ALT761_01686	ko:K00059
alte:ALT761_01688	ko:K00851
alte:ALT761_01694	ko:K10947
alte:ALT761_01697	ko:K03670
alte:ALT761_01701	ko:K09913
alte:ALT761_01702	ko:K26063
alte:ALT761_01705	ko:K18850
alte:ALT761_01707	ko:K01756
alte:ALT761_01708	ko:K07153
alte:ALT761_01709	ko:K00566
alte:ALT761_01710	ko:K06181
alte:ALT761_01711	ko:K00031
alte:ALT761_01712	ko:K03704
alte:ALT761_01713	ko:K06891
alte:ALT761_01714	ko:K03694
alte:ALT761_01715	ko:K02518
alte:ALT761_01716	ko:K21420
alte:ALT761_01717	ko:K00684
alte:ALT761_01718	ko:K00384
alte:ALT761_01719	ko:K09899
alte:ALT761_01720	ko:K04773
alte:ALT761_01725	ko:K01424
alte:ALT761_01727	ko:K03644
alte:ALT761_01728	ko:K03801
alte:ALT761_01729	ko:K09158
alte:ALT761_01730	ko:K07258
alte:ALT761_01731	ko:K03642
alte:ALT761_01732	ko:K05837
alte:ALT761_01733	ko:K05515
alte:ALT761_01734	ko:K00783
alte:ALT761_01735	ko:K09710
alte:ALT761_01736	ko:K00969
alte:ALT761_01737	ko:K02340
alte:ALT761_01738	ko:K03643
alte:ALT761_01739	ko:K01869
alte:ALT761_01742	ko:K07574
alte:ALT761_01743	ko:K02427
alte:ALT761_01744	ko:K03798
alte:ALT761_01745	ko:K00796
alte:ALT761_01746	ko:K03431
alte:ALT761_01747	ko:K01803
alte:ALT761_01748	ko:K03075
alte:ALT761_01749	ko:K14228
alte:ALT761_01750	ko:K21024
alte:ALT761_01756	ko:K03168
alte:ALT761_01757	ko:K03307
alte:ALT761_01758	ko:K00931
alte:ALT761_01759	ko:K00147
alte:ALT761_01762	ko:K00962
alte:ALT761_01763	ko:K09948
alte:ALT761_01764	ko:K05776
alte:ALT761_01765	ko:K03829
alte:ALT761_01766	ko:K09940
alte:ALT761_01774	ko:K00549
alte:ALT761_01779	ko:K07497
alte:ALT761_01780	ko:K09858
alte:ALT761_01783	ko:K17247
alte:ALT761_01784	ko:K07147
alte:ALT761_01786	ko:K01129
alte:ALT761_01787	ko:K08722
alte:ALT761_01788	ko:K14260
alte:ALT761_01791	ko:K03296
alte:ALT761_01792	ko:K18138
alte:ALT761_01793	ko:K03585
alte:ALT761_01794	ko:K07397
alte:ALT761_01795	ko:K00243
alte:ALT761_01796	ko:K07160
alte:ALT761_01799	ko:K00824
alte:ALT761_01800	ko:K06145
alte:ALT761_01802	ko:K00851
alte:ALT761_01805	ko:K03711
alte:ALT761_01806	ko:K03406
alte:ALT761_01807	ko:K03839
alte:ALT761_01809	ko:K01175
alte:ALT761_01810	ko:K03746
alte:ALT761_01811	ko:K00311
alte:ALT761_01812	ko:K03521
alte:ALT761_01813	ko:K03522
alte:ALT761_01818	ko:K02014
alte:ALT761_01823	ko:K09768
alte:ALT761_01824	ko:K00813
alte:ALT761_01827	ko:K01740
alte:ALT761_01828	ko:K01118
alte:ALT761_01830	ko:K28165
alte:ALT761_01832	ko:K00681
alte:ALT761_01834	ko:K01738
alte:ALT761_01836	ko:K09989
alte:ALT761_01837	ko:K07141
alte:ALT761_01838	ko:K26939
alte:ALT761_01839	ko:K03750
alte:ALT761_01840	ko:K00690
alte:ALT761_01841	ko:K13693
alte:ALT761_01842	ko:K07026
alte:ALT761_01843	ko:K15918
alte:ALT761_01844	ko:K15257
alte:ALT761_01845	ko:K15256
alte:ALT761_01847	ko:K06445
alte:ALT761_01849	ko:K11175
alte:ALT761_01850	ko:K01933
alte:ALT761_01851	ko:K09938
alte:ALT761_01852	ko:K10763
alte:ALT761_01855	ko:K03809
alte:ALT761_01856	ko:K00537
alte:ALT761_01859	ko:K01423
alte:ALT761_01860	ko:K03548
alte:ALT761_01861	ko:K03564
alte:ALT761_01862	ko:K03567
alte:ALT761_01863	ko:K01714
alte:ALT761_01864	ko:K07287
alte:ALT761_01865	ko:K01923
alte:ALT761_01868	ko:K02014
alte:ALT761_01869	ko:K01992
alte:ALT761_01870	ko:K01992
alte:ALT761_01871	ko:K01990
alte:ALT761_01904	ko:K07483
alte:ALT761_01916	ko:K11107
alte:ALT761_01917	ko:K00526
alte:ALT761_01918	ko:K00525
alte:ALT761_01919	ko:K00568
alte:ALT761_01920	ko:K02469
alte:ALT761_01921	ko:K00831
alte:ALT761_01922	ko:K00800
alte:ALT761_01923	ko:K00945
alte:ALT761_01924	ko:K02945
alte:ALT761_01925	ko:K05788
alte:ALT761_01927	ko:K08992
alte:ALT761_01928	ko:K19804
alte:ALT761_01929	ko:K01591
alte:ALT761_01930	ko:K00259
alte:ALT761_01931	ko:K03719
alte:ALT761_01932	ko:K03466
alte:ALT761_01933	ko:K03634
alte:ALT761_01934	ko:K07478
alte:ALT761_01935	ko:K06199
alte:ALT761_01936	ko:K01875
alte:ALT761_01938	ko:K11179
alte:ALT761_01939	ko:K07237
alte:ALT761_01940	ko:K07236
alte:ALT761_01941	ko:K07235
alte:ALT761_01942	ko:K19416
alte:ALT761_01943	ko:K14233
alte:ALT761_01945	ko:K14233
alte:ALT761_01947	ko:K14233
alte:ALT761_01949	ko:K14155
alte:ALT761_01950	ko:K06911
alte:ALT761_01951	ko:K07689
alte:ALT761_01952	ko:K03703
alte:ALT761_01953	ko:K00995
alte:ALT761_01954	ko:K14225
alte:ALT761_01955	ko:K14222
alte:ALT761_01956	ko:K14228
alte:ALT761_01971	ko:K06952
alte:ALT761_02007	ko:K05812
alte:ALT761_02008	ko:K11065
alte:ALT761_02009	ko:K01011
alte:ALT761_02010	ko:K12410
alte:ALT761_02011	ko:K05835
alte:ALT761_02013	ko:K03796
alte:ALT761_02015	ko:K07001
alte:ALT761_02016	ko:K14058
alte:ALT761_02017	ko:K14055
alte:ALT761_02018	ko:K01420
alte:ALT761_02019	ko:K09792
alte:ALT761_02021	ko:K01533
alte:ALT761_02022	ko:K09926
alte:ALT761_02023	ko:K00406
alte:ALT761_02024	ko:K00405
alte:ALT761_02025	ko:K00404
alte:ALT761_02027	ko:K03594
alte:ALT761_02028	ko:K03594
alte:ALT761_02032	ko:K06149
alte:ALT761_02033	ko:K00901
alte:ALT761_02038	ko:K06876
alte:ALT761_02039	ko:K01669
alte:ALT761_02040	ko:K25656
alte:ALT761_02042	ko:K01716
alte:ALT761_02043	ko:K03812
alte:ALT761_02045	ko:K15738
alte:ALT761_02047	ko:K12297
alte:ALT761_02048	ko:K00254
alte:ALT761_02049	ko:K15371
alte:ALT761_02050	ko:K07003
alte:ALT761_02055	ko:K01256
alte:ALT761_02056	ko:K03315
alte:ALT761_02057	ko:K03308
alte:ALT761_02058	ko:K03797
alte:ALT761_02059	ko:K03607
alte:ALT761_02061	ko:K08968
alte:ALT761_02062	ko:K09807
alte:ALT761_02063	ko:K00830
alte:ALT761_02066	ko:K10805
alte:ALT761_02068	ko:K07115
alte:ALT761_02070	ko:K09699
alte:ALT761_02071	ko:K00167
alte:ALT761_02072	ko:K00166
alte:ALT761_02074	ko:K09760
alte:ALT761_02075	ko:K01676
alte:ALT761_02076	ko:K01665
alte:ALT761_02078	ko:K01752
alte:ALT761_02079	ko:K13634
alte:ALT761_02082	ko:K17737
alte:ALT761_02083	ko:K01028
alte:ALT761_02084	ko:K01029
alte:ALT761_02098	ko:K06182
alte:ALT761_02099	ko:K02183
alte:ALT761_02100	ko:K07146
alte:ALT761_02104	ko:K00850
alte:ALT761_02105	ko:K02477
alte:ALT761_02112	ko:K06899
alte:ALT761_02113	ko:K09904
alte:ALT761_02114	ko:K07014
alte:ALT761_02115	ko:K03273
alte:ALT761_02116	ko:K00563
alte:ALT761_02121	ko:K00432
alte:ALT761_02122	ko:K03778
alte:ALT761_02123	ko:K06219
alte:ALT761_02130	ko:K04774
alte:ALT761_02131	ko:K07116
alte:ALT761_02134	ko:K01886
alte:ALT761_02137	ko:K16211
alte:ALT761_02138	ko:K21575
alte:ALT761_02143	ko:K01200
alte:ALT761_02144	ko:K02014
alte:ALT761_02145	ko:K14266
alte:ALT761_02146	ko:K02014
alte:ALT761_02147	ko:K01902
alte:ALT761_02148	ko:K01903
alte:ALT761_02149	ko:K00658
alte:ALT761_02150	ko:K00164
alte:ALT761_02151	ko:K00240
alte:ALT761_02152	ko:K00239
alte:ALT761_02153	ko:K00242
alte:ALT761_02154	ko:K00241
alte:ALT761_02155	ko:K01647
alte:ALT761_02157	ko:K01840
alte:ALT761_02158	ko:K07393
alte:ALT761_02159	ko:K22132
alte:ALT761_02163	ko:K14441
alte:ALT761_02165	ko:K00979
alte:ALT761_02166	ko:K09791
alte:ALT761_02167	ko:K00912
alte:ALT761_02168	ko:K11085
alte:ALT761_02169	ko:K02238
alte:ALT761_02170	ko:K09928
alte:ALT761_02179	ko:K15726
alte:ALT761_02180	ko:K15727
alte:ALT761_02181	ko:K15725
alte:ALT761_02183	ko:K16264
alte:ALT761_02190	ko:K07233
alte:ALT761_02200	ko:K17686
alte:ALT761_02207	ko:K07245
alte:ALT761_02208	ko:K07156
alte:ALT761_02209	ko:K07787
alte:ALT761_02210	ko:K07798
alte:ALT761_02211	ko:K07796
alte:ALT761_02214	ko:K07665
alte:ALT761_02215	ko:K07644
alte:ALT761_02216	ko:K01972
alte:ALT761_02217	ko:K01972
alte:ALT761_02218	ko:K03528
alte:ALT761_02219	ko:K03529
alte:ALT761_02220	ko:K06203
alte:ALT761_02222	ko:K05803
alte:ALT761_02223	ko:K01489
alte:ALT761_02226	ko:K03832
alte:ALT761_02235	ko:K02014
alte:ALT761_02236	ko:K02168
alte:ALT761_02238	ko:K09801
alte:ALT761_02240	ko:K03664
alte:ALT761_02243	ko:K07459
alte:ALT761_02245	ko:K14059
alte:ALT761_02265	ko:K19577
alte:ALT761_02267	ko:K02014
alte:ALT761_02269	ko:K00108
alte:ALT761_02270	ko:K00130
alte:ALT761_02289	ko:K05779
alte:ALT761_02290	ko:K05778
alte:ALT761_02291	ko:K05777
alte:ALT761_02294	ko:K02014
alte:ALT761_02302	ko:K03387
alte:ALT761_02303	ko:K24119
alte:ALT761_02305	ko:K07004
alte:ALT761_02307	ko:K07394
alte:ALT761_02310	ko:K19707
alte:ALT761_02315	ko:K02956
alte:ALT761_02317	ko:K03177
alte:ALT761_02318	ko:K02834
alte:ALT761_02319	ko:K02519
alte:ALT761_02320	ko:K02600
alte:ALT761_02321	ko:K09748
alte:ALT761_02322	ko:K07814
alte:ALT761_02324	ko:K14230
alte:ALT761_02325	ko:K14230
alte:ALT761_02326	ko:K01724
alte:ALT761_02327	ko:K02014
alte:ALT761_02328	ko:K03442
alte:ALT761_02329	ko:K16348
alte:ALT761_02337	ko:K00045
alte:ALT761_02343	ko:K20035
alte:ALT761_02344	ko:K00632
alte:ALT761_02345	ko:K07516
alte:ALT761_02346	ko:K01563
alte:ALT761_02350	ko:K00344
alte:ALT761_02352	ko:K00249
alte:ALT761_02354	ko:K02014
alte:ALT761_02355	ko:K07402
alte:ALT761_02358	ko:K02495
alte:ALT761_02359	ko:K02017
alte:ALT761_02360	ko:K02018
alte:ALT761_02361	ko:K02020
alte:ALT761_02362	ko:K03635
alte:ALT761_02363	ko:K03636
alte:ALT761_02364	ko:K03637
alte:ALT761_02365	ko:K03638
alte:ALT761_02366	ko:K21029
alte:ALT761_02367	ko:K06987
alte:ALT761_02399	ko:K07334
alte:ALT761_02400	ko:K21498
alte:ALT761_02424	ko:K01286
alte:ALT761_02425	ko:K22736
alte:ALT761_02429	ko:K06889
alte:ALT761_02443	ko:K00817
alte:ALT761_02447	ko:K03581
alte:ALT761_02448	ko:K03582
alte:ALT761_02449	ko:K03583
alte:ALT761_02451	ko:K01897
alte:ALT761_02453	ko:K12574
alte:ALT761_02454	ko:K09915
alte:ALT761_02457	ko:K23773
alte:ALT761_02459	ko:K09897
alte:ALT761_02461	ko:K22042
alte:ALT761_02474	ko:K08722
alte:ALT761_02479	ko:K09916
alte:ALT761_02481	ko:K03310
alte:ALT761_02483	ko:K00134
alte:ALT761_02485	ko:K07305
alte:ALT761_02486	ko:K00033
alte:ALT761_02487	ko:K01214
alte:ALT761_02488	ko:K00700
alte:ALT761_02489	ko:K00705
alte:ALT761_02490	ko:K00134
alte:ALT761_02491	ko:K01792
alte:ALT761_02492	ko:K01625
alte:ALT761_02493	ko:K00845
alte:ALT761_02494	ko:K01690
alte:ALT761_02495	ko:K01057
alte:ALT761_02496	ko:K00036
alte:ALT761_02497	ko:K19337
alte:ALT761_02498	ko:K00873
alte:ALT761_02499	ko:K01243
alte:ALT761_02502	ko:K04065
alte:ALT761_02507	ko:K07642
alte:ALT761_02508	ko:K07664
alte:ALT761_02512	ko:K09190
alte:ALT761_02513	ko:K09967
alte:ALT761_02517	ko:K07004
alte:ALT761_02519	ko:K09794
alte:ALT761_02521	ko:K02525
alte:ALT761_02522	ko:K08323
alte:ALT761_02524	ko:K03307
alte:ALT761_02527	ko:K06889
alte:ALT761_02529	ko:K03752
alte:ALT761_02530	ko:K02030
alte:ALT761_02531	ko:K07304
alte:ALT761_02532	ko:K04063
alte:ALT761_02534	ko:K04565
alte:ALT761_02536	ko:K06006
alte:ALT761_02537	ko:K02483
alte:ALT761_02538	ko:K02484
alte:ALT761_02540	ko:K05805
alte:ALT761_02543	ko:K18456
alte:ALT761_02545	ko:K06141
alte:ALT761_02546	ko:K01120
alte:ALT761_02547	ko:K00273
alte:ALT761_02548	ko:K03406
alte:ALT761_02551	ko:K03781
alte:ALT761_02553	ko:K07340
alte:ALT761_02560	ko:K07497
alte:ALT761_02563	ko:K01154
alte:ALT761_02564	ko:K03427
alte:ALT761_02565	ko:K01153
alte:ALT761_02578	ko:K14232
alte:ALT761_02579	ko:K14445
alte:ALT761_02580	ko:K01494
alte:ALT761_02581	ko:K03593
alte:ALT761_02582	ko:K01874
alte:ALT761_02584	ko:K01069
alte:ALT761_02585	ko:K08307
alte:ALT761_02587	ko:K02014
alte:ALT761_02588	ko:K01883
alte:ALT761_02589	ko:K03768
alte:ALT761_02590	ko:K03269
alte:ALT761_02591	ko:K01077
alte:ALT761_02592	ko:K01077
alte:ALT761_02595	ko:K07192
alte:ALT761_02601	ko:K11177
alte:ALT761_02602	ko:K11178
alte:ALT761_02603	ko:K13483
alte:ALT761_02604	ko:K20525
alte:ALT761_02607	ko:K08682
alte:ALT761_02608	ko:K06169
alte:ALT761_02610	ko:K00764
alte:ALT761_02611	ko:K03558
alte:ALT761_02612	ko:K03749
alte:ALT761_02613	ko:K11754
alte:ALT761_02614	ko:K01963
alte:ALT761_02615	ko:K06173
alte:ALT761_02617	ko:K00133
alte:ALT761_02618	ko:K03473
alte:ALT761_02620	ko:K10914
alte:ALT761_02621	ko:K00647
alte:ALT761_02623	ko:K15461
alte:ALT761_02630	ko:K09906
alte:ALT761_02632	ko:K07107
alte:ALT761_02634	ko:K22770
alte:ALT761_02635	ko:K22769
alte:ALT761_02644	ko:K00219
alte:ALT761_02649	ko:K00635
alte:ALT761_02652	ko:K14674
alte:ALT761_02656	ko:K06996
alte:ALT761_02657	ko:K01354
alte:ALT761_02658	ko:K03603
alte:ALT761_02659	ko:K03314
alte:ALT761_02660	ko:K03611
alte:ALT761_02662	ko:K09160
alte:ALT761_02663	ko:K29029
alte:ALT761_02664	ko:K08305
alte:ALT761_02665	ko:K09902
alte:ALT761_02666	ko:K03684
alte:ALT761_02667	ko:K01897
alte:ALT761_02669	ko:K07285
alte:ALT761_02671	ko:K14742
alte:ALT761_02672	ko:K03722
alte:ALT761_02674	ko:K07090
alte:ALT761_02677	ko:K09973
alte:ALT761_02686	ko:K00765
alte:ALT761_02687	ko:K00013
alte:ALT761_02688	ko:K00817
alte:ALT761_02689	ko:K01089
alte:ALT761_02690	ko:K02501
alte:ALT761_02691	ko:K01814
alte:ALT761_02692	ko:K02500
alte:ALT761_02693	ko:K11755
alte:ALT761_02694	ko:K00657
alte:ALT761_02697	ko:K03100
alte:ALT761_02698	ko:K02014
alte:ALT761_02699	ko:K07136
alte:ALT761_02700	ko:K00939
alte:ALT761_02701	ko:K04079
alte:ALT761_02702	ko:K06187
alte:ALT761_02706	ko:K09747
alte:ALT761_02707	ko:K02343
alte:ALT761_02708	ko:K00759
alte:ALT761_02709	ko:K09929
alte:ALT761_02710	ko:K09930
alte:ALT761_02717	ko:K01985
alte:ALT761_02718	ko:K01980
alte:ALT761_02720	ko:K14227
alte:ALT761_02721	ko:K14218
alte:ALT761_02722	ko:K01977
alte:ALT761_02723	ko:K17103
alte:ALT761_02727	ko:K03695
alte:ALT761_02728	ko:K05810
alte:ALT761_02729	ko:K06180
alte:ALT761_02730	ko:K05807
alte:ALT761_02731	ko:K07167
alte:ALT761_02732	ko:K03088
alte:ALT761_02733	ko:K07157
alte:ALT761_02736	ko:K06954
alte:ALT761_02737	ko:K09701
alte:ALT761_02738	ko:K00574
alte:ALT761_02739	ko:K02557
alte:ALT761_02740	ko:K02556
alte:ALT761_02741	ko:K03602
alte:ALT761_02742	ko:K00795
alte:ALT761_02743	ko:K01662
alte:ALT761_02744	ko:K01095
alte:ALT761_02745	ko:K00946
alte:ALT761_02746	ko:K03625
alte:ALT761_02747	ko:K00794
alte:ALT761_02748	ko:K14652
alte:ALT761_02749	ko:K00793
alte:ALT761_02750	ko:K11752
alte:ALT761_02751	ko:K07738
alte:ALT761_02752	ko:K00600
alte:ALT761_02753	ko:K02536
alte:ALT761_02754	ko:K06020
alte:ALT761_02756	ko:K04485
alte:ALT761_02758	ko:K01079
alte:ALT761_02759	ko:K07186
alte:ALT761_02760	ko:K03424
alte:ALT761_02761	ko:K00275
alte:ALT761_02762	ko:K03595
alte:ALT761_02763	ko:K03685
alte:ALT761_02764	ko:K03100
alte:ALT761_02765	ko:K03596
alte:ALT761_02766	ko:K03803
alte:ALT761_02767	ko:K03598
alte:ALT761_02768	ko:K03597
alte:ALT761_02769	ko:K03088
alte:ALT761_02770	ko:K00278
alte:ALT761_02772	ko:K09159
alte:ALT761_02773	ko:K06980
alte:ALT761_02774	ko:K03775
alte:ALT761_02775	ko:K04751
alte:ALT761_02776	ko:K01916
alte:ALT761_02777	ko:K08084
alte:ALT761_02779	ko:K08084
alte:ALT761_02783	ko:K02655
alte:ALT761_02784	ko:K02674
alte:ALT761_02785	ko:K02673
alte:ALT761_02786	ko:K02672
alte:ALT761_02787	ko:K02671
alte:ALT761_02788	ko:K03527
alte:ALT761_02789	ko:K03774
alte:ALT761_02790	ko:K03101
alte:ALT761_02791	ko:K01870
alte:ALT761_02792	ko:K11753
alte:ALT761_02793	ko:K03980
alte:ALT761_02794	ko:K02968
alte:ALT761_02798	ko:K03453
alte:ALT761_02802	ko:K01439
alte:ALT761_02803	ko:K03770
alte:ALT761_02804	ko:K03530
alte:ALT761_02805	ko:K01338
alte:ALT761_02807	ko:K03544
alte:ALT761_02808	ko:K01358
alte:ALT761_02809	ko:K03545
alte:ALT761_02810	ko:K14232
alte:ALT761_02811	ko:K14228
alte:ALT761_02812	ko:K14226
alte:ALT761_02813	ko:K14219
alte:ALT761_02814	ko:K14232
alte:ALT761_02815	ko:K01491
alte:ALT761_02816	ko:K09941
alte:ALT761_02817	ko:K22900
alte:ALT761_02818	ko:K01881
alte:ALT761_02820	ko:K01058
alte:ALT761_02822	ko:K03406
alte:ALT761_02824	ko:K01951
alte:ALT761_02825	ko:K00088
alte:ALT761_02826	ko:K03601
alte:ALT761_02828	ko:K03977
alte:ALT761_02829	ko:K17713
alte:ALT761_02831	ko:K01892
alte:ALT761_02832	ko:K03526
alte:ALT761_02833	ko:K15539
alte:ALT761_02834	ko:K02656
alte:ALT761_02835	ko:K06941
alte:ALT761_02836	ko:K00940
alte:ALT761_02837	ko:K02426
alte:ALT761_02839	ko:K13628
alte:ALT761_02840	ko:K11717
alte:ALT761_02841	ko:K09015
alte:ALT761_02842	ko:K09013
alte:ALT761_02843	ko:K09014
alte:ALT761_02844	ko:K04487
alte:ALT761_02845	ko:K13643
alte:ALT761_02855	ko:K00640
alte:ALT761_02856	ko:K15396
alte:ALT761_02857	ko:K01092
alte:ALT761_02863	ko:K02014
alte:ALT761_02864	ko:K03074
alte:ALT761_02865	ko:K03072
alte:ALT761_02866	ko:K03210
alte:ALT761_02867	ko:K00773
alte:ALT761_02868	ko:K07568
alte:ALT761_02870	ko:K09980
alte:ALT761_02872	ko:K10716
alte:ALT761_02874	ko:K08989
alte:ALT761_02879	ko:K01425
alte:ALT761_02880	ko:K01077
alte:ALT761_02881	ko:K03415
alte:ALT761_02882	ko:K01637
alte:ALT761_02884	ko:K01638
alte:ALT761_02885	ko:K07001
alte:ALT761_02886	ko:K08679
alte:ALT761_02892	ko:K00640
alte:ALT761_02911	ko:K01991
alte:ALT761_02912	ko:K25590
alte:ALT761_02913	ko:K00903
alte:ALT761_02916	ko:K03272
alte:ALT761_02917	ko:K07461
alte:ALT761_02919	ko:K00982
alte:ALT761_02921	ko:K02517
alte:ALT761_02926	ko:K07003
alte:ALT761_02927	ko:K06445
alte:ALT761_02929	ko:K00857
alte:ALT761_02932	ko:K00761
alte:ALT761_02939	ko:K14540
alte:ALT761_02940	ko:K03437
alte:ALT761_02941	ko:K05524
alte:ALT761_02942	ko:K07137
alte:ALT761_02950	ko:K02014
alte:ALT761_02952	ko:K02014
alte:ALT761_02953	ko:K00059
alte:ALT761_02956	ko:K02014
alte:ALT761_02960	ko:K06970
alte:ALT761_02961	ko:K13639
alte:ALT761_02963	ko:K18139
alte:ALT761_02964	ko:K18138
alte:ALT761_02965	ko:K03585
alte:ALT761_02966	ko:K01295
alte:ALT761_02967	ko:K05844
alte:ALT761_02970	ko:K00975
alte:ALT761_02972	ko:K07152
alte:ALT761_02977	ko:K02616
alte:ALT761_02978	ko:K09456
alte:ALT761_02980	ko:K01273
alte:ALT761_02981	ko:K02014
alte:ALT761_02986	ko:K00064
alte:ALT761_02987	ko:K06916
alte:ALT761_02992	ko:K01759
alte:ALT761_02995	ko:K05851
alte:ALT761_02996	ko:K09705
alte:ALT761_02998	ko:K08303
alte:ALT761_02999	ko:K00799
alte:ALT761_03001	ko:K21621
alte:ALT761_03002	ko:K00847
alte:ALT761_03003	ko:K16371
alte:ALT761_03012	ko:K00690
alte:ALT761_03013	ko:K02429
alte:ALT761_03018	ko:K02171
alte:ALT761_03019	ko:K02172
alte:ALT761_03026	ko:K16087
alte:ALT761_03030	ko:K02297
alte:ALT761_03031	ko:K02298
alte:ALT761_03032	ko:K02299
alte:ALT761_03033	ko:K02300
alte:ALT761_03034	ko:K02257
alte:ALT761_03039	ko:K05520
alte:ALT761_03042	ko:K02014
alte:ALT761_03045	ko:K06075
alte:ALT761_03046	ko:K03701
alte:ALT761_03047	ko:K07058
alte:ALT761_03050	ko:K15228
alte:ALT761_03053	ko:K15229
alte:ALT761_03054	ko:K02014
alte:ALT761_03056	ko:K03654
alte:ALT761_03061	ko:K18997
alte:ALT761_03062	ko:K05516
alte:ALT761_03065	ko:K09974
alte:ALT761_03067	ko:K07059
alte:ALT761_03070	ko:K07814
alte:ALT761_03074	ko:K07043
alte:ALT761_03078	ko:K00700
alte:ALT761_03080	ko:K17231
alte:ALT761_03082	ko:K03315
alte:ALT761_03083	ko:K07178
alte:ALT761_03086	ko:K21430
alte:ALT761_03088	ko:K15268
alte:ALT761_03089	ko:K09984
alte:ALT761_03094	ko:K11927
alte:ALT761_03099	ko:K03652
alte:ALT761_03101	ko:K19577
alte:ALT761_03103	ko:K06222
alte:ALT761_03107	ko:K26937
alte:ALT761_03108	ko:K13020
alte:ALT761_03113	ko:K01126
alte:ALT761_03116	ko:K03292
alte:ALT761_03118	ko:K00281
alte:ALT761_03119	ko:K02437
alte:ALT761_03120	ko:K00605
alte:ALT761_03125	ko:K18800
alte:ALT761_03126	ko:K03185
alte:ALT761_03127	ko:K01262
alte:ALT761_03128	ko:K09895
alte:ALT761_03130	ko:K00852
alte:ALT761_03133	ko:K01934
alte:ALT761_03134	ko:K01807
alte:ALT761_03135	ko:K00058
alte:ALT761_03136	ko:K07283
alte:ALT761_03137	ko:K07283
alte:ALT761_03139	ko:K06938
alte:ALT761_03140	ko:K09797
alte:ALT761_03141	ko:K21929
alte:ALT761_03143	ko:K18299
alte:ALT761_03144	ko:K18298
alte:ALT761_03147	ko:K00382
alte:ALT761_03148	ko:K00627
alte:ALT761_03149	ko:K00163
alte:ALT761_03150	ko:K05799
alte:ALT761_03151	ko:K03807
alte:ALT761_03152	ko:K03806
alte:ALT761_03153	ko:K06985
alte:ALT761_03154	ko:K00767
alte:ALT761_03155	ko:K02650
alte:ALT761_03156	ko:K02653
alte:ALT761_03157	ko:K02654
alte:ALT761_03158	ko:K00859
alte:ALT761_03159	ko:K18778
alte:ALT761_03160	ko:K09862
alte:ALT761_03161	ko:K01437
alte:ALT761_03162	ko:K03574
alte:ALT761_03163	ko:K03070
alte:ALT761_03165	ko:K02535
alte:ALT761_03166	ko:K03531
alte:ALT761_03167	ko:K03590
alte:ALT761_03168	ko:K03589
alte:ALT761_03169	ko:K01921
alte:ALT761_03170	ko:K01924
alte:ALT761_03171	ko:K02563
alte:ALT761_03172	ko:K03588
alte:ALT761_03173	ko:K01925
alte:ALT761_03174	ko:K01000
alte:ALT761_03175	ko:K01929
alte:ALT761_03176	ko:K01928
alte:ALT761_03177	ko:K03587
alte:ALT761_03178	ko:K03586
alte:ALT761_03179	ko:K03438
alte:ALT761_03180	ko:K03925
alte:ALT761_03182	ko:K01273
alte:ALT761_03183	ko:K07787
alte:ALT761_03184	ko:K07798
alte:ALT761_03185	ko:K07796
alte:ALT761_03188	ko:K24136
alte:ALT761_03192	ko:K02481
alte:ALT761_03194	ko:K16872
alte:ALT761_03197	ko:K03442
alte:ALT761_03199	ko:K09761
alte:ALT761_03200	ko:K01920
alte:ALT761_03201	ko:K07735
alte:ALT761_03202	ko:K07447
alte:ALT761_03204	ko:K02670
alte:ALT761_03205	ko:K02669
alte:ALT761_03206	ko:K06997
alte:ALT761_03207	ko:K00286
alte:ALT761_03208	ko:K02221
alte:ALT761_03211	ko:K00219
alte:ALT761_03214	ko:K06878
alte:ALT761_03215	ko:K00799
alte:ALT761_03216	ko:K09861
alte:ALT761_03217	ko:K00616
alte:ALT761_03218	ko:K01810
alte:ALT761_03220	ko:K03648
alte:ALT761_03221	ko:K01733
alte:ALT761_03222	ko:K00872
alte:ALT761_03223	ko:K12524
alte:ALT761_03225	ko:K00121
alte:ALT761_03230	ko:K03892
alte:ALT761_03231	ko:K03741
alte:ALT761_03232	ko:K11811
alte:ALT761_03233	ko:K03325
alte:ALT761_03235	ko:K00906
alte:ALT761_03236	ko:K02483
alte:ALT761_03242	ko:K27502
alte:ALT761_03243	ko:K27684
alte:ALT761_03245	ko:K07056
alte:ALT761_03246	ko:K07121
alte:ALT761_03247	ko:K07460
alte:ALT761_03248	ko:K03271
alte:ALT761_03249	ko:K28369
alte:ALT761_03254	ko:K03297
alte:ALT761_03255	ko:K07778
alte:ALT761_03256	ko:K07693
alte:ALT761_03257	ko:K02014
alte:ALT761_03259	ko:K03417
alte:ALT761_03260	ko:K01659
alte:ALT761_03261	ko:K20455
alte:ALT761_03262	ko:K09788
alte:ALT761_03264	ko:K08981
alte:ALT761_03265	ko:K09167
alte:ALT761_03266	ko:K07648
alte:ALT761_03267	ko:K00265
alte:ALT761_03268	ko:K00266
alte:ALT761_03270	ko:K07729
alte:ALT761_03273	ko:K01243
alte:ALT761_03274	ko:K02227
alte:ALT761_03275	ko:K06858
alte:ALT761_03279	ko:K01866
alte:ALT761_03281	ko:K09001
alte:ALT761_03282	ko:K02027
alte:ALT761_03283	ko:K10680
alte:ALT761_03287	ko:K15724
alte:ALT761_03289	ko:K03608
alte:ALT761_03290	ko:K03609
alte:ALT761_03291	ko:K03610
alte:ALT761_03292	ko:K01679
alte:ALT761_03295	ko:K03281
alte:ALT761_03296	ko:K08973
alte:ALT761_03299	ko:K03322
alte:ALT761_03300	ko:K14155
alte:ALT761_03302	ko:K06207
alte:ALT761_03303	ko:K01915
alte:ALT761_03305	ko:K07708
alte:ALT761_03306	ko:K07712
alte:ALT761_03308	ko:K00655
alte:ALT761_03309	ko:K09893
alte:ALT761_03312	ko:K02055
alte:ALT761_03314	ko:K01873
alte:ALT761_03315	ko:K02339
alte:ALT761_03316	ko:K01255
alte:ALT761_03317	ko:K07091
alte:ALT761_03318	ko:K11720
alte:ALT761_03320	ko:K03088
alte:ALT761_03326	ko:K26937
alte:ALT761_03327	ko:K24108
alte:ALT761_03328	ko:K24109
alte:ALT761_03329	ko:K24110
alte:ALT761_03330	ko:K24112
alte:ALT761_03331	ko:K15652
alte:ALT761_03333	ko:K14228
alte:ALT761_03340	ko:K02362
alte:ALT761_03353	ko:K06160
alte:ALT761_03359	ko:K02003
alte:ALT761_03360	ko:K02005
alte:ALT761_03364	ko:K07045
alte:ALT761_03365	ko:K02078
alte:ALT761_03366	ko:K01897
alte:ALT761_03373	ko:K01251
alte:ALT761_03381	ko:K10111
alte:ALT761_03382	ko:K10229
alte:ALT761_03383	ko:K10228
alte:ALT761_03384	ko:K10227
alte:ALT761_03389	ko:K00114
alte:ALT761_03390	ko:K02030
alte:ALT761_03393	ko:K01990
alte:ALT761_03394	ko:K01992
alte:ALT761_03395	ko:K01255
alte:ALT761_03397	ko:K06136
alte:ALT761_03398	ko:K06137
alte:ALT761_03399	ko:K06138
alte:ALT761_03400	ko:K06139
alte:ALT761_03406	ko:K20975
alte:ALT761_03408	ko:K19339
alte:ALT761_03409	ko:K00138
alte:ALT761_03411	ko:K07675
alte:ALT761_03419	ko:K08191
alte:ALT761_03421	ko:K00059
alte:ALT761_03423	ko:K26933
alte:ALT761_03424	ko:K08191
alte:ALT761_03427	ko:K11927
alte:ALT761_03433	ko:K01625
alte:ALT761_03434	ko:K00874
alte:ALT761_03435	ko:K19775
alte:ALT761_03438	ko:K03782
alte:ALT761_03440	ko:K11747
alte:ALT761_03442	ko:K01115
alte:ALT761_03444	ko:K19338
alte:ALT761_03445	ko:K02014
alte:ALT761_03447	ko:K00817
alte:ALT761_03449	ko:K03410
alte:ALT761_03450	ko:K02482
alte:ALT761_03452	ko:K02336
alte:ALT761_03454	ko:K01985
alte:ALT761_03455	ko:K01980
alte:ALT761_03457	ko:K14227
alte:ALT761_03458	ko:K14218
alte:ALT761_03459	ko:K01977
alte:ALT761_03462	ko:K00557
alte:ALT761_03463	ko:K22105
alte:ALT761_03465	ko:K00507
alte:ALT761_03466	ko:K00322
alte:ALT761_03471	ko:K00390
alte:ALT761_03472	ko:K00381
alte:ALT761_03473	ko:K00380
alte:ALT761_03474	ko:K16089
alte:ALT761_03479	ko:K03969
alte:ALT761_03481	ko:K05539
alte:ALT761_03486	ko:K01070
alte:ALT761_03489	ko:K16053
alte:ALT761_03493	ko:K03308
alte:ALT761_03496	ko:K07304
alte:ALT761_03499	ko:K03840
alte:ALT761_03501	ko:K03559
alte:ALT761_03503	ko:K20543
alte:ALT761_03504	ko:K20542
alte:ALT761_03505	ko:K20541
alte:ALT761_03506	ko:K00694
alte:ALT761_03509	ko:K15460
alte:ALT761_03511	ko:K01278
alte:ALT761_03514	ko:K01754
alte:ALT761_03516	ko:K01069
alte:ALT761_03520	ko:K09703
alte:ALT761_03524	ko:K02346
alte:ALT761_03525	ko:K05952
alte:ALT761_03526	ko:K03734
alte:ALT761_03527	ko:K00351
alte:ALT761_03528	ko:K00350
alte:ALT761_03529	ko:K00349
alte:ALT761_03530	ko:K00348
alte:ALT761_03531	ko:K00347
alte:ALT761_03532	ko:K00346
alte:ALT761_03533	ko:K00209
alte:ALT761_03534	ko:K03773
alte:ALT761_03535	ko:K01595
alte:ALT761_03536	ko:K03782
alte:ALT761_03538	ko:K00024
alte:ALT761_03539	ko:K03402
alte:ALT761_03540	ko:K02014
alte:ALT761_03545	ko:K00876
alte:ALT761_03546	ko:K03317
alte:ALT761_03552	ko:K02342
alte:ALT761_03553	ko:K07182
alte:ALT761_03554	ko:K14393
alte:ALT761_03558	ko:K05844
alte:ALT761_03559	ko:K06987
alte:ALT761_03563	ko:K01895
alte:ALT761_03565	ko:K14683
alte:ALT761_03568	ko:K17734
alte:ALT761_03573	ko:K07684
alte:ALT761_03576	ko:K06867
alte:ALT761_03577	ko:K03781
alte:ALT761_03579	ko:K07093
alte:ALT761_03581	ko:K02358
alte:ALT761_03582	ko:K14234
alte:ALT761_03583	ko:K14225
alte:ALT761_03584	ko:K14236
alte:ALT761_03585	ko:K14234
alte:ALT761_03586	ko:K03525
alte:ALT761_03587	ko:K03524
alte:ALT761_03588	ko:K00075
alte:ALT761_03590	ko:K01985
alte:ALT761_03591	ko:K01980
alte:ALT761_03592	ko:K14218
alte:ALT761_03593	ko:K14227
alte:ALT761_03594	ko:K01977
alte:ALT761_03600	ko:K03717
alte:ALT761_03602	ko:K00012
alte:ALT761_03603	ko:K01710
alte:ALT761_03604	ko:K00067
alte:ALT761_03605	ko:K01790
alte:ALT761_03606	ko:K00973
alte:ALT761_03609	ko:K01666
alte:ALT761_03625	ko:K00971
alte:ALT761_03626	ko:K02879
alte:ALT761_03627	ko:K03040
alte:ALT761_03628	ko:K02986
alte:ALT761_03629	ko:K02948
alte:ALT761_03630	ko:K02952
alte:ALT761_03632	ko:K02919
alte:ALT761_03633	ko:K03076
alte:ALT761_03634	ko:K02876
alte:ALT761_03635	ko:K02907
alte:ALT761_03636	ko:K02988
alte:ALT761_03637	ko:K02881
alte:ALT761_03638	ko:K02933
alte:ALT761_03639	ko:K02994
alte:ALT761_03640	ko:K02954
alte:ALT761_03641	ko:K02931
alte:ALT761_03642	ko:K02895
alte:ALT761_03643	ko:K02874
alte:ALT761_03646	ko:K14645
alte:ALT761_03647	ko:K03218
alte:ALT761_03648	ko:K12573
alte:ALT761_03649	ko:K01113
alte:ALT761_03650	ko:K02014
alte:ALT761_03651	ko:K21217
alte:ALT761_03653	ko:K03182
alte:ALT761_03654	ko:K05368
alte:ALT761_03659	ko:K00425
alte:ALT761_03660	ko:K00426
alte:ALT761_03662	ko:K03406
alte:ALT761_03663	ko:K05800
alte:ALT761_03664	ko:K01738
alte:ALT761_03667	ko:K03704
alte:ALT761_03668	ko:K03688
alte:ALT761_03669	ko:K03690
alte:ALT761_03670	ko:K03183
alte:ALT761_03672	ko:K01414
alte:ALT761_03677	ko:K00383
alte:ALT761_03680	ko:K28139
alte:ALT761_03681	ko:K13408
alte:ALT761_03682	ko:K13409
alte:ALT761_03686	ko:K03667
alte:ALT761_03687	ko:K01419
alte:ALT761_03688	ko:K03591
alte:ALT761_03689	ko:K04066
alte:ALT761_03690	ko:K02909
alte:ALT761_03693	ko:K00029
alte:ALT761_03694	ko:K03764
alte:ALT761_03695	ko:K00297
alte:ALT761_03696	ko:K07058
alte:ALT761_03699	ko:K01259
alte:ALT761_03700	ko:K07560
alte:ALT761_03702	ko:K03089
alte:ALT761_03705	ko:K09811
alte:ALT761_03706	ko:K09812
alte:ALT761_03707	ko:K03110
alte:ALT761_03708	ko:K08316
alte:ALT761_03709	ko:K09891
alte:ALT761_03712	ko:K07751
alte:ALT761_03713	ko:K06206
alte:ALT761_03714	ko:K06204
alte:ALT761_03715	ko:K01894
alte:ALT761_03716	ko:K00970
alte:ALT761_03717	ko:K00950
alte:ALT761_03718	ko:K00606
alte:ALT761_03719	ko:K01918
alte:ALT761_03720	ko:K01580
alte:ALT761_03723	ko:K01992
alte:ALT761_03724	ko:K01990
alte:ALT761_03726	ko:K02483
alte:ALT761_03728	ko:K16090
alte:ALT761_03729	ko:K07336
alte:ALT761_03732	ko:K03699
alte:ALT761_03733	ko:K07089
alte:ALT761_03734	ko:K06200
alte:ALT761_03738	ko:K28139
alte:ALT761_03740	ko:K02358
alte:ALT761_03741	ko:K02355
alte:ALT761_03742	ko:K02992
alte:ALT761_03743	ko:K02950
alte:ALT761_03744	ko:K03046
alte:ALT761_03745	ko:K03043
alte:ALT761_03746	ko:K02935
alte:ALT761_03747	ko:K02864
alte:ALT761_03748	ko:K02863
alte:ALT761_03749	ko:K02867
alte:ALT761_03751	ko:K02601
alte:ALT761_03752	ko:K03073
alte:ALT761_03753	ko:K14235
alte:ALT761_03755	ko:K18893
alte:ALT761_03756	ko:K10218
alte:ALT761_03758	ko:K07386
alte:ALT761_03759	ko:K09964
alte:ALT761_03760	ko:K05591
alte:ALT761_03762	ko:K01465
alte:ALT761_03763	ko:K06193
alte:ALT761_03764	ko:K03098
alte:ALT761_03766	ko:K08234
alte:ALT761_03768	ko:K01495
alte:ALT761_03770	ko:K12251
alte:ALT761_03771	ko:K06953
alte:ALT761_03772	ko:K03724
alte:ALT761_03773	ko:K07577
alte:ALT761_03776	ko:K00847
alte:ALT761_03779	ko:K11209
alte:ALT761_03780	ko:K00799
alte:ALT761_03782	ko:K01046
alte:ALT761_03783	ko:K00568
alte:ALT761_03784	ko:K09966
alte:ALT761_03786	ko:K01652
alte:ALT761_03788	ko:K01772
alte:ALT761_03789	ko:K12942
alte:ALT761_03790	ko:K04087
alte:ALT761_03791	ko:K04088
alte:ALT761_03792	ko:K03665
alte:ALT761_03793	ko:K03666
alte:ALT761_03794	ko:K00791
alte:ALT761_03795	ko:K03572
alte:ALT761_03796	ko:K01448
alte:ALT761_03797	ko:K06925
alte:ALT761_03798	ko:K23997
alte:ALT761_03799	ko:K18979
alte:ALT761_03801	ko:K01599
alte:ALT761_03802	ko:K03426
alte:ALT761_03803	ko:K07740
alte:ALT761_03804	ko:K09823
alte:ALT761_03805	ko:K03409
alte:ALT761_03807	ko:K03286
alte:ALT761_03808	ko:K02314
alte:ALT761_03812	ko:K03088
alte:ALT761_03815	ko:K02939
alte:ALT761_03816	ko:K02963
alte:ALT761_03817	ko:K02990
alte:ALT761_03820	ko:K09918
alte:ALT761_03821	ko:K03776
alte:ALT761_03824	ko:K02529
alte:ALT761_03825	ko:K03292
alte:ALT761_03826	ko:K05350
alte:ALT761_03827	ko:K07226
alte:ALT761_03828	ko:K10834
alte:ALT761_03829	ko:K25133
alte:ALT761_03830	ko:K25132
alte:ALT761_03832	ko:K16089
alte:ALT761_03833	ko:K02429
alte:ALT761_03834	ko:K05349
alte:ALT761_03840	ko:K03710
alte:ALT761_03841	ko:K07090
alte:ALT761_03842	ko:K01811
alte:ALT761_03843	ko:K03307
alte:ALT761_03844	ko:K16264
alte:ALT761_03851	ko:K02014
alte:ALT761_03852	ko:K16012
alte:ALT761_03853	ko:K16013
alte:ALT761_03854	ko:K00424
alte:ALT761_03855	ko:K00426
alte:ALT761_03856	ko:K00425
alte:ALT761_03860	ko:K02014
alte:ALT761_03861	ko:K07090
alte:ALT761_03864	ko:K02356
alte:ALT761_03868	ko:K22479
alte:ALT761_03877	ko:K07003
alte:ALT761_03889	ko:K15034
alte:ALT761_03897	ko:K03885
alte:ALT761_03898	ko:K02014
alte:ALT761_03901	ko:K21698
alte:ALT761_03902	ko:K06076
alte:ALT761_03905	ko:K20974
alte:ALT761_03907	ko:K09705
alte:ALT761_03909	ko:K02004
alte:ALT761_03910	ko:K02003
alte:ALT761_03911	ko:K09950
alte:ALT761_03913	ko:K09950
alte:ALT761_03917	ko:K02014
alte:ALT761_03921	ko:K00820
alte:ALT761_03923	ko:K04042
alte:ALT761_03926	ko:K00567
alte:ALT761_03927	ko:K13529
alte:ALT761_03928	ko:K01467
alte:ALT761_03929	ko:K01585
alte:ALT761_03931	ko:K00325
alte:ALT761_03932	ko:K00324
alte:ALT761_03933	ko:K00324
alte:ALT761_03936	ko:K03769
alte:ALT761_03941	ko:K04077
alte:ALT761_03942	ko:K04078
alte:ALT761_03943	ko:K07113
alte:ALT761_03944	ko:K04084
alte:ALT761_03946	ko:K03786
alte:ALT761_03947	ko:K02160
alte:ALT761_03948	ko:K01961
alte:ALT761_03956	ko:K01426
alte:ALT761_03957	ko:K02030
alte:ALT761_03958	ko:K02687
alte:ALT761_03959	ko:K05540
alte:ALT761_03960	ko:K03557
alte:ALT761_03961	ko:K00602
alte:ALT761_03963	ko:K01945
alte:ALT761_03965	ko:K10716
alte:ALT761_03966	ko:K28462
alte:ALT761_03968	ko:K07659
alte:ALT761_03969	ko:K07638
alte:ALT761_03972	ko:K01610
alte:ALT761_03973	ko:K04083
alte:ALT761_03974	ko:K04762
alte:ALT761_03975	ko:K02452
alte:ALT761_03976	ko:K02453
alte:ALT761_03977	ko:K02454
alte:ALT761_03978	ko:K02455
alte:ALT761_03979	ko:K02456
alte:ALT761_03980	ko:K02457
alte:ALT761_03981	ko:K02458
alte:ALT761_03982	ko:K02459
alte:ALT761_03983	ko:K02460
alte:ALT761_03984	ko:K02461
alte:ALT761_03985	ko:K02462
alte:ALT761_03986	ko:K02463
alte:ALT761_03988	ko:K00135
alte:ALT761_03989	ko:K01529
alte:ALT761_03990	ko:K20881
alte:ALT761_03991	ko:K08312
alte:ALT761_03992	ko:K01082
alte:ALT761_03994	ko:K03669
alte:ALT761_03995	ko:K03670
alte:ALT761_03997	ko:K09898
alte:ALT761_03998	ko:K07019
alte:ALT761_04000	ko:K06158
alte:ALT761_04001	ko:K07070
alte:ALT761_04003	ko:K03745
alte:ALT761_04005	ko:K03772
alte:ALT761_04007	ko:K04760
alte:ALT761_04008	ko:K06959
alte:ALT761_04011	ko:K02170
alte:ALT761_04014	ko:K07400
alte:ALT761_04016	ko:K25316
alte:ALT761_04019	ko:K13652
alte:ALT761_04020	ko:K26937
alte:ALT761_04023	ko:K07152
alte:ALT761_04024	ko:K02257
alte:ALT761_04025	ko:K02259
alte:ALT761_04027	ko:K14998
alte:ALT761_04029	ko:K02276
alte:ALT761_04030	ko:K02258
alte:ALT761_04031	ko:K02274
alte:ALT761_04032	ko:K02275
alte:ALT761_04033	ko:K01356
alte:ALT761_04035	ko:K16090
alte:ALT761_04037	ko:K00631
alte:ALT761_04038	ko:K01754
alte:ALT761_04039	ko:K01687
alte:ALT761_04040	ko:K00826
alte:ALT761_04042	ko:K07391
alte:ALT761_04043	ko:K02521
alte:ALT761_04044	ko:K00053
alte:ALT761_04045	ko:K07552
alte:ALT761_04047	ko:K07278
alte:ALT761_04048	ko:K09800
alte:ALT761_04050	ko:K03088
alte:ALT761_04053	ko:K00018
alte:ALT761_04054	ko:K07107
alte:ALT761_04055	ko:K00931
alte:ALT761_04063	ko:K09986
alte:ALT761_04069	ko:K04085
alte:ALT761_04070	ko:K00762
alte:ALT761_04071	ko:K00989
alte:ALT761_04074	ko:K14266
alte:ALT761_04075	ko:K14266
alte:ALT761_04077	ko:K05350
alte:ALT761_04078	ko:K03292
alte:ALT761_04079	ko:K02529
alte:ALT761_04082	ko:K25135
alte:ALT761_04083	ko:K07443
alte:ALT761_04084	ko:K05812
alte:ALT761_04085	ko:K00799
alte:ALT761_04088	ko:K02114
alte:ALT761_04089	ko:K02112
alte:ALT761_04090	ko:K02115
alte:ALT761_04091	ko:K02111
alte:ALT761_04092	ko:K02113
alte:ALT761_04093	ko:K02109
alte:ALT761_04094	ko:K02110
alte:ALT761_04095	ko:K02108
alte:ALT761_04096	ko:K02116
alte:ALT761_04097	ko:K03497
alte:ALT761_04098	ko:K03496
alte:ALT761_04099	ko:K03501
alte:ALT761_04100	ko:K03495
alte:ALT761_04102	ko:K02315
alte:ALT761_04103	ko:K02317
alte:ALT761_04104	ko:K06205
alte:ALT761_04105	ko:K03650
alte:ALT761_04106	ko:K09767
alte:ALT761_04107	ko:K03217
alte:ALT761_04108	ko:K08998
alte:ALT761_04109	ko:K03536
alte:ALT761_04110	ko:K02914
alte:ALT761_04111	ko:K03496
alte:ALT761_04115	ko:K00874
alte:ALT761_04116	ko:K11688
alte:ALT761_04117	ko:K11689
alte:ALT761_04118	ko:K11690
alte:ALT761_04119	ko:K00065
alte:ALT761_04120	ko:K01815
alte:ALT761_04124	ko:K01820
alte:ALT761_04125	ko:K29125
alte:ALT761_04130	ko:K25010
alte:ALT761_04131	ko:K26059
alte:ALT761_04132	ko:K26060
alte:ALT761_04134	ko:K03088
alte:ALT761_04135	ko:K05989
alte:ALT761_04146	ko:K01190
alte:ALT761_04148	ko:K25010
alte:ALT761_04153	ko:K01091
alte:ALT761_04155	ko:K07667
alte:ALT761_04156	ko:K03499
alte:ALT761_04157	ko:K03498
alte:ALT761_04161	ko:K26933
alte:ALT761_04162	ko:K05989
alte:ALT761_04166	ko:K03534
alte:ALT761_04167	ko:K00324
alte:ALT761_04168	ko:K00324
alte:ALT761_04169	ko:K00325
alte:ALT761_04177	ko:K05989
alte:ALT761_04180	ko:K19745
alte:ALT761_04183	ko:K07154
