amac:MASE_00005	ko:K02313
amac:MASE_00010	ko:K02338
amac:MASE_00015	ko:K03629
amac:MASE_00020	ko:K02470
amac:MASE_00040	ko:K01879
amac:MASE_00045	ko:K01878
amac:MASE_00050	ko:K01246
amac:MASE_00060	ko:K09894
amac:MASE_00075	ko:K03978
amac:MASE_00080	ko:K02335
amac:MASE_00090	ko:K03498
amac:MASE_00095	ko:K03499
amac:MASE_00100	ko:K03500
amac:MASE_00105	ko:K00604
amac:MASE_00110	ko:K01462
amac:MASE_00120	ko:K04096
amac:MASE_00125	ko:K03747
amac:MASE_00130	ko:K07479
amac:MASE_00135	ko:K07566
amac:MASE_00140	ko:K00228
amac:MASE_00145	ko:K07275
amac:MASE_00150	ko:K06886
amac:MASE_00155	ko:K00014
amac:MASE_00170	ko:K12976
amac:MASE_00185	ko:K14162
amac:MASE_00190	ko:K14161
amac:MASE_00220	ko:K05501
amac:MASE_00225	ko:K13038
amac:MASE_00230	ko:K03630
amac:MASE_00255	ko:K02902
amac:MASE_00260	ko:K02913
amac:MASE_00270	ko:K10563
amac:MASE_00275	ko:K00954
amac:MASE_00280	ko:K11211
amac:MASE_00300	ko:K00639
amac:MASE_00305	ko:K00060
amac:MASE_00310	ko:K02439
amac:MASE_00315	ko:K02441
amac:MASE_00320	ko:K02415
amac:MASE_00325	ko:K03181
amac:MASE_00330	ko:K03179
amac:MASE_00335	ko:K09806
amac:MASE_00340	ko:K03656
amac:MASE_00355	ko:K03315
amac:MASE_00360	ko:K03451
amac:MASE_00400	ko:K16088
amac:MASE_00415	ko:K00249
amac:MASE_00430	ko:K06918
amac:MASE_00435	ko:K08990
amac:MASE_00445	ko:K03150
amac:MASE_00450	ko:K03149
amac:MASE_00455	ko:K03154
amac:MASE_00460	ko:K03148
amac:MASE_00465	ko:K14153
amac:MASE_00470	ko:K03147
amac:MASE_00475	ko:K02498
amac:MASE_00480	ko:K02496
amac:MASE_00485	ko:K01719
amac:MASE_00490	ko:K01749
amac:MASE_00495	ko:K21022
amac:MASE_00500	ko:K06999
amac:MASE_00505	ko:K00942
amac:MASE_00510	ko:K03060
amac:MASE_00515	ko:K01139
amac:MASE_00525	ko:K00556
amac:MASE_00540	ko:K15984
amac:MASE_00545	ko:K24138
amac:MASE_00555	ko:K02012
amac:MASE_00560	ko:K02011
amac:MASE_00565	ko:K02010
amac:MASE_00575	ko:K07275
amac:MASE_00590	ko:K21973
amac:MASE_00600	ko:K05596
amac:MASE_00605	ko:K06895
amac:MASE_00610	ko:K11741
amac:MASE_00625	ko:K03585
amac:MASE_00630	ko:K18138
amac:MASE_00660	ko:K03406
amac:MASE_00675	ko:K01497
amac:MASE_00690	ko:K00799
amac:MASE_00695	ko:K03654
amac:MASE_00700	ko:K01073
amac:MASE_00705	ko:K06213
amac:MASE_00710	ko:K05786
amac:MASE_00725	ko:K03657
amac:MASE_00730	ko:K00640
amac:MASE_00740	ko:K20862
amac:MASE_00745	ko:K03733
amac:MASE_00750	ko:K09921
amac:MASE_00755	ko:K01778
amac:MASE_00760	ko:K01586
amac:MASE_00775	ko:K19302
amac:MASE_00780	ko:K02553
amac:MASE_00785	ko:K02027
amac:MASE_00790	ko:K05986
amac:MASE_00795	ko:K03186
amac:MASE_00800	ko:K02558
amac:MASE_00805	ko:K03841
amac:MASE_00810	ko:K01507
amac:MASE_00815	ko:K09950
amac:MASE_00820	ko:K01714
amac:MASE_00830	ko:K07107
amac:MASE_00840	ko:K03797
amac:MASE_00845	ko:K04046
amac:MASE_00855	ko:K03701
amac:MASE_00875	ko:K06889
amac:MASE_00885	ko:K02529
amac:MASE_00890	ko:K01785
amac:MASE_00895	ko:K00965
amac:MASE_00900	ko:K00849
amac:MASE_00905	ko:K03307
amac:MASE_00910	ko:K03111
amac:MASE_00925	ko:K07407
amac:MASE_00930	ko:K03307
amac:MASE_00935	ko:K02014
amac:MASE_00940	ko:K00864
amac:MASE_00945	ko:K02444
amac:MASE_00950	ko:K00111
amac:MASE_00965	ko:K12279
amac:MASE_00970	ko:K12279
amac:MASE_00975	ko:K12280
amac:MASE_00980	ko:K12281
amac:MASE_00985	ko:K12282
amac:MASE_00990	ko:K12283
amac:MASE_00995	ko:K12284
amac:MASE_01000	ko:K12276
amac:MASE_01005	ko:K12278
amac:MASE_01015	ko:K10925
amac:MASE_01020	ko:K10924
amac:MASE_01025	ko:K10926
amac:MASE_01030	ko:K10927
amac:MASE_01035	ko:K12285
amac:MASE_01040	ko:K12286
amac:MASE_01045	ko:K12287
amac:MASE_01050	ko:K03569
amac:MASE_01055	ko:K03570
amac:MASE_01060	ko:K03571
amac:MASE_01065	ko:K06287
amac:MASE_01070	ko:K08301
amac:MASE_01080	ko:K11206
amac:MASE_01085	ko:K03568
amac:MASE_01095	ko:K09889
amac:MASE_01100	ko:K03592
amac:MASE_01110	ko:K01190
amac:MASE_01115	ko:K07773
amac:MASE_01125	ko:K00703
amac:MASE_01130	ko:K00564
amac:MASE_01135	ko:K03439
amac:MASE_01145	ko:K03575
amac:MASE_01165	ko:K03406
amac:MASE_01170	ko:K03413
amac:MASE_01175	ko:K03407
amac:MASE_01180	ko:K03408
amac:MASE_01185	ko:K03406
amac:MASE_01190	ko:K00575
amac:MASE_01195	ko:K03411
amac:MASE_01200	ko:K03412
amac:MASE_01205	ko:K03406
amac:MASE_01210	ko:K03413
amac:MASE_01215	ko:K03407
amac:MASE_01220	ko:K03408
amac:MASE_01225	ko:K03406
amac:MASE_01230	ko:K03406
amac:MASE_01235	ko:K00575
amac:MASE_01240	ko:K03411
amac:MASE_01245	ko:K03412
amac:MASE_01255	ko:K01560
amac:MASE_01275	ko:K01194
amac:MASE_01320	ko:K05499
amac:MASE_01340	ko:K01816
amac:MASE_01345	ko:K26059
amac:MASE_01350	ko:K26060
amac:MASE_01360	ko:K19954
amac:MASE_01365	ko:K00826
amac:MASE_01370	ko:K01834
amac:MASE_01375	ko:K09705
amac:MASE_01380	ko:K27802
amac:MASE_01395	ko:K02946
amac:MASE_01400	ko:K02906
amac:MASE_01405	ko:K02926
amac:MASE_01410	ko:K02892
amac:MASE_01415	ko:K02886
amac:MASE_01420	ko:K02965
amac:MASE_01425	ko:K02890
amac:MASE_01430	ko:K02982
amac:MASE_01435	ko:K02878
amac:MASE_01440	ko:K02904
amac:MASE_01445	ko:K02961
amac:MASE_01455	ko:K02527
amac:MASE_01475	ko:K03406
amac:MASE_01480	ko:K01284
amac:MASE_01500	ko:K01433
amac:MASE_01505	ko:K01975
amac:MASE_01510	ko:K03579
amac:MASE_01520	ko:K08305
amac:MASE_01525	ko:K05365
amac:MASE_01540	ko:K09781
amac:MASE_01560	ko:K04752
amac:MASE_01565	ko:K03320
amac:MASE_01570	ko:K00681
amac:MASE_01575	ko:K07223
amac:MASE_01585	ko:K01845
amac:MASE_01590	ko:K00609
amac:MASE_01595	ko:K18301
amac:MASE_01615	ko:K07678
amac:MASE_01620	ko:K02621
amac:MASE_01640	ko:K06447
amac:MASE_01645	ko:K00673
amac:MASE_01650	ko:K00821
amac:MASE_01660	ko:K01664
amac:MASE_01665	ko:K01867
amac:MASE_01670	ko:K01783
amac:MASE_01690	ko:K06223
amac:MASE_01695	ko:K03112
amac:MASE_01700	ko:K01735
amac:MASE_01705	ko:K00891
amac:MASE_01710	ko:K02666
amac:MASE_01715	ko:K02665
amac:MASE_01720	ko:K02664
amac:MASE_01725	ko:K02663
amac:MASE_01730	ko:K02662
amac:MASE_01735	ko:K05366
amac:MASE_01740	ko:K00027
amac:MASE_01750	ko:K11209
amac:MASE_01760	ko:K03781
amac:MASE_01800	ko:K01755
amac:MASE_01805	ko:K01940
amac:MASE_01810	ko:K00611
amac:MASE_01815	ko:K00930
amac:MASE_01820	ko:K00145
amac:MASE_01825	ko:K01734
amac:MASE_01835	ko:K02393
amac:MASE_01845	ko:K06006
amac:MASE_01850	ko:K07662
amac:MASE_01855	ko:K07640
amac:MASE_01860	ko:K01048
amac:MASE_01865	ko:K03216
amac:MASE_01870	ko:K13888
amac:MASE_01875	ko:K05685
amac:MASE_01880	ko:K18139
amac:MASE_01890	ko:K00057
amac:MASE_01895	ko:K03071
amac:MASE_01900	ko:K03676
amac:MASE_01910	ko:K22719
amac:MASE_01915	ko:K09798
amac:MASE_01925	ko:K01126
amac:MASE_01935	ko:K01613
amac:MASE_01940	ko:K06949
amac:MASE_01945	ko:K13288
amac:MASE_01960	ko:K02014
amac:MASE_01970	ko:K09897
amac:MASE_01975	ko:K01652
amac:MASE_01980	ko:K01653
amac:MASE_01990	ko:K03116
amac:MASE_01995	ko:K03117
amac:MASE_02000	ko:K03118
amac:MASE_02010	ko:K03424
amac:MASE_02020	ko:K01698
amac:MASE_02025	ko:K01524
amac:MASE_02040	ko:K03671
amac:MASE_02045	ko:K03628
amac:MASE_02060	ko:K03313
amac:MASE_02065	ko:K01588
amac:MASE_02070	ko:K01589
amac:MASE_02075	ko:K09796
amac:MASE_02080	ko:K04047
amac:MASE_02085	ko:K21430
amac:MASE_02100	ko:K05838
amac:MASE_02115	ko:K09937
amac:MASE_02120	ko:K01939
amac:MASE_02125	ko:K00128
amac:MASE_02130	ko:K06991
amac:MASE_02145	ko:K00681
amac:MASE_02155	ko:K01207
amac:MASE_02160	ko:K03442
amac:MASE_02170	ko:K07106
amac:MASE_02175	ko:K01775
amac:MASE_02195	ko:K19000
amac:MASE_02205	ko:K02030
amac:MASE_02225	ko:K00600
amac:MASE_02235	ko:K06193
amac:MASE_02240	ko:K03829
amac:MASE_02250	ko:K09771
amac:MASE_02310	ko:K00632
amac:MASE_02315	ko:K01825
amac:MASE_02320	ko:K08309
amac:MASE_02325	ko:K01271
amac:MASE_02330	ko:K07238
amac:MASE_02335	ko:K02523
amac:MASE_02340	ko:K02888
amac:MASE_02345	ko:K02899
amac:MASE_02350	ko:K03979
amac:MASE_02360	ko:K00518
amac:MASE_02375	ko:K00287
amac:MASE_02380	ko:K03087
amac:MASE_02385	ko:K06194
amac:MASE_02395	ko:K00573
amac:MASE_02400	ko:K06176
amac:MASE_02405	ko:K01770
amac:MASE_02410	ko:K00991
amac:MASE_02415	ko:K05589
amac:MASE_02425	ko:K03406
amac:MASE_02435	ko:K13953
amac:MASE_02445	ko:K13821
amac:MASE_02450	ko:K18139
amac:MASE_02480	ko:K07184
amac:MASE_02485	ko:K18446
amac:MASE_02495	ko:K03573
amac:MASE_02500	ko:K08311
amac:MASE_02505	ko:K08484
amac:MASE_02510	ko:K07090
amac:MASE_02515	ko:K13292
amac:MASE_02520	ko:K00560
amac:MASE_02540	ko:K08218
amac:MASE_02555	ko:K06177
amac:MASE_02560	ko:K03580
amac:MASE_02575	ko:K07175
amac:MASE_02600	ko:K14266
amac:MASE_02605	ko:K02302
amac:MASE_02610	ko:K05592
amac:MASE_02620	ko:K08714
amac:MASE_02630	ko:K12340
amac:MASE_02635	ko:K01515
amac:MASE_02640	ko:K09920
amac:MASE_02645	ko:K03651
amac:MASE_02650	ko:K07000
amac:MASE_02655	ko:K02622
amac:MASE_02685	ko:K19810
amac:MASE_02690	ko:K02356
amac:MASE_02695	ko:K04568
amac:MASE_02700	ko:K02014
amac:MASE_02715	ko:K03767
amac:MASE_02720	ko:K11391
amac:MASE_02735	ko:K05527
amac:MASE_02745	ko:K09962
amac:MASE_02755	ko:K07729
amac:MASE_02770	ko:K03321
amac:MASE_02780	ko:K00362
amac:MASE_02785	ko:K00363
amac:MASE_02790	ko:K00372
amac:MASE_02795	ko:K02303
amac:MASE_02805	ko:K11751
amac:MASE_02815	ko:K03406
amac:MASE_02820	ko:K15576
amac:MASE_02825	ko:K15577
amac:MASE_02830	ko:K15578
amac:MASE_02845	ko:K03673
amac:MASE_02850	ko:K16092
amac:MASE_02880	ko:K20035
amac:MASE_02910	ko:K12152
amac:MASE_02915	ko:K03585
amac:MASE_02920	ko:K18138
amac:MASE_02935	ko:K03406
amac:MASE_02940	ko:K03086
amac:MASE_02945	ko:K02316
amac:MASE_02950	ko:K09117
amac:MASE_02955	ko:K02970
amac:MASE_02960	ko:K25706
amac:MASE_02970	ko:K08591
amac:MASE_02975	ko:K01633
amac:MASE_02980	ko:K00950
amac:MASE_02985	ko:K06153
amac:MASE_02990	ko:K02503
amac:MASE_03005	ko:K05782
amac:MASE_03010	ko:K23779
amac:MASE_03015	ko:K03554
amac:MASE_03025	ko:K07657
amac:MASE_03030	ko:K07636
amac:MASE_03035	ko:K02040
amac:MASE_03040	ko:K00472
amac:MASE_03060	ko:K03561
amac:MASE_03065	ko:K03561
amac:MASE_03070	ko:K03559
amac:MASE_03075	ko:K03832
amac:MASE_03085	ko:K07814
amac:MASE_03100	ko:K01897
amac:MASE_03110	ko:K21430
amac:MASE_03115	ko:K01682
amac:MASE_03135	ko:K26441
amac:MASE_03140	ko:K01682
amac:MASE_03145	ko:K09005
amac:MASE_03150	ko:K00928
amac:MASE_03160	ko:K03406
amac:MASE_03165	ko:K01525
amac:MASE_03170	ko:K06195
amac:MASE_03175	ko:K02528
amac:MASE_03180	ko:K00097
amac:MASE_03185	ko:K03771
amac:MASE_03190	ko:K04744
amac:MASE_03195	ko:K05801
amac:MASE_03210	ko:K03981
amac:MASE_03215	ko:K07462
amac:MASE_03225	ko:K03584
amac:MASE_03230	ko:K03474
amac:MASE_03235	ko:K00997
amac:MASE_03240	ko:K03215
amac:MASE_03245	ko:K00951
amac:MASE_03250	ko:K04765
amac:MASE_03260	ko:K02014
amac:MASE_03265	ko:K09790
amac:MASE_03270	ko:K28139
amac:MASE_03275	ko:K16089
amac:MASE_03290	ko:K02871
amac:MASE_03295	ko:K02996
amac:MASE_03300	ko:K00411
amac:MASE_03305	ko:K00412
amac:MASE_03310	ko:K00413
amac:MASE_03315	ko:K03599
amac:MASE_03320	ko:K03600
amac:MASE_03335	ko:K07775
amac:MASE_03340	ko:K06213
amac:MASE_03345	ko:K08485
amac:MASE_03350	ko:K06958
amac:MASE_03355	ko:K02806
amac:MASE_03360	ko:K05808
amac:MASE_03365	ko:K03092
amac:MASE_03370	ko:K06861
amac:MASE_03375	ko:K09774
amac:MASE_03380	ko:K11719
amac:MASE_03385	ko:K03270
amac:MASE_03390	ko:K06041
amac:MASE_03395	ko:K07301
amac:MASE_03400	ko:K02065
amac:MASE_03405	ko:K02066
amac:MASE_03410	ko:K02067
amac:MASE_03415	ko:K07323
amac:MASE_03420	ko:K07122
amac:MASE_03430	ko:K00790
amac:MASE_03435	ko:K04691
amac:MASE_03440	ko:K04772
amac:MASE_03450	ko:K06916
amac:MASE_03470	ko:K06886
amac:MASE_03515	ko:K12257
amac:MASE_03520	ko:K11105
amac:MASE_03530	ko:K02014
amac:MASE_03535	ko:K03298
amac:MASE_03550	ko:K01999
amac:MASE_03565	ko:K00789
amac:MASE_03570	ko:K00615
amac:MASE_03575	ko:K03472
amac:MASE_03580	ko:K00927
amac:MASE_03585	ko:K01623
amac:MASE_03590	ko:K00901
amac:MASE_03595	ko:K03760
amac:MASE_03615	ko:K03585
amac:MASE_03635	ko:K18139
amac:MASE_03650	ko:K02030
amac:MASE_03655	ko:K01524
amac:MASE_03660	ko:K00937
amac:MASE_03670	ko:K02037
amac:MASE_03675	ko:K02038
amac:MASE_03680	ko:K02036
amac:MASE_03685	ko:K02039
amac:MASE_03690	ko:K03306
amac:MASE_03695	ko:K14055
amac:MASE_03700	ko:K04761
amac:MASE_03705	ko:K03088
amac:MASE_03725	ko:K11068
amac:MASE_03735	ko:K23775
amac:MASE_03740	ko:K04063
amac:MASE_03745	ko:K01254
amac:MASE_03765	ko:K03406
amac:MASE_03790	ko:K03547
amac:MASE_03795	ko:K03546
amac:MASE_03815	ko:K20534
amac:MASE_03830	ko:K07862
amac:MASE_03835	ko:K01479
amac:MASE_03840	ko:K01468
amac:MASE_03845	ko:K05836
amac:MASE_03850	ko:K01712
amac:MASE_03855	ko:K01745
amac:MASE_03860	ko:K05805
amac:MASE_03885	ko:K01728
amac:MASE_03895	ko:K07552
amac:MASE_03910	ko:K03744
amac:MASE_03940	ko:K03427
amac:MASE_03945	ko:K01154
amac:MASE_03950	ko:K01153
amac:MASE_03980	ko:K00428
amac:MASE_04000	ko:K02477
amac:MASE_04005	ko:K06518
amac:MASE_04045	ko:K01519
amac:MASE_04050	ko:K05590
amac:MASE_04065	ko:K00974
amac:MASE_04070	ko:K02450
amac:MASE_04075	ko:K02451
amac:MASE_04080	ko:K25135
amac:MASE_04085	ko:K01704
amac:MASE_04100	ko:K00052
amac:MASE_04105	ko:K01649
amac:MASE_04135	ko:K01729
amac:MASE_04140	ko:K20525
amac:MASE_04145	ko:K26933
amac:MASE_04150	ko:K08191
amac:MASE_04155	ko:K00874
amac:MASE_04160	ko:K01625
amac:MASE_04165	ko:K13637
amac:MASE_04190	ko:K01689
amac:MASE_04195	ko:K01937
amac:MASE_04200	ko:K03555
amac:MASE_04205	ko:K03743
amac:MASE_04210	ko:K03553
amac:MASE_04215	ko:K09697
amac:MASE_04220	ko:K09696
amac:MASE_04225	ko:K04061
amac:MASE_04235	ko:K02193
amac:MASE_04240	ko:K02194
amac:MASE_04245	ko:K02195
amac:MASE_04250	ko:K02196
amac:MASE_04255	ko:K02197
amac:MASE_04260	ko:K02198
amac:MASE_04265	ko:K02199
amac:MASE_04270	ko:K02200
amac:MASE_04280	ko:K04754
amac:MASE_04285	ko:K01784
amac:MASE_04295	ko:K03305
amac:MASE_04300	ko:K10107
amac:MASE_04305	ko:K09689
amac:MASE_04310	ko:K09688
amac:MASE_04325	ko:K02851
amac:MASE_04335	ko:K12990
amac:MASE_04340	ko:K00963
amac:MASE_04345	ko:K02237
amac:MASE_04350	ko:K00030
amac:MASE_04365	ko:K06966
amac:MASE_04375	ko:K06879
amac:MASE_04380	ko:K15723
amac:MASE_04415	ko:K06175
amac:MASE_04425	ko:K00674
amac:MASE_04430	ko:K00990
amac:MASE_04435	ko:K01265
amac:MASE_04440	ko:K02967
amac:MASE_04445	ko:K02357
amac:MASE_04450	ko:K09903
amac:MASE_04455	ko:K02838
amac:MASE_04460	ko:K00806
amac:MASE_04465	ko:K00981
amac:MASE_04470	ko:K00099
amac:MASE_04475	ko:K11749
amac:MASE_04480	ko:K07277
amac:MASE_04485	ko:K06142
amac:MASE_04490	ko:K02372
amac:MASE_04495	ko:K00677
amac:MASE_04500	ko:K00748
amac:MASE_04505	ko:K03470
amac:MASE_04510	ko:K02337
amac:MASE_04515	ko:K01962
amac:MASE_04520	ko:K04075
amac:MASE_04530	ko:K03455
amac:MASE_04540	ko:K11991
amac:MASE_04550	ko:K18691
amac:MASE_04555	ko:K01952
amac:MASE_04580	ko:K12543
amac:MASE_04585	ko:K12541
amac:MASE_04590	ko:K12542
amac:MASE_04595	ko:K07684
amac:MASE_04615	ko:K09860
amac:MASE_04620	ko:K02399
amac:MASE_04625	ko:K02398
amac:MASE_04630	ko:K02386
amac:MASE_04635	ko:K03415
amac:MASE_04645	ko:K00575
amac:MASE_04650	ko:K02387
amac:MASE_04655	ko:K02388
amac:MASE_04660	ko:K02389
amac:MASE_04665	ko:K02390
amac:MASE_04670	ko:K02391
amac:MASE_04675	ko:K02392
amac:MASE_04680	ko:K02393
amac:MASE_04685	ko:K02394
amac:MASE_04690	ko:K02395
amac:MASE_04695	ko:K02396
amac:MASE_04700	ko:K02397
amac:MASE_04705	ko:K02406
amac:MASE_04710	ko:K02406
amac:MASE_04715	ko:K06603
amac:MASE_04720	ko:K02407
amac:MASE_04725	ko:K02422
amac:MASE_04775	ko:K15894
amac:MASE_04780	ko:K07025
amac:MASE_04785	ko:K01955
amac:MASE_04790	ko:K07271
amac:MASE_04805	ko:K15899
amac:MASE_04810	ko:K00980
amac:MASE_04815	ko:K02406
amac:MASE_04820	ko:K10941
amac:MASE_04825	ko:K10942
amac:MASE_04830	ko:K10943
amac:MASE_04835	ko:K02408
amac:MASE_04840	ko:K02409
amac:MASE_04845	ko:K02410
amac:MASE_04850	ko:K02411
amac:MASE_04855	ko:K02412
amac:MASE_04860	ko:K02413
amac:MASE_04865	ko:K02414
amac:MASE_04870	ko:K02415
amac:MASE_04875	ko:K02416
amac:MASE_04880	ko:K02417
amac:MASE_04885	ko:K02418
amac:MASE_04890	ko:K02419
amac:MASE_04895	ko:K02420
amac:MASE_04900	ko:K02421
amac:MASE_04905	ko:K02401
amac:MASE_04915	ko:K21470
amac:MASE_04920	ko:K02400
amac:MASE_04925	ko:K02404
amac:MASE_04930	ko:K04562
amac:MASE_04935	ko:K02405
amac:MASE_04940	ko:K03413
amac:MASE_04945	ko:K03414
amac:MASE_04960	ko:K03412
amac:MASE_04965	ko:K03496
amac:MASE_04970	ko:K03408
amac:MASE_04975	ko:K03408
amac:MASE_04985	ko:K00651
amac:MASE_04995	ko:K00548
amac:MASE_05005	ko:K09913
amac:MASE_05015	ko:K03576
amac:MASE_05020	ko:K04761
amac:MASE_05025	ko:K01673
amac:MASE_05030	ko:K03321
amac:MASE_05035	ko:K02014
amac:MASE_05040	ko:K02167
amac:MASE_05045	ko:K07386
amac:MASE_05050	ko:K09919
amac:MASE_05055	ko:K03565
amac:MASE_05060	ko:K01872
amac:MASE_05065	ko:K03563
amac:MASE_05075	ko:K01573
amac:MASE_05080	ko:K01571
amac:MASE_05085	ko:K20509
amac:MASE_05090	ko:K19230
amac:MASE_05095	ko:K19229
amac:MASE_05100	ko:K19228
amac:MASE_05105	ko:K19227
amac:MASE_05110	ko:K19226
amac:MASE_05115	ko:K03974
amac:MASE_05120	ko:K03969
amac:MASE_05125	ko:K03970
amac:MASE_05130	ko:K03973
amac:MASE_05135	ko:K00500
amac:MASE_05140	ko:K03721
amac:MASE_05145	ko:K16171
amac:MASE_05150	ko:K01800
amac:MASE_05155	ko:K05800
amac:MASE_05160	ko:K00263
amac:MASE_05170	ko:K00453
amac:MASE_05185	ko:K02014
amac:MASE_05190	ko:K00472
amac:MASE_05225	ko:K03561
amac:MASE_05230	ko:K03561
amac:MASE_05235	ko:K03559
amac:MASE_05240	ko:K03832
amac:MASE_05250	ko:K06957
amac:MASE_05260	ko:K02014
amac:MASE_05270	ko:K03811
amac:MASE_05285	ko:K03789
amac:MASE_05305	ko:K19577
amac:MASE_05315	ko:K06222
amac:MASE_05335	ko:K06075
amac:MASE_05340	ko:K27883
amac:MASE_05345	ko:K27882
amac:MASE_05355	ko:K02837
amac:MASE_05360	ko:K01887
amac:MASE_05365	ko:K19784
amac:MASE_05375	ko:K21919
amac:MASE_05380	ko:K00114
amac:MASE_05395	ko:K28981
amac:MASE_05430	ko:K19267
amac:MASE_05440	ko:K22769
amac:MASE_05445	ko:K22770
amac:MASE_05450	ko:K10680
amac:MASE_05460	ko:K02836
amac:MASE_05465	ko:K04567
amac:MASE_05470	ko:K00077
amac:MASE_05475	ko:K06177
amac:MASE_05480	ko:K20976
amac:MASE_05485	ko:K07263
amac:MASE_05490	ko:K01919
amac:MASE_05520	ko:K07320
amac:MASE_05525	ko:K01736
amac:MASE_05530	ko:K05820
amac:MASE_05535	ko:K06415
amac:MASE_05540	ko:K09786
amac:MASE_05545	ko:K07180
amac:MASE_05550	ko:K04564
amac:MASE_05555	ko:K07390
amac:MASE_05575	ko:K07165
amac:MASE_05580	ko:K02014
amac:MASE_05585	ko:K02192
amac:MASE_05590	ko:K03386
amac:MASE_05595	ko:K03683
amac:MASE_05600	ko:K21218
amac:MASE_05605	ko:K01126
amac:MASE_05610	ko:K01759
amac:MASE_05620	ko:K03704
amac:MASE_05635	ko:K10773
amac:MASE_05640	ko:K03613
amac:MASE_05645	ko:K03612
amac:MASE_05650	ko:K03614
amac:MASE_05655	ko:K03615
amac:MASE_05660	ko:K26937
amac:MASE_05665	ko:K03702
amac:MASE_05670	ko:K21699
amac:MASE_05675	ko:K06920
amac:MASE_05680	ko:K10026
amac:MASE_05690	ko:K01953
amac:MASE_05715	ko:K00956
amac:MASE_05730	ko:K00860
amac:MASE_05735	ko:K00957
amac:MASE_05740	ko:K03307
amac:MASE_05755	ko:K03088
amac:MASE_05770	ko:K07114
amac:MASE_05775	ko:K07114
amac:MASE_05790	ko:K03924
amac:MASE_05795	ko:K00632
amac:MASE_05800	ko:K01782
amac:MASE_05820	ko:K01408
amac:MASE_05825	ko:K08296
amac:MASE_05835	ko:K03699
amac:MASE_05845	ko:K03106
amac:MASE_05885	ko:K18138
amac:MASE_05890	ko:K03585
amac:MASE_05895	ko:K06147
amac:MASE_05900	ko:K07396
amac:MASE_05910	ko:K02959
amac:MASE_05915	ko:K02860
amac:MASE_05920	ko:K00554
amac:MASE_05925	ko:K02884
amac:MASE_05940	ko:K01626
amac:MASE_05945	ko:K14187
amac:MASE_05975	ko:K14170
amac:MASE_05980	ko:K03413
amac:MASE_05985	ko:K03113
amac:MASE_05990	ko:K20978
amac:MASE_05995	ko:K20977
amac:MASE_06025	ko:K07711
amac:MASE_06035	ko:K07715
amac:MASE_06050	ko:K01876
amac:MASE_06055	ko:K08310
amac:MASE_06060	ko:K01159
amac:MASE_06065	ko:K03550
amac:MASE_06070	ko:K03551
amac:MASE_06075	ko:K07107
amac:MASE_06080	ko:K03562
amac:MASE_06085	ko:K03560
amac:MASE_06090	ko:K03646
amac:MASE_06095	ko:K03641
amac:MASE_06100	ko:K03640
amac:MASE_06110	ko:K03517
amac:MASE_06125	ko:K00077
amac:MASE_06135	ko:K06996
amac:MASE_06140	ko:K00133
amac:MASE_06165	ko:K07043
amac:MASE_06170	ko:K04767
amac:MASE_06185	ko:K19736
amac:MASE_06190	ko:K16090
amac:MASE_06215	ko:K09857
amac:MASE_06220	ko:K06192
amac:MASE_06225	ko:K03808
amac:MASE_06235	ko:K01893
amac:MASE_06245	ko:K07301
amac:MASE_06270	ko:K00833
amac:MASE_06275	ko:K01012
amac:MASE_06280	ko:K00652
amac:MASE_06285	ko:K02169
amac:MASE_06290	ko:K01935
amac:MASE_06295	ko:K05995
amac:MASE_06300	ko:K25307
amac:MASE_06305	ko:K06073
amac:MASE_06310	ko:K06074
amac:MASE_06315	ko:K01626
amac:MASE_06325	ko:K07667
amac:MASE_06330	ko:K03499
amac:MASE_06335	ko:K03498
amac:MASE_06345	ko:K09954
amac:MASE_06350	ko:K24821
amac:MASE_06355	ko:K03639
amac:MASE_06370	ko:K01885
amac:MASE_06385	ko:K06938
amac:MASE_06390	ko:K05541
amac:MASE_06400	ko:K10804
amac:MASE_06405	ko:K02003
amac:MASE_06410	ko:K02004
amac:MASE_06415	ko:K07071
amac:MASE_06420	ko:K07589
amac:MASE_06425	ko:K11744
amac:MASE_06430	ko:K07637
amac:MASE_06435	ko:K07660
amac:MASE_06450	ko:K09780
amac:MASE_06455	ko:K01695
amac:MASE_06460	ko:K01696
amac:MASE_06465	ko:K13498
amac:MASE_06470	ko:K00766
amac:MASE_06475	ko:K01658
amac:MASE_06480	ko:K01657
amac:MASE_06500	ko:K05896
amac:MASE_06505	ko:K06024
amac:MASE_06510	ko:K06178
amac:MASE_06515	ko:K06222
amac:MASE_06520	ko:K00661
amac:MASE_06535	ko:K00537
amac:MASE_06545	ko:K00569
amac:MASE_06550	ko:K06186
amac:MASE_06555	ko:K03631
amac:MASE_06560	ko:K04047
amac:MASE_06565	ko:K00858
amac:MASE_06575	ko:K28061
amac:MASE_06580	ko:K00019
amac:MASE_06590	ko:K00641
amac:MASE_06600	ko:K02014
amac:MASE_06620	ko:K07126
amac:MASE_06625	ko:K03687
amac:MASE_06630	ko:K04043
amac:MASE_06635	ko:K03686
amac:MASE_06660	ko:K01908
amac:MASE_06670	ko:K00215
amac:MASE_06675	ko:K01956
amac:MASE_06680	ko:K01955
amac:MASE_06685	ko:K03624
amac:MASE_06695	ko:K03406
amac:MASE_06725	ko:K00925
amac:MASE_06730	ko:K13788
amac:MASE_06740	ko:K03820
amac:MASE_06745	ko:K06189
amac:MASE_06750	ko:K07042
amac:MASE_06755	ko:K06217
amac:MASE_06760	ko:K06168
amac:MASE_06765	ko:K03184
amac:MASE_06805	ko:K02014
amac:MASE_06825	ko:K03310
amac:MASE_06835	ko:K06942
amac:MASE_06840	ko:K01056
amac:MASE_06845	ko:K02897
amac:MASE_06850	ko:K12957
amac:MASE_06860	ko:K00948
amac:MASE_06865	ko:K00919
amac:MASE_06870	ko:K02494
amac:MASE_06875	ko:K02492
amac:MASE_06880	ko:K02835
amac:MASE_06885	ko:K02493
amac:MASE_06900	ko:K01627
amac:MASE_06910	ko:K03566
amac:MASE_06915	ko:K07020
amac:MASE_06925	ko:K06968
amac:MASE_06930	ko:K02355
amac:MASE_06935	ko:K01725
amac:MASE_06950	ko:K21993
amac:MASE_06955	ko:K22452
amac:MASE_06965	ko:K03924
amac:MASE_06970	ko:K03645
amac:MASE_06975	ko:K01835
amac:MASE_06980	ko:K00688
amac:MASE_06990	ko:K05526
amac:MASE_07020	ko:K01439
amac:MASE_07030	ko:K02777
amac:MASE_07035	ko:K09707
amac:MASE_07040	ko:K06996
amac:MASE_07045	ko:K00457
amac:MASE_07050	ko:K00451
amac:MASE_07100	ko:K11748
amac:MASE_07115	ko:K07303
amac:MASE_07120	ko:K07302
amac:MASE_07145	ko:K01487
amac:MASE_07150	ko:K07127
amac:MASE_07155	ko:K16840
amac:MASE_07160	ko:K07402
amac:MASE_07165	ko:K13482
amac:MASE_07170	ko:K13481
amac:MASE_07175	ko:K09017
amac:MASE_07180	ko:K16842
amac:MASE_07190	ko:K06901
amac:MASE_07195	ko:K21053
amac:MASE_07200	ko:K20976
amac:MASE_07225	ko:K02014
amac:MASE_07230	ko:K16345
amac:MASE_07235	ko:K01488
amac:MASE_07245	ko:K02083
amac:MASE_07250	ko:K00839
amac:MASE_07255	ko:K07090
amac:MASE_07260	ko:K22602
amac:MASE_07265	ko:K01426
amac:MASE_07290	ko:K03442
amac:MASE_07300	ko:K03793
amac:MASE_07310	ko:K01868
amac:MASE_07315	ko:K02520
amac:MASE_07320	ko:K02916
amac:MASE_07325	ko:K02887
amac:MASE_07330	ko:K00971
amac:MASE_07335	ko:K03606
amac:MASE_07340	ko:K20920
amac:MASE_07345	ko:K20988
amac:MASE_07350	ko:K16554
amac:MASE_07355	ko:K01104
amac:MASE_07435	ko:K07483
amac:MASE_07440	ko:K13665
amac:MASE_07460	ko:K00640
amac:MASE_07470	ko:K01889
amac:MASE_07475	ko:K01890
amac:MASE_07480	ko:K04764
amac:MASE_07490	ko:K03976
amac:MASE_07495	ko:K01434
amac:MASE_07500	ko:K01207
amac:MASE_07505	ko:K00798
amac:MASE_07515	ko:K03723
amac:MASE_07525	ko:K09808
amac:MASE_07530	ko:K07101
amac:MASE_07535	ko:K02482
amac:MASE_07550	ko:K01142
amac:MASE_07565	ko:K02426
amac:MASE_07595	ko:K00975
amac:MASE_07615	ko:K01640
amac:MASE_07620	ko:K01968
amac:MASE_07625	ko:K13766
amac:MASE_07630	ko:K01969
amac:MASE_07635	ko:K00253
amac:MASE_07645	ko:K00626
amac:MASE_07655	ko:K01556
amac:MASE_07665	ko:K09749
amac:MASE_07670	ko:K01141
amac:MASE_07680	ko:K13051
amac:MASE_07690	ko:K01083
amac:MASE_07715	ko:K03578
amac:MASE_07730	ko:K06969
amac:MASE_07740	ko:K03469
amac:MASE_07745	ko:K02342
amac:MASE_07760	ko:K09810
amac:MASE_07765	ko:K09808
amac:MASE_07780	ko:K01484
amac:MASE_07785	ko:K03168
amac:MASE_07790	ko:K09912
amac:MASE_07805	ko:K03752
amac:MASE_07810	ko:K02379
amac:MASE_07820	ko:K07006
amac:MASE_07825	ko:K00799
amac:MASE_07830	ko:K09958
amac:MASE_07840	ko:K02348
amac:MASE_07845	ko:K01560
amac:MASE_07850	ko:K02483
amac:MASE_07865	ko:K08300
amac:MASE_07870	ko:K06179
amac:MASE_07875	ko:K01091
amac:MASE_07880	ko:K25422
amac:MASE_07885	ko:K07040
amac:MASE_07890	ko:K02911
amac:MASE_07895	ko:K03621
amac:MASE_07900	ko:K00648
amac:MASE_07905	ko:K00645
amac:MASE_07910	ko:K00059
amac:MASE_07915	ko:K02078
amac:MASE_07920	ko:K09458
amac:MASE_07925	ko:K02619
amac:MASE_07930	ko:K07082
amac:MASE_07935	ko:K00943
amac:MASE_07940	ko:K02341
amac:MASE_07945	ko:K03424
amac:MASE_07950	ko:K00275
amac:MASE_07965	ko:K01283
amac:MASE_07975	ko:K09940
amac:MASE_07990	ko:K01563
amac:MASE_07995	ko:K07516
amac:MASE_08000	ko:K00632
amac:MASE_08005	ko:K20035
amac:MASE_08040	ko:K00045
amac:MASE_08050	ko:K09823
amac:MASE_08055	ko:K01465
amac:MASE_08070	ko:K06978
amac:MASE_08090	ko:K03442
amac:MASE_08095	ko:K02014
amac:MASE_08100	ko:K01724
amac:MASE_08110	ko:K07814
amac:MASE_08115	ko:K09748
amac:MASE_08120	ko:K02600
amac:MASE_08125	ko:K02519
amac:MASE_08130	ko:K02834
amac:MASE_08135	ko:K03177
amac:MASE_08140	ko:K02956
amac:MASE_08150	ko:K06182
amac:MASE_08165	ko:K07394
amac:MASE_08175	ko:K07004
amac:MASE_08190	ko:K24119
amac:MASE_08195	ko:K03387
amac:MASE_08200	ko:K02014
amac:MASE_08215	ko:K06134
amac:MASE_08250	ko:K02014
amac:MASE_08265	ko:K05777
amac:MASE_08270	ko:K05778
amac:MASE_08275	ko:K05779
amac:MASE_08290	ko:K01173
amac:MASE_08320	ko:K06889
amac:MASE_08340	ko:K06867
amac:MASE_08355	ko:K02014
amac:MASE_08360	ko:K01992
amac:MASE_08365	ko:K01992
amac:MASE_08370	ko:K01990
amac:MASE_08385	ko:K03664
amac:MASE_08395	ko:K09801
amac:MASE_08405	ko:K02168
amac:MASE_08410	ko:K02014
amac:MASE_08430	ko:K09773
amac:MASE_08435	ko:K01007
amac:MASE_08445	ko:K07303
amac:MASE_08450	ko:K07302
amac:MASE_08470	ko:K18850
amac:MASE_08475	ko:K01768
amac:MASE_08480	ko:K01756
amac:MASE_08485	ko:K07153
amac:MASE_08490	ko:K00566
amac:MASE_08495	ko:K06181
amac:MASE_08500	ko:K00031
amac:MASE_08505	ko:K03704
amac:MASE_08510	ko:K06891
amac:MASE_08515	ko:K03694
amac:MASE_08520	ko:K02518
amac:MASE_08525	ko:K21420
amac:MASE_08530	ko:K00684
amac:MASE_08535	ko:K00384
amac:MASE_08540	ko:K09899
amac:MASE_08545	ko:K02742
amac:MASE_08550	ko:K04773
amac:MASE_08575	ko:K01424
amac:MASE_08580	ko:K03644
amac:MASE_08585	ko:K03801
amac:MASE_08590	ko:K09158
amac:MASE_08595	ko:K07258
amac:MASE_08600	ko:K03642
amac:MASE_08605	ko:K05837
amac:MASE_08610	ko:K05515
amac:MASE_08615	ko:K00783
amac:MASE_08620	ko:K09710
amac:MASE_08625	ko:K00969
amac:MASE_08630	ko:K02340
amac:MASE_08635	ko:K03643
amac:MASE_08640	ko:K01869
amac:MASE_08670	ko:K07574
amac:MASE_08675	ko:K02427
amac:MASE_08680	ko:K03798
amac:MASE_08685	ko:K00796
amac:MASE_08690	ko:K03431
amac:MASE_08695	ko:K01803
amac:MASE_08700	ko:K03075
amac:MASE_08705	ko:K21024
amac:MASE_08720	ko:K00262
amac:MASE_08725	ko:K07029
amac:MASE_08750	ko:K03168
amac:MASE_08755	ko:K03307
amac:MASE_08760	ko:K00931
amac:MASE_08765	ko:K00147
amac:MASE_08780	ko:K00962
amac:MASE_08785	ko:K09948
amac:MASE_08820	ko:K09948
amac:MASE_08885	ko:K01286
amac:MASE_08930	ko:K06987
amac:MASE_08940	ko:K03832
amac:MASE_08955	ko:K01489
amac:MASE_08960	ko:K05803
amac:MASE_08970	ko:K06203
amac:MASE_08975	ko:K03529
amac:MASE_08980	ko:K03528
amac:MASE_08985	ko:K01972
amac:MASE_08990	ko:K09928
amac:MASE_08995	ko:K02238
amac:MASE_09000	ko:K11085
amac:MASE_09005	ko:K00912
amac:MASE_09010	ko:K09791
amac:MASE_09015	ko:K00979
amac:MASE_09025	ko:K02030
amac:MASE_09030	ko:K14441
amac:MASE_09045	ko:K22132
amac:MASE_09050	ko:K07393
amac:MASE_09055	ko:K06911
amac:MASE_09065	ko:K01840
amac:MASE_09080	ko:K01647
amac:MASE_09085	ko:K00241
amac:MASE_09090	ko:K00242
amac:MASE_09095	ko:K00239
amac:MASE_09100	ko:K00240
amac:MASE_09105	ko:K00164
amac:MASE_09110	ko:K00658
amac:MASE_09115	ko:K01903
amac:MASE_09120	ko:K01902
amac:MASE_09125	ko:K02014
amac:MASE_09130	ko:K14266
amac:MASE_09135	ko:K02014
amac:MASE_09140	ko:K01200
amac:MASE_09165	ko:K21575
amac:MASE_09170	ko:K16211
amac:MASE_09185	ko:K01886
amac:MASE_09200	ko:K07116
amac:MASE_09205	ko:K04774
amac:MASE_09225	ko:K06219
amac:MASE_09230	ko:K03778
amac:MASE_09235	ko:K00432
amac:MASE_09260	ko:K00563
amac:MASE_09265	ko:K11927
amac:MASE_09280	ko:K03782
amac:MASE_09295	ko:K01115
amac:MASE_09305	ko:K19338
amac:MASE_09310	ko:K02014
amac:MASE_09315	ko:K07090
amac:MASE_09320	ko:K00817
amac:MASE_09325	ko:K03413
amac:MASE_09330	ko:K03410
amac:MASE_09335	ko:K02482
amac:MASE_09345	ko:K02336
amac:MASE_09355	ko:K00666
amac:MASE_09360	ko:K07014
amac:MASE_09365	ko:K09904
amac:MASE_09370	ko:K06899
amac:MASE_09405	ko:K02477
amac:MASE_09410	ko:K00850
amac:MASE_09435	ko:K07146
amac:MASE_09440	ko:K02183
amac:MASE_09455	ko:K07448
amac:MASE_09470	ko:K01029
amac:MASE_09475	ko:K01028
amac:MASE_09480	ko:K17737
amac:MASE_09495	ko:K13634
amac:MASE_09500	ko:K01752
amac:MASE_09510	ko:K01665
amac:MASE_09515	ko:K01676
amac:MASE_09520	ko:K09760
amac:MASE_09530	ko:K00166
amac:MASE_09535	ko:K00167
amac:MASE_09540	ko:K09699
amac:MASE_09545	ko:K07115
amac:MASE_09555	ko:K10805
amac:MASE_09565	ko:K00830
amac:MASE_09570	ko:K09807
amac:MASE_09575	ko:K08968
amac:MASE_09585	ko:K03607
amac:MASE_09590	ko:K03797
amac:MASE_09595	ko:K03308
amac:MASE_09600	ko:K03315
amac:MASE_09605	ko:K01256
amac:MASE_09630	ko:K07003
amac:MASE_09635	ko:K15371
amac:MASE_09640	ko:K00254
amac:MASE_09645	ko:K12297
amac:MASE_09655	ko:K15738
amac:MASE_09665	ko:K03812
amac:MASE_09670	ko:K01716
amac:MASE_09680	ko:K01669
amac:MASE_09685	ko:K25656
amac:MASE_09690	ko:K01669
amac:MASE_09695	ko:K06876
amac:MASE_09705	ko:K26937
amac:MASE_09710	ko:K24108
amac:MASE_09715	ko:K24109
amac:MASE_09720	ko:K24110
amac:MASE_09725	ko:K24112
amac:MASE_09730	ko:K15652
amac:MASE_09755	ko:K19609
amac:MASE_09760	ko:K19610
amac:MASE_09780	ko:K00901
amac:MASE_09785	ko:K06149
amac:MASE_09805	ko:K03594
amac:MASE_09810	ko:K03594
amac:MASE_09820	ko:K00404
amac:MASE_09825	ko:K00405
amac:MASE_09830	ko:K00407
amac:MASE_09835	ko:K00406
amac:MASE_09840	ko:K09926
amac:MASE_09860	ko:K09792
amac:MASE_09865	ko:K01420
amac:MASE_09870	ko:K14055
amac:MASE_09875	ko:K14058
amac:MASE_09880	ko:K07001
amac:MASE_09890	ko:K03796
amac:MASE_09900	ko:K05835
amac:MASE_09905	ko:K12410
amac:MASE_09910	ko:K01011
amac:MASE_09915	ko:K11065
amac:MASE_09920	ko:K05812
amac:MASE_09925	ko:K00995
amac:MASE_09930	ko:K03703
amac:MASE_09935	ko:K07689
amac:MASE_09940	ko:K06911
amac:MASE_09945	ko:K14155
amac:MASE_09965	ko:K15977
amac:MASE_09980	ko:K19416
amac:MASE_09985	ko:K07235
amac:MASE_09990	ko:K07236
amac:MASE_10000	ko:K11179
amac:MASE_10030	ko:K02014
amac:MASE_10035	ko:K01875
amac:MASE_10040	ko:K06199
amac:MASE_10045	ko:K07478
amac:MASE_10050	ko:K03634
amac:MASE_10055	ko:K03466
amac:MASE_10060	ko:K03719
amac:MASE_10065	ko:K00259
amac:MASE_10070	ko:K01591
amac:MASE_10075	ko:K19804
amac:MASE_10080	ko:K08992
amac:MASE_10090	ko:K05788
amac:MASE_10095	ko:K02945
amac:MASE_10100	ko:K00945
amac:MASE_10105	ko:K00800
amac:MASE_10110	ko:K00831
amac:MASE_10115	ko:K02469
amac:MASE_10120	ko:K00568
amac:MASE_10125	ko:K00525
amac:MASE_10130	ko:K00526
amac:MASE_10135	ko:K11107
amac:MASE_10175	ko:K01923
amac:MASE_10180	ko:K07287
amac:MASE_10185	ko:K01714
amac:MASE_10190	ko:K03567
amac:MASE_10195	ko:K03564
amac:MASE_10200	ko:K03548
amac:MASE_10205	ko:K01423
amac:MASE_10215	ko:K00537
amac:MASE_10220	ko:K03809
amac:MASE_10235	ko:K10763
amac:MASE_10240	ko:K09938
amac:MASE_10245	ko:K01933
amac:MASE_10250	ko:K11175
amac:MASE_10260	ko:K06445
amac:MASE_10275	ko:K15256
amac:MASE_10280	ko:K15257
amac:MASE_10285	ko:K15918
amac:MASE_10290	ko:K07026
amac:MASE_10295	ko:K13693
amac:MASE_10300	ko:K00690
amac:MASE_10305	ko:K01091
amac:MASE_10310	ko:K03750
amac:MASE_10315	ko:K26939
amac:MASE_10320	ko:K07141
amac:MASE_10325	ko:K09989
amac:MASE_10335	ko:K01738
amac:MASE_10380	ko:K07483
amac:MASE_10385	ko:K07497
amac:MASE_10420	ko:K06889
amac:MASE_10440	ko:K00681
amac:MASE_10450	ko:K28165
amac:MASE_10460	ko:K00432
amac:MASE_10465	ko:K01118
amac:MASE_10475	ko:K01740
amac:MASE_10490	ko:K00813
amac:MASE_10505	ko:K09768
amac:MASE_10530	ko:K02014
amac:MASE_10540	ko:K01322
amac:MASE_10565	ko:K03522
amac:MASE_10570	ko:K03521
amac:MASE_10575	ko:K00311
amac:MASE_10580	ko:K03746
amac:MASE_10585	ko:K01175
amac:MASE_10595	ko:K03839
amac:MASE_10600	ko:K03406
amac:MASE_10605	ko:K03711
amac:MASE_10610	ko:K00824
amac:MASE_10620	ko:K06351
amac:MASE_10625	ko:K07160
amac:MASE_10630	ko:K00243
amac:MASE_10635	ko:K07397
amac:MASE_10640	ko:K03585
amac:MASE_10645	ko:K18138
amac:MASE_10685	ko:K08722
amac:MASE_10690	ko:K01129
amac:MASE_10695	ko:K07147
amac:MASE_10700	ko:K17247
amac:MASE_10715	ko:K09858
amac:MASE_10720	ko:K01176
amac:MASE_10725	ko:K00344
amac:MASE_10735	ko:K00249
amac:MASE_10745	ko:K02014
amac:MASE_10750	ko:K07402
amac:MASE_10765	ko:K02495
amac:MASE_10770	ko:K02017
amac:MASE_10775	ko:K02018
amac:MASE_10780	ko:K02020
amac:MASE_10785	ko:K03635
amac:MASE_10790	ko:K03636
amac:MASE_10795	ko:K03637
amac:MASE_10800	ko:K03638
amac:MASE_10805	ko:K21029
amac:MASE_10810	ko:K06987
amac:MASE_10840	ko:K08303
amac:MASE_10860	ko:K00817
amac:MASE_10875	ko:K00549
amac:MASE_10880	ko:K02014
amac:MASE_10890	ko:K11939
amac:MASE_10900	ko:K03652
amac:MASE_10935	ko:K03581
amac:MASE_10940	ko:K03582
amac:MASE_10945	ko:K03583
amac:MASE_10955	ko:K01897
amac:MASE_10970	ko:K12574
amac:MASE_10985	ko:K23773
amac:MASE_10995	ko:K09897
amac:MASE_11005	ko:K22042
amac:MASE_11105	ko:K09916
amac:MASE_11115	ko:K03310
amac:MASE_11125	ko:K00134
amac:MASE_11135	ko:K07305
amac:MASE_11140	ko:K00033
amac:MASE_11145	ko:K01214
amac:MASE_11150	ko:K00700
amac:MASE_11155	ko:K00705
amac:MASE_11160	ko:K00134
amac:MASE_11165	ko:K01792
amac:MASE_11170	ko:K01625
amac:MASE_11175	ko:K00845
amac:MASE_11180	ko:K01690
amac:MASE_11185	ko:K01057
amac:MASE_11190	ko:K00036
amac:MASE_11195	ko:K19337
amac:MASE_11200	ko:K00873
amac:MASE_11205	ko:K01243
amac:MASE_11225	ko:K04065
amac:MASE_11245	ko:K09190
amac:MASE_11250	ko:K09967
amac:MASE_11260	ko:K07093
amac:MASE_11270	ko:K00065
amac:MASE_11275	ko:K01815
amac:MASE_11280	ko:K11688
amac:MASE_11285	ko:K11689
amac:MASE_11290	ko:K11690
amac:MASE_11295	ko:K02529
amac:MASE_11300	ko:K01685
amac:MASE_11305	ko:K01812
amac:MASE_11310	ko:K00040
amac:MASE_11315	ko:K01625
amac:MASE_11320	ko:K00874
amac:MASE_11330	ko:K02014
amac:MASE_11340	ko:K15532
amac:MASE_11360	ko:K01051
amac:MASE_11380	ko:K07004
amac:MASE_11390	ko:K03406
amac:MASE_11415	ko:K08325
amac:MASE_11435	ko:K03781
amac:MASE_11445	ko:K02482
amac:MASE_11485	ko:K14445
amac:MASE_11490	ko:K01494
amac:MASE_11495	ko:K03593
amac:MASE_11500	ko:K01874
amac:MASE_11505	ko:K03442
amac:MASE_11515	ko:K01069
amac:MASE_11550	ko:K01883
amac:MASE_11555	ko:K03768
amac:MASE_11560	ko:K03269
amac:MASE_11570	ko:K07192
amac:MASE_11590	ko:K00690
amac:MASE_11600	ko:K19745
amac:MASE_11635	ko:K08682
amac:MASE_11640	ko:K06169
amac:MASE_11650	ko:K00764
amac:MASE_11655	ko:K03558
amac:MASE_11660	ko:K03749
amac:MASE_11665	ko:K11754
amac:MASE_11670	ko:K01963
amac:MASE_11675	ko:K06173
amac:MASE_11685	ko:K00133
amac:MASE_11690	ko:K03473
amac:MASE_11700	ko:K10914
amac:MASE_11705	ko:K19092
amac:MASE_11710	ko:K07746
amac:MASE_11715	ko:K00647
amac:MASE_11735	ko:K15461
amac:MASE_11770	ko:K00657
amac:MASE_11795	ko:K05776
amac:MASE_11825	ko:K02106
amac:MASE_11835	ko:K07263
amac:MASE_11850	ko:K09906
amac:MASE_11860	ko:K07107
amac:MASE_11875	ko:K00219
amac:MASE_11900	ko:K00635
amac:MASE_11915	ko:K14674
amac:MASE_11935	ko:K01354
amac:MASE_11940	ko:K03603
amac:MASE_11945	ko:K03314
amac:MASE_11950	ko:K03611
amac:MASE_11960	ko:K09160
amac:MASE_11965	ko:K29029
amac:MASE_11970	ko:K08305
amac:MASE_11975	ko:K09902
amac:MASE_11980	ko:K03684
amac:MASE_11985	ko:K01897
amac:MASE_11995	ko:K07285
amac:MASE_12005	ko:K14742
amac:MASE_12010	ko:K03722
amac:MASE_12055	ko:K07090
amac:MASE_12080	ko:K17837
amac:MASE_12085	ko:K03496
amac:MASE_12095	ko:K00765
amac:MASE_12100	ko:K00013
amac:MASE_12105	ko:K00817
amac:MASE_12110	ko:K01089
amac:MASE_12115	ko:K02501
amac:MASE_12120	ko:K01814
amac:MASE_12125	ko:K02500
amac:MASE_12130	ko:K11755
amac:MASE_12145	ko:K21990
amac:MASE_12150	ko:K07263
amac:MASE_12155	ko:K03100
amac:MASE_12160	ko:K02014
amac:MASE_12170	ko:K07136
amac:MASE_12175	ko:K00939
amac:MASE_12180	ko:K04079
amac:MASE_12185	ko:K06187
amac:MASE_12200	ko:K00528
amac:MASE_12205	ko:K09747
amac:MASE_12210	ko:K02343
amac:MASE_12215	ko:K00759
amac:MASE_12220	ko:K09929
amac:MASE_12225	ko:K09930
amac:MASE_12250	ko:K02030
amac:MASE_12255	ko:K17103
amac:MASE_12275	ko:K03777
amac:MASE_12280	ko:K03303
amac:MASE_12300	ko:K03695
amac:MASE_12305	ko:K05810
amac:MASE_12315	ko:K06180
amac:MASE_12320	ko:K05807
amac:MASE_12325	ko:K07167
amac:MASE_12330	ko:K03088
amac:MASE_12335	ko:K07157
amac:MASE_12350	ko:K06954
amac:MASE_12355	ko:K09701
amac:MASE_12360	ko:K00574
amac:MASE_12365	ko:K02557
amac:MASE_12370	ko:K02556
amac:MASE_12375	ko:K03602
amac:MASE_12380	ko:K00795
amac:MASE_12395	ko:K01095
amac:MASE_12400	ko:K00946
amac:MASE_12405	ko:K03625
amac:MASE_12410	ko:K00794
amac:MASE_12415	ko:K14652
amac:MASE_12420	ko:K00793
amac:MASE_12425	ko:K11752
amac:MASE_12430	ko:K07738
amac:MASE_12435	ko:K00600
amac:MASE_12440	ko:K02536
amac:MASE_12445	ko:K06020
amac:MASE_12455	ko:K04485
amac:MASE_12465	ko:K01079
amac:MASE_12470	ko:K07186
amac:MASE_12475	ko:K03424
amac:MASE_12480	ko:K00275
amac:MASE_12485	ko:K03595
amac:MASE_12490	ko:K03685
amac:MASE_12495	ko:K03100
amac:MASE_12500	ko:K03596
amac:MASE_12505	ko:K03803
amac:MASE_12510	ko:K03598
amac:MASE_12515	ko:K03597
amac:MASE_12520	ko:K03088
amac:MASE_12525	ko:K00278
amac:MASE_12540	ko:K09159
amac:MASE_12545	ko:K06980
amac:MASE_12550	ko:K03775
amac:MASE_12555	ko:K04751
amac:MASE_12560	ko:K01916
amac:MASE_12565	ko:K08084
amac:MASE_12575	ko:K08084
amac:MASE_12595	ko:K02655
amac:MASE_12600	ko:K02674
amac:MASE_12605	ko:K02673
amac:MASE_12610	ko:K02672
amac:MASE_12615	ko:K02671
amac:MASE_12620	ko:K03527
amac:MASE_12625	ko:K03774
amac:MASE_12630	ko:K03101
amac:MASE_12635	ko:K01870
amac:MASE_12640	ko:K11753
amac:MASE_12645	ko:K03980
amac:MASE_12650	ko:K02968
amac:MASE_12670	ko:K03453
amac:MASE_12690	ko:K01439
amac:MASE_12700	ko:K03770
amac:MASE_12705	ko:K03530
amac:MASE_12710	ko:K01338
amac:MASE_12715	ko:K03544
amac:MASE_12720	ko:K01358
amac:MASE_12725	ko:K03545
amac:MASE_12735	ko:K01491
amac:MASE_12740	ko:K09941
amac:MASE_12745	ko:K22900
amac:MASE_12750	ko:K01881
amac:MASE_12760	ko:K01058
amac:MASE_12770	ko:K03406
amac:MASE_12775	ko:K01951
amac:MASE_12780	ko:K00088
amac:MASE_12785	ko:K03601
amac:MASE_12805	ko:K03977
amac:MASE_12810	ko:K17713
amac:MASE_12820	ko:K01892
amac:MASE_12825	ko:K03526
amac:MASE_12830	ko:K15539
amac:MASE_12835	ko:K02656
amac:MASE_12850	ko:K00940
amac:MASE_12855	ko:K02426
amac:MASE_12865	ko:K13628
amac:MASE_12870	ko:K11717
amac:MASE_12875	ko:K09015
amac:MASE_12880	ko:K09013
amac:MASE_12885	ko:K09014
amac:MASE_12890	ko:K04487
amac:MASE_12895	ko:K13643
amac:MASE_12905	ko:K10215
amac:MASE_12910	ko:K00640
amac:MASE_12915	ko:K15396
amac:MASE_12920	ko:K01092
amac:MASE_12935	ko:K03074
amac:MASE_12940	ko:K03072
amac:MASE_12945	ko:K03210
amac:MASE_12950	ko:K00773
amac:MASE_12955	ko:K07568
amac:MASE_12965	ko:K09980
amac:MASE_12975	ko:K10716
amac:MASE_12985	ko:K08989
amac:MASE_13010	ko:K02003
amac:MASE_13015	ko:K02004
amac:MASE_13025	ko:K01425
amac:MASE_13030	ko:K01077
amac:MASE_13035	ko:K03415
amac:MASE_13040	ko:K01637
amac:MASE_13050	ko:K01638
amac:MASE_13055	ko:K07001
amac:MASE_13060	ko:K08679
amac:MASE_13080	ko:K05797
amac:MASE_13135	ko:K01791
amac:MASE_13165	ko:K01953
amac:MASE_13210	ko:K01953
amac:MASE_13235	ko:K01991
amac:MASE_13240	ko:K25590
amac:MASE_13245	ko:K00903
amac:MASE_13265	ko:K07461
amac:MASE_13275	ko:K00982
amac:MASE_13285	ko:K02517
amac:MASE_13300	ko:K06445
amac:MASE_13320	ko:K00857
amac:MASE_13325	ko:K02014
amac:MASE_13340	ko:K00761
amac:MASE_13365	ko:K01187
amac:MASE_13370	ko:K14540
amac:MASE_13375	ko:K03437
amac:MASE_13420	ko:K00130
amac:MASE_13425	ko:K00108
amac:MASE_13430	ko:K05020
amac:MASE_13440	ko:K06970
amac:MASE_13445	ko:K13639
amac:MASE_13480	ko:K09456
amac:MASE_13510	ko:K05851
amac:MASE_13515	ko:K02171
amac:MASE_13520	ko:K02172
amac:MASE_13535	ko:K01759
amac:MASE_13545	ko:K13483
amac:MASE_13550	ko:K11178
amac:MASE_13555	ko:K11177
amac:MASE_13560	ko:K02035
amac:MASE_13565	ko:K02033
amac:MASE_13570	ko:K02034
amac:MASE_13575	ko:K02031
amac:MASE_13575	ko:K02032
amac:MASE_13595	ko:K05520
amac:MASE_13605	ko:K07058
amac:MASE_13610	ko:K08219
amac:MASE_13625	ko:K02477
amac:MASE_13635	ko:K06889
amac:MASE_13640	ko:K06889
amac:MASE_13645	ko:K07114
amac:MASE_13650	ko:K07284
amac:MASE_13655	ko:K15726
amac:MASE_13660	ko:K15727
amac:MASE_13675	ko:K01488
amac:MASE_13720	ko:K17231
amac:MASE_13725	ko:K03291
amac:MASE_13730	ko:K01284
amac:MASE_13740	ko:K06204
amac:MASE_13750	ko:K05522
amac:MASE_13765	ko:K07491
amac:MASE_13770	ko:K03654
amac:MASE_13795	ko:K11354
amac:MASE_13800	ko:K21430
amac:MASE_13830	ko:K00281
amac:MASE_13835	ko:K02437
amac:MASE_13840	ko:K00605
amac:MASE_13845	ko:K02429
amac:MASE_13850	ko:K01443
amac:MASE_13855	ko:K00820
amac:MASE_13860	ko:K18676
amac:MASE_13865	ko:K12373
amac:MASE_13870	ko:K02014
amac:MASE_13875	ko:K02529
amac:MASE_13910	ko:K18800
amac:MASE_13915	ko:K03185
amac:MASE_13920	ko:K01262
amac:MASE_13925	ko:K09895
amac:MASE_13935	ko:K00852
amac:MASE_13955	ko:K01934
amac:MASE_13960	ko:K01807
amac:MASE_13965	ko:K00058
amac:MASE_13970	ko:K07283
amac:MASE_13975	ko:K07283
amac:MASE_13985	ko:K06938
amac:MASE_13990	ko:K09797
amac:MASE_14005	ko:K18298
amac:MASE_14015	ko:K00382
amac:MASE_14020	ko:K00627
amac:MASE_14025	ko:K00163
amac:MASE_14030	ko:K05799
amac:MASE_14035	ko:K03807
amac:MASE_14040	ko:K03806
amac:MASE_14045	ko:K06985
amac:MASE_14050	ko:K00767
amac:MASE_14055	ko:K02650
amac:MASE_14060	ko:K02653
amac:MASE_14065	ko:K02654
amac:MASE_14070	ko:K00859
amac:MASE_14075	ko:K18778
amac:MASE_14080	ko:K09862
amac:MASE_14085	ko:K01437
amac:MASE_14090	ko:K03406
amac:MASE_14095	ko:K03413
amac:MASE_14100	ko:K03496
amac:MASE_14110	ko:K03407
amac:MASE_14115	ko:K03413
amac:MASE_14120	ko:K00575
amac:MASE_14130	ko:K03412
amac:MASE_14135	ko:K03408
amac:MASE_14140	ko:K03406
amac:MASE_14145	ko:K03574
amac:MASE_14150	ko:K03070
amac:MASE_14160	ko:K02535
amac:MASE_14165	ko:K03531
amac:MASE_14170	ko:K03590
amac:MASE_14175	ko:K03589
amac:MASE_14180	ko:K01921
amac:MASE_14185	ko:K01924
amac:MASE_14190	ko:K02563
amac:MASE_14195	ko:K03588
amac:MASE_14200	ko:K01925
amac:MASE_14205	ko:K01000
amac:MASE_14210	ko:K01929
amac:MASE_14215	ko:K01928
amac:MASE_14220	ko:K03587
amac:MASE_14225	ko:K03586
amac:MASE_14230	ko:K03438
amac:MASE_14235	ko:K03925
amac:MASE_14250	ko:K01273
amac:MASE_14255	ko:K07787
amac:MASE_14260	ko:K07798
amac:MASE_14265	ko:K07796
amac:MASE_14280	ko:K24136
amac:MASE_14285	ko:K03496
amac:MASE_14305	ko:K02481
amac:MASE_14315	ko:K16872
amac:MASE_14330	ko:K24136
amac:MASE_14335	ko:K03496
amac:MASE_14355	ko:K02481
amac:MASE_14365	ko:K16872
amac:MASE_14380	ko:K03442
amac:MASE_14385	ko:K09761
amac:MASE_14390	ko:K01920
amac:MASE_14395	ko:K07735
amac:MASE_14400	ko:K07447
amac:MASE_14410	ko:K02670
amac:MASE_14415	ko:K02669
amac:MASE_14420	ko:K06997
amac:MASE_14425	ko:K00286
amac:MASE_14430	ko:K02221
amac:MASE_14440	ko:K00219
amac:MASE_14455	ko:K00799
amac:MASE_14460	ko:K04565
amac:MASE_14465	ko:K04063
amac:MASE_14470	ko:K07304
amac:MASE_14475	ko:K26606
amac:MASE_14480	ko:K26605
amac:MASE_14490	ko:K19577
amac:MASE_14500	ko:K09861
amac:MASE_14510	ko:K00616
amac:MASE_14530	ko:K03648
amac:MASE_14535	ko:K01733
amac:MASE_14540	ko:K00872
amac:MASE_14545	ko:K12524
amac:MASE_14550	ko:K03701
amac:MASE_14560	ko:K00121
amac:MASE_14590	ko:K03892
amac:MASE_14595	ko:K03741
amac:MASE_14600	ko:K11811
amac:MASE_14605	ko:K03325
amac:MASE_14615	ko:K00906
amac:MASE_14620	ko:K02483
amac:MASE_14655	ko:K21053
amac:MASE_14680	ko:K27502
amac:MASE_14685	ko:K27684
amac:MASE_14700	ko:K07056
amac:MASE_14705	ko:K07121
amac:MASE_14710	ko:K07460
amac:MASE_14715	ko:K12989
amac:MASE_14720	ko:K03271
amac:MASE_14725	ko:K28369
amac:MASE_14740	ko:K03297
amac:MASE_14745	ko:K07778
amac:MASE_14750	ko:K07693
amac:MASE_14765	ko:K02014
amac:MASE_14775	ko:K03417
amac:MASE_14780	ko:K01659
amac:MASE_14785	ko:K20455
amac:MASE_14790	ko:K09788
amac:MASE_14805	ko:K08981
amac:MASE_14810	ko:K09167
amac:MASE_14815	ko:K07648
amac:MASE_14825	ko:K00265
amac:MASE_14830	ko:K00266
amac:MASE_14850	ko:K01243
amac:MASE_14855	ko:K02227
amac:MASE_14860	ko:K06858
amac:MASE_14865	ko:K03972
amac:MASE_14905	ko:K01866
amac:MASE_14915	ko:K09001
amac:MASE_14925	ko:K02429
amac:MASE_14930	ko:K07267
amac:MASE_14935	ko:K10680
amac:MASE_14945	ko:K01740
amac:MASE_14960	ko:K15724
amac:MASE_14970	ko:K03608
amac:MASE_14975	ko:K03609
amac:MASE_14980	ko:K03610
amac:MASE_14985	ko:K01679
amac:MASE_15010	ko:K03281
amac:MASE_15015	ko:K08973
amac:MASE_15025	ko:K07039
amac:MASE_15030	ko:K03322
amac:MASE_15035	ko:K14155
amac:MASE_15045	ko:K06207
amac:MASE_15050	ko:K01915
amac:MASE_15060	ko:K07708
amac:MASE_15065	ko:K07712
amac:MASE_15075	ko:K00655
amac:MASE_15080	ko:K09893
amac:MASE_15105	ko:K02055
amac:MASE_15115	ko:K01873
amac:MASE_15120	ko:K02339
amac:MASE_15125	ko:K01255
amac:MASE_15130	ko:K07091
amac:MASE_15135	ko:K11720
amac:MASE_15150	ko:K03088
amac:MASE_15180	ko:K19147
amac:MASE_15185	ko:K07452
amac:MASE_15190	ko:K03923
amac:MASE_15215	ko:K03657
amac:MASE_15245	ko:K02014
amac:MASE_15260	ko:K00428
amac:MASE_15300	ko:K02440
amac:MASE_15320	ko:K02014
amac:MASE_15330	ko:K02014
amac:MASE_15340	ko:K03307
amac:MASE_15360	ko:K07303
amac:MASE_15365	ko:K07302
amac:MASE_15410	ko:K23242
amac:MASE_15440	ko:K01251
amac:MASE_15450	ko:K13936
amac:MASE_15465	ko:K00114
amac:MASE_15470	ko:K02030
amac:MASE_15485	ko:K01990
amac:MASE_15490	ko:K01992
amac:MASE_15500	ko:K01255
amac:MASE_15505	ko:K06136
amac:MASE_15510	ko:K06137
amac:MASE_15515	ko:K06138
amac:MASE_15520	ko:K06139
amac:MASE_15550	ko:K20975
amac:MASE_15565	ko:K00138
amac:MASE_15580	ko:K03406
amac:MASE_15590	ko:K00140
amac:MASE_15595	ko:K00020
amac:MASE_15610	ko:K02168
amac:MASE_15620	ko:K29125
amac:MASE_15625	ko:K03777
amac:MASE_15635	ko:K06214
amac:MASE_15640	ko:K04338
amac:MASE_15645	ko:K04337
amac:MASE_15655	ko:K04335
amac:MASE_15660	ko:K14645
amac:MASE_15665	ko:K20264
amac:MASE_15670	ko:K20263
amac:MASE_15680	ko:K11927
amac:MASE_15695	ko:K03782
amac:MASE_15710	ko:K01115
amac:MASE_15720	ko:K19338
amac:MASE_15725	ko:K02014
amac:MASE_15730	ko:K07090
amac:MASE_15735	ko:K00817
amac:MASE_15740	ko:K03413
amac:MASE_15745	ko:K03410
amac:MASE_15750	ko:K02482
amac:MASE_15760	ko:K02336
amac:MASE_15770	ko:K00666
amac:MASE_15785	ko:K00557
amac:MASE_15790	ko:K22105
amac:MASE_15795	ko:K00507
amac:MASE_15800	ko:K00322
amac:MASE_15815	ko:K21024
amac:MASE_15825	ko:K00390
amac:MASE_15830	ko:K00381
amac:MASE_15835	ko:K00380
amac:MASE_15860	ko:K03969
amac:MASE_15870	ko:K05539
amac:MASE_15895	ko:K01070
amac:MASE_15910	ko:K16053
amac:MASE_15930	ko:K03308
amac:MASE_15945	ko:K07304
amac:MASE_15960	ko:K03840
amac:MASE_15970	ko:K03559
amac:MASE_15980	ko:K20543
amac:MASE_15985	ko:K20542
amac:MASE_15990	ko:K20541
amac:MASE_15995	ko:K00694
amac:MASE_16010	ko:K15460
amac:MASE_16020	ko:K01278
amac:MASE_16035	ko:K01754
amac:MASE_16050	ko:K01069
amac:MASE_16100	ko:K03457
amac:MASE_16105	ko:K02014
amac:MASE_16110	ko:K00140
amac:MASE_16115	ko:K09024
amac:MASE_16120	ko:K09019
amac:MASE_16125	ko:K09023
amac:MASE_16130	ko:K09021
amac:MASE_16135	ko:K09020
amac:MASE_16140	ko:K09018
amac:MASE_16145	ko:K09017
amac:MASE_16150	ko:K10914
amac:MASE_16170	ko:K00851
amac:MASE_16175	ko:K06145
amac:MASE_16190	ko:K02346
amac:MASE_16195	ko:K05952
amac:MASE_16200	ko:K03734
amac:MASE_16205	ko:K00351
amac:MASE_16210	ko:K00350
amac:MASE_16215	ko:K00349
amac:MASE_16220	ko:K00348
amac:MASE_16225	ko:K00347
amac:MASE_16230	ko:K00346
amac:MASE_16235	ko:K00209
amac:MASE_16240	ko:K03773
amac:MASE_16245	ko:K01595
amac:MASE_16250	ko:K00024
amac:MASE_16255	ko:K03402
amac:MASE_16280	ko:K00876
amac:MASE_16285	ko:K03317
amac:MASE_16315	ko:K02342
amac:MASE_16320	ko:K07182
amac:MASE_16350	ko:K05844
amac:MASE_16355	ko:K06987
amac:MASE_16375	ko:K01895
amac:MASE_16385	ko:K14683
amac:MASE_16400	ko:K17734
amac:MASE_16415	ko:K12132
amac:MASE_16425	ko:K02480
amac:MASE_16430	ko:K07696
amac:MASE_16435	ko:K17734
amac:MASE_16445	ko:K06867
amac:MASE_16450	ko:K03781
amac:MASE_16455	ko:K07093
amac:MASE_16465	ko:K02358
amac:MASE_16475	ko:K03525
amac:MASE_16480	ko:K03524
amac:MASE_16485	ko:K00075
amac:MASE_16490	ko:K03406
amac:MASE_16525	ko:K03717
amac:MASE_16530	ko:K06940
amac:MASE_16540	ko:K00012
amac:MASE_16545	ko:K01710
amac:MASE_16550	ko:K00067
amac:MASE_16555	ko:K01790
amac:MASE_16560	ko:K00973
amac:MASE_16585	ko:K03207
amac:MASE_16590	ko:K02377
amac:MASE_16610	ko:K07497
amac:MASE_16615	ko:K07483
amac:MASE_16625	ko:K14647
amac:MASE_16660	ko:K01711
amac:MASE_16665	ko:K01627
amac:MASE_16670	ko:K00979
amac:MASE_16680	ko:K06041
amac:MASE_16685	ko:K07266
amac:MASE_16785	ko:K00971
amac:MASE_16790	ko:K01840
amac:MASE_16795	ko:K02406
amac:MASE_16800	ko:K02879
amac:MASE_16805	ko:K03040
amac:MASE_16810	ko:K02986
amac:MASE_16815	ko:K02948
amac:MASE_16820	ko:K02952
amac:MASE_16825	ko:K02919
amac:MASE_16840	ko:K02876
amac:MASE_16845	ko:K02907
amac:MASE_16850	ko:K02988
amac:MASE_16855	ko:K02881
amac:MASE_16860	ko:K02933
amac:MASE_16865	ko:K02994
amac:MASE_16870	ko:K02954
amac:MASE_16875	ko:K02931
amac:MASE_16880	ko:K02895
amac:MASE_16885	ko:K02874
amac:MASE_16890	ko:K20974
amac:MASE_16900	ko:K14645
amac:MASE_16905	ko:K03218
amac:MASE_16910	ko:K12573
amac:MASE_16915	ko:K01113
amac:MASE_16930	ko:K02014
amac:MASE_16945	ko:K21217
amac:MASE_16955	ko:K03182
amac:MASE_16960	ko:K05368
amac:MASE_16975	ko:K02030
amac:MASE_16980	ko:K11354
amac:MASE_16990	ko:K00425
amac:MASE_16995	ko:K00426
amac:MASE_17005	ko:K03406
amac:MASE_17010	ko:K05800
amac:MASE_17020	ko:K03704
amac:MASE_17025	ko:K03688
amac:MASE_17030	ko:K03690
amac:MASE_17035	ko:K03183
amac:MASE_17045	ko:K01414
amac:MASE_17050	ko:K07668
amac:MASE_17070	ko:K00383
amac:MASE_17080	ko:K02014
amac:MASE_17135	ko:K28139
amac:MASE_17140	ko:K13408
amac:MASE_17145	ko:K13409
amac:MASE_17175	ko:K03667
amac:MASE_17180	ko:K01419
amac:MASE_17190	ko:K07274
amac:MASE_17200	ko:K03591
amac:MASE_17205	ko:K04066
amac:MASE_17210	ko:K02909
amac:MASE_17225	ko:K00029
amac:MASE_17230	ko:K03764
amac:MASE_17235	ko:K00297
amac:MASE_17240	ko:K07058
amac:MASE_17255	ko:K01259
amac:MASE_17260	ko:K07560
amac:MASE_17270	ko:K03089
amac:MASE_17285	ko:K09811
amac:MASE_17290	ko:K09812
amac:MASE_17295	ko:K03110
amac:MASE_17300	ko:K08316
amac:MASE_17305	ko:K09891
amac:MASE_17320	ko:K07751
amac:MASE_17325	ko:K06206
amac:MASE_17330	ko:K06204
amac:MASE_17335	ko:K01894
amac:MASE_17340	ko:K00970
amac:MASE_17345	ko:K00950
amac:MASE_17350	ko:K00606
amac:MASE_17355	ko:K01918
amac:MASE_17360	ko:K01580
amac:MASE_17375	ko:K01992
amac:MASE_17380	ko:K01990
amac:MASE_17385	ko:K02483
amac:MASE_17390	ko:K14980
amac:MASE_17410	ko:K03699
amac:MASE_17415	ko:K07089
amac:MASE_17420	ko:K06200
amac:MASE_17425	ko:K00380
amac:MASE_17435	ko:K09939
amac:MASE_17460	ko:K03832
amac:MASE_17465	ko:K03559
amac:MASE_17470	ko:K03561
amac:MASE_17475	ko:K03561
amac:MASE_17485	ko:K19611
amac:MASE_17490	ko:K16422
amac:MASE_17495	ko:K07336
amac:MASE_17500	ko:K16090
amac:MASE_17510	ko:K09973
amac:MASE_17520	ko:K02355
amac:MASE_17525	ko:K02992
amac:MASE_17530	ko:K02950
amac:MASE_17535	ko:K03046
amac:MASE_17540	ko:K03043
amac:MASE_17550	ko:K02864
amac:MASE_17555	ko:K02863
amac:MASE_17560	ko:K02867
amac:MASE_17565	ko:K02601
amac:MASE_17570	ko:K03073
amac:MASE_17575	ko:K18893
amac:MASE_17580	ko:K10218
amac:MASE_17585	ko:K07386
amac:MASE_17595	ko:K09964
amac:MASE_17600	ko:K05591
amac:MASE_17610	ko:K01465
amac:MASE_17615	ko:K03098
amac:MASE_17625	ko:K08234
amac:MASE_17630	ko:K03442
amac:MASE_17635	ko:K02429
amac:MASE_17640	ko:K05341
amac:MASE_17650	ko:K01495
amac:MASE_17655	ko:K13938
amac:MASE_17660	ko:K10536
amac:MASE_17665	ko:K12251
amac:MASE_17670	ko:K06953
amac:MASE_17675	ko:K03724
amac:MASE_17680	ko:K07148
amac:MASE_17690	ko:K07577
amac:MASE_17700	ko:K02356
amac:MASE_17705	ko:K00847
amac:MASE_17730	ko:K11209
amac:MASE_17735	ko:K00799
amac:MASE_17745	ko:K01046
amac:MASE_17750	ko:K00568
amac:MASE_17755	ko:K09966
amac:MASE_17765	ko:K01652
amac:MASE_17780	ko:K01772
amac:MASE_17785	ko:K12942
amac:MASE_17790	ko:K04087
amac:MASE_17795	ko:K04088
amac:MASE_17800	ko:K03665
amac:MASE_17805	ko:K03666
amac:MASE_17810	ko:K00791
amac:MASE_17815	ko:K03572
amac:MASE_17820	ko:K01448
amac:MASE_17825	ko:K06925
amac:MASE_17830	ko:K23997
amac:MASE_17835	ko:K18979
amac:MASE_17845	ko:K01599
amac:MASE_17850	ko:K03426
amac:MASE_17855	ko:K07740
amac:MASE_17860	ko:K09823
amac:MASE_17865	ko:K03409
amac:MASE_17875	ko:K03286
amac:MASE_17880	ko:K02314
amac:MASE_17900	ko:K03088
amac:MASE_17915	ko:K19610
amac:MASE_17920	ko:K19609
amac:MASE_17930	ko:K16087
amac:MASE_17935	ko:K03585
amac:MASE_17940	ko:K18138
amac:MASE_17945	ko:K02939
amac:MASE_17950	ko:K02963
amac:MASE_17955	ko:K02990
amac:MASE_17960	ko:K09918
amac:MASE_17965	ko:K02003
amac:MASE_17970	ko:K02004
amac:MASE_17975	ko:K03776
amac:MASE_17980	ko:K02482
amac:MASE_17995	ko:K00387
amac:MASE_18015	ko:K03710
amac:MASE_18020	ko:K07090
amac:MASE_18025	ko:K01811
amac:MASE_18030	ko:K03307
amac:MASE_18035	ko:K02014
amac:MASE_18040	ko:K16264
amac:MASE_18055	ko:K21088
amac:MASE_18060	ko:K03315
amac:MASE_18065	ko:K05349
amac:MASE_18070	ko:K02429
amac:MASE_18075	ko:K05350
amac:MASE_18080	ko:K02529
amac:MASE_18090	ko:K16012
amac:MASE_18095	ko:K16013
amac:MASE_18100	ko:K00424
amac:MASE_18105	ko:K00426
amac:MASE_18110	ko:K00425
amac:MASE_18130	ko:K02014
amac:MASE_18135	ko:K07090
amac:MASE_18185	ko:K09007
amac:MASE_18195	ko:K09950
amac:MASE_18205	ko:K09950
amac:MASE_18225	ko:K07003
amac:MASE_18280	ko:K15034
amac:MASE_18320	ko:K03885
amac:MASE_18325	ko:K02014
amac:MASE_18340	ko:K21698
amac:MASE_18345	ko:K06076
amac:MASE_18360	ko:K20974
amac:MASE_18395	ko:K08365
amac:MASE_18400	ko:K08363
amac:MASE_18405	ko:K08364
amac:MASE_18430	ko:K16264
amac:MASE_18440	ko:K15725
amac:MASE_18445	ko:K15727
amac:MASE_18450	ko:K15726
amac:MASE_18480	ko:K03427
amac:MASE_18485	ko:K01154
amac:MASE_18490	ko:K01153
amac:MASE_18535	ko:K00820
amac:MASE_18550	ko:K04042
amac:MASE_18565	ko:K00567
amac:MASE_18580	ko:K01467
amac:MASE_18585	ko:K01585
amac:MASE_18595	ko:K00325
amac:MASE_18600	ko:K00324
amac:MASE_18605	ko:K00324
amac:MASE_18610	ko:K02014
amac:MASE_18615	ko:K14266
amac:MASE_18645	ko:K16087
amac:MASE_18655	ko:K02014
amac:MASE_18665	ko:K07165
amac:MASE_18675	ko:K03769
amac:MASE_18685	ko:K02257
amac:MASE_18690	ko:K02300
amac:MASE_18695	ko:K02299
amac:MASE_18700	ko:K02298
amac:MASE_18705	ko:K02297
amac:MASE_18730	ko:K01728
amac:MASE_18735	ko:K04077
amac:MASE_18740	ko:K04078
amac:MASE_18745	ko:K07113
amac:MASE_18750	ko:K03926
amac:MASE_18755	ko:K04084
amac:MASE_18765	ko:K03786
amac:MASE_18770	ko:K02160
amac:MASE_18775	ko:K01961
amac:MASE_18820	ko:K01426
amac:MASE_18825	ko:K02030
amac:MASE_18830	ko:K02687
amac:MASE_18835	ko:K05540
amac:MASE_18840	ko:K03557
amac:MASE_18845	ko:K00602
amac:MASE_18855	ko:K01945
amac:MASE_18860	ko:K03796
amac:MASE_18870	ko:K10716
amac:MASE_18875	ko:K28462
amac:MASE_18885	ko:K07659
amac:MASE_18890	ko:K07638
amac:MASE_18900	ko:K18820
amac:MASE_18905	ko:K01610
amac:MASE_18910	ko:K04083
amac:MASE_18915	ko:K04762
amac:MASE_18920	ko:K02452
amac:MASE_18925	ko:K02453
amac:MASE_18930	ko:K02454
amac:MASE_18935	ko:K02455
amac:MASE_18940	ko:K02456
amac:MASE_18945	ko:K02457
amac:MASE_18950	ko:K02458
amac:MASE_18955	ko:K02459
amac:MASE_18960	ko:K02460
amac:MASE_18965	ko:K02461
amac:MASE_18970	ko:K02462
amac:MASE_18975	ko:K02463
amac:MASE_18990	ko:K00135
amac:MASE_18995	ko:K01529
amac:MASE_19000	ko:K20881
amac:MASE_19005	ko:K08312
amac:MASE_19010	ko:K01082
amac:MASE_19020	ko:K03669
amac:MASE_19025	ko:K03670
amac:MASE_19035	ko:K09898
amac:MASE_19040	ko:K07019
amac:MASE_19050	ko:K06158
amac:MASE_19055	ko:K07070
amac:MASE_19070	ko:K03745
amac:MASE_19080	ko:K03772
amac:MASE_19090	ko:K04760
amac:MASE_19095	ko:K06959
amac:MASE_19100	ko:K14266
amac:MASE_19125	ko:K02529
amac:MASE_19130	ko:K03292
amac:MASE_19150	ko:K05970
amac:MASE_19160	ko:K01181
amac:MASE_19170	ko:K00615
amac:MASE_19175	ko:K01805
amac:MASE_19180	ko:K00854
amac:MASE_19185	ko:K00616
amac:MASE_19190	ko:K01785
amac:MASE_19195	ko:K05349
amac:MASE_19205	ko:K01179
amac:MASE_19215	ko:K01181
amac:MASE_19245	ko:K02170
amac:MASE_19260	ko:K07400
amac:MASE_19270	ko:K25316
amac:MASE_19285	ko:K26937
amac:MASE_19300	ko:K07152
amac:MASE_19305	ko:K02257
amac:MASE_19310	ko:K02259
amac:MASE_19320	ko:K14998
amac:MASE_19330	ko:K02276
amac:MASE_19335	ko:K02258
amac:MASE_19340	ko:K02274
amac:MASE_19345	ko:K02275
amac:MASE_19350	ko:K01356
amac:MASE_19365	ko:K00631
amac:MASE_19370	ko:K01754
amac:MASE_19375	ko:K01687
amac:MASE_19385	ko:K07391
amac:MASE_19390	ko:K02521
amac:MASE_19395	ko:K00053
amac:MASE_19400	ko:K07552
amac:MASE_19430	ko:K20534
amac:MASE_19445	ko:K07862
amac:MASE_19450	ko:K01479
amac:MASE_19455	ko:K01468
amac:MASE_19460	ko:K05836
amac:MASE_19475	ko:K01745
amac:MASE_19480	ko:K05805
amac:MASE_19485	ko:K07274
amac:MASE_19490	ko:K18676
amac:MASE_19495	ko:K01443
amac:MASE_19535	ko:K07278
amac:MASE_19540	ko:K09800
amac:MASE_19550	ko:K03088
amac:MASE_19565	ko:K00018
amac:MASE_19570	ko:K07107
amac:MASE_19575	ko:K00931
amac:MASE_19615	ko:K09986
amac:MASE_19640	ko:K04085
amac:MASE_19645	ko:K00762
amac:MASE_19650	ko:K00989
amac:MASE_19660	ko:K14266
amac:MASE_19665	ko:K14266
amac:MASE_19675	ko:K05350
amac:MASE_19680	ko:K03292
amac:MASE_19685	ko:K02529
amac:MASE_19705	ko:K25135
amac:MASE_19710	ko:K07443
amac:MASE_19715	ko:K05812
amac:MASE_19720	ko:K00799
amac:MASE_19730	ko:K02114
amac:MASE_19735	ko:K02112
amac:MASE_19740	ko:K02115
amac:MASE_19745	ko:K02111
amac:MASE_19750	ko:K02113
amac:MASE_19755	ko:K02109
amac:MASE_19760	ko:K02110
amac:MASE_19765	ko:K02108
amac:MASE_19770	ko:K02116
amac:MASE_19775	ko:K03497
amac:MASE_19780	ko:K03496
amac:MASE_19785	ko:K03501
amac:MASE_19790	ko:K03495
amac:MASE_19795	ko:K02315
amac:MASE_19800	ko:K02317
amac:MASE_19805	ko:K06205
amac:MASE_19810	ko:K03650
amac:MASE_19815	ko:K09767
amac:MASE_19820	ko:K03217
amac:MASE_19825	ko:K08998
amac:MASE_19830	ko:K03536
amac:MASE_19835	ko:K02914
amac:MASE_r19948	ko:K01985
amac:MASE_r19950	ko:K01985
amac:MASE_r19952	ko:K01985
amac:MASE_r19954	ko:K01985
amac:MASE_r19956	ko:K01985
amac:MASE_r19958	ko:K01985
amac:MASE_r19960	ko:K01977
amac:MASE_r19962	ko:K01977
amac:MASE_r19964	ko:K01977
amac:MASE_r19966	ko:K01977
amac:MASE_r19968	ko:K01977
amac:MASE_r19970	ko:K01980
amac:MASE_r19972	ko:K01980
amac:MASE_r19974	ko:K01980
amac:MASE_r19976	ko:K01980
amac:MASE_r19978	ko:K01980
amac:MASE_t19842	ko:K14219
amac:MASE_t19844	ko:K14231
amac:MASE_t19846	ko:K14225
amac:MASE_t19848	ko:K14225
amac:MASE_t19850	ko:K14234
amac:MASE_t19852	ko:K14230
amac:MASE_t19854	ko:K14219
amac:MASE_t19856	ko:K14233
amac:MASE_t19858	ko:K14219
amac:MASE_t19860	ko:K14219
amac:MASE_t19862	ko:K14235
amac:MASE_t19864	ko:K14220
amac:MASE_t19866	ko:K14229
amac:MASE_t19868	ko:K14229
amac:MASE_t19870	ko:K14233
amac:MASE_t19874	ko:K14218
amac:MASE_t19876	ko:K14224
amac:MASE_t19878	ko:K14224
amac:MASE_t19880	ko:K14223
amac:MASE_t19882	ko:K14228
amac:MASE_t19884	ko:K14223
amac:MASE_t19886	ko:K14230
amac:MASE_t19888	ko:K14223
amac:MASE_t19890	ko:K14237
amac:MASE_t19892	ko:K14221
amac:MASE_t19894	ko:K14221
amac:MASE_t19896	ko:K14221
amac:MASE_t19898	ko:K14221
amac:MASE_t19900	ko:K14230
amac:MASE_t19902	ko:K14230
amac:MASE_t19904	ko:K14228
amac:MASE_t19906	ko:K14228
amac:MASE_t19908	ko:K14222
amac:MASE_t19910	ko:K14225
amac:MASE_t19912	ko:K14233
amac:MASE_t19914	ko:K14232
amac:MASE_t19918	ko:K14219
amac:MASE_t19920	ko:K14232
amac:MASE_t19922	ko:K14226
amac:MASE_t19924	ko:K14228
amac:MASE_t19926	ko:K14227
amac:MASE_t19928	ko:K14218
amac:MASE_t19930	ko:K14234
amac:MASE_t19932	ko:K14225
amac:MASE_t19934	ko:K14236
amac:MASE_t19936	ko:K14234
amac:MASE_t19938	ko:K14218
amac:MASE_t19940	ko:K14227
amac:MASE_t19942	ko:K14227
amac:MASE_t19944	ko:K14218
amac:MASE_t19946	ko:K14235
