bng:EH206_00005	ko:K02313
bng:EH206_00010	ko:K02338
bng:EH206_00015	ko:K03629
bng:EH206_00020	ko:K02470
bng:EH206_00030	ko:K03487
bng:EH206_00035	ko:K02760
bng:EH206_00040	ko:K02761
bng:EH206_00045	ko:K02759
bng:EH206_00050	ko:K01223
bng:EH206_00065	ko:K02035
bng:EH206_00070	ko:K01714
bng:EH206_00085	ko:K02033
bng:EH206_00090	ko:K02034
bng:EH206_00095	ko:K02031
bng:EH206_00095	ko:K02032
bng:EH206_00105	ko:K19776
bng:EH206_00110	ko:K00883
bng:EH206_00115	ko:K01631
bng:EH206_00120	ko:K01684
bng:EH206_00125	ko:K08194
bng:EH206_00130	ko:K04091
bng:EH206_00135	ko:K15553
bng:EH206_00140	ko:K03832
bng:EH206_00145	ko:K02471
bng:EH206_00150	ko:K16088
bng:EH206_00155	ko:K17686
bng:EH206_00160	ko:K07213
bng:EH206_00165	ko:K21600
bng:EH206_00180	ko:K24954
bng:EH206_00190	ko:K24955
bng:EH206_00200	ko:K14155
bng:EH206_00215	ko:K02035
bng:EH206_00245	ko:K04080
bng:EH206_00250	ko:K04081
bng:EH206_00260	ko:K07085
bng:EH206_00265	ko:K03319
bng:EH206_00270	ko:K07701
bng:EH206_00275	ko:K07703
bng:EH206_00280	ko:K00845
bng:EH206_00285	ko:K11616
bng:EH206_00290	ko:K12368
bng:EH206_00295	ko:K12369
bng:EH206_00300	ko:K12370
bng:EH206_00305	ko:K12371
bng:EH206_00310	ko:K12372
bng:EH206_00315	ko:K19164
bng:EH206_00320	ko:K00375
bng:EH206_00325	ko:K15373
bng:EH206_00330	ko:K15372
bng:EH206_00335	ko:K02049
bng:EH206_00340	ko:K02050
bng:EH206_00345	ko:K02050
bng:EH206_00350	ko:K02051
bng:EH206_00355	ko:K01941
bng:EH206_00360	ko:K28693
bng:EH206_00365	ko:K28692
bng:EH206_00370	ko:K02049
bng:EH206_00375	ko:K02050
bng:EH206_00380	ko:K02051
bng:EH206_00385	ko:K09017
bng:EH206_00390	ko:K17722
bng:EH206_00395	ko:K17723
bng:EH206_00400	ko:K01464
bng:EH206_00405	ko:K06016
bng:EH206_00410	ko:K00835
bng:EH206_00425	ko:K08191
bng:EH206_00435	ko:K15532
bng:EH206_00440	ko:K00090
bng:EH206_00455	ko:K01246
bng:EH206_00460	ko:K07090
bng:EH206_00465	ko:K01878
bng:EH206_00470	ko:K01879
bng:EH206_00485	ko:K12256
bng:EH206_00495	ko:K04033
bng:EH206_00505	ko:K02800
bng:EH206_00510	ko:K00009
bng:EH206_00515	ko:K02562
bng:EH206_00520	ko:K14762
bng:EH206_00530	ko:K05875
bng:EH206_00535	ko:K04564
bng:EH206_00540	ko:K02379
bng:EH206_00545	ko:K00138
bng:EH206_00560	ko:K00854
bng:EH206_00565	ko:K01805
bng:EH206_00570	ko:K10543
bng:EH206_00575	ko:K10545
bng:EH206_00580	ko:K10544
bng:EH206_00585	ko:K02529
bng:EH206_00595	ko:K01940
bng:EH206_00610	ko:K01426
bng:EH206_00615	ko:K02031
bng:EH206_00615	ko:K02032
bng:EH206_00620	ko:K02034
bng:EH206_00625	ko:K02033
bng:EH206_00630	ko:K02035
bng:EH206_00650	ko:K07154
bng:EH206_00660	ko:K19165
bng:EH206_00675	ko:K03465
bng:EH206_00705	ko:K07733
bng:EH206_00740	ko:K13051
bng:EH206_00745	ko:K16203
bng:EH206_00755	ko:K13891
bng:EH206_00760	ko:K13890
bng:EH206_00765	ko:K13889
bng:EH206_00770	ko:K13892
bng:EH206_00775	ko:K19802
bng:EH206_00785	ko:K00989
bng:EH206_00790	ko:K00762
bng:EH206_00795	ko:K05501
bng:EH206_00800	ko:K01520
bng:EH206_00805	ko:K13038
bng:EH206_00810	ko:K03630
bng:EH206_00815	ko:K02902
bng:EH206_00820	ko:K02913
bng:EH206_00825	ko:K10563
bng:EH206_00835	ko:K00954
bng:EH206_00840	ko:K02527
bng:EH206_00855	ko:K07133
bng:EH206_00860	ko:K15773
bng:EH206_00865	ko:K07154
bng:EH206_00875	ko:K18831
bng:EH206_00880	ko:K19166
bng:EH206_00885	ko:K29125
bng:EH206_00890	ko:K00128
bng:EH206_00895	ko:K19156
bng:EH206_00900	ko:K19155
bng:EH206_00905	ko:K19159
bng:EH206_00910	ko:K19158
bng:EH206_00930	ko:K03275
bng:EH206_00935	ko:K02848
bng:EH206_00940	ko:K02844
bng:EH206_00945	ko:K02849
bng:EH206_00950	ko:K02847
bng:EH206_00955	ko:K02841
bng:EH206_00960	ko:K02843
bng:EH206_00965	ko:K03274
bng:EH206_00970	ko:K09798
bng:EH206_00975	ko:K22719
bng:EH206_00985	ko:K03071
bng:EH206_00990	ko:K00057
bng:EH206_00995	ko:K00640
bng:EH206_01000	ko:K12973
bng:EH206_01010	ko:K03576
bng:EH206_01015	ko:K00549
bng:EH206_01020	ko:K00757
bng:EH206_01030	ko:K01595
bng:EH206_01040	ko:K01438
bng:EH206_01045	ko:K00145
bng:EH206_01050	ko:K00930
bng:EH206_01055	ko:K01755
bng:EH206_01060	ko:K09760
bng:EH206_01065	ko:K03183
bng:EH206_01070	ko:K03690
bng:EH206_01075	ko:K03688
bng:EH206_01080	ko:K03116
bng:EH206_01085	ko:K03117
bng:EH206_01090	ko:K03118
bng:EH206_01095	ko:K03424
bng:EH206_01100	ko:K01698
bng:EH206_01105	ko:K05785
bng:EH206_01110	ko:K03182
bng:EH206_01115	ko:K05368
bng:EH206_01120	ko:K00632
bng:EH206_01125	ko:K01825
bng:EH206_01130	ko:K01271
bng:EH206_01140	ko:K03498
bng:EH206_01145	ko:K00230
bng:EH206_01150	ko:K01977
bng:EH206_01155	ko:K14227
bng:EH206_01160	ko:K14218
bng:EH206_01165	ko:K01980
bng:EH206_01170	ko:K01985
bng:EH206_01175	ko:K14221
bng:EH206_01180	ko:K14235
bng:EH206_01185	ko:K23773
bng:EH206_01190	ko:K09897
bng:EH206_01195	ko:K07391
bng:EH206_01205	ko:K01652
bng:EH206_01210	ko:K11258
bng:EH206_01215	ko:K00826
bng:EH206_01220	ko:K01687
bng:EH206_01225	ko:K01754
bng:EH206_01240	ko:K02521
bng:EH206_01245	ko:K00053
bng:EH206_01250	ko:K11928
bng:EH206_01255	ko:K13821
bng:EH206_01260	ko:K03656
bng:EH206_01265	ko:K18650
bng:EH206_01270	ko:K01524
bng:EH206_01275	ko:K03732
bng:EH206_01280	ko:K03671
bng:EH206_01285	ko:K03628
bng:EH206_01290	ko:K02851
bng:EH206_01295	ko:K05790
bng:EH206_01300	ko:K01791
bng:EH206_01305	ko:K02472
bng:EH206_01310	ko:K01710
bng:EH206_01315	ko:K16704
bng:EH206_01320	ko:K02805
bng:EH206_01325	ko:K16693
bng:EH206_01330	ko:K12582
bng:EH206_01335	ko:K02853
bng:EH206_01340	ko:K02852
bng:EH206_01345	ko:K14219
bng:EH206_01350	ko:K14226
bng:EH206_01355	ko:K14228
bng:EH206_01360	ko:K14232
bng:EH206_01370	ko:K03559
bng:EH206_01380	ko:K02014
bng:EH206_01390	ko:K24117
bng:EH206_01395	ko:K16961
bng:EH206_01400	ko:K16962
bng:EH206_01405	ko:K16963
bng:EH206_01420	ko:K07090
bng:EH206_01430	ko:K02498
bng:EH206_01435	ko:K02496
bng:EH206_01440	ko:K01719
bng:EH206_01445	ko:K01749
bng:EH206_01450	ko:K05851
bng:EH206_01460	ko:K06202
bng:EH206_01470	ko:K01778
bng:EH206_01475	ko:K09921
bng:EH206_01480	ko:K03733
bng:EH206_01485	ko:K20862
bng:EH206_01490	ko:K03657
bng:EH206_01495	ko:K03284
bng:EH206_01500	ko:K07120
bng:EH206_01505	ko:K05786
bng:EH206_01515	ko:K01058
bng:EH206_01520	ko:K03654
bng:EH206_01525	ko:K05834
bng:EH206_01530	ko:K01048
bng:EH206_01535	ko:K28854
bng:EH206_01540	ko:K02445
bng:EH206_01545	ko:K00111
bng:EH206_01550	ko:K00112
bng:EH206_01555	ko:K00113
bng:EH206_01560	ko:K06911
bng:EH206_01565	ko:K06145
bng:EH206_01570	ko:K00851
bng:EH206_01575	ko:K03299
bng:EH206_01585	ko:K00133
bng:EH206_01590	ko:K07722
bng:EH206_01600	ko:K15584
bng:EH206_01605	ko:K15585
bng:EH206_01610	ko:K15586
bng:EH206_01615	ko:K07726
bng:EH206_01620	ko:K27882
bng:EH206_01625	ko:K03189
bng:EH206_01630	ko:K03188
bng:EH206_01635	ko:K03187
bng:EH206_01640	ko:K01428
bng:EH206_01645	ko:K01429
bng:EH206_01650	ko:K01430
bng:EH206_01655	ko:K03190
bng:EH206_01660	ko:K02028
bng:EH206_01660	ko:K02029
bng:EH206_01665	ko:K02030
bng:EH206_01670	ko:K12255
bng:EH206_01680	ko:K00700
bng:EH206_01685	ko:K02438
bng:EH206_01690	ko:K00975
bng:EH206_01695	ko:K00703
bng:EH206_01700	ko:K00688
bng:EH206_01710	ko:K07726
bng:EH206_01730	ko:K08354
bng:EH206_01735	ko:K04014
bng:EH206_01755	ko:K00111
bng:EH206_01760	ko:K03077
bng:EH206_01765	ko:K03079
bng:EH206_01770	ko:K03078
bng:EH206_01775	ko:K02821
bng:EH206_01780	ko:K02822
bng:EH206_01785	ko:K03475
bng:EH206_01790	ko:K03476
bng:EH206_01795	ko:K03477
bng:EH206_01800	ko:K02439
bng:EH206_01805	ko:K07793
bng:EH206_01810	ko:K07794
bng:EH206_01815	ko:K07795
bng:EH206_01820	ko:K01714
bng:EH206_01825	ko:K00852
bng:EH206_01830	ko:K02441
bng:EH206_01835	ko:K02444
bng:EH206_01840	ko:K00688
bng:EH206_01845	ko:K00705
bng:EH206_01850	ko:K07400
bng:EH206_01860	ko:K02170
bng:EH206_01865	ko:K01077
bng:EH206_01875	ko:K02003
bng:EH206_01880	ko:K02004
bng:EH206_01890	ko:K06959
bng:EH206_01895	ko:K01647
bng:EH206_01900	ko:K00156
bng:EH206_01905	ko:K02072
bng:EH206_01910	ko:K02071
bng:EH206_01915	ko:K02073
bng:EH206_01925	ko:K04760
bng:EH206_01930	ko:K07659
bng:EH206_01935	ko:K07638
bng:EH206_01940	ko:K01610
bng:EH206_01945	ko:K04083
bng:EH206_01950	ko:K04762
bng:EH206_01955	ko:K20881
bng:EH206_01965	ko:K08312
bng:EH206_01970	ko:K05366
bng:EH206_01975	ko:K12288
bng:EH206_01980	ko:K12289
bng:EH206_01985	ko:K12290
bng:EH206_01990	ko:K12291
bng:EH206_01995	ko:K02507
bng:EH206_02005	ko:K00891
bng:EH206_02010	ko:K01735
bng:EH206_02015	ko:K03112
bng:EH206_02020	ko:K06223
bng:EH206_02025	ko:K01783
bng:EH206_02030	ko:K01091
bng:EH206_02035	ko:K01867
bng:EH206_02040	ko:K12941
bng:EH206_02045	ko:K10018
bng:EH206_02050	ko:K10021
bng:EH206_02055	ko:K10019
bng:EH206_02060	ko:K10020
bng:EH206_02065	ko:K02302
bng:EH206_02075	ko:K02035
bng:EH206_02080	ko:K02033
bng:EH206_02085	ko:K02034
bng:EH206_02090	ko:K02031
bng:EH206_02095	ko:K02032
bng:EH206_02100	ko:K03767
bng:EH206_02105	ko:K01728
bng:EH206_02110	ko:K10914
bng:EH206_02115	ko:K07397
bng:EH206_02120	ko:K28462
bng:EH206_02125	ko:K09898
bng:EH206_02135	ko:K06158
bng:EH206_02140	ko:K11748
bng:EH206_02150	ko:K07070
bng:EH206_02155	ko:K03775
bng:EH206_02160	ko:K03745
bng:EH206_02165	ko:K03772
bng:EH206_02175	ko:K07235
bng:EH206_02180	ko:K07236
bng:EH206_02185	ko:K07237
bng:EH206_02190	ko:K02950
bng:EH206_02195	ko:K02992
bng:EH206_02200	ko:K02355
bng:EH206_02205	ko:K02358
bng:EH206_02210	ko:K02192
bng:EH206_02215	ko:K03594
bng:EH206_02220	ko:K02946
bng:EH206_02225	ko:K02906
bng:EH206_02230	ko:K02926
bng:EH206_02235	ko:K02892
bng:EH206_02240	ko:K02886
bng:EH206_02245	ko:K02965
bng:EH206_02250	ko:K02890
bng:EH206_02255	ko:K02982
bng:EH206_02260	ko:K02878
bng:EH206_02265	ko:K02904
bng:EH206_02270	ko:K02961
bng:EH206_02275	ko:K02874
bng:EH206_02280	ko:K02895
bng:EH206_02285	ko:K02931
bng:EH206_02290	ko:K02954
bng:EH206_02295	ko:K02994
bng:EH206_02300	ko:K02933
bng:EH206_02305	ko:K02881
bng:EH206_02310	ko:K02988
bng:EH206_02315	ko:K02907
bng:EH206_02320	ko:K02876
bng:EH206_02325	ko:K03076
bng:EH206_02330	ko:K02919
bng:EH206_02335	ko:K02952
bng:EH206_02340	ko:K02948
bng:EH206_02345	ko:K02986
bng:EH206_02350	ko:K03040
bng:EH206_02355	ko:K02879
bng:EH206_02365	ko:K09890
bng:EH206_02370	ko:K03282
bng:EH206_02375	ko:K03499
bng:EH206_02380	ko:K03500
bng:EH206_02385	ko:K00604
bng:EH206_02390	ko:K01462
bng:EH206_02395	ko:K04096
bng:EH206_02400	ko:K03747
bng:EH206_02405	ko:K07479
bng:EH206_02410	ko:K07566
bng:EH206_02415	ko:K00014
bng:EH206_02430	ko:K01977
bng:EH206_02435	ko:K14224
bng:EH206_02440	ko:K01980
bng:EH206_02445	ko:K01985
bng:EH206_02450	ko:K00651
bng:EH206_02455	ko:K01638
bng:EH206_02460	ko:K01637
bng:EH206_02465	ko:K00906
bng:EH206_02470	ko:K13641
bng:EH206_02475	ko:K00548
bng:EH206_02485	ko:K02014
bng:EH206_02495	ko:K03324
bng:EH206_02500	ko:K00928
bng:EH206_02505	ko:K01810
bng:EH206_02520	ko:K19810
bng:EH206_02525	ko:K02356
bng:EH206_02530	ko:K16348
bng:EH206_02540	ko:K00247
bng:EH206_02545	ko:K00246
bng:EH206_02550	ko:K00245
bng:EH206_02555	ko:K00244
bng:EH206_02560	ko:K04568
bng:EH206_02565	ko:K22051
bng:EH206_02570	ko:K01613
bng:EH206_02575	ko:K06949
bng:EH206_02580	ko:K13288
bng:EH206_02585	ko:K14225
bng:EH206_02595	ko:K14225
bng:EH206_02615	ko:K00648
bng:EH206_02620	ko:K01652
bng:EH206_02630	ko:K07794
bng:EH206_02635	ko:K07793
bng:EH206_02650	ko:K15020
bng:EH206_02655	ko:K00666
bng:EH206_02670	ko:K07165
bng:EH206_02675	ko:K16087
bng:EH206_02680	ko:K03832
bng:EH206_02690	ko:K07280
bng:EH206_02695	ko:K20276
bng:EH206_02700	ko:K12543
bng:EH206_02705	ko:K12541
bng:EH206_02710	ko:K12542
bng:EH206_02720	ko:K14225
bng:EH206_02755	ko:K06911
bng:EH206_02765	ko:K19577
bng:EH206_02770	ko:K03446
bng:EH206_02775	ko:K03543
bng:EH206_02780	ko:K18139
bng:EH206_02795	ko:K07038
bng:EH206_02800	ko:K05847
bng:EH206_02805	ko:K05846
bng:EH206_02810	ko:K05846
bng:EH206_02815	ko:K05845
bng:EH206_02820	ko:K01745
bng:EH206_02825	ko:K01712
bng:EH206_02830	ko:K09975
bng:EH206_02835	ko:K05603
bng:EH206_02840	ko:K01468
bng:EH206_02845	ko:K01458
bng:EH206_02850	ko:K05836
bng:EH206_02855	ko:K19156
bng:EH206_02860	ko:K19155
bng:EH206_02865	ko:K24119
bng:EH206_02870	ko:K03387
bng:EH206_02875	ko:K18979
bng:EH206_02880	ko:K23997
bng:EH206_02885	ko:K06925
bng:EH206_02890	ko:K01448
bng:EH206_02895	ko:K03572
bng:EH206_02900	ko:K00791
bng:EH206_02905	ko:K03666
bng:EH206_02910	ko:K03665
bng:EH206_02915	ko:K04088
bng:EH206_02920	ko:K04087
bng:EH206_02925	ko:K09937
bng:EH206_02930	ko:K01939
bng:EH206_02940	ko:K02558
bng:EH206_02945	ko:K03841
bng:EH206_02950	ko:K07447
bng:EH206_02955	ko:K07735
bng:EH206_02960	ko:K01920
bng:EH206_02965	ko:K09761
bng:EH206_02970	ko:K01150
bng:EH206_02975	ko:K02742
bng:EH206_02980	ko:K00789
bng:EH206_02990	ko:K01585
bng:EH206_03000	ko:K07387
bng:EH206_03005	ko:K00615
bng:EH206_03010	ko:K03472
bng:EH206_03015	ko:K00927
bng:EH206_03020	ko:K01624
bng:EH206_03025	ko:K03442
bng:EH206_03035	ko:K06895
bng:EH206_03040	ko:K09807
bng:EH206_03045	ko:K05596
bng:EH206_03050	ko:K01807
bng:EH206_03055	ko:K00058
bng:EH206_03070	ko:K06020
bng:EH206_03075	ko:K08309
bng:EH206_03080	ko:K03720
bng:EH206_03085	ko:K01529
bng:EH206_03090	ko:K15634
bng:EH206_03095	ko:K05804
bng:EH206_03100	ko:K05805
bng:EH206_03105	ko:K07773
bng:EH206_03115	ko:K02031
bng:EH206_03115	ko:K02032
bng:EH206_03120	ko:K01439
bng:EH206_03125	ko:K02034
bng:EH206_03130	ko:K02033
bng:EH206_03135	ko:K02035
bng:EH206_03140	ko:K02533
bng:EH206_03145	ko:K08278
bng:EH206_03150	ko:K12524
bng:EH206_03155	ko:K00872
bng:EH206_03160	ko:K01733
bng:EH206_03165	ko:K24700
bng:EH206_03180	ko:K07794
bng:EH206_03185	ko:K07793
bng:EH206_03195	ko:K09861
bng:EH206_03200	ko:K00616
bng:EH206_03210	ko:K03831
bng:EH206_03220	ko:K07034
bng:EH206_03225	ko:K04043
bng:EH206_03230	ko:K03686
bng:EH206_03235	ko:K02968
bng:EH206_03240	ko:K11753
bng:EH206_03245	ko:K01870
bng:EH206_03250	ko:K03101
bng:EH206_03255	ko:K03774
bng:EH206_03260	ko:K03527
bng:EH206_03265	ko:K00215
bng:EH206_03270	ko:K01956
bng:EH206_03275	ko:K01955
bng:EH206_03285	ko:K05835
bng:EH206_03300	ko:K00287
bng:EH206_03305	ko:K01525
bng:EH206_03310	ko:K06195
bng:EH206_03315	ko:K02528
bng:EH206_03320	ko:K00097
bng:EH206_03325	ko:K03771
bng:EH206_03330	ko:K04744
bng:EH206_03335	ko:K05801
bng:EH206_03340	ko:K06177
bng:EH206_03345	ko:K03580
bng:EH206_03350	ko:K02336
bng:EH206_03360	ko:K01999
bng:EH206_03365	ko:K01997
bng:EH206_03370	ko:K01998
bng:EH206_03375	ko:K01995
bng:EH206_03380	ko:K01996
bng:EH206_03390	ko:K01653
bng:EH206_03395	ko:K01652
bng:EH206_03405	ko:K04072
bng:EH206_03410	ko:K02062
bng:EH206_03415	ko:K02063
bng:EH206_03420	ko:K02064
bng:EH206_03425	ko:K11925
bng:EH206_03435	ko:K01704
bng:EH206_03440	ko:K01703
bng:EH206_03445	ko:K00052
bng:EH206_03450	ko:K01649
bng:EH206_03455	ko:K05806
bng:EH206_03460	ko:K01897
bng:EH206_03465	ko:K01652
bng:EH206_03470	ko:K01653
bng:EH206_03475	ko:K03435
bng:EH206_03480	ko:K09384
bng:EH206_03485	ko:K01462
bng:EH206_03490	ko:K28156
bng:EH206_03495	ko:K03925
bng:EH206_03500	ko:K03438
bng:EH206_03505	ko:K03586
bng:EH206_03510	ko:K03587
bng:EH206_03515	ko:K01928
bng:EH206_03520	ko:K01929
bng:EH206_03525	ko:K01000
bng:EH206_03530	ko:K01925
bng:EH206_03535	ko:K03588
bng:EH206_03540	ko:K02563
bng:EH206_03545	ko:K01924
bng:EH206_03550	ko:K01921
bng:EH206_03555	ko:K03589
bng:EH206_03560	ko:K03590
bng:EH206_03565	ko:K03531
bng:EH206_03570	ko:K02535
bng:EH206_03580	ko:K13301
bng:EH206_03585	ko:K03070
bng:EH206_03590	ko:K03574
bng:EH206_03595	ko:K09862
bng:EH206_03600	ko:K18778
bng:EH206_03605	ko:K00859
bng:EH206_03610	ko:K01209
bng:EH206_03615	ko:K00364
bng:EH206_03620	ko:K02505
bng:EH206_03625	ko:K02504
bng:EH206_03630	ko:K02682
bng:EH206_03635	ko:K00767
bng:EH206_03640	ko:K05517
bng:EH206_03645	ko:K03806
bng:EH206_03650	ko:K03807
bng:EH206_03655	ko:K11734
bng:EH206_03660	ko:K05799
bng:EH206_03665	ko:K00163
bng:EH206_03670	ko:K00627
bng:EH206_03675	ko:K00382
bng:EH206_03705	ko:K19611
bng:EH206_03710	ko:K03406
bng:EH206_03720	ko:K01480
bng:EH206_03725	ko:K02030
bng:EH206_03735	ko:K02029
bng:EH206_03740	ko:K02029
bng:EH206_03755	ko:K01438
bng:EH206_03760	ko:K01682
bng:EH206_03770	ko:K09910
bng:EH206_03775	ko:K18831
bng:EH206_03780	ko:K19166
bng:EH206_03785	ko:K02526
bng:EH206_03790	ko:K22129
bng:EH206_03795	ko:K22024
bng:EH206_03805	ko:K22397
bng:EH206_03810	ko:K22396
bng:EH206_03815	ko:K03299
bng:EH206_03820	ko:K19333
bng:EH206_03825	ko:K03111
bng:EH206_03830	ko:K03701
bng:EH206_03840	ko:K03406
bng:EH206_03850	ko:K00832
bng:EH206_03865	ko:K01713
bng:EH206_03870	ko:K01775
bng:EH206_03875	ko:K02314
bng:EH206_03880	ko:K00344
bng:EH206_03890	ko:K05539
bng:EH206_03900	ko:K21498
bng:EH206_03905	ko:K07334
bng:EH206_03915	ko:K01586
bng:EH206_03935	ko:K05939
bng:EH206_03940	ko:K08227
bng:EH206_03945	ko:K02348
bng:EH206_03950	ko:K05349
bng:EH206_03955	ko:K16347
bng:EH206_03960	ko:K19092
bng:EH206_03965	ko:K07746
bng:EH206_03975	ko:K01519
bng:EH206_03980	ko:K09131
bng:EH206_03985	ko:K02221
bng:EH206_03990	ko:K00286
bng:EH206_03995	ko:K06997
bng:EH206_04000	ko:K02669
bng:EH206_04010	ko:K16957
bng:EH206_04015	ko:K16959
bng:EH206_04020	ko:K16958
bng:EH206_04025	ko:K16960
bng:EH206_04030	ko:K01485
bng:EH206_04040	ko:K10974
bng:EH206_04045	ko:K05874
bng:EH206_04050	ko:K07726
bng:EH206_04055	ko:K13771
bng:EH206_04060	ko:K12573
bng:EH206_04065	ko:K03218
bng:EH206_04070	ko:K08989
bng:EH206_04080	ko:K06889
bng:EH206_04085	ko:K02035
bng:EH206_04090	ko:K02033
bng:EH206_04095	ko:K02034
bng:EH206_04100	ko:K02031
bng:EH206_04110	ko:K02990
bng:EH206_04115	ko:K02686
bng:EH206_04120	ko:K02963
bng:EH206_04125	ko:K02939
bng:EH206_04130	ko:K07269
bng:EH206_04135	ko:K03773
bng:EH206_04155	ko:K01999
bng:EH206_04165	ko:K11963
bng:EH206_04170	ko:K11962
bng:EH206_04175	ko:K11961
bng:EH206_04180	ko:K11960
bng:EH206_04185	ko:K11959
bng:EH206_04195	ko:K03809
bng:EH206_04205	ko:K01082
bng:EH206_04215	ko:K03699
bng:EH206_04220	ko:K07304
bng:EH206_04225	ko:K07278
bng:EH206_04230	ko:K09800
bng:EH206_04240	ko:K15553
bng:EH206_04245	ko:K01507
bng:EH206_04250	ko:K08591
bng:EH206_04255	ko:K01633
bng:EH206_04260	ko:K06153
bng:EH206_04265	ko:K00974
bng:EH206_04270	ko:K07184
bng:EH206_04275	ko:K18446
bng:EH206_04280	ko:K00982
bng:EH206_04285	ko:K03272
bng:EH206_04290	ko:K01972
bng:EH206_04295	ko:K09954
bng:EH206_04310	ko:K03776
bng:EH206_04315	ko:K01708
bng:EH206_04320	ko:K12299
bng:EH206_04325	ko:K01630
bng:EH206_04330	ko:K00042
bng:EH206_04335	ko:K00865
bng:EH206_04340	ko:K07678
bng:EH206_04345	ko:K03215
bng:EH206_04350	ko:K00951
bng:EH206_04355	ko:K04765
bng:EH206_04360	ko:K01937
bng:EH206_04365	ko:K01689
bng:EH206_04370	ko:K16210
bng:EH206_04375	ko:K15532
bng:EH206_04385	ko:K10026
bng:EH206_04390	ko:K01737
bng:EH206_04395	ko:K00380
bng:EH206_04400	ko:K00381
bng:EH206_04405	ko:K00390
bng:EH206_04410	ko:K02302
bng:EH206_04415	ko:K00957
bng:EH206_04420	ko:K00956
bng:EH206_04425	ko:K00860
bng:EH206_04435	ko:K05589
bng:EH206_04440	ko:K00991
bng:EH206_04445	ko:K01770
bng:EH206_04450	ko:K06176
bng:EH206_04455	ko:K00573
bng:EH206_04460	ko:K06194
bng:EH206_04465	ko:K03087
bng:EH206_04470	ko:K01881
bng:EH206_04475	ko:K22900
bng:EH206_04480	ko:K06080
bng:EH206_04485	ko:K02073
bng:EH206_04490	ko:K02072
bng:EH206_04495	ko:K02071
bng:EH206_04500	ko:K03273
bng:EH206_04505	ko:K01977
bng:EH206_04510	ko:K14227
bng:EH206_04515	ko:K14218
bng:EH206_04520	ko:K01980
bng:EH206_04525	ko:K01985
bng:EH206_04530	ko:K14234
bng:EH206_04535	ko:K01985
bng:EH206_04540	ko:K00998
bng:EH206_04545	ko:K09181
bng:EH206_04550	ko:K05812
bng:EH206_04555	ko:K03672
bng:EH206_04560	ko:K03214
bng:EH206_04570	ko:K03446
bng:EH206_04575	ko:K03543
bng:EH206_04580	ko:K15974
bng:EH206_04585	ko:K26606
bng:EH206_04590	ko:K26605
bng:EH206_04595	ko:K02002
bng:EH206_04600	ko:K02001
bng:EH206_04605	ko:K02000
bng:EH206_04615	ko:K22602
bng:EH206_04625	ko:K02030
bng:EH206_04630	ko:K02029
bng:EH206_04635	ko:K02029
bng:EH206_04640	ko:K02028
bng:EH206_04645	ko:K00839
bng:EH206_04650	ko:K02083
bng:EH206_04655	ko:K13566
bng:EH206_04660	ko:K14287
bng:EH206_04665	ko:K08964
bng:EH206_04670	ko:K09880
bng:EH206_04675	ko:K08967
bng:EH206_04680	ko:K03981
bng:EH206_04685	ko:K05685
bng:EH206_04690	ko:K13888
bng:EH206_04705	ko:K08963
bng:EH206_04710	ko:K00899
bng:EH206_04720	ko:K06445
bng:EH206_04725	ko:K03271
bng:EH206_04735	ko:K28919
bng:EH206_04745	ko:K02346
bng:EH206_04750	ko:K01270
bng:EH206_04755	ko:K02031
bng:EH206_04755	ko:K02032
bng:EH206_04760	ko:K02034
bng:EH206_04765	ko:K02033
bng:EH206_04770	ko:K02035
bng:EH206_04780	ko:K00286
bng:EH206_04790	ko:K00769
bng:EH206_04795	ko:K11750
bng:EH206_04800	ko:K11926
bng:EH206_04805	ko:K00931
bng:EH206_04810	ko:K00147
bng:EH206_04815	ko:K14234
bng:EH206_04845	ko:K19161
bng:EH206_04870	ko:K18923
bng:EH206_04875	ko:K06218
bng:EH206_04895	ko:K20938
bng:EH206_04905	ko:K01999
bng:EH206_04910	ko:K01995
bng:EH206_04915	ko:K01996
bng:EH206_04920	ko:K01997
bng:EH206_04925	ko:K01998
bng:EH206_04930	ko:K11901
bng:EH206_04935	ko:K11900
bng:EH206_04940	ko:K11905
bng:EH206_04945	ko:K11896
bng:EH206_04950	ko:K11895
bng:EH206_04955	ko:K11894
bng:EH206_04960	ko:K11906
bng:EH206_04965	ko:K11893
bng:EH206_04970	ko:K11892
bng:EH206_04975	ko:K11907
bng:EH206_04980	ko:K11908
bng:EH206_04985	ko:K11909
bng:EH206_04990	ko:K11910
bng:EH206_04995	ko:K11891
bng:EH206_05000	ko:K11911
bng:EH206_05005	ko:K07126
bng:EH206_05015	ko:K11903
bng:EH206_05020	ko:K11904
bng:EH206_05030	ko:K06867
bng:EH206_05035	ko:K06867
bng:EH206_05145	ko:K05595
bng:EH206_05155	ko:K03743
bng:EH206_05160	ko:K03553
bng:EH206_05165	ko:K03565
bng:EH206_05170	ko:K01872
bng:EH206_05175	ko:K03563
bng:EH206_05180	ko:K14233
bng:EH206_05185	ko:K14219
bng:EH206_05190	ko:K14219
bng:EH206_05195	ko:K14219
bng:EH206_05210	ko:K01919
bng:EH206_05215	ko:K07173
bng:EH206_05225	ko:K03106
bng:EH206_05230	ko:K02959
bng:EH206_05235	ko:K02860
bng:EH206_05240	ko:K00554
bng:EH206_05245	ko:K02884
bng:EH206_05255	ko:K27883
bng:EH206_05260	ko:K01626
bng:EH206_05265	ko:K14187
bng:EH206_05270	ko:K14170
bng:EH206_05275	ko:K05809
bng:EH206_05280	ko:K05807
bng:EH206_05290	ko:K06180
bng:EH206_05295	ko:K05810
bng:EH206_05300	ko:K03695
bng:EH206_05305	ko:K01977
bng:EH206_05310	ko:K14227
bng:EH206_05315	ko:K14218
bng:EH206_05320	ko:K01980
bng:EH206_05325	ko:K01985
bng:EH206_05330	ko:K14221
bng:EH206_05340	ko:K08307
bng:EH206_05345	ko:K01069
bng:EH206_05355	ko:K03469
bng:EH206_05360	ko:K02342
bng:EH206_05365	ko:K14221
bng:EH206_05375	ko:K28279
bng:EH206_05405	ko:K18904
bng:EH206_05410	ko:K03446
bng:EH206_05415	ko:K03543
bng:EH206_05420	ko:K00526
bng:EH206_05425	ko:K00525
bng:EH206_05430	ko:K03647
bng:EH206_05435	ko:K06191
bng:EH206_05440	ko:K01611
bng:EH206_05445	ko:K00797
bng:EH206_05455	ko:K02010
bng:EH206_05460	ko:K00760
bng:EH206_05465	ko:K01673
bng:EH206_05470	ko:K01990
bng:EH206_05475	ko:K01992
bng:EH206_05480	ko:K01579
bng:EH206_05485	ko:K01918
bng:EH206_05490	ko:K00606
bng:EH206_05495	ko:K00950
bng:EH206_05500	ko:K00970
bng:EH206_05505	ko:K01894
bng:EH206_05510	ko:K06204
bng:EH206_05515	ko:K06206
bng:EH206_05520	ko:K01975
bng:EH206_05525	ko:K03579
bng:EH206_05530	ko:K05365
bng:EH206_05535	ko:K10829
bng:EH206_05540	ko:K23227
bng:EH206_05545	ko:K23228
bng:EH206_05550	ko:K01845
bng:EH206_05555	ko:K15724
bng:EH206_05560	ko:K06858
bng:EH206_05565	ko:K01243
bng:EH206_05570	ko:K01129
bng:EH206_05575	ko:K04771
bng:EH206_05580	ko:K02647
bng:EH206_05585	ko:K23163
bng:EH206_05590	ko:K02046
bng:EH206_05595	ko:K02047
bng:EH206_05600	ko:K02045
bng:EH206_05605	ko:K19163
bng:EH206_05610	ko:K19164
bng:EH206_05615	ko:K14229
bng:EH206_05620	ko:K14237
bng:EH206_05625	ko:K14237
bng:EH206_05630	ko:K14237
bng:EH206_05635	ko:K01885
bng:EH206_05645	ko:K14218
bng:EH206_05650	ko:K14218
bng:EH206_05655	ko:K03648
bng:EH206_05660	ko:K06866
bng:EH206_05665	ko:K05590
bng:EH206_05670	ko:K15460
bng:EH206_05675	ko:K00278
bng:EH206_05680	ko:K03088
bng:EH206_05685	ko:K03597
bng:EH206_05690	ko:K03598
bng:EH206_05695	ko:K03803
bng:EH206_05700	ko:K03596
bng:EH206_05705	ko:K03100
bng:EH206_05710	ko:K03685
bng:EH206_05715	ko:K03595
bng:EH206_05720	ko:K03584
bng:EH206_05725	ko:K03474
bng:EH206_05730	ko:K00997
bng:EH206_05740	ko:K21086
bng:EH206_05750	ko:K12542
bng:EH206_05755	ko:K12541
bng:EH206_05760	ko:K12543
bng:EH206_05785	ko:K07106
bng:EH206_05790	ko:K18697
bng:EH206_05805	ko:K11991
bng:EH206_05810	ko:K18691
bng:EH206_05815	ko:K01952
bng:EH206_05820	ko:K07711
bng:EH206_05830	ko:K07715
bng:EH206_05835	ko:K04751
bng:EH206_05845	ko:K00600
bng:EH206_05850	ko:K05820
bng:EH206_05860	ko:K08970
bng:EH206_05865	ko:K02016
bng:EH206_05870	ko:K02013
bng:EH206_05875	ko:K02015
bng:EH206_05880	ko:K02016
bng:EH206_05885	ko:K01092
bng:EH206_05890	ko:K15396
bng:EH206_05895	ko:K13643
bng:EH206_05900	ko:K04487
bng:EH206_05905	ko:K04488
bng:EH206_05910	ko:K13628
bng:EH206_05915	ko:K04082
bng:EH206_05920	ko:K04044
bng:EH206_05925	ko:K04755
bng:EH206_05935	ko:K07751
bng:EH206_05950	ko:K01011
bng:EH206_05960	ko:K00940
bng:EH206_05965	ko:K06941
bng:EH206_05970	ko:K02656
bng:EH206_05975	ko:K15539
bng:EH206_05980	ko:K03526
bng:EH206_05985	ko:K01892
bng:EH206_05995	ko:K17713
bng:EH206_06000	ko:K03977
bng:EH206_06005	ko:K13936
bng:EH206_06025	ko:K03601
bng:EH206_06030	ko:K00088
bng:EH206_06035	ko:K01951
bng:EH206_06040	ko:K06893
bng:EH206_06055	ko:K11959
bng:EH206_06060	ko:K11959
bng:EH206_06065	ko:K13953
bng:EH206_06070	ko:K11960
bng:EH206_06075	ko:K11961
bng:EH206_06080	ko:K11962
bng:EH206_06085	ko:K11963
bng:EH206_06095	ko:K00146
bng:EH206_06115	ko:K05964
bng:EH206_06120	ko:K01808
bng:EH206_06125	ko:K23238
bng:EH206_06130	ko:K10549
bng:EH206_06135	ko:K10551
bng:EH206_06140	ko:K10550
bng:EH206_06145	ko:K17195
bng:EH206_06150	ko:K00881
bng:EH206_06155	ko:K10013
bng:EH206_06160	ko:K14287
bng:EH206_06165	ko:K03566
bng:EH206_06175	ko:K07112
bng:EH206_06215	ko:K02073
bng:EH206_06220	ko:K02071
bng:EH206_06225	ko:K02072
bng:EH206_06230	ko:K02529
bng:EH206_06235	ko:K02035
bng:EH206_06240	ko:K02033
bng:EH206_06245	ko:K02034
bng:EH206_06250	ko:K02032
bng:EH206_06255	ko:K02031
bng:EH206_06260	ko:K01426
bng:EH206_06265	ko:K00878
bng:EH206_06270	ko:K00941
bng:EH206_06275	ko:K11645
bng:EH206_06280	ko:K13256
bng:EH206_06295	ko:K08303
bng:EH206_06305	ko:K07393
bng:EH206_06310	ko:K07664
bng:EH206_06315	ko:K07642
bng:EH206_06320	ko:K18326
bng:EH206_06325	ko:K07789
bng:EH206_06330	ko:K07788
bng:EH206_06335	ko:K07799
bng:EH206_06340	ko:K00851
bng:EH206_06350	ko:K11535
bng:EH206_06365	ko:K02529
bng:EH206_06370	ko:K00965
bng:EH206_06375	ko:K00849
bng:EH206_06380	ko:K06213
bng:EH206_06390	ko:K01524
bng:EH206_06395	ko:K00937
bng:EH206_06410	ko:K01752
bng:EH206_06415	ko:K03837
bng:EH206_06420	ko:K01589
bng:EH206_06425	ko:K01588
bng:EH206_06430	ko:K03269
bng:EH206_06435	ko:K03768
bng:EH206_06440	ko:K15977
bng:EH206_06445	ko:K01883
bng:EH206_06450	ko:K14761
bng:EH206_06455	ko:K01491
bng:EH206_06470	ko:K02759
bng:EH206_06485	ko:K02033
bng:EH206_06490	ko:K02034
bng:EH206_06495	ko:K00681
bng:EH206_06500	ko:K02031
bng:EH206_06500	ko:K02032
bng:EH206_06505	ko:K04080
bng:EH206_06515	ko:K03503
bng:EH206_06520	ko:K03502
bng:EH206_06540	ko:K09912
bng:EH206_06545	ko:K14219
bng:EH206_06550	ko:K05802
bng:EH206_06555	ko:K00824
bng:EH206_06560	ko:K19802
bng:EH206_06565	ko:K26272
bng:EH206_06570	ko:K14261
bng:EH206_06575	ko:K02464
bng:EH206_06585	ko:K05591
bng:EH206_06600	ko:K09781
bng:EH206_06610	ko:K15553
bng:EH206_06615	ko:K15554
bng:EH206_06620	ko:K15555
bng:EH206_06625	ko:K03746
bng:EH206_06635	ko:K07733
bng:EH206_06680	ko:K06919
bng:EH206_06705	ko:K14219
bng:EH206_06710	ko:K21990
bng:EH206_06715	ko:K04754
bng:EH206_06720	ko:K00116
bng:EH206_06725	ko:K06076
bng:EH206_06740	ko:K00632
bng:EH206_06745	ko:K01782
bng:EH206_06750	ko:K08296
bng:EH206_06760	ko:K07320
bng:EH206_06765	ko:K01736
bng:EH206_06770	ko:K07261
bng:EH206_06775	ko:K07090
bng:EH206_06780	ko:K09906
bng:EH206_06790	ko:K15461
bng:EH206_06795	ko:K00647
bng:EH206_06810	ko:K03473
bng:EH206_06820	ko:K06173
bng:EH206_06825	ko:K03975
bng:EH206_06835	ko:K01963
bng:EH206_06840	ko:K11754
bng:EH206_06845	ko:K03749
bng:EH206_06850	ko:K03558
bng:EH206_06855	ko:K00764
bng:EH206_06860	ko:K03186
bng:EH206_06865	ko:K10014
bng:EH206_06870	ko:K10016
bng:EH206_06875	ko:K10015
bng:EH206_06880	ko:K10017
bng:EH206_06885	ko:K07071
bng:EH206_06890	ko:K07589
bng:EH206_06895	ko:K11209
bng:EH206_06900	ko:K16238
bng:EH206_06905	ko:K03735
bng:EH206_06910	ko:K03736
bng:EH206_06915	ko:K07095
bng:EH206_06925	ko:K03475
bng:EH206_06930	ko:K02822
bng:EH206_06935	ko:K02821
bng:EH206_06945	ko:K13788
bng:EH206_06950	ko:K00925
bng:EH206_06955	ko:K09899
bng:EH206_06960	ko:K09161
bng:EH206_06965	ko:K19270
bng:EH206_06975	ko:K08722
bng:EH206_06980	ko:K14260
bng:EH206_06995	ko:K00330
bng:EH206_07000	ko:K00331
bng:EH206_07005	ko:K13378
bng:EH206_07010	ko:K00334
bng:EH206_07015	ko:K00335
bng:EH206_07020	ko:K00336
bng:EH206_07025	ko:K00337
bng:EH206_07030	ko:K00338
bng:EH206_07035	ko:K00339
bng:EH206_07040	ko:K00340
bng:EH206_07045	ko:K00341
bng:EH206_07050	ko:K00342
bng:EH206_07055	ko:K00343
bng:EH206_07060	ko:K05594
bng:EH206_07065	ko:K03817
bng:EH206_07075	ko:K06282
bng:EH206_07090	ko:K06281
bng:EH206_07095	ko:K03605
bng:EH206_07105	ko:K04651
bng:EH206_07110	ko:K04652
bng:EH206_07115	ko:K04653
bng:EH206_07120	ko:K04654
bng:EH206_07125	ko:K04655
bng:EH206_07130	ko:K04656
bng:EH206_07135	ko:K21936
bng:EH206_07140	ko:K07227
bng:EH206_07155	ko:K01951
bng:EH206_07160	ko:K00123
bng:EH206_07165	ko:K00124
bng:EH206_07170	ko:K00127
bng:EH206_07175	ko:K02380
bng:EH206_07180	ko:K07552
bng:EH206_07190	ko:K03585
bng:EH206_07195	ko:K18138
bng:EH206_07200	ko:K18139
bng:EH206_07215	ko:K08967
bng:EH206_07220	ko:K10439
bng:EH206_07225	ko:K10441
bng:EH206_07230	ko:K10440
bng:EH206_07235	ko:K10440
bng:EH206_07245	ko:K00058
bng:EH206_07265	ko:K01758
bng:EH206_07270	ko:K01697
bng:EH206_07275	ko:K00641
bng:EH206_07280	ko:K00826
bng:EH206_07285	ko:K02028
bng:EH206_07290	ko:K02029
bng:EH206_07295	ko:K02029
bng:EH206_07305	ko:K02030
bng:EH206_07320	ko:K09857
bng:EH206_07325	ko:K06192
bng:EH206_07330	ko:K03808
bng:EH206_07335	ko:K03808
bng:EH206_07355	ko:K01684
bng:EH206_07375	ko:K02798
bng:EH206_07380	ko:K06609
bng:EH206_07385	ko:K03335
bng:EH206_07390	ko:K03336
bng:EH206_07400	ko:K03337
bng:EH206_07405	ko:K00140
bng:EH206_07410	ko:K03338
bng:EH206_07415	ko:K00010
bng:EH206_07420	ko:K12974
bng:EH206_07425	ko:K13688
bng:EH206_07430	ko:K03415
bng:EH206_07435	ko:K15551
bng:EH206_07440	ko:K10831
bng:EH206_07445	ko:K15552
bng:EH206_07450	ko:K26005
bng:EH206_07455	ko:K15515
bng:EH206_07460	ko:K15553
bng:EH206_07465	ko:K15554
bng:EH206_07470	ko:K15555
bng:EH206_07475	ko:K25261
bng:EH206_07480	ko:K25262
bng:EH206_07490	ko:K00007
bng:EH206_07495	ko:K00854
bng:EH206_07500	ko:K10439
bng:EH206_07505	ko:K10441
bng:EH206_07510	ko:K10440
bng:EH206_07515	ko:K03406
bng:EH206_07520	ko:K09927
bng:EH206_07535	ko:K28279
bng:EH206_07540	ko:K14220
bng:EH206_07545	ko:K09933
bng:EH206_07550	ko:K14233
bng:EH206_07565	ko:K24180
bng:EH206_07585	ko:K07078
bng:EH206_07590	ko:K21029
bng:EH206_07595	ko:K03750
bng:EH206_07600	ko:K13892
bng:EH206_07605	ko:K13889
bng:EH206_07610	ko:K13890
bng:EH206_07615	ko:K13891
bng:EH206_07625	ko:K15553
bng:EH206_07630	ko:K15554
bng:EH206_07635	ko:K15555
bng:EH206_07650	ko:K04069
bng:EH206_07655	ko:K15553
bng:EH206_07660	ko:K15554
bng:EH206_07665	ko:K15555
bng:EH206_07670	ko:K00027
bng:EH206_07675	ko:K01489
bng:EH206_07685	ko:K06518
bng:EH206_07690	ko:K00833
bng:EH206_07695	ko:K01012
bng:EH206_07700	ko:K00652
bng:EH206_07705	ko:K02169
bng:EH206_07710	ko:K01935
bng:EH206_07715	ko:K03702
bng:EH206_07725	ko:K01897
bng:EH206_07745	ko:K02051
bng:EH206_07750	ko:K02050
bng:EH206_07770	ko:K03639
bng:EH206_07775	ko:K03638
bng:EH206_07780	ko:K03637
bng:EH206_07785	ko:K03636
bng:EH206_07790	ko:K03635
bng:EH206_07795	ko:K06890
bng:EH206_07820	ko:K23777
bng:EH206_07825	ko:K11927
bng:EH206_07835	ko:K07506
bng:EH206_07840	ko:K09765
bng:EH206_07845	ko:K05541
bng:EH206_07850	ko:K00547
bng:EH206_07855	ko:K05873
bng:EH206_07870	ko:K18457
bng:EH206_07885	ko:K02033
bng:EH206_07890	ko:K02034
bng:EH206_07895	ko:K02031
bng:EH206_07905	ko:K02035
bng:EH206_07915	ko:K05835
bng:EH206_07925	ko:K07262
bng:EH206_07930	ko:K00799
bng:EH206_07940	ko:K02011
bng:EH206_07945	ko:K02010
bng:EH206_07950	ko:K02012
bng:EH206_07965	ko:K05349
bng:EH206_07970	ko:K01823
bng:EH206_07975	ko:K05835
bng:EH206_07985	ko:K03722
bng:EH206_08005	ko:K10038
bng:EH206_08010	ko:K10037
bng:EH206_08015	ko:K10036
bng:EH206_08020	ko:K26606
bng:EH206_08025	ko:K26605
bng:EH206_08035	ko:K04047
bng:EH206_08045	ko:K11939
bng:EH206_08050	ko:K11934
bng:EH206_08060	ko:K26937
bng:EH206_08085	ko:K14232
bng:EH206_08090	ko:K07014
bng:EH206_08095	ko:K09904
bng:EH206_08100	ko:K06899
bng:EH206_08105	ko:K14233
bng:EH206_08120	ko:K01716
bng:EH206_08125	ko:K04770
bng:EH206_08130	ko:K09911
bng:EH206_08135	ko:K03286
bng:EH206_08140	ko:K13053
bng:EH206_08145	ko:K07343
bng:EH206_08160	ko:K03658
bng:EH206_08165	ko:K01734
bng:EH206_08170	ko:K06929
bng:EH206_08175	ko:K11940
bng:EH206_08180	ko:K01512
bng:EH206_08185	ko:K11179
bng:EH206_08195	ko:K19416
bng:EH206_08200	ko:K14233
bng:EH206_08210	ko:K22956
bng:EH206_08215	ko:K19734
bng:EH206_08230	ko:K11932
bng:EH206_08240	ko:K28274
bng:EH206_08255	ko:K03406
bng:EH206_08270	ko:K03670
bng:EH206_08275	ko:K03669
bng:EH206_08280	ko:K08161
bng:EH206_08285	ko:K02517
bng:EH206_08295	ko:K07146
bng:EH206_08310	ko:K12148
bng:EH206_08320	ko:K12149
bng:EH206_08325	ko:K01465
bng:EH206_08335	ko:K08300
bng:EH206_08345	ko:K06179
bng:EH206_08350	ko:K25422
bng:EH206_08355	ko:K07040
bng:EH206_08360	ko:K02911
bng:EH206_08365	ko:K03621
bng:EH206_08370	ko:K00648
bng:EH206_08375	ko:K00645
bng:EH206_08380	ko:K00059
bng:EH206_08385	ko:K02078
bng:EH206_08390	ko:K09458
bng:EH206_08395	ko:K02619
bng:EH206_08400	ko:K07082
bng:EH206_08405	ko:K00943
bng:EH206_08410	ko:K02341
bng:EH206_08415	ko:K03424
bng:EH206_08420	ko:K02779
bng:EH206_08425	ko:K02503
bng:EH206_08435	ko:K07337
bng:EH206_08440	ko:K07251
bng:EH206_08445	ko:K01207
bng:EH206_08450	ko:K07000
bng:EH206_08455	ko:K03885
bng:EH206_08465	ko:K10001
bng:EH206_08470	ko:K04046
bng:EH206_08475	ko:K01194
bng:EH206_08480	ko:K03723
bng:EH206_08485	ko:K09808
bng:EH206_08490	ko:K09810
bng:EH206_08495	ko:K09808
bng:EH206_08500	ko:K28207
bng:EH206_08505	ko:K12410
bng:EH206_08515	ko:K02071
bng:EH206_08520	ko:K02072
bng:EH206_08525	ko:K02073
bng:EH206_08540	ko:K06073
bng:EH206_08545	ko:K00432
bng:EH206_08550	ko:K06074
bng:EH206_08555	ko:K13695
bng:EH206_08560	ko:K03800
bng:EH206_08570	ko:K08997
bng:EH206_08575	ko:K10834
bng:EH206_08580	ko:K25133
bng:EH206_08585	ko:K25132
bng:EH206_08590	ko:K07225
bng:EH206_08595	ko:K01182
bng:EH206_08600	ko:K09773
bng:EH206_08605	ko:K01007
bng:EH206_08610	ko:K03734
bng:EH206_08615	ko:K18518
bng:EH206_08625	ko:K26063
bng:EH206_08630	ko:K19222
bng:EH206_08640	ko:K05997
bng:EH206_08645	ko:K09014
bng:EH206_08650	ko:K09013
bng:EH206_08655	ko:K09015
bng:EH206_08660	ko:K11717
bng:EH206_08665	ko:K02426
bng:EH206_08670	ko:K19236
bng:EH206_08675	ko:K06078
bng:EH206_08680	ko:K00873
bng:EH206_08685	ko:K03488
bng:EH206_08690	ko:K02757
bng:EH206_08695	ko:K01223
bng:EH206_08700	ko:K10124
bng:EH206_08715	ko:K11103
bng:EH206_08720	ko:K04091
bng:EH206_08725	ko:K15553
bng:EH206_08730	ko:K15553
bng:EH206_08735	ko:K14237
bng:EH206_08740	ko:K15554
bng:EH206_08745	ko:K15555
bng:EH206_08750	ko:K01652
bng:EH206_08755	ko:K15553
bng:EH206_08760	ko:K00245
bng:EH206_08765	ko:K00246
bng:EH206_08770	ko:K00247
bng:EH206_08775	ko:K00244
bng:EH206_08780	ko:K03779
bng:EH206_08785	ko:K03780
bng:EH206_08790	ko:K03317
bng:EH206_08795	ko:K00299
bng:EH206_08805	ko:K04091
bng:EH206_08815	ko:K20938
bng:EH206_08820	ko:K02071
bng:EH206_08825	ko:K02072
bng:EH206_08830	ko:K02073
bng:EH206_08845	ko:K01999
bng:EH206_08855	ko:K01996
bng:EH206_08860	ko:K01998
bng:EH206_08865	ko:K01997
bng:EH206_08870	ko:K01995
bng:EH206_08875	ko:K17228
bng:EH206_08890	ko:K03566
bng:EH206_08895	ko:K00567
bng:EH206_08900	ko:K01194
bng:EH206_08905	ko:K00697
bng:EH206_08910	ko:K01087
bng:EH206_08920	ko:K15580
bng:EH206_08925	ko:K01497
bng:EH206_08930	ko:K01096
bng:EH206_08935	ko:K17202
bng:EH206_08945	ko:K17204
bng:EH206_08950	ko:K17203
bng:EH206_08955	ko:K00615
bng:EH206_08960	ko:K00615
bng:EH206_08965	ko:K25231
bng:EH206_08970	ko:K24672
bng:EH206_08980	ko:K08992
bng:EH206_08985	ko:K19804
bng:EH206_08990	ko:K01591
bng:EH206_08995	ko:K03113
bng:EH206_09000	ko:K15554
bng:EH206_09005	ko:K15553
bng:EH206_09010	ko:K15555
bng:EH206_09020	ko:K04062
bng:EH206_09030	ko:K03077
bng:EH206_09035	ko:K06200
bng:EH206_09040	ko:K01147
bng:EH206_09045	ko:K02791
bng:EH206_09055	ko:K03710
bng:EH206_09060	ko:K28482
bng:EH206_09065	ko:K03734
bng:EH206_09070	ko:K00208
bng:EH206_09075	ko:K19230
bng:EH206_09080	ko:K19229
bng:EH206_09085	ko:K19228
bng:EH206_09090	ko:K19227
bng:EH206_09095	ko:K19226
bng:EH206_09125	ko:K03974
bng:EH206_09130	ko:K03969
bng:EH206_09135	ko:K03970
bng:EH206_09140	ko:K03973
bng:EH206_09150	ko:K06918
bng:EH206_09155	ko:K08990
bng:EH206_09160	ko:K16785
bng:EH206_09165	ko:K16787
bng:EH206_09170	ko:K16786
bng:EH206_09180	ko:K16923
bng:EH206_09185	ko:K03721
bng:EH206_09200	ko:K11065
bng:EH206_09205	ko:K14054
bng:EH206_09230	ko:K15580
bng:EH206_09235	ko:K16074
bng:EH206_09250	ko:K14058
bng:EH206_09255	ko:K18828
bng:EH206_09260	ko:K18829
bng:EH206_09265	ko:K13821
bng:EH206_09275	ko:K03778
bng:EH206_09290	ko:K03578
bng:EH206_09310	ko:K04775
bng:EH206_09325	ko:K07407
bng:EH206_09330	ko:K02532
bng:EH206_09335	ko:K02529
bng:EH206_09345	ko:K13938
bng:EH206_09350	ko:K03321
bng:EH206_09355	ko:K07300
bng:EH206_09360	ko:K07232
bng:EH206_09405	ko:K02052
bng:EH206_09410	ko:K00375
bng:EH206_09415	ko:K00823
bng:EH206_09420	ko:K00135
bng:EH206_09425	ko:K02055
bng:EH206_09430	ko:K02054
bng:EH206_09435	ko:K02053
bng:EH206_09465	ko:K03229
bng:EH206_09470	ko:K03228
bng:EH206_09475	ko:K03227
bng:EH206_09480	ko:K03226
bng:EH206_09485	ko:K03225
bng:EH206_09495	ko:K04056
bng:EH206_09500	ko:K03224
bng:EH206_09505	ko:K03220
bng:EH206_09510	ko:K03230
bng:EH206_09515	ko:K04058
bng:EH206_09545	ko:K04053
bng:EH206_09550	ko:K03222
bng:EH206_09560	ko:K03223
bng:EH206_09575	ko:K03219
bng:EH206_09670	ko:K00558
bng:EH206_09685	ko:K03497
bng:EH206_09700	ko:K06952
bng:EH206_09745	ko:K19789
bng:EH206_09750	ko:K06919
bng:EH206_09780	ko:K07339
bng:EH206_09785	ko:K18843
bng:EH206_09790	ko:K01173
bng:EH206_09800	ko:K01185
bng:EH206_09815	ko:K02345
bng:EH206_09975	ko:K07326
bng:EH206_09990	ko:K19048
bng:EH206_10010	ko:K19048
bng:EH206_10045	ko:K19048
bng:EH206_10065	ko:K19048
bng:EH206_10075	ko:K01457
bng:EH206_10085	ko:K11959
bng:EH206_10090	ko:K11960
bng:EH206_10095	ko:K11961
bng:EH206_10100	ko:K11962
bng:EH206_10105	ko:K11963
bng:EH206_10120	ko:K02588
bng:EH206_10125	ko:K02586
bng:EH206_10130	ko:K02591
bng:EH206_10135	ko:K02593
bng:EH206_10145	ko:K00847
bng:EH206_10150	ko:K01624
bng:EH206_10155	ko:K01624
bng:EH206_10160	ko:K02770
bng:EH206_10165	ko:K02769
bng:EH206_10170	ko:K02768
bng:EH206_10180	ko:K02587
bng:EH206_10185	ko:K02592
bng:EH206_10190	ko:K02596
bng:EH206_10200	ko:K13819
bng:EH206_10205	ko:K04487
bng:EH206_10210	ko:K02594
bng:EH206_10215	ko:K02595
bng:EH206_10220	ko:K02597
bng:EH206_10225	ko:K03769
bng:EH206_10230	ko:K11903
bng:EH206_10235	ko:K11904
bng:EH206_10305	ko:K03839
bng:EH206_10310	ko:K09801
bng:EH206_10315	ko:K03613
bng:EH206_10320	ko:K03612
bng:EH206_10325	ko:K03614
bng:EH206_10330	ko:K03615
bng:EH206_10335	ko:K03616
bng:EH206_10340	ko:K03617
bng:EH206_10345	ko:K23916
bng:EH206_10350	ko:K02584
bng:EH206_10355	ko:K02585
bng:EH206_10360	ko:K15790
bng:EH206_10375	ko:K07347
bng:EH206_10380	ko:K07346
bng:EH206_10385	ko:K27078
bng:EH206_10395	ko:K03297
bng:EH206_10400	ko:K23778
bng:EH206_10420	ko:K15721
bng:EH206_10425	ko:K04783
bng:EH206_10430	ko:K05374
bng:EH206_10435	ko:K04785
bng:EH206_10440	ko:K04786
bng:EH206_10445	ko:K04784
bng:EH206_10450	ko:K05372
bng:EH206_10455	ko:K14698
bng:EH206_10460	ko:K14699
bng:EH206_10465	ko:K05373
bng:EH206_10470	ko:K06942
bng:EH206_10475	ko:K01056
bng:EH206_10485	ko:K00948
bng:EH206_10490	ko:K00919
bng:EH206_10495	ko:K02494
bng:EH206_10500	ko:K02492
bng:EH206_10505	ko:K02835
bng:EH206_10510	ko:K02493
bng:EH206_10525	ko:K01627
bng:EH206_10535	ko:K00324
bng:EH206_10540	ko:K00325
bng:EH206_10545	ko:K14055
bng:EH206_10550	ko:K01420
bng:EH206_10560	ko:K04565
bng:EH206_10605	ko:K13654
bng:EH206_10610	ko:K02035
bng:EH206_10615	ko:K02034
bng:EH206_10620	ko:K13890
bng:EH206_10630	ko:K17950
bng:EH206_10640	ko:K01011
bng:EH206_10645	ko:K02031
bng:EH206_10645	ko:K02032
bng:EH206_10650	ko:K07026
bng:EH206_10655	ko:K13693
bng:EH206_10665	ko:K16066
bng:EH206_10685	ko:K01935
bng:EH206_10690	ko:K15545
bng:EH206_10700	ko:K08224
bng:EH206_10705	ko:K10748
bng:EH206_10710	ko:K01679
bng:EH206_10715	ko:K01809
bng:EH206_10725	ko:K03325
bng:EH206_10730	ko:K01488
bng:EH206_10735	ko:K14347
bng:EH206_10745	ko:K02099
bng:EH206_10750	ko:K10538
bng:EH206_10755	ko:K10539
bng:EH206_10760	ko:K10537
bng:EH206_10765	ko:K00853
bng:EH206_10770	ko:K01804
bng:EH206_10775	ko:K03617
bng:EH206_10780	ko:K03616
bng:EH206_10785	ko:K03615
bng:EH206_10790	ko:K03614
bng:EH206_10795	ko:K03612
bng:EH206_10800	ko:K03613
bng:EH206_10805	ko:K10773
bng:EH206_10810	ko:K13634
bng:EH206_10815	ko:K03168
bng:EH206_10825	ko:K04774
bng:EH206_10835	ko:K19221
bng:EH206_10845	ko:K06178
bng:EH206_10850	ko:K00380
bng:EH206_10855	ko:K00361
bng:EH206_10860	ko:K15578
bng:EH206_10865	ko:K15577
bng:EH206_10870	ko:K15576
bng:EH206_10890	ko:K07053
bng:EH206_10895	ko:K01657
bng:EH206_10900	ko:K01658
bng:EH206_10905	ko:K00766
bng:EH206_10910	ko:K13498
bng:EH206_10915	ko:K01696
bng:EH206_10920	ko:K01695
bng:EH206_10925	ko:K07275
bng:EH206_10940	ko:K07724
bng:EH206_10945	ko:K07497
bng:EH206_11030	ko:K03791
bng:EH206_11175	ko:K06940
bng:EH206_11185	ko:K06190
bng:EH206_11190	ko:K10806
bng:EH206_11195	ko:K03832
bng:EH206_11200	ko:K09780
bng:EH206_11205	ko:K05874
bng:EH206_11215	ko:K06131
bng:EH206_11220	ko:K09901
bng:EH206_11225	ko:K10823
bng:EH206_11230	ko:K15583
bng:EH206_11235	ko:K15582
bng:EH206_11240	ko:K15581
bng:EH206_11245	ko:K15580
bng:EH206_11250	ko:K04072
bng:EH206_11255	ko:K00857
bng:EH206_11260	ko:K03746
bng:EH206_11265	ko:K00963
bng:EH206_11270	ko:K02485
bng:EH206_11275	ko:K07001
bng:EH206_11280	ko:K09858
bng:EH206_11285	ko:K01433
bng:EH206_11290	ko:K14236
bng:EH206_11305	ko:K01142
bng:EH206_11315	ko:K03169
bng:EH206_11325	ko:K04773
bng:EH206_11330	ko:K08281
bng:EH206_11335	ko:K09916
bng:EH206_11340	ko:K07305
bng:EH206_11345	ko:K00134
bng:EH206_11350	ko:K01792
bng:EH206_11360	ko:K07274
bng:EH206_11365	ko:K07180
bng:EH206_11370	ko:K09786
bng:EH206_11375	ko:K00285
bng:EH206_11380	ko:K06415
bng:EH206_11385	ko:K03603
bng:EH206_11390	ko:K03611
bng:EH206_11400	ko:K09160
bng:EH206_11405	ko:K29029
bng:EH206_11410	ko:K21742
bng:EH206_11415	ko:K03779
bng:EH206_11420	ko:K03780
bng:EH206_11425	ko:K09902
bng:EH206_11430	ko:K03610
bng:EH206_11435	ko:K03609
bng:EH206_11440	ko:K03608
bng:EH206_11445	ko:K03684
bng:EH206_11450	ko:K01897
bng:EH206_11455	ko:K07285
bng:EH206_11460	ko:K14742
bng:EH206_11465	ko:K03722
bng:EH206_11480	ko:K27802
bng:EH206_11485	ko:K00799
bng:EH206_11490	ko:K00868
bng:EH206_11495	ko:K01866
bng:EH206_11500	ko:K00275
bng:EH206_11510	ko:K09001
bng:EH206_11515	ko:K06077
bng:EH206_11520	ko:K06075
bng:EH206_11525	ko:K06938
bng:EH206_11530	ko:K01759
bng:EH206_11535	ko:K03683
bng:EH206_11540	ko:K07390
bng:EH206_11545	ko:K19303
bng:EH206_11555	ko:K03604
bng:EH206_11565	ko:K00574
bng:EH206_11570	ko:K00793
bng:EH206_11575	ko:K26939
bng:EH206_11595	ko:K07172
bng:EH206_11605	ko:K09917
bng:EH206_11610	ko:K01665
bng:EH206_11620	ko:K01752
bng:EH206_11625	ko:K04782
bng:EH206_11635	ko:K02794
bng:EH206_11640	ko:K02795
bng:EH206_11645	ko:K02796
bng:EH206_11655	ko:K23242
bng:EH206_11660	ko:K00563
bng:EH206_11665	ko:K03704
bng:EH206_11675	ko:K11604
bng:EH206_11680	ko:K11607
bng:EH206_11685	ko:K11605
bng:EH206_11690	ko:K11606
bng:EH206_11705	ko:K24204
bng:EH206_11710	ko:K26933
bng:EH206_11715	ko:K00065
bng:EH206_11725	ko:K01731
bng:EH206_11730	ko:K10193
bng:EH206_11735	ko:K10194
bng:EH206_11740	ko:K10195
bng:EH206_11745	ko:K10192
bng:EH206_11750	ko:K22110
bng:EH206_11755	ko:K06956
bng:EH206_11760	ko:K23243
bng:EH206_11765	ko:K04064
bng:EH206_11770	ko:K01916
bng:EH206_11775	ko:K06147
bng:EH206_11785	ko:K04764
bng:EH206_11790	ko:K01890
bng:EH206_11795	ko:K01889
bng:EH206_11805	ko:K02887
bng:EH206_11810	ko:K02916
bng:EH206_11815	ko:K02520
bng:EH206_11820	ko:K01868
bng:EH206_11835	ko:K19333
bng:EH206_11840	ko:K01730
bng:EH206_11845	ko:K03799
bng:EH206_11850	ko:K08177
bng:EH206_11855	ko:K27885
bng:EH206_11870	ko:K00135
bng:EH206_11895	ko:K02031
bng:EH206_11900	ko:K02034
bng:EH206_11905	ko:K02033
bng:EH206_11910	ko:K02035
bng:EH206_11915	ko:K10218
bng:EH206_11920	ko:K09472
bng:EH206_11925	ko:K01652
bng:EH206_11930	ko:K18292
bng:EH206_11935	ko:K11690
bng:EH206_11940	ko:K11689
bng:EH206_11945	ko:K11688
bng:EH206_11950	ko:K06016
bng:EH206_11960	ko:K10017
bng:EH206_11965	ko:K10015
bng:EH206_11970	ko:K10016
bng:EH206_11975	ko:K05526
bng:EH206_11980	ko:K01484
bng:EH206_11985	ko:K06447
bng:EH206_11990	ko:K00673
bng:EH206_11995	ko:K00840
bng:EH206_12000	ko:K10710
bng:EH206_12010	ko:K10013
bng:EH206_12015	ko:K03710
bng:EH206_12020	ko:K00031
bng:EH206_12025	ko:K06181
bng:EH206_12030	ko:K12152
bng:EH206_12035	ko:K00566
bng:EH206_12040	ko:K07153
bng:EH206_12045	ko:K01756
bng:EH206_12050	ko:K07660
bng:EH206_12055	ko:K07637
bng:EH206_12060	ko:K18850
bng:EH206_12065	ko:K01258
bng:EH206_12070	ko:K11072
bng:EH206_12075	ko:K11071
bng:EH206_12080	ko:K11070
bng:EH206_12085	ko:K11069
bng:EH206_12095	ko:K03797
bng:EH206_12100	ko:K03607
bng:EH206_12105	ko:K08968
bng:EH206_12110	ko:K03808
bng:EH206_12115	ko:K06192
bng:EH206_12125	ko:K02053
bng:EH206_12130	ko:K02054
bng:EH206_12135	ko:K02052
bng:EH206_12140	ko:K02055
bng:EH206_12145	ko:K01474
bng:EH206_12150	ko:K01473
bng:EH206_12155	ko:K11392
bng:EH206_12170	ko:K13574
bng:EH206_12185	ko:K07504
bng:EH206_12340	ko:K09960
bng:EH206_12350	ko:K09961
bng:EH206_12360	ko:K07474
bng:EH206_12370	ko:K03791
bng:EH206_12390	ko:K18843
bng:EH206_12395	ko:K07339
bng:EH206_12420	ko:K00558
bng:EH206_12460	ko:K07729
bng:EH206_12480	ko:K10906
bng:EH206_12505	ko:K02217
bng:EH206_12510	ko:K02345
bng:EH206_12515	ko:K01354
bng:EH206_12520	ko:K08289
bng:EH206_12525	ko:K01625
bng:EH206_12530	ko:K00036
bng:EH206_12535	ko:K19337
bng:EH206_12540	ko:K00873
bng:EH206_12545	ko:K02560
bng:EH206_12550	ko:K19304
bng:EH206_12555	ko:K09815
bng:EH206_12560	ko:K09817
bng:EH206_12565	ko:K09816
bng:EH206_12570	ko:K03551
bng:EH206_12575	ko:K03550
bng:EH206_12580	ko:K01159
bng:EH206_12590	ko:K08310
bng:EH206_12595	ko:K01876
bng:EH206_12605	ko:K07136
bng:EH206_12610	ko:K15256
bng:EH206_12615	ko:K15257
bng:EH206_12625	ko:K06201
bng:EH206_12630	ko:K09907
bng:EH206_12635	ko:K01887
bng:EH206_12640	ko:K03980
bng:EH206_12645	ko:K09915
bng:EH206_12650	ko:K03790
bng:EH206_12655	ko:K08162
bng:EH206_12660	ko:K03675
bng:EH206_12675	ko:K04477
bng:EH206_12680	ko:K01187
bng:EH206_12685	ko:K08191
bng:EH206_12690	ko:K01686
bng:EH206_12695	ko:K00040
bng:EH206_12700	ko:K01812
bng:EH206_12705	ko:K13637
bng:EH206_12710	ko:K03812
bng:EH206_12715	ko:K09857
bng:EH206_12720	ko:K06192
bng:EH206_12725	ko:K03808
bng:EH206_12730	ko:K15738
bng:EH206_12735	ko:K12297
bng:EH206_12740	ko:K07140
bng:EH206_12745	ko:K18657
bng:EH206_12750	ko:K00254
bng:EH206_12755	ko:K01256
bng:EH206_12760	ko:K00763
bng:EH206_12765	ko:K01893
bng:EH206_12770	ko:K09476
bng:EH206_12775	ko:K00813
bng:EH206_12790	ko:K01069
bng:EH206_12800	ko:K21470
bng:EH206_12805	ko:K03632
bng:EH206_12810	ko:K03804
bng:EH206_12815	ko:K03633
bng:EH206_12820	ko:K06219
bng:EH206_12835	ko:K00979
bng:EH206_12840	ko:K09791
bng:EH206_12845	ko:K00912
bng:EH206_12850	ko:K11085
bng:EH206_12855	ko:K02238
bng:EH206_12860	ko:K09802
bng:EH206_12865	ko:K25285
bng:EH206_12870	ko:K25283
bng:EH206_12875	ko:K25284
bng:EH206_12880	ko:K25282
bng:EH206_12885	ko:K01141
bng:EH206_12890	ko:K21087
bng:EH206_12895	ko:K05875
bng:EH206_12910	ko:K00765
bng:EH206_12915	ko:K00013
bng:EH206_12920	ko:K00817
bng:EH206_12925	ko:K01089
bng:EH206_12930	ko:K02501
bng:EH206_12935	ko:K01814
bng:EH206_12940	ko:K02500
bng:EH206_12945	ko:K11755
bng:EH206_12950	ko:K05788
bng:EH206_12955	ko:K02945
bng:EH206_12960	ko:K00945
bng:EH206_12965	ko:K00800
bng:EH206_12970	ko:K00831
bng:EH206_12975	ko:K09136
bng:EH206_12980	ko:K06212
bng:EH206_12985	ko:K00656
bng:EH206_12990	ko:K04069
bng:EH206_13000	ko:K09703
bng:EH206_13005	ko:K10974
bng:EH206_13015	ko:K08219
bng:EH206_13020	ko:K01875
bng:EH206_13025	ko:K07478
bng:EH206_13030	ko:K03634
bng:EH206_13035	ko:K03466
bng:EH206_13040	ko:K03719
bng:EH206_13045	ko:K00384
bng:EH206_13050	ko:K16013
bng:EH206_13055	ko:K16012
bng:EH206_13060	ko:K00684
bng:EH206_13065	ko:K02518
bng:EH206_13070	ko:K03694
bng:EH206_13075	ko:K06891
bng:EH206_13080	ko:K03704
bng:EH206_13085	ko:K07459
bng:EH206_13090	ko:K28370
bng:EH206_13095	ko:K05601
bng:EH206_13100	ko:K11933
bng:EH206_13105	ko:K11066
bng:EH206_13115	ko:K10000
bng:EH206_13120	ko:K09997
bng:EH206_13125	ko:K09999
bng:EH206_13130	ko:K09998
bng:EH206_13135	ko:K09996
bng:EH206_13140	ko:K03212
bng:EH206_13150	ko:K11074
bng:EH206_13155	ko:K11075
bng:EH206_13160	ko:K11076
bng:EH206_13165	ko:K11073
bng:EH206_13175	ko:K05844
bng:EH206_13180	ko:K10678
bng:EH206_13185	ko:K03674
bng:EH206_13195	ko:K07085
bng:EH206_13200	ko:K07258
bng:EH206_13205	ko:K02072
bng:EH206_13210	ko:K02071
bng:EH206_13215	ko:K02073
bng:EH206_13220	ko:K00799
bng:EH206_13225	ko:K21430
bng:EH206_13230	ko:K14441
bng:EH206_13235	ko:K03748
bng:EH206_13240	ko:K07148
bng:EH206_13245	ko:K01495
bng:EH206_13250	ko:K03406
bng:EH206_13255	ko:K00121
bng:EH206_13260	ko:K01070
bng:EH206_13270	ko:K08317
bng:EH206_13275	ko:K02056
bng:EH206_13280	ko:K02057
bng:EH206_13285	ko:K00018
bng:EH206_13290	ko:K11733
bng:EH206_13300	ko:K01151
bng:EH206_13305	ko:K02770
bng:EH206_13310	ko:K00882
bng:EH206_13315	ko:K11183
bng:EH206_13320	ko:K03291
bng:EH206_13325	ko:K06940
bng:EH206_13330	ko:K02356
bng:EH206_13340	ko:K19803
bng:EH206_13345	ko:K13694
bng:EH206_13350	ko:K13893
bng:EH206_13355	ko:K13894
bng:EH206_13360	ko:K13895
bng:EH206_13365	ko:K13896
bng:EH206_13375	ko:K06183
bng:EH206_13385	ko:K19789
bng:EH206_13390	ko:K02897
bng:EH206_13395	ko:K06217
bng:EH206_13400	ko:K02425
bng:EH206_13405	ko:K02405
bng:EH206_13415	ko:K00012
bng:EH206_13420	ko:K09667
bng:EH206_13425	ko:K02406
bng:EH206_13430	ko:K02407
bng:EH206_13435	ko:K02422
bng:EH206_13440	ko:K02423
bng:EH206_13445	ko:K02408
bng:EH206_13450	ko:K02409
bng:EH206_13455	ko:K02410
bng:EH206_13460	ko:K02411
bng:EH206_13465	ko:K02412
bng:EH206_13470	ko:K02413
bng:EH206_13475	ko:K02414
bng:EH206_13480	ko:K02415
bng:EH206_13485	ko:K02416
bng:EH206_13490	ko:K02417
bng:EH206_13495	ko:K02418
bng:EH206_13500	ko:K02419
bng:EH206_13505	ko:K02420
bng:EH206_13510	ko:K02421
bng:EH206_13515	ko:K02397
bng:EH206_13520	ko:K02396
bng:EH206_13525	ko:K02395
bng:EH206_13530	ko:K02394
bng:EH206_13535	ko:K02393
bng:EH206_13540	ko:K02392
bng:EH206_13545	ko:K02391
bng:EH206_13550	ko:K02390
bng:EH206_13555	ko:K02389
bng:EH206_13560	ko:K02388
bng:EH206_13565	ko:K02387
bng:EH206_13570	ko:K02386
bng:EH206_13575	ko:K02398
bng:EH206_13580	ko:K02399
bng:EH206_13585	ko:K03516
bng:EH206_13590	ko:K02400
bng:EH206_13595	ko:K02401
bng:EH206_13600	ko:K03414
bng:EH206_13605	ko:K03413
bng:EH206_13610	ko:K03412
bng:EH206_13615	ko:K00575
bng:EH206_13620	ko:K05877
bng:EH206_13625	ko:K05874
bng:EH206_13630	ko:K03408
bng:EH206_13635	ko:K03407
bng:EH206_13640	ko:K02557
bng:EH206_13645	ko:K02556
bng:EH206_13650	ko:K02402
bng:EH206_13655	ko:K02403
bng:EH206_13670	ko:K03406
bng:EH206_13690	ko:K01185
bng:EH206_13835	ko:K02314
bng:EH206_13855	ko:K22302
bng:EH206_13860	ko:K22300
bng:EH206_13900	ko:K14228
bng:EH206_13905	ko:K14222
bng:EH206_13910	ko:K14225
bng:EH206_13915	ko:K00995
bng:EH206_13920	ko:K03703
bng:EH206_13925	ko:K07689
bng:EH206_13935	ko:K14229
bng:EH206_13940	ko:K11737
bng:EH206_13955	ko:K14220
bng:EH206_13980	ko:K10680
bng:EH206_13985	ko:K11477
bng:EH206_14010	ko:K00800
bng:EH206_14015	ko:K00441
bng:EH206_14030	ko:K06015
bng:EH206_14035	ko:K02031
bng:EH206_14035	ko:K02032
bng:EH206_14040	ko:K02034
bng:EH206_14045	ko:K02033
bng:EH206_14050	ko:K02035
bng:EH206_14055	ko:K01459
bng:EH206_14065	ko:K13936
bng:EH206_14100	ko:K02433
bng:EH206_14130	ko:K02014
bng:EH206_14135	ko:K23187
bng:EH206_14140	ko:K23186
bng:EH206_14145	ko:K23185
bng:EH206_14160	ko:K02364
bng:EH206_14165	ko:K07280
bng:EH206_14175	ko:K16088
bng:EH206_14190	ko:K06147
bng:EH206_14210	ko:K00012
bng:EH206_14215	ko:K16081
bng:EH206_14220	ko:K11717
bng:EH206_14230	ko:K21147
bng:EH206_14235	ko:K03636
bng:EH206_14245	ko:K12339
bng:EH206_14250	ko:K00640
bng:EH206_14265	ko:K07267
bng:EH206_14270	ko:K07267
bng:EH206_14280	ko:K00626
bng:EH206_14290	ko:K01035
bng:EH206_14295	ko:K01034
bng:EH206_14300	ko:K00626
bng:EH206_14305	ko:K18013
bng:EH206_14320	ko:K04033
bng:EH206_14325	ko:K04021
bng:EH206_14330	ko:K26148
bng:EH206_14335	ko:K15553
bng:EH206_14340	ko:K15554
bng:EH206_14345	ko:K15555
bng:EH206_14355	ko:K02031
bng:EH206_14360	ko:K02032
bng:EH206_14365	ko:K08162
bng:EH206_14370	ko:K02035
bng:EH206_14375	ko:K02033
bng:EH206_14375	ko:K02034
bng:EH206_14380	ko:K01241
bng:EH206_14385	ko:K03762
bng:EH206_14400	ko:K10022
bng:EH206_14405	ko:K10024
bng:EH206_14410	ko:K10023
bng:EH206_14420	ko:K02355
bng:EH206_14425	ko:K03929
bng:EH206_14430	ko:K09251
bng:EH206_14435	ko:K00137
bng:EH206_14440	ko:K07792
bng:EH206_14445	ko:K01779
bng:EH206_14450	ko:K17950
bng:EH206_14455	ko:K15555
bng:EH206_14460	ko:K15552
bng:EH206_14465	ko:K15551
bng:EH206_14470	ko:K13574
bng:EH206_14480	ko:K11102
bng:EH206_14485	ko:K13635
bng:EH206_14500	ko:K02003
bng:EH206_14505	ko:K02004
bng:EH206_14510	ko:K02004
bng:EH206_14520	ko:K07230
bng:EH206_14525	ko:K07243
bng:EH206_14530	ko:K04653
bng:EH206_14535	ko:K12136
bng:EH206_14540	ko:K12137
bng:EH206_14545	ko:K12138
bng:EH206_14550	ko:K12139
bng:EH206_14555	ko:K12140
bng:EH206_14560	ko:K12141
bng:EH206_14565	ko:K12142
bng:EH206_14570	ko:K12143
bng:EH206_14575	ko:K12144
bng:EH206_14580	ko:K12145
bng:EH206_14585	ko:K08315
bng:EH206_14590	ko:K03406
bng:EH206_14595	ko:K02850
bng:EH206_14600	ko:K05796
bng:EH206_14605	ko:K22015
bng:EH206_14610	ko:K15836
bng:EH206_14620	ko:K21645
bng:EH206_14625	ko:K01779
bng:EH206_14630	ko:K20264
bng:EH206_14635	ko:K20263
bng:EH206_14640	ko:K07783
bng:EH206_14645	ko:K02012
bng:EH206_14650	ko:K02011
bng:EH206_14655	ko:K02010
bng:EH206_14660	ko:K14220
bng:EH206_14665	ko:K01629
bng:EH206_14670	ko:K01813
bng:EH206_14675	ko:K02855
bng:EH206_14680	ko:K02854
bng:EH206_14685	ko:K00848
bng:EH206_14690	ko:K02856
bng:EH206_14695	ko:K00048
bng:EH206_14700	ko:K08169
bng:EH206_14705	ko:K03577
bng:EH206_14710	ko:K18138
bng:EH206_14715	ko:K03585
bng:EH206_14730	ko:K01740
bng:EH206_14735	ko:K16088
bng:EH206_14745	ko:K00812
bng:EH206_14750	ko:K19338
bng:EH206_14755	ko:K23123
bng:EH206_14760	ko:K23124
bng:EH206_14765	ko:K02160
bng:EH206_14770	ko:K07160
bng:EH206_14780	ko:K02029
bng:EH206_14785	ko:K02029
bng:EH206_14790	ko:K02028
bng:EH206_14795	ko:K02030
bng:EH206_14800	ko:K24118
bng:EH206_14805	ko:K06076
bng:EH206_14810	ko:K02001
bng:EH206_14815	ko:K02000
bng:EH206_14825	ko:K01133
bng:EH206_14830	ko:K02002
bng:EH206_14835	ko:K00170
bng:EH206_14840	ko:K00169
bng:EH206_14845	ko:K00171
bng:EH206_14850	ko:K00172
bng:EH206_14855	ko:K01912
bng:EH206_14860	ko:K02073
bng:EH206_14870	ko:K02031
bng:EH206_14870	ko:K02032
bng:EH206_14875	ko:K02035
bng:EH206_14880	ko:K02033
bng:EH206_14885	ko:K02034
bng:EH206_14890	ko:K14155
bng:EH206_14900	ko:K02031
bng:EH206_14905	ko:K02034
bng:EH206_14910	ko:K02033
bng:EH206_14915	ko:K02035
bng:EH206_14930	ko:K03313
bng:EH206_14940	ko:K01721
bng:EH206_14960	ko:K01426
bng:EH206_14970	ko:K10001
bng:EH206_14975	ko:K10003
bng:EH206_14980	ko:K10002
bng:EH206_14985	ko:K00600
bng:EH206_15000	ko:K02053
bng:EH206_15005	ko:K02054
bng:EH206_15010	ko:K02052
bng:EH206_15015	ko:K02055
bng:EH206_15025	ko:K00768
bng:EH206_15030	ko:K02226
bng:EH206_15035	ko:K02233
bng:EH206_15040	ko:K02231
bng:EH206_15055	ko:K02232
bng:EH206_15060	ko:K03394
bng:EH206_15065	ko:K02190
bng:EH206_15070	ko:K05895
bng:EH206_15075	ko:K05934
bng:EH206_15080	ko:K02189
bng:EH206_15085	ko:K05936
bng:EH206_15090	ko:K02191
bng:EH206_15095	ko:K03399
bng:EH206_15100	ko:K02188
bng:EH206_15105	ko:K06042
bng:EH206_15110	ko:K02227
bng:EH206_15115	ko:K02224
bng:EH206_15120	ko:K13979
bng:EH206_15125	ko:K04720
bng:EH206_15130	ko:K16651
bng:EH206_15135	ko:K00033
bng:EH206_15155	ko:K07154
bng:EH206_15165	ko:K00963
bng:EH206_15190	ko:K00012
bng:EH206_15230	ko:K00067
bng:EH206_15235	ko:K01790
bng:EH206_15240	ko:K00973
bng:EH206_15245	ko:K01710
bng:EH206_15260	ko:K16692
bng:EH206_15265	ko:K25307
bng:EH206_15270	ko:K01991
bng:EH206_15275	ko:K02851
bng:EH206_15300	ko:K07289
bng:EH206_15305	ko:K01494
bng:EH206_15310	ko:K00876
bng:EH206_15315	ko:K03593
bng:EH206_15320	ko:K01874
bng:EH206_15325	ko:K02058
bng:EH206_15335	ko:K07404
bng:EH206_15340	ko:K28853
bng:EH206_15350	ko:K02017
bng:EH206_15355	ko:K02018
bng:EH206_15360	ko:K02020
bng:EH206_15370	ko:K25859
bng:EH206_15375	ko:K02019
bng:EH206_15380	ko:K05776
bng:EH206_15385	ko:K01784
bng:EH206_15390	ko:K01785
bng:EH206_15400	ko:K07810
bng:EH206_15405	ko:K07796
bng:EH206_15410	ko:K07798
bng:EH206_15415	ko:K07787
bng:EH206_15420	ko:K01834
bng:EH206_15425	ko:K01626
bng:EH206_15430	ko:K03811
bng:EH206_15435	ko:K03517
bng:EH206_15445	ko:K07150
bng:EH206_15455	ko:K14229
bng:EH206_15460	ko:K14229
bng:EH206_15470	ko:K03640
bng:EH206_15475	ko:K03641
bng:EH206_15480	ko:K03646
bng:EH206_15485	ko:K03560
bng:EH206_15490	ko:K03562
bng:EH206_15495	ko:K07107
bng:EH206_15505	ko:K00424
bng:EH206_15510	ko:K00426
bng:EH206_15515	ko:K00425
bng:EH206_15520	ko:K01902
bng:EH206_15525	ko:K01903
bng:EH206_15530	ko:K00658
bng:EH206_15535	ko:K00164
bng:EH206_15540	ko:K00240
bng:EH206_15545	ko:K00239
bng:EH206_15550	ko:K00242
bng:EH206_15555	ko:K00241
bng:EH206_15560	ko:K01647
bng:EH206_15565	ko:K05522
bng:EH206_15570	ko:K07160
bng:EH206_15575	ko:K23124
bng:EH206_15580	ko:K23123
bng:EH206_15590	ko:K01669
bng:EH206_15605	ko:K08978
bng:EH206_15610	ko:K01835
bng:EH206_15615	ko:K03645
bng:EH206_15620	ko:K01175
bng:EH206_15630	ko:K03406
bng:EH206_15635	ko:K03839
bng:EH206_15640	ko:K03711
bng:EH206_15645	ko:K01886
bng:EH206_15650	ko:K02804
bng:EH206_15655	ko:K02564
bng:EH206_15660	ko:K01443
bng:EH206_15665	ko:K02565
bng:EH206_15670	ko:K01953
bng:EH206_15680	ko:K14230
bng:EH206_15685	ko:K14228
bng:EH206_15690	ko:K14223
bng:EH206_15695	ko:K14230
bng:EH206_15700	ko:K14223
bng:EH206_15705	ko:K03184
bng:EH206_15710	ko:K06168
bng:EH206_15715	ko:K06217
bng:EH206_15720	ko:K07042
bng:EH206_15725	ko:K06189
bng:EH206_15730	ko:K03820
bng:EH206_15735	ko:K10001
bng:EH206_15740	ko:K10003
bng:EH206_15745	ko:K10002
bng:EH206_15750	ko:K10004
bng:EH206_15760	ko:K01869
bng:EH206_15765	ko:K03643
bng:EH206_15770	ko:K02340
bng:EH206_15775	ko:K00969
bng:EH206_15780	ko:K09710
bng:EH206_15785	ko:K00783
bng:EH206_15790	ko:K05515
bng:EH206_15795	ko:K05837
bng:EH206_15800	ko:K03642
bng:EH206_15805	ko:K07258
bng:EH206_15810	ko:K09158
bng:EH206_15815	ko:K03801
bng:EH206_15820	ko:K03644
bng:EH206_15825	ko:K03425
bng:EH206_15830	ko:K03704
bng:EH206_15835	ko:K25316
bng:EH206_15845	ko:K01439
bng:EH206_15870	ko:K02471
bng:EH206_15875	ko:K02014
bng:EH206_15880	ko:K23514
bng:EH206_15885	ko:K07165
bng:EH206_15890	ko:K03832
bng:EH206_15895	ko:K03561
bng:EH206_15900	ko:K03559
bng:EH206_15905	ko:K03592
bng:EH206_15910	ko:K03568
bng:EH206_15915	ko:K03671
bng:EH206_15920	ko:K06957
bng:EH206_15950	ko:K02029
bng:EH206_15955	ko:K02029
bng:EH206_15960	ko:K02030
bng:EH206_15965	ko:K01923
bng:EH206_15970	ko:K07287
bng:EH206_15975	ko:K01714
bng:EH206_15980	ko:K03567
bng:EH206_15985	ko:K03564
bng:EH206_16000	ko:K01423
bng:EH206_16005	ko:K01754
bng:EH206_16020	ko:K02529
bng:EH206_16030	ko:K10440
bng:EH206_16035	ko:K10439
bng:EH206_16040	ko:K00059
bng:EH206_16045	ko:K10763
bng:EH206_16050	ko:K02824
bng:EH206_16055	ko:K00761
bng:EH206_16060	ko:K01933
bng:EH206_16065	ko:K11175
bng:EH206_16075	ko:K02016
bng:EH206_16080	ko:K02014
bng:EH206_16085	ko:K02004
bng:EH206_16090	ko:K02003
bng:EH206_16095	ko:K10804
bng:EH206_16105	ko:K05838
bng:EH206_16130	ko:K03781
bng:EH206_16135	ko:K01911
bng:EH206_16140	ko:K02549
bng:EH206_16145	ko:K01661
bng:EH206_16150	ko:K08680
bng:EH206_16155	ko:K02551
bng:EH206_16165	ko:K07676
bng:EH206_16170	ko:K07687
bng:EH206_16175	ko:K07677
bng:EH206_16180	ko:K02469
bng:EH206_16185	ko:K00568
bng:EH206_16190	ko:K00525
bng:EH206_16195	ko:K00526
bng:EH206_16200	ko:K11107
bng:EH206_16205	ko:K13995
bng:EH206_16210	ko:K02433
bng:EH206_16215	ko:K02051
bng:EH206_16220	ko:K02050
bng:EH206_16225	ko:K02049
bng:EH206_16235	ko:K07340
bng:EH206_16240	ko:K00626
bng:EH206_16245	ko:K02106
bng:EH206_16250	ko:K01035
bng:EH206_16255	ko:K01034
bng:EH206_16260	ko:K07714
bng:EH206_16265	ko:K07710
bng:EH206_16270	ko:K07726
bng:EH206_16355	ko:K06223
bng:EH206_16440	ko:K06907
bng:EH206_16445	ko:K06908
bng:EH206_16480	ko:K06905
bng:EH206_16495	ko:K06903
bng:EH206_16525	ko:K07724
bng:EH206_16535	ko:K09973
bng:EH206_16540	ko:K03976
bng:EH206_16555	ko:K23676
bng:EH206_16565	ko:K07160
bng:EH206_16570	ko:K02160
bng:EH206_16575	ko:K01961
bng:EH206_16610	ko:K11751
bng:EH206_16615	ko:K26735
bng:EH206_16625	ko:K01772
bng:EH206_16630	ko:K00939
bng:EH206_16635	ko:K01085
bng:EH206_16640	ko:K04079
bng:EH206_16650	ko:K02757
bng:EH206_16655	ko:K06187
bng:EH206_16660	ko:K09747
bng:EH206_16665	ko:K02343
bng:EH206_16670	ko:K00759
bng:EH206_16675	ko:K09790
bng:EH206_16680	ko:K04067
bng:EH206_16690	ko:K03577
bng:EH206_16695	ko:K03585
bng:EH206_16700	ko:K18138
bng:EH206_16705	ko:K02909
bng:EH206_16710	ko:K02919
bng:EH206_16715	ko:K19162
bng:EH206_16720	ko:K05839
bng:EH206_16725	ko:K01983
bng:EH206_16730	ko:K07443
bng:EH206_16735	ko:K09914
bng:EH206_16740	ko:K10805
bng:EH206_16745	ko:K03320
bng:EH206_16750	ko:K04752
bng:EH206_16755	ko:K18890
bng:EH206_16760	ko:K18889
bng:EH206_16765	ko:K05800
bng:EH206_16770	ko:K28981
bng:EH206_16775	ko:K06920
bng:EH206_16780	ko:K12500
bng:EH206_16785	ko:K02237
bng:EH206_16790	ko:K03770
bng:EH206_16795	ko:K03530
bng:EH206_16800	ko:K01338
bng:EH206_16805	ko:K03544
bng:EH206_16810	ko:K01358
bng:EH206_16815	ko:K03545
bng:EH206_16825	ko:K05527
bng:EH206_16830	ko:K07286
bng:EH206_16835	ko:K08218
bng:EH206_16840	ko:K02297
bng:EH206_16845	ko:K02298
bng:EH206_16850	ko:K02299
bng:EH206_16855	ko:K02300
bng:EH206_16860	ko:K02257
bng:EH206_16870	ko:K03566
bng:EH206_16875	ko:K01997
bng:EH206_16880	ko:K01998
bng:EH206_16885	ko:K01995
bng:EH206_16890	ko:K01996
bng:EH206_16895	ko:K01999
bng:EH206_16905	ko:K06016
bng:EH206_16910	ko:K09767
bng:EH206_16915	ko:K00077
bng:EH206_16920	ko:K03152
bng:EH206_16930	ko:K11070
bng:EH206_16935	ko:K11071
bng:EH206_16940	ko:K11072
bng:EH206_16945	ko:K11069
bng:EH206_16955	ko:K03151
bng:EH206_16960	ko:K03602
bng:EH206_16965	ko:K00795
bng:EH206_16970	ko:K01662
bng:EH206_16975	ko:K01095
bng:EH206_16980	ko:K00946
bng:EH206_16985	ko:K03625
bng:EH206_16990	ko:K00794
bng:EH206_16995	ko:K11752
bng:EH206_17000	ko:K07738
bng:EH206_17010	ko:K03074
bng:EH206_17015	ko:K03072
bng:EH206_17020	ko:K03210
bng:EH206_17025	ko:K00773
bng:EH206_17030	ko:K07568
bng:EH206_17035	ko:K08682
bng:EH206_17040	ko:K03386
bng:EH206_17045	ko:K16053
bng:EH206_17050	ko:K11736
bng:EH206_17055	ko:K03311
bng:EH206_17065	ko:K07636
bng:EH206_17070	ko:K07657
bng:EH206_17075	ko:K03547
bng:EH206_17080	ko:K03546
bng:EH206_17085	ko:K03554
bng:EH206_17090	ko:K03406
bng:EH206_17095	ko:K09913
bng:EH206_17100	ko:K00891
bng:EH206_17105	ko:K01424
bng:EH206_17140	ko:K08305
bng:EH206_17145	ko:K06193
bng:EH206_17150	ko:K02035
bng:EH206_17155	ko:K02033
bng:EH206_17160	ko:K02034
bng:EH206_17165	ko:K02031
bng:EH206_17165	ko:K02032
bng:EH206_17195	ko:K07341
bng:EH206_17200	ko:K19165
bng:EH206_17220	ko:K07733
bng:EH206_17230	ko:K04763
bng:EH206_17255	ko:K03630
bng:EH206_17275	ko:K07724
bng:EH206_17305	ko:K01153
bng:EH206_17315	ko:K01154
bng:EH206_17320	ko:K03427
bng:EH206_17345	ko:K07483
bng:EH206_17350	ko:K07484
bng:EH206_17390	ko:K03555
bng:EH206_17395	ko:K06079
bng:EH206_17410	ko:K19000
bng:EH206_17415	ko:K04075
bng:EH206_17420	ko:K08234
bng:EH206_17425	ko:K01962
bng:EH206_17430	ko:K02337
bng:EH206_17435	ko:K03470
bng:EH206_17440	ko:K00748
bng:EH206_17445	ko:K00677
bng:EH206_17450	ko:K02372
bng:EH206_17455	ko:K02536
bng:EH206_17460	ko:K06142
bng:EH206_17465	ko:K07277
bng:EH206_17470	ko:K11749
bng:EH206_17475	ko:K00981
bng:EH206_17480	ko:K00806
bng:EH206_17485	ko:K00099
bng:EH206_17490	ko:K02838
bng:EH206_17500	ko:K09903
bng:EH206_17505	ko:K02357
bng:EH206_17510	ko:K02967
bng:EH206_17515	ko:K01265
bng:EH206_17520	ko:K00990
bng:EH206_17525	ko:K00674
bng:EH206_17540	ko:K06175
bng:EH206_17550	ko:K15723
bng:EH206_17555	ko:K06879
bng:EH206_17560	ko:K06966
bng:EH206_17565	ko:K01146
bng:EH206_17570	ko:K06968
bng:EH206_17580	ko:K03566
bng:EH206_17590	ko:K01766
bng:EH206_17595	ko:K02426
bng:EH206_17600	ko:K22132
bng:EH206_17605	ko:K08351
bng:EH206_17610	ko:K02035
bng:EH206_17615	ko:K02033
bng:EH206_17620	ko:K02034
bng:EH206_17625	ko:K02031
bng:EH206_17625	ko:K02032
bng:EH206_17630	ko:K00059
bng:EH206_17650	ko:K01714
bng:EH206_17655	ko:K08304
bng:EH206_17660	ko:K14230
bng:EH206_17665	ko:K14230
bng:EH206_17670	ko:K01448
bng:EH206_17675	ko:K14682
bng:EH206_17680	ko:K03581
bng:EH206_17685	ko:K03582
bng:EH206_17690	ko:K03583
bng:EH206_17695	ko:K01407
bng:EH206_17700	ko:K02681
bng:EH206_17710	ko:K02680
bng:EH206_17715	ko:K02679
bng:EH206_17720	ko:K00560
bng:EH206_17725	ko:K13292
bng:EH206_17730	ko:K08484
bng:EH206_17735	ko:K08311
bng:EH206_17740	ko:K03573
bng:EH206_17765	ko:K09923
bng:EH206_17770	ko:K03439
bng:EH206_17775	ko:K03575
bng:EH206_17785	ko:K08306
bng:EH206_17800	ko:K16137
bng:EH206_17810	ko:K00154
bng:EH206_17820	ko:K01581
bng:EH206_17830	ko:K14231
bng:EH206_17855	ko:K07724
bng:EH206_17865	ko:K09805
bng:EH206_17885	ko:K19164
bng:EH206_17890	ko:K19163
bng:EH206_17895	ko:K19163
bng:EH206_17915	ko:K10974
bng:EH206_17920	ko:K16135
bng:EH206_17925	ko:K07246
bng:EH206_17935	ko:K22293
bng:EH206_17940	ko:K00040
bng:EH206_17945	ko:K08173
bng:EH206_17950	ko:K08322
bng:EH206_17955	ko:K08323
bng:EH206_17960	ko:K04014
bng:EH206_17965	ko:K04015
bng:EH206_17975	ko:K03919
bng:EH206_17980	ko:K10778
bng:EH206_17985	ko:K01247
bng:EH206_18000	ko:K01676
bng:EH206_18005	ko:K16868
bng:EH206_18010	ko:K02858
bng:EH206_18015	ko:K09806
bng:EH206_18020	ko:K16263
bng:EH206_18025	ko:K03528
bng:EH206_18030	ko:K06203
bng:EH206_18035	ko:K01738
bng:EH206_18040	ko:K02784
bng:EH206_18045	ko:K08483
bng:EH206_18050	ko:K02777
bng:EH206_18055	ko:K02484
bng:EH206_18060	ko:K02483
bng:EH206_18065	ko:K13888
bng:EH206_18070	ko:K05685
bng:EH206_18075	ko:K12339
bng:EH206_18080	ko:K02047
bng:EH206_18085	ko:K02046
bng:EH206_18090	ko:K02048
bng:EH206_18095	ko:K07223
bng:EH206_18110	ko:K00228
bng:EH206_18115	ko:K09768
bng:EH206_18120	ko:K00029
bng:EH206_18125	ko:K12945
bng:EH206_18130	ko:K03322
bng:EH206_18135	ko:K03687
bng:EH206_18140	ko:K00858
bng:EH206_18145	ko:K03631
bng:EH206_18150	ko:K06186
bng:EH206_18155	ko:K09801
bng:EH206_18165	ko:K03664
bng:EH206_18170	ko:K15035
bng:EH206_18180	ko:K03675
bng:EH206_18185	ko:K07313
bng:EH206_18205	ko:K03737
bng:EH206_18210	ko:K13655
bng:EH206_18225	ko:K11206
bng:EH206_18230	ko:K02030
bng:EH206_18235	ko:K02029
bng:EH206_18240	ko:K02028
bng:EH206_18245	ko:K19236
bng:EH206_18260	ko:K01895
bng:EH206_18270	ko:K07726
bng:EH206_18275	ko:K16922
bng:EH206_18320	ko:K12511
bng:EH206_18325	ko:K12510
bng:EH206_18330	ko:K02283
bng:EH206_18335	ko:K02282
bng:EH206_18340	ko:K02281
bng:EH206_18345	ko:K02280
bng:EH206_18350	ko:K02279
bng:EH206_18355	ko:K02278
bng:EH206_18360	ko:K02651
bng:EH206_18370	ko:K02483
bng:EH206_18375	ko:K24163
bng:EH206_18380	ko:K06901
bng:EH206_18385	ko:K12974
bng:EH206_18390	ko:K03704
bng:EH206_18405	ko:K16370
bng:EH206_18410	ko:K18997
bng:EH206_18415	ko:K05516
bng:EH206_18420	ko:K19611
bng:EH206_18425	ko:K14225
bng:EH206_18435	ko:K04567
bng:EH206_18440	ko:K02836
bng:EH206_18445	ko:K07462
bng:EH206_18450	ko:K03981
bng:EH206_18455	ko:K04763
bng:EH206_18465	ko:K03840
bng:EH206_18470	ko:K06970
bng:EH206_18475	ko:K19168
bng:EH206_18480	ko:K09159
bng:EH206_18485	ko:K06980
bng:EH206_18500	ko:K11068
bng:EH206_18510	ko:K05813
bng:EH206_18515	ko:K05816
bng:EH206_18520	ko:K03651
bng:EH206_18525	ko:K05815
bng:EH206_18530	ko:K05814
bng:EH206_18535	ko:K00281
bng:EH206_18540	ko:K02437
bng:EH206_18545	ko:K00605
bng:EH206_18555	ko:K13255
bng:EH206_18560	ko:K01652
bng:EH206_18565	ko:K01575
bng:EH206_18580	ko:K14228
bng:EH206_18585	ko:K14228
bng:EH206_18590	ko:K14228
bng:EH206_18605	ko:K00564
bng:EH206_18610	ko:K02344
bng:EH206_18615	ko:K03789
bng:EH206_18625	ko:K02014
bng:EH206_18635	ko:K03784
bng:EH206_18640	ko:K01839
bng:EH206_18645	ko:K00758
bng:EH206_18650	ko:K01619
bng:EH206_18660	ko:K07461
bng:EH206_18665	ko:K03824
bng:EH206_18670	ko:K24843
bng:EH206_18675	ko:K24844
bng:EH206_18680	ko:K24845
bng:EH206_18685	ko:K01992
bng:EH206_18690	ko:K01992
bng:EH206_18695	ko:K01993
bng:EH206_18705	ko:K05592
bng:EH206_18715	ko:K05803
bng:EH206_18720	ko:K00962
bng:EH206_18725	ko:K02956
bng:EH206_18730	ko:K03177
bng:EH206_18735	ko:K02834
bng:EH206_18740	ko:K02519
bng:EH206_18745	ko:K02600
bng:EH206_18750	ko:K09748
bng:EH206_18755	ko:K14230
bng:EH206_18760	ko:K03559
bng:EH206_18765	ko:K03559
bng:EH206_18770	ko:K03561
bng:EH206_18775	ko:K03832
bng:EH206_18785	ko:K00817
bng:EH206_18790	ko:K07393
bng:EH206_18795	ko:K02014
bng:EH206_18800	ko:K23677
bng:EH206_18815	ko:K02406
bng:EH206_18825	ko:K19353
bng:EH206_18835	ko:K14228
bng:EH206_18840	ko:K03075
bng:EH206_18845	ko:K03431
bng:EH206_18850	ko:K00796
bng:EH206_18855	ko:K03798
bng:EH206_18860	ko:K02427
bng:EH206_18865	ko:K07574
bng:EH206_18870	ko:K03624
bng:EH206_18875	ko:K07259
bng:EH206_18880	ko:K03457
bng:EH206_18890	ko:K16841
bng:EH206_18895	ko:K16842
bng:EH206_18900	ko:K03979
bng:EH206_18910	ko:K02899
bng:EH206_18915	ko:K02888
bng:EH206_18920	ko:K02523
bng:EH206_18935	ko:K07724
bng:EH206_18940	ko:K00024
bng:EH206_18945	ko:K03402
bng:EH206_18950	ko:K25706
bng:EH206_18960	ko:K02970
bng:EH206_18965	ko:K02316
bng:EH206_18970	ko:K03086
bng:EH206_18975	ko:K03649
bng:EH206_18980	ko:K14230
bng:EH206_19035	ko:K04095
bng:EH206_19055	ko:K06006
bng:EH206_19065	ko:K00219
bng:EH206_19070	ko:K11391
bng:EH206_19080	ko:K07862
bng:EH206_19095	ko:K01812
bng:EH206_19100	ko:K19775
bng:EH206_19110	ko:K25864
bng:EH206_19135	ko:K15977
bng:EH206_19140	ko:K07393
bng:EH206_19155	ko:K09823
bng:EH206_19165	ko:K01356
bng:EH206_19170	ko:K00901
bng:EH206_19175	ko:K00631
bng:EH206_19180	ko:K03179
bng:EH206_19185	ko:K03181
bng:EH206_19190	ko:K04077
bng:EH206_19195	ko:K04078
bng:EH206_19200	ko:K07113
bng:EH206_19210	ko:K03926
bng:EH206_19215	ko:K04084
bng:EH206_19225	ko:K14231
bng:EH206_19255	ko:K18837
bng:EH206_19290	ko:K07724
bng:EH206_19330	ko:K07445
bng:EH206_19355	ko:K07484
bng:EH206_19465	ko:K12071
bng:EH206_19470	ko:K07448
bng:EH206_19510	ko:K03111
bng:EH206_19520	ko:K03169
bng:EH206_19565	ko:K02314
bng:EH206_19575	ko:K12055
bng:EH206_19605	ko:K07724
bng:EH206_19630	ko:K02005
bng:EH206_19635	ko:K12340
bng:EH206_19645	ko:K02003
bng:EH206_19655	ko:K03516
bng:EH206_19665	ko:K01156
bng:EH206_19725	ko:K07497
bng:EH206_19730	ko:K03566
bng:EH206_19740	ko:K02078
bng:EH206_19750	ko:K09458
bng:EH206_19765	ko:K15644
bng:EH206_19770	ko:K15645
bng:EH206_19780	ko:K14446
bng:EH206_19795	ko:K07497
bng:EH206_19820	ko:K00121
bng:EH206_19825	ko:K23239
bng:EH206_19850	ko:K00692
bng:EH206_19870	ko:K02362
bng:EH206_19875	ko:K03317
bng:EH206_19880	ko:K03424
bng:EH206_19895	ko:K04065
bng:EH206_19900	ko:K02837
bng:EH206_19905	ko:K00216
bng:EH206_19910	ko:K01252
bng:EH206_19915	ko:K02363
bng:EH206_19920	ko:K02361
bng:EH206_19925	ko:K02014
bng:EH206_19930	ko:K07214
bng:EH206_19935	ko:K05375
bng:EH206_19940	ko:K24101
bng:EH206_19945	ko:K23188
bng:EH206_19950	ko:K23187
bng:EH206_19955	ko:K23186
bng:EH206_19960	ko:K08225
bng:EH206_19965	ko:K23185
bng:EH206_19970	ko:K07186
bng:EH206_19975	ko:K01079
bng:EH206_19980	ko:K04485
bng:EH206_19985	ko:K06211
bng:EH206_19990	ko:K01934
bng:EH206_19995	ko:K28358
bng:EH206_20000	ko:K09888
bng:EH206_20005	ko:K09895
bng:EH206_20010	ko:K01262
bng:EH206_20015	ko:K03185
bng:EH206_20020	ko:K18800
bng:EH206_20025	ko:K23256
bng:EH206_20030	ko:K04782
bng:EH206_20035	ko:K02361
bng:EH206_20040	ko:K08996
bng:EH206_20045	ko:K02035
bng:EH206_20050	ko:K02033
bng:EH206_20055	ko:K02034
bng:EH206_20060	ko:K02031
bng:EH206_20060	ko:K02032
bng:EH206_20070	ko:K03534
bng:EH206_20075	ko:K03406
bng:EH206_20080	ko:K10824
bng:EH206_20085	ko:K15587
bng:EH206_20090	ko:K15586
bng:EH206_20095	ko:K15585
bng:EH206_20100	ko:K15584
bng:EH206_20110	ko:K03828
bng:EH206_20115	ko:K09893
bng:EH206_20120	ko:K00611
bng:EH206_20130	ko:K19334
bng:EH206_20140	ko:K00609
bng:EH206_20145	ko:K00610
bng:EH206_20150	ko:K09022
bng:EH206_20170	ko:K07395
bng:EH206_20175	ko:K02031
bng:EH206_20175	ko:K02032
bng:EH206_20180	ko:K02034
bng:EH206_20185	ko:K02033
bng:EH206_20190	ko:K02035
bng:EH206_20195	ko:K21636
bng:EH206_20200	ko:K04068
bng:EH206_20210	ko:K09979
bng:EH206_20230	ko:K19158
bng:EH206_20235	ko:K19159
bng:EH206_20240	ko:K07012
bng:EH206_20250	ko:K00847
bng:EH206_20255	ko:K16077
bng:EH206_20260	ko:K02810
bng:EH206_20265	ko:K01193
bng:EH206_20270	ko:K03484
bng:EH206_20275	ko:K03559
bng:EH206_20280	ko:K03561
bng:EH206_20285	ko:K01873
bng:EH206_20290	ko:K02339
bng:EH206_20295	ko:K01255
bng:EH206_20300	ko:K07091
bng:EH206_20305	ko:K11720
bng:EH206_20310	ko:K14228
bng:EH206_20325	ko:K07334
bng:EH206_20330	ko:K21498
bng:EH206_20390	ko:K03580
bng:EH206_20395	ko:K03654
bng:EH206_20430	ko:K01737
bng:EH206_20465	ko:K07497
bng:EH206_20480	ko:K02443
bng:EH206_20485	ko:K00880
bng:EH206_20490	ko:K00059
bng:EH206_20495	ko:K00058
bng:EH206_20500	ko:K02775
bng:EH206_20530	ko:K07791
bng:EH206_20545	ko:K01760
bng:EH206_20555	ko:K06221
bng:EH206_20565	ko:K03457
bng:EH206_20575	ko:K04753
bng:EH206_20580	ko:K00655
bng:EH206_20585	ko:K02621
bng:EH206_20590	ko:K16087
bng:EH206_20600	ko:K01040
bng:EH206_20605	ko:K01039
bng:EH206_20615	ko:K15553
bng:EH206_20620	ko:K15555
bng:EH206_20625	ko:K15554
bng:EH206_20630	ko:K02622
bng:EH206_20635	ko:K07000
bng:EH206_20640	ko:K03651
bng:EH206_20645	ko:K09920
bng:EH206_20650	ko:K01515
bng:EH206_20655	ko:K12340
bng:EH206_20670	ko:K15777
bng:EH206_20675	ko:K01978
bng:EH206_20680	ko:K07056
bng:EH206_20685	ko:K07121
bng:EH206_20690	ko:K07460
bng:EH206_20695	ko:K12961
bng:EH206_20700	ko:K28369
bng:EH206_20705	ko:K03814
bng:EH206_20715	ko:K07648
bng:EH206_20720	ko:K07139
bng:EH206_20725	ko:K00265
bng:EH206_20730	ko:K00266
bng:EH206_20735	ko:K03366
bng:EH206_20765	ko:K03600
bng:EH206_20770	ko:K03599
bng:EH206_20775	ko:K02996
bng:EH206_20780	ko:K02871
bng:EH206_20790	ko:K06916
bng:EH206_20795	ko:K09908
bng:EH206_20800	ko:K04772
bng:EH206_20805	ko:K04691
bng:EH206_20810	ko:K00790
bng:EH206_20820	ko:K07122
bng:EH206_20825	ko:K07323
bng:EH206_20830	ko:K02067
bng:EH206_20835	ko:K02066
bng:EH206_20840	ko:K02065
bng:EH206_20845	ko:K07301
bng:EH206_20850	ko:K06041
bng:EH206_20855	ko:K03270
bng:EH206_20860	ko:K11719
bng:EH206_20865	ko:K09774
bng:EH206_20870	ko:K06861
bng:EH206_20875	ko:K03092
bng:EH206_20880	ko:K05808
bng:EH206_20885	ko:K02806
bng:EH206_20890	ko:K06958
bng:EH206_20895	ko:K08485
bng:EH206_20900	ko:K03592
bng:EH206_20915	ko:K09889
bng:EH206_20920	ko:K03568
bng:EH206_20930	ko:K08301
bng:EH206_20935	ko:K06287
bng:EH206_20940	ko:K03571
bng:EH206_20945	ko:K03570
bng:EH206_20950	ko:K03569
bng:EH206_20955	ko:K18765
bng:EH206_20960	ko:K19745
bng:EH206_20965	ko:K07147
bng:EH206_20970	ko:K17247
bng:EH206_20975	ko:K03786
bng:EH206_20980	ko:K02160
bng:EH206_20985	ko:K01961
bng:EH206_20995	ko:K14392
bng:EH206_21000	ko:K02687
bng:EH206_21005	ko:K05540
bng:EH206_21010	ko:K03557
bng:EH206_21015	ko:K16089
bng:EH206_21025	ko:K02483
bng:EH206_21030	ko:K08313
bng:EH206_21035	ko:K02783
bng:EH206_21040	ko:K02782
bng:EH206_21045	ko:K02781
bng:EH206_21050	ko:K00068
bng:EH206_21055	ko:K02466
bng:EH206_21060	ko:K02468
bng:EH206_21065	ko:K02424
bng:EH206_21070	ko:K10009
bng:EH206_21075	ko:K01664
bng:EH206_21080	ko:K00821
bng:EH206_21085	ko:K01985
bng:EH206_21090	ko:K01980
bng:EH206_21095	ko:K14224
bng:EH206_21100	ko:K01977
bng:EH206_21105	ko:K00602
bng:EH206_21110	ko:K01945
bng:EH206_21120	ko:K05787
bng:EH206_21125	ko:K09891
bng:EH206_21130	ko:K05982
bng:EH206_21135	ko:K01599
bng:EH206_21140	ko:K03426
bng:EH206_21145	ko:K07740
bng:EH206_21150	ko:K03147
bng:EH206_21155	ko:K00788
bng:EH206_21160	ko:K03148
bng:EH206_21165	ko:K03154
bng:EH206_21170	ko:K03149
bng:EH206_21175	ko:K03150
bng:EH206_21190	ko:K08172
bng:EH206_21195	ko:K03046
bng:EH206_21200	ko:K03043
bng:EH206_21205	ko:K02935
bng:EH206_21210	ko:K02864
bng:EH206_21215	ko:K02863
bng:EH206_21220	ko:K02867
bng:EH206_21225	ko:K02601
bng:EH206_21230	ko:K03073
bng:EH206_21240	ko:K02358
bng:EH206_21245	ko:K14234
bng:EH206_21250	ko:K14225
bng:EH206_21255	ko:K14236
bng:EH206_21260	ko:K14234
bng:EH206_21265	ko:K19113
bng:EH206_21270	ko:K00867
bng:EH206_21275	ko:K03524
bng:EH206_21280	ko:K00075
bng:EH206_21285	ko:K01985
bng:EH206_21290	ko:K01980
bng:EH206_21295	ko:K14224
bng:EH206_21300	ko:K01977
bng:EH206_21305	ko:K01776
bng:EH206_21310	ko:K16092
bng:EH206_21315	ko:K00557
bng:EH206_21325	ko:K22105
bng:EH206_21330	ko:K00322
bng:EH206_21335	ko:K04761
bng:EH206_21345	ko:K00297
bng:EH206_21350	ko:K12525
bng:EH206_21355	ko:K01739
bng:EH206_21360	ko:K03764
bng:EH206_21365	ko:K02909
bng:EH206_21370	ko:K04066
bng:EH206_21375	ko:K05499
bng:EH206_21380	ko:K03591
bng:EH206_21385	ko:K01419
bng:EH206_21390	ko:K03667
bng:EH206_21395	ko:K02548
bng:EH206_21400	ko:K02553
bng:EH206_21405	ko:K09892
bng:EH206_21410	ko:K02440
bng:EH206_21415	ko:K00864
bng:EH206_21430	ko:K02446
bng:EH206_21435	ko:K00528
bng:EH206_21450	ko:K01803
bng:EH206_21455	ko:K10536
bng:EH206_21460	ko:K12251
bng:EH206_21470	ko:K15555
bng:EH206_21475	ko:K15554
bng:EH206_21480	ko:K03559
bng:EH206_21485	ko:K03561
bng:EH206_21490	ko:K03832
bng:EH206_21495	ko:K15553
bng:EH206_21500	ko:K02014
bng:EH206_21520	ko:K00850
bng:EH206_21525	ko:K13283
bng:EH206_21530	ko:K08159
bng:EH206_21535	ko:K27311
bng:EH206_21540	ko:K09125
bng:EH206_21545	ko:K04085
bng:EH206_21550	ko:K01534
bng:EH206_21565	ko:K08993
bng:EH206_21570	ko:K08316
bng:EH206_21575	ko:K03110
bng:EH206_21580	ko:K09812
bng:EH206_21585	ko:K09811
bng:EH206_21590	ko:K03089
bng:EH206_21605	ko:K01999
bng:EH206_21610	ko:K01997
bng:EH206_21615	ko:K01998
bng:EH206_21620	ko:K01995
bng:EH206_21625	ko:K01996
bng:EH206_21635	ko:K03406
bng:EH206_21640	ko:K03299
bng:EH206_21645	ko:K22131
bng:EH206_21650	ko:K22130
bng:EH206_21655	ko:K21948
bng:EH206_21660	ko:K08319
bng:EH206_21670	ko:K18828
bng:EH206_21675	ko:K18829
bng:EH206_21685	ko:K05813
bng:EH206_21690	ko:K05814
bng:EH206_21695	ko:K05815
bng:EH206_21700	ko:K05816
bng:EH206_21705	ko:K01126
bng:EH206_21710	ko:K13936
bng:EH206_21720	ko:K03216
bng:EH206_21725	ko:K07640
bng:EH206_21730	ko:K07662
bng:EH206_21735	ko:K06006
bng:EH206_21795	ko:K06223
bng:EH206_21870	ko:K01185
bng:EH206_21900	ko:K06903
bng:EH206_21925	ko:K06906
bng:EH206_21945	ko:K06908
bng:EH206_21950	ko:K06907
bng:EH206_21955	ko:K06905
bng:EH206_21980	ko:K28483
bng:EH206_21985	ko:K07058
bng:EH206_21990	ko:K00874
bng:EH206_22000	ko:K18324
bng:EH206_22005	ko:K11103
bng:EH206_22015	ko:K02032
bng:EH206_22020	ko:K02031
bng:EH206_22025	ko:K02034
bng:EH206_22030	ko:K02033
bng:EH206_22035	ko:K02035
bng:EH206_22040	ko:K08641
bng:EH206_22050	ko:K02030
bng:EH206_22055	ko:K02029
bng:EH206_22060	ko:K02029
bng:EH206_22065	ko:K02028
bng:EH206_22070	ko:K06016
bng:EH206_22075	ko:K09967
bng:EH206_22085	ko:K07335
bng:EH206_22090	ko:K23537
bng:EH206_22095	ko:K23535
bng:EH206_22100	ko:K23536
bng:EH206_22105	ko:K22278
bng:EH206_22110	ko:K15268
bng:EH206_22115	ko:K26580
bng:EH206_22120	ko:K18334
bng:EH206_22125	ko:K23015
bng:EH206_22130	ko:K23007
bng:EH206_22135	ko:K00041
bng:EH206_22150	ko:K02035
bng:EH206_22155	ko:K02033
bng:EH206_22160	ko:K02034
bng:EH206_22165	ko:K02031
bng:EH206_22165	ko:K02032
bng:EH206_22180	ko:K03782
bng:EH206_22195	ko:K00383
bng:EH206_22200	ko:K07115
bng:EH206_22205	ko:K01414
bng:EH206_22210	ko:K15984
bng:EH206_22220	ko:K06149
bng:EH206_22225	ko:K06144
bng:EH206_22230	ko:K16322
bng:EH206_22240	ko:K07804
bng:EH206_22245	ko:K14232
bng:EH206_22250	ko:K12975
bng:EH206_22255	ko:K01972
bng:EH206_22260	ko:K00942
bng:EH206_22265	ko:K03060
bng:EH206_22270	ko:K01139
bng:EH206_22275	ko:K00556
bng:EH206_22280	ko:K03655
bng:EH206_22285	ko:K16345
bng:EH206_22300	ko:K07560
bng:EH206_22305	ko:K20866
bng:EH206_22310	ko:K06207
bng:EH206_22315	ko:K01915
bng:EH206_22320	ko:K07708
bng:EH206_22325	ko:K07712
bng:EH206_22330	ko:K02495
bng:EH206_22340	ko:K09894
bng:EH206_22345	ko:K03978
bng:EH206_22350	ko:K02335
bng:EH206_22355	ko:K03673
bng:EH206_22365	ko:K09896
bng:EH206_22370	ko:K03752
bng:EH206_22375	ko:K03753
bng:EH206_22380	ko:K01985
bng:EH206_22385	ko:K01980
bng:EH206_22390	ko:K14224
bng:EH206_22395	ko:K01977
bng:EH206_22400	ko:K02529
bng:EH206_22405	ko:K00852
bng:EH206_22410	ko:K10439
bng:EH206_22415	ko:K10440
bng:EH206_22420	ko:K10441
bng:EH206_22425	ko:K06726
bng:EH206_22435	ko:K07666
bng:EH206_22440	ko:K07645
bng:EH206_22445	ko:K03549
bng:EH206_22450	ko:K03924
bng:EH206_22460	ko:K03718
bng:EH206_22465	ko:K06205
bng:EH206_22470	ko:K03495
bng:EH206_22475	ko:K03501
bng:EH206_22480	ko:K02116
bng:EH206_22485	ko:K02108
bng:EH206_22490	ko:K02110
bng:EH206_22495	ko:K02109
bng:EH206_22500	ko:K02113
bng:EH206_22505	ko:K02111
bng:EH206_22510	ko:K02115
bng:EH206_22515	ko:K02112
bng:EH206_22520	ko:K02114
bng:EH206_22525	ko:K04042
bng:EH206_22530	ko:K00820
bng:EH206_22555	ko:K02078
bng:EH206_22560	ko:K02078
bng:EH206_22585	ko:K07107
bng:EH206_22605	ko:K00647
bng:EH206_22615	ko:K00059
bng:EH206_22620	ko:K09458
bng:EH206_22625	ko:K02040
bng:EH206_22630	ko:K02037
bng:EH206_22635	ko:K02038
bng:EH206_22640	ko:K02036
bng:EH206_22645	ko:K02039
bng:EH206_22660	ko:K02035
bng:EH206_22665	ko:K02033
bng:EH206_22670	ko:K02034
bng:EH206_22675	ko:K02031
bng:EH206_22680	ko:K02032
bng:EH206_22700	ko:K03719
bng:EH206_22705	ko:K01505
bng:EH206_22720	ko:K02030
bng:EH206_22725	ko:K02029
bng:EH206_22730	ko:K02029
bng:EH206_22735	ko:K06901
bng:EH206_22745	ko:K05796
bng:EH206_22755	ko:K04063
bng:EH206_22765	ko:K19267
bng:EH206_22770	ko:K24206
bng:EH206_22775	ko:K07127
bng:EH206_22780	ko:K16840
bng:EH206_22785	ko:K16839
bng:EH206_22790	ko:K07402
bng:EH206_22795	ko:K13482
bng:EH206_22800	ko:K13481
bng:EH206_22805	ko:K01487
bng:EH206_22815	ko:K02029
bng:EH206_22820	ko:K02029
bng:EH206_22825	ko:K02030
bng:EH206_22850	ko:K02035
bng:EH206_22855	ko:K01474
bng:EH206_22860	ko:K01473
bng:EH206_22865	ko:K05825
bng:EH206_22870	ko:K02028
bng:EH206_22885	ko:K02051
bng:EH206_22890	ko:K02049
bng:EH206_22895	ko:K02050
bng:EH206_22900	ko:K06016
bng:EH206_22905	ko:K01459
bng:EH206_22920	ko:K07141
bng:EH206_22930	ko:K01751
bng:EH206_22935	ko:K01464
bng:EH206_22940	ko:K07402
bng:EH206_22945	ko:K12527
bng:EH206_22980	ko:K03650
bng:EH206_22985	ko:K03217
bng:EH206_22990	ko:K08998
bng:EH206_22995	ko:K03536
bng:EH206_23000	ko:K02914
