bpc:BPTD_0001	ko:K03495
bpc:BPTD_0002	ko:K03501
bpc:BPTD_0003	ko:K03496
bpc:BPTD_0004	ko:K22476
bpc:BPTD_0005	ko:K03497
bpc:BPTD_0007	ko:K02358
bpc:BPTD_0008	ko:K03073
bpc:BPTD_0009	ko:K02601
bpc:BPTD_0010	ko:K02867
bpc:BPTD_0011	ko:K02863
bpc:BPTD_0012	ko:K02864
bpc:BPTD_0013	ko:K02935
bpc:BPTD_0014	ko:K03043
bpc:BPTD_0015	ko:K03046
bpc:BPTD_0032	ko:K01878
bpc:BPTD_0033	ko:K01879
bpc:BPTD_0034	ko:K03273
bpc:BPTD_0035	ko:K00655
bpc:BPTD_0037	ko:K01759
bpc:BPTD_0038	ko:K01462
bpc:BPTD_0044	ko:K24180
bpc:BPTD_0046	ko:K00641
bpc:BPTD_0049	ko:K08218
bpc:BPTD_0051	ko:K01779
bpc:BPTD_0053	ko:K10002
bpc:BPTD_0054	ko:K10003
bpc:BPTD_0055	ko:K10001
bpc:BPTD_0058	ko:K07154
bpc:BPTD_0062	ko:K05520
bpc:BPTD_0064	ko:K15765
bpc:BPTD_0065	ko:K11690
bpc:BPTD_0067	ko:K11688
bpc:BPTD_0072	ko:K04079
bpc:BPTD_0073	ko:K00799
bpc:BPTD_0074	ko:K03806
bpc:BPTD_0075	ko:K06950
bpc:BPTD_0077	ko:K03106
bpc:BPTD_0079	ko:K24300
bpc:BPTD_0086	ko:K13019
bpc:BPTD_0087	ko:K13017
bpc:BPTD_0088	ko:K13018
bpc:BPTD_0089	ko:K13020
bpc:BPTD_0090	ko:K02841
bpc:BPTD_0091	ko:K02527
bpc:BPTD_0093	ko:K03525
bpc:BPTD_0094	ko:K03524
bpc:BPTD_0095	ko:K02066
bpc:BPTD_0096	ko:K02065
bpc:BPTD_0098	ko:K18480
bpc:BPTD_0099	ko:K07018
bpc:BPTD_0100	ko:K07258
bpc:BPTD_0101	ko:K00824
bpc:BPTD_0102	ko:K09158
bpc:BPTD_0103	ko:K03801
bpc:BPTD_0104	ko:K03644
bpc:BPTD_0105	ko:K01790
bpc:BPTD_0106	ko:K00067
bpc:BPTD_0107	ko:K01710
bpc:BPTD_0110	ko:K01760
bpc:BPTD_0111	ko:K03673
bpc:BPTD_0113	ko:K01887
bpc:BPTD_0116	ko:K07486
bpc:BPTD_0117	ko:K05815
bpc:BPTD_0118	ko:K05814
bpc:BPTD_0119	ko:K05813
bpc:BPTD_0120	ko:K05816
bpc:BPTD_0121	ko:K03651
bpc:BPTD_0124	ko:K02053
bpc:BPTD_0126	ko:K02055
bpc:BPTD_0129	ko:K01649
bpc:BPTD_0131	ko:K03092
bpc:BPTD_0132	ko:K02192
bpc:BPTD_0137	ko:K01754
bpc:BPTD_0143	ko:K28232
bpc:BPTD_0148	ko:K06350
bpc:BPTD_0149	ko:K06351
bpc:BPTD_0150	ko:K06991
bpc:BPTD_0152	ko:K00058
bpc:BPTD_0154	ko:K07644
bpc:BPTD_0155	ko:K07665
bpc:BPTD_0156	ko:K07636
bpc:BPTD_0157	ko:K07657
bpc:BPTD_0158	ko:K03183
bpc:BPTD_0160	ko:K03690
bpc:BPTD_0161	ko:K03688
bpc:BPTD_0165	ko:K06872
bpc:BPTD_0166	ko:K03744
bpc:BPTD_0167	ko:K11927
bpc:BPTD_0168	ko:K05834
bpc:BPTD_0169	ko:K02837
bpc:BPTD_0171	ko:K03594
bpc:BPTD_0176	ko:K07146
bpc:BPTD_0177	ko:K01874
bpc:BPTD_0179	ko:K03593
bpc:BPTD_0180	ko:K07278
bpc:BPTD_0181	ko:K09800
bpc:BPTD_0182	ko:K01494
bpc:BPTD_0187	ko:K01584
bpc:BPTD_0190	ko:K04564
bpc:BPTD_0191	ko:K07238
bpc:BPTD_0192	ko:K00605
bpc:BPTD_0193	ko:K02437
bpc:BPTD_0194	ko:K00281
bpc:BPTD_0204	ko:K03147
bpc:BPTD_0205	ko:K22187
bpc:BPTD_0210	ko:K18235
bpc:BPTD_0212	ko:K06920
bpc:BPTD_0213	ko:K01595
bpc:BPTD_0214	ko:K12688
bpc:BPTD_0215	ko:K00074
bpc:BPTD_0216	ko:K02106
bpc:BPTD_0217	ko:K00059
bpc:BPTD_0218	ko:K02624
bpc:BPTD_0219	ko:K01031
bpc:BPTD_0220	ko:K01032
bpc:BPTD_0221	ko:K03464
bpc:BPTD_0222	ko:K09780
bpc:BPTD_0223	ko:K01055
bpc:BPTD_0228	ko:K01996
bpc:BPTD_0229	ko:K01995
bpc:BPTD_0230	ko:K01998
bpc:BPTD_0231	ko:K01997
bpc:BPTD_0232	ko:K01999
bpc:BPTD_0239	ko:K01081
bpc:BPTD_0242	ko:K19577
bpc:BPTD_0243	ko:K01687
bpc:BPTD_0245	ko:K01649
bpc:BPTD_0248	ko:K02035
bpc:BPTD_0249	ko:K12972
bpc:BPTD_0250	ko:K07734
bpc:BPTD_0252	ko:K04772
bpc:BPTD_0254	ko:K03282
bpc:BPTD_0255	ko:K00411
bpc:BPTD_0256	ko:K00412
bpc:BPTD_0257	ko:K00413
bpc:BPTD_0258	ko:K03599
bpc:BPTD_0259	ko:K03600
bpc:BPTD_0266	ko:K00759
bpc:BPTD_0267	ko:K16012
bpc:BPTD_0268	ko:K16013
bpc:BPTD_0269	ko:K00424
bpc:BPTD_0270	ko:K00426
bpc:BPTD_0271	ko:K00425
bpc:BPTD_0277	ko:K00681
bpc:BPTD_0280	ko:K13936
bpc:BPTD_0281	ko:K01679
bpc:BPTD_0282	ko:K06925
bpc:BPTD_0283	ko:K01448
bpc:BPTD_0284	ko:K03975
bpc:BPTD_0285	ko:K03572
bpc:BPTD_0286	ko:K00791
bpc:BPTD_0287	ko:K01933
bpc:BPTD_0288	ko:K10763
bpc:BPTD_0289	ko:K28842
bpc:BPTD_0290	ko:K00970
bpc:BPTD_0291	ko:K00950
bpc:BPTD_0294	ko:K21393
bpc:BPTD_0295	ko:K11688
bpc:BPTD_0298	ko:K01607
bpc:BPTD_0300	ko:K00019
bpc:BPTD_0306	ko:K08295
bpc:BPTD_0307	ko:K01075
bpc:BPTD_0309	ko:K09749
bpc:BPTD_0310	ko:K01845
bpc:BPTD_0311	ko:K00788
bpc:BPTD_0312	ko:K00941
bpc:BPTD_0314	ko:K07735
bpc:BPTD_0315	ko:K07447
bpc:BPTD_0316	ko:K00609
bpc:BPTD_0317	ko:K01465
bpc:BPTD_0318	ko:K00655
bpc:BPTD_0319	ko:K01525
bpc:BPTD_0320	ko:K11720
bpc:BPTD_0321	ko:K03814
bpc:BPTD_0324	ko:K02182
bpc:BPTD_0327	ko:K00626
bpc:BPTD_0334	ko:K00567
bpc:BPTD_0335	ko:K03919
bpc:BPTD_0336	ko:K09990
bpc:BPTD_0338	ko:K10834
bpc:BPTD_0339	ko:K25133
bpc:BPTD_0340	ko:K25132
bpc:BPTD_0341	ko:K07225
bpc:BPTD_0342	ko:K16087
bpc:BPTD_0343	ko:K07165
bpc:BPTD_0344	ko:K23514
bpc:BPTD_0352	ko:K07090
bpc:BPTD_0354	ko:K06137
bpc:BPTD_0355	ko:K22187
bpc:BPTD_0357	ko:K00523
bpc:BPTD_0358	ko:K02030
bpc:BPTD_0363	ko:K00262
bpc:BPTD_0364	ko:K01142
bpc:BPTD_0365	ko:K00762
bpc:BPTD_0366	ko:K02434
bpc:BPTD_0367	ko:K02433
bpc:BPTD_0368	ko:K02435
bpc:BPTD_0369	ko:K03569
bpc:BPTD_0370	ko:K03570
bpc:BPTD_0371	ko:K03571
bpc:BPTD_0372	ko:K05515
bpc:BPTD_0373	ko:K05837
bpc:BPTD_0374	ko:K00016
bpc:BPTD_0376	ko:K05501
bpc:BPTD_0377	ko:K07025
bpc:BPTD_0378	ko:K00930
bpc:BPTD_0379	ko:K02073
bpc:BPTD_0381	ko:K28369
bpc:BPTD_0382	ko:K03271
bpc:BPTD_0384	ko:K07056
bpc:BPTD_0385	ko:K00567
bpc:BPTD_0388	ko:K06191
bpc:BPTD_0396	ko:K00384
bpc:BPTD_0401	ko:K06890
bpc:BPTD_0410	ko:K06889
bpc:BPTD_0414	ko:K20534
bpc:BPTD_0417	ko:K03312
bpc:BPTD_0419	ko:K02106
bpc:BPTD_0421	ko:K02342
bpc:BPTD_0429	ko:K07507
bpc:BPTD_0436	ko:K00249
bpc:BPTD_0437	ko:K00626
bpc:BPTD_0441	ko:K03704
bpc:BPTD_0444	ko:K00294
bpc:BPTD_0445	ko:K02106
bpc:BPTD_0448	ko:K18900
bpc:BPTD_0450	ko:K14470
bpc:BPTD_0451	ko:K18290
bpc:BPTD_0455	ko:K17247
bpc:BPTD_0456	ko:K07147
bpc:BPTD_0457	ko:K01091
bpc:BPTD_0458	ko:K06179
bpc:BPTD_0459	ko:K08300
bpc:BPTD_0462	ko:K02858
bpc:BPTD_0463	ko:K07117
bpc:BPTD_0464	ko:K08994
bpc:BPTD_0465	ko:K03719
bpc:BPTD_0466	ko:K01652
bpc:BPTD_0467	ko:K00059
bpc:BPTD_0468	ko:K00128
bpc:BPTD_0469	ko:K00046
bpc:BPTD_0470	ko:K15554
bpc:BPTD_0471	ko:K15555
bpc:BPTD_0472	ko:K15553
bpc:BPTD_0473	ko:K03169
bpc:BPTD_0476	ko:K03747
bpc:BPTD_0477	ko:K16087
bpc:BPTD_0479	ko:K07080
bpc:BPTD_0480	ko:K19967
bpc:BPTD_0482	ko:K00821
bpc:BPTD_0484	ko:K01968
bpc:BPTD_0485	ko:K01969
bpc:BPTD_0486	ko:K00626
bpc:BPTD_0495	ko:K13652
bpc:BPTD_0496	ko:K29125
bpc:BPTD_0499	ko:K01426
bpc:BPTD_0500	ko:K02624
bpc:BPTD_0501	ko:K02470
bpc:BPTD_0502	ko:K02338
bpc:BPTD_0503	ko:K02313
bpc:BPTD_0504	ko:K02914
bpc:BPTD_0505	ko:K03536
bpc:BPTD_0506	ko:K08998
bpc:BPTD_0507	ko:K03217
bpc:BPTD_0512	ko:K15126
bpc:BPTD_0513	ko:K07649
bpc:BPTD_0515	ko:K07733
bpc:BPTD_0521	ko:K07455
bpc:BPTD_0529	ko:K09022
bpc:BPTD_0530	ko:K00799
bpc:BPTD_0532	ko:K09946
bpc:BPTD_0543	ko:K13641
bpc:BPTD_0544	ko:K01715
bpc:BPTD_0547	ko:K01476
bpc:BPTD_0548	ko:K00819
bpc:BPTD_0553	ko:K01821
bpc:BPTD_0554	ko:K14441
bpc:BPTD_0555	ko:K03594
bpc:BPTD_0558	ko:K01091
bpc:BPTD_0559	ko:K07006
bpc:BPTD_0560	ko:K00604
bpc:BPTD_0561	ko:K01462
bpc:BPTD_0562	ko:K01556
bpc:BPTD_0563	ko:K03719
bpc:BPTD_0564	ko:K04096
bpc:BPTD_0565	ko:K01640
bpc:BPTD_0567	ko:K09969
bpc:BPTD_0568	ko:K05825
bpc:BPTD_0571	ko:K09796
bpc:BPTD_0572	ko:K05596
bpc:BPTD_0573	ko:K06895
bpc:BPTD_0576	ko:K06989
bpc:BPTD_0577	ko:K05834
bpc:BPTD_0578	ko:K03500
bpc:BPTD_0580	ko:K13598
bpc:BPTD_0581	ko:K13599
bpc:BPTD_0582	ko:K03499
bpc:BPTD_0583	ko:K03498
bpc:BPTD_0585	ko:K07402
bpc:BPTD_0586	ko:K07141
bpc:BPTD_0587	ko:K14333
bpc:BPTD_0588	ko:K01799
bpc:BPTD_0590	ko:K18028
bpc:BPTD_0591	ko:K13995
bpc:BPTD_0592	ko:K16320
bpc:BPTD_0593	ko:K16319
bpc:BPTD_0594	ko:K00529
bpc:BPTD_0595	ko:K05710
bpc:BPTD_0596	ko:K11688
bpc:BPTD_0597	ko:K03520
bpc:BPTD_0598	ko:K03519
bpc:BPTD_0600	ko:K02051
bpc:BPTD_0601	ko:K02049
bpc:BPTD_0602	ko:K02050
bpc:BPTD_0603	ko:K11689
bpc:BPTD_0604	ko:K11690
bpc:BPTD_0605	ko:K06048
bpc:BPTD_0606	ko:K02169
bpc:BPTD_0608	ko:K03216
bpc:BPTD_0610	ko:K00057
bpc:BPTD_0611	ko:K03071
bpc:BPTD_0612	ko:K03676
bpc:BPTD_0614	ko:K01834
bpc:BPTD_0615	ko:K22719
bpc:BPTD_0616	ko:K03797
bpc:BPTD_0617	ko:K21029
bpc:BPTD_0619	ko:K07795
bpc:BPTD_0623	ko:K07045
bpc:BPTD_0625	ko:K00382
bpc:BPTD_0626	ko:K01996
bpc:BPTD_0627	ko:K01995
bpc:BPTD_0627	ko:K01998
bpc:BPTD_0628	ko:K01997
bpc:BPTD_0629	ko:K01999
bpc:BPTD_0632	ko:K00249
bpc:BPTD_0634	ko:K01715
bpc:BPTD_0635	ko:K21417
bpc:BPTD_0636	ko:K21416
bpc:BPTD_0642	ko:K15866
bpc:BPTD_0647	ko:K11731
bpc:BPTD_0651	ko:K01714
bpc:BPTD_0658	ko:K03777
bpc:BPTD_0659	ko:K28556
bpc:BPTD_0660	ko:K04118
bpc:BPTD_0662	ko:K01438
bpc:BPTD_0665	ko:K07222
bpc:BPTD_0666	ko:K19745
bpc:BPTD_0669	ko:K01715
bpc:BPTD_0670	ko:K02051
bpc:BPTD_0673	ko:K00820
bpc:BPTD_0674	ko:K03719
bpc:BPTD_0675	ko:K00632
bpc:BPTD_0676	ko:K07516
bpc:BPTD_0679	ko:K24012
bpc:BPTD_0682	ko:K08351
bpc:BPTD_0684	ko:K02492
bpc:BPTD_0685	ko:K02835
bpc:BPTD_0686	ko:K02493
bpc:BPTD_0687	ko:K07390
bpc:BPTD_0688	ko:K03186
bpc:BPTD_0690	ko:K04102
bpc:BPTD_0692	ko:K16879
bpc:BPTD_0693	ko:K03520
bpc:BPTD_0696	ko:K03642
bpc:BPTD_0697	ko:K06958
bpc:BPTD_0700	ko:K06023
bpc:BPTD_0701	ko:K02806
bpc:BPTD_0703	ko:K06861
bpc:BPTD_0704	ko:K09774
bpc:BPTD_0705	ko:K11719
bpc:BPTD_0706	ko:K03270
bpc:BPTD_0707	ko:K06041
bpc:BPTD_0708	ko:K08289
bpc:BPTD_0715	ko:K01876
bpc:BPTD_0717	ko:K06131
bpc:BPTD_0724	ko:K03851
bpc:BPTD_0725	ko:K01426
bpc:BPTD_0726	ko:K02031
bpc:BPTD_0726	ko:K02032
bpc:BPTD_0727	ko:K02034
bpc:BPTD_0728	ko:K02033
bpc:BPTD_0729	ko:K02035
bpc:BPTD_0733	ko:K13747
bpc:BPTD_0738	ko:K02014
bpc:BPTD_0742	ko:K07445
bpc:BPTD_0747	ko:K00931
bpc:BPTD_0748	ko:K03979
bpc:BPTD_0749	ko:K02899
bpc:BPTD_0750	ko:K02888
bpc:BPTD_0752	ko:K02523
bpc:BPTD_0754	ko:K01473
bpc:BPTD_0755	ko:K01474
bpc:BPTD_0759	ko:K00135
bpc:BPTD_0760	ko:K07389
bpc:BPTD_0761	ko:K22944
bpc:BPTD_0762	ko:K11004
bpc:BPTD_0763	ko:K11003
bpc:BPTD_0764	ko:K12340
bpc:BPTD_0765	ko:K21645
bpc:BPTD_0766	ko:K10001
bpc:BPTD_0768	ko:K10002
bpc:BPTD_0769	ko:K10004
bpc:BPTD_0770	ko:K00824
bpc:BPTD_0773	ko:K00059
bpc:BPTD_0774	ko:K01652
bpc:BPTD_0781	ko:K02050
bpc:BPTD_0782	ko:K02049
bpc:BPTD_0783	ko:K02051
bpc:BPTD_0785	ko:K01652
bpc:BPTD_0789	ko:K01652
bpc:BPTD_0790	ko:K01653
bpc:BPTD_0791	ko:K00053
bpc:BPTD_0792	ko:K17103
bpc:BPTD_0794	ko:K02956
bpc:BPTD_0795	ko:K00962
bpc:BPTD_0797	ko:K01754
bpc:BPTD_0800	ko:K01803
bpc:BPTD_0801	ko:K03075
bpc:BPTD_0802	ko:K02168
bpc:BPTD_0804	ko:K04835
bpc:BPTD_0809	ko:K07486
bpc:BPTD_0810	ko:K00059
bpc:BPTD_0812	ko:K01760
bpc:BPTD_0813	ko:K06987
bpc:BPTD_0818	ko:K01474
bpc:BPTD_0819	ko:K01473
bpc:BPTD_0823	ko:K18308
bpc:BPTD_0824	ko:K18307
bpc:BPTD_0825	ko:K18306
bpc:BPTD_0828	ko:K02168
bpc:BPTD_0837	ko:K03285
bpc:BPTD_0838	ko:K00330
bpc:BPTD_0839	ko:K00331
bpc:BPTD_0840	ko:K00332
bpc:BPTD_0841	ko:K00333
bpc:BPTD_0842	ko:K00334
bpc:BPTD_0843	ko:K00335
bpc:BPTD_0844	ko:K00336
bpc:BPTD_0845	ko:K00337
bpc:BPTD_0846	ko:K00338
bpc:BPTD_0847	ko:K00339
bpc:BPTD_0848	ko:K00340
bpc:BPTD_0849	ko:K00341
bpc:BPTD_0850	ko:K00342
bpc:BPTD_0851	ko:K00343
bpc:BPTD_0853	ko:K16090
bpc:BPTD_0854	ko:K16090
bpc:BPTD_0856	ko:K00059
bpc:BPTD_0857	ko:K01652
bpc:BPTD_0860	ko:K01079
bpc:BPTD_0861	ko:K03723
bpc:BPTD_0862	ko:K00991
bpc:BPTD_0863	ko:K01770
bpc:BPTD_0865	ko:K03841
bpc:BPTD_0866	ko:K01256
bpc:BPTD_0869	ko:K06147
bpc:BPTD_0870	ko:K00569
bpc:BPTD_0874	ko:K21087
bpc:BPTD_0879	ko:K02160
bpc:BPTD_0880	ko:K01571
bpc:BPTD_0882	ko:K07045
bpc:BPTD_0885	ko:K01961
bpc:BPTD_0895	ko:K24821
bpc:BPTD_0896	ko:K06221
bpc:BPTD_0897	ko:K23107
bpc:BPTD_0901	ko:K05366
bpc:BPTD_0905	ko:K02346
bpc:BPTD_0910	ko:K02051
bpc:BPTD_0911	ko:K02050
bpc:BPTD_0912	ko:K02050
bpc:BPTD_0915	ko:K00135
bpc:BPTD_0916	ko:K13796
bpc:BPTD_0917	ko:K13795
bpc:BPTD_0920	ko:K23356
bpc:BPTD_0926	ko:K02182
bpc:BPTD_0937	ko:K22292
bpc:BPTD_0938	ko:K00568
bpc:BPTD_0939	ko:K03286
bpc:BPTD_0940	ko:K02469
bpc:BPTD_0941	ko:K00831
bpc:BPTD_0942	ko:K14170
bpc:BPTD_0943	ko:K04517
bpc:BPTD_0944	ko:K00800
bpc:BPTD_0945	ko:K00945
bpc:BPTD_0946	ko:K02945
bpc:BPTD_0947	ko:K05788
bpc:BPTD_0948	ko:K08992
bpc:BPTD_0949	ko:K19804
bpc:BPTD_0950	ko:K21344
bpc:BPTD_0951	ko:K03274
bpc:BPTD_0952	ko:K02237
bpc:BPTD_0954	ko:K12339
bpc:BPTD_0955	ko:K08305
bpc:BPTD_0957	ko:K03521
bpc:BPTD_0958	ko:K03522
bpc:BPTD_0959	ko:K20035
bpc:BPTD_0960	ko:K24158
bpc:BPTD_0961	ko:K23163
bpc:BPTD_0964	ko:K02045
bpc:BPTD_0966	ko:K00957
bpc:BPTD_0971	ko:K02884
bpc:BPTD_0974	ko:K07486
bpc:BPTD_0976	ko:K03181
bpc:BPTD_0977	ko:K06182
bpc:BPTD_0980	ko:K18138
bpc:BPTD_0981	ko:K18139
bpc:BPTD_0983	ko:K07152
bpc:BPTD_0984	ko:K01414
bpc:BPTD_0985	ko:K01491
bpc:BPTD_0988	ko:K00163
bpc:BPTD_0989	ko:K00627
bpc:BPTD_0990	ko:K00382
bpc:BPTD_0991	ko:K02406
bpc:BPTD_0993	ko:K09761
bpc:BPTD_0994	ko:K00615
bpc:BPTD_0995	ko:K00134
bpc:BPTD_0996	ko:K00927
bpc:BPTD_0997	ko:K00208
bpc:BPTD_0998	ko:K00925
bpc:BPTD_0999	ko:K00625
bpc:BPTD_1001	ko:K00799
bpc:BPTD_1006	ko:K05516
bpc:BPTD_1007	ko:K18997
bpc:BPTD_1009	ko:K16322
bpc:BPTD_1010	ko:K03831
bpc:BPTD_1014	ko:K02518
bpc:BPTD_1016	ko:K02405
bpc:BPTD_1017	ko:K02403
bpc:BPTD_1018	ko:K02402
bpc:BPTD_1019	ko:K02556
bpc:BPTD_1020	ko:K02557
bpc:BPTD_1022	ko:K03407
bpc:BPTD_1023	ko:K03408
bpc:BPTD_1024	ko:K05874
bpc:BPTD_1026	ko:K03412
bpc:BPTD_1027	ko:K03413
bpc:BPTD_1028	ko:K03414
bpc:BPTD_1029	ko:K07486
bpc:BPTD_1031	ko:K03820
bpc:BPTD_1032	ko:K06189
bpc:BPTD_1033	ko:K07042
bpc:BPTD_1034	ko:K06217
bpc:BPTD_1035	ko:K06168
bpc:BPTD_1037	ko:K07486
bpc:BPTD_1038	ko:K03074
bpc:BPTD_1039	ko:K03072
bpc:BPTD_1040	ko:K03210
bpc:BPTD_1042	ko:K00773
bpc:BPTD_1043	ko:K07568
bpc:BPTD_1044	ko:K07259
bpc:BPTD_1045	ko:K00761
bpc:BPTD_1046	ko:K07486
bpc:BPTD_1047	ko:K12681
bpc:BPTD_1048	ko:K02302
bpc:BPTD_1053	ko:K03182
bpc:BPTD_1057	ko:K00029
bpc:BPTD_1061	ko:K02036
bpc:BPTD_1062	ko:K02038
bpc:BPTD_1063	ko:K02037
bpc:BPTD_1064	ko:K02040
bpc:BPTD_1065	ko:K00937
bpc:BPTD_1066	ko:K01524
bpc:BPTD_1067	ko:K22310
bpc:BPTD_1068	ko:K03431
bpc:BPTD_1069	ko:K00796
bpc:BPTD_1070	ko:K03798
bpc:BPTD_1071	ko:K02427
bpc:BPTD_1072	ko:K07574
bpc:BPTD_1076	ko:K02204
bpc:BPTD_1077	ko:K05539
bpc:BPTD_1080	ko:K07058
bpc:BPTD_1082	ko:K08997
bpc:BPTD_1086	ko:K01995
bpc:BPTD_1087	ko:K01997
bpc:BPTD_1089	ko:K01999
bpc:BPTD_1090	ko:K01996
bpc:BPTD_1091	ko:K01897
bpc:BPTD_1092	ko:K22108
bpc:BPTD_1094	ko:K04567
bpc:BPTD_1095	ko:K16216
bpc:BPTD_1096	ko:K02836
bpc:BPTD_1097	ko:K07462
bpc:BPTD_1099	ko:K09808
bpc:BPTD_1100	ko:K09810
bpc:BPTD_1101	ko:K03424
bpc:BPTD_1109	ko:K07053
bpc:BPTD_1110	ko:K04760
bpc:BPTD_1112	ko:K07345
bpc:BPTD_1113	ko:K00029
bpc:BPTD_1114	ko:K00163
bpc:BPTD_1115	ko:K03719
bpc:BPTD_1117	ko:K00164
bpc:BPTD_1118	ko:K00658
bpc:BPTD_1119	ko:K00382
bpc:BPTD_1120	ko:K06916
bpc:BPTD_1121	ko:K00059
bpc:BPTD_1125	ko:K00059
bpc:BPTD_1128	ko:K23514
bpc:BPTD_1129	ko:K07165
bpc:BPTD_1130	ko:K02014
bpc:BPTD_1135	ko:K01867
bpc:BPTD_1136	ko:K06959
bpc:BPTD_1137	ko:K03722
bpc:BPTD_1138	ko:K05807
bpc:BPTD_1139	ko:K06180
bpc:BPTD_1140	ko:K05810
bpc:BPTD_1141	ko:K03821
bpc:BPTD_1142	ko:K00023
bpc:BPTD_1144	ko:K07230
bpc:BPTD_1146	ko:K07243
bpc:BPTD_1156	ko:K08169
bpc:BPTD_1159	ko:K01297
bpc:BPTD_1172	ko:K02028
bpc:BPTD_1173	ko:K02029
bpc:BPTD_1174	ko:K02029
bpc:BPTD_1175	ko:K02030
bpc:BPTD_1176	ko:K00812
bpc:BPTD_1182	ko:K03088
bpc:BPTD_1184	ko:K09954
bpc:BPTD_1185	ko:K01515
bpc:BPTD_1188	ko:K01420
bpc:BPTD_1189	ko:K03695
bpc:BPTD_1192	ko:K12682
bpc:BPTD_1198	ko:K01461
bpc:BPTD_1200	ko:K00380
bpc:BPTD_1201	ko:K03734
bpc:BPTD_1204	ko:K09939
bpc:BPTD_1205	ko:K09695
bpc:BPTD_1206	ko:K09694
bpc:BPTD_1208	ko:K06199
bpc:BPTD_1209	ko:K21677
bpc:BPTD_1210	ko:K02291
bpc:BPTD_1212	ko:K01775
bpc:BPTD_1213	ko:K00059
bpc:BPTD_1215	ko:K03088
bpc:BPTD_1217	ko:K04485
bpc:BPTD_1218	ko:K07090
bpc:BPTD_1220	ko:K26939
bpc:BPTD_1222	ko:K02909
bpc:BPTD_1223	ko:K00453
bpc:BPTD_1224	ko:K07130
bpc:BPTD_1225	ko:K03630
bpc:BPTD_1226	ko:K03774
bpc:BPTD_1227	ko:K03527
bpc:BPTD_1228	ko:K01800
bpc:BPTD_1231	ko:K09019
bpc:BPTD_1233	ko:K06024
bpc:BPTD_1234	ko:K06178
bpc:BPTD_1235	ko:K09748
bpc:BPTD_1236	ko:K02600
bpc:BPTD_1237	ko:K02519
bpc:BPTD_1238	ko:K02834
bpc:BPTD_1239	ko:K03177
bpc:BPTD_1240	ko:K06207
bpc:BPTD_1244	ko:K02335
bpc:BPTD_1245	ko:K16267
bpc:BPTD_1246	ko:K01061
bpc:BPTD_1247	ko:K03324
bpc:BPTD_1248	ko:K01752
bpc:BPTD_1249	ko:K09765
bpc:BPTD_1250	ko:K00982
bpc:BPTD_1252	ko:K03628
bpc:BPTD_1253	ko:K03671
bpc:BPTD_1254	ko:K02622
bpc:BPTD_1256	ko:K02621
bpc:BPTD_1257	ko:K07148
bpc:BPTD_1260	ko:K11208
bpc:BPTD_1263	ko:K01996
bpc:BPTD_1264	ko:K01995
bpc:BPTD_1265	ko:K01998
bpc:BPTD_1266	ko:K01997
bpc:BPTD_1267	ko:K01999
bpc:BPTD_1269	ko:K09125
bpc:BPTD_1270	ko:K00286
bpc:BPTD_1271	ko:K05813
bpc:BPTD_1272	ko:K05814
bpc:BPTD_1273	ko:K05815
bpc:BPTD_1274	ko:K05816
bpc:BPTD_1275	ko:K01999
bpc:BPTD_1276	ko:K07002
bpc:BPTD_1282	ko:K02073
bpc:BPTD_1283	ko:K29125
bpc:BPTD_1284	ko:K01613
bpc:BPTD_1287	ko:K03800
bpc:BPTD_1290	ko:K11209
bpc:BPTD_1291	ko:K00432
bpc:BPTD_1296	ko:K00537
bpc:BPTD_1297	ko:K03564
bpc:BPTD_1300	ko:K15977
bpc:BPTD_1308	ko:K06997
bpc:BPTD_1309	ko:K00868
bpc:BPTD_1311	ko:K06044
bpc:BPTD_1313	ko:K01236
bpc:BPTD_1314	ko:K01214
bpc:BPTD_1315	ko:K00700
bpc:BPTD_1316	ko:K05343
bpc:BPTD_1321	ko:K06889
bpc:BPTD_1325	ko:K06131
bpc:BPTD_1334	ko:K01644
bpc:BPTD_1338	ko:K01647
bpc:BPTD_1342	ko:K01704
bpc:BPTD_1345	ko:K22209
bpc:BPTD_1346	ko:K00077
bpc:BPTD_1348	ko:K10010
bpc:BPTD_1349	ko:K10009
bpc:BPTD_1350	ko:K02424
bpc:BPTD_1351	ko:K07486
bpc:BPTD_1352	ko:K02401
bpc:BPTD_1355	ko:K02399
bpc:BPTD_1356	ko:K02398
bpc:BPTD_1357	ko:K02386
bpc:BPTD_1358	ko:K02387
bpc:BPTD_1359	ko:K02388
bpc:BPTD_1360	ko:K02389
bpc:BPTD_1361	ko:K02390
bpc:BPTD_1362	ko:K02391
bpc:BPTD_1363	ko:K02392
bpc:BPTD_1364	ko:K02393
bpc:BPTD_1365	ko:K02394
bpc:BPTD_1366	ko:K02395
bpc:BPTD_1367	ko:K02396
bpc:BPTD_1368	ko:K02397
bpc:BPTD_1369	ko:K05874
bpc:BPTD_1370	ko:K05874
bpc:BPTD_1371	ko:K03776
bpc:BPTD_1372	ko:K07486
bpc:BPTD_1373	ko:K02421
bpc:BPTD_1374	ko:K02420
bpc:BPTD_1375	ko:K02419
bpc:BPTD_1376	ko:K02418
bpc:BPTD_1377	ko:K02417
bpc:BPTD_1378	ko:K02416
bpc:BPTD_1379	ko:K02415
bpc:BPTD_1382	ko:K02413
bpc:BPTD_1383	ko:K02412
bpc:BPTD_1384	ko:K02411
bpc:BPTD_1385	ko:K02410
bpc:BPTD_1386	ko:K02409
bpc:BPTD_1387	ko:K02408
bpc:BPTD_1389	ko:K04061
bpc:BPTD_1391	ko:K02423
bpc:BPTD_1392	ko:K02422
bpc:BPTD_1393	ko:K02407
bpc:BPTD_1394	ko:K06603
bpc:BPTD_1395	ko:K11754
bpc:BPTD_1396	ko:K03749
bpc:BPTD_1397	ko:K03558
bpc:BPTD_1398	ko:K00764
bpc:BPTD_1399	ko:K03611
bpc:BPTD_1401	ko:K00990
bpc:BPTD_1402	ko:K01265
bpc:BPTD_1403	ko:K02967
bpc:BPTD_1404	ko:K02357
bpc:BPTD_1405	ko:K09903
bpc:BPTD_1406	ko:K02838
bpc:BPTD_1407	ko:K00806
bpc:BPTD_1408	ko:K00981
bpc:BPTD_1409	ko:K00099
bpc:BPTD_1410	ko:K11749
bpc:BPTD_1411	ko:K07277
bpc:BPTD_1412	ko:K06142
bpc:BPTD_1413	ko:K02536
bpc:BPTD_1414	ko:K02372
bpc:BPTD_1415	ko:K00677
bpc:BPTD_1416	ko:K00748
bpc:BPTD_1417	ko:K03470
bpc:BPTD_1418	ko:K03437
bpc:BPTD_1419	ko:K09773
bpc:BPTD_1420	ko:K01007
bpc:BPTD_1421	ko:K01951
bpc:BPTD_1426	ko:K03664
bpc:BPTD_1428	ko:K09801
bpc:BPTD_1431	ko:K00020
bpc:BPTD_1433	ko:K22736
bpc:BPTD_1435	ko:K00616
bpc:BPTD_1436	ko:K01956
bpc:BPTD_1437	ko:K01955
bpc:BPTD_1439	ko:K15634
bpc:BPTD_1441	ko:K02010
bpc:BPTD_1442	ko:K02011
bpc:BPTD_1445	ko:K01736
bpc:BPTD_1447	ko:K03753
bpc:BPTD_1448	ko:K03750
bpc:BPTD_1449	ko:K03752
bpc:BPTD_1450	ko:K03593
bpc:BPTD_1455	ko:K00123
bpc:BPTD_1458	ko:K00127
bpc:BPTD_1460	ko:K07219
bpc:BPTD_1462	ko:K06857
bpc:BPTD_1463	ko:K05772
bpc:BPTD_1464	ko:K01703
bpc:BPTD_1465	ko:K01704
bpc:BPTD_1466	ko:K00052
bpc:BPTD_1467	ko:K00133
bpc:BPTD_1468	ko:K08086
bpc:BPTD_1469	ko:K06173
bpc:BPTD_1470	ko:K11688
bpc:BPTD_1471	ko:K11689
bpc:BPTD_1472	ko:K11690
bpc:BPTD_1473	ko:K01817
bpc:BPTD_1478	ko:K07687
bpc:BPTD_1479	ko:K01868
bpc:BPTD_1480	ko:K02520
bpc:BPTD_1481	ko:K01920
bpc:BPTD_1482	ko:K02793
bpc:BPTD_1483	ko:K02784
bpc:BPTD_1484	ko:K08483
bpc:BPTD_1488	ko:K01999
bpc:BPTD_1489	ko:K02030
bpc:BPTD_1490	ko:K02029
bpc:BPTD_1491	ko:K02029
bpc:BPTD_1492	ko:K02028
bpc:BPTD_1495	ko:K00122
bpc:BPTD_1497	ko:K22112
bpc:BPTD_1498	ko:K01455
bpc:BPTD_1501	ko:K01624
bpc:BPTD_1503	ko:K01923
bpc:BPTD_1504	ko:K13651
bpc:BPTD_1505	ko:K13655
bpc:BPTD_1508	ko:K01588
bpc:BPTD_1509	ko:K01589
bpc:BPTD_1510	ko:K07566
bpc:BPTD_1511	ko:K09969
bpc:BPTD_1513	ko:K01480
bpc:BPTD_1514	ko:K02030
bpc:BPTD_1516	ko:K02028
bpc:BPTD_1517	ko:K01652
bpc:BPTD_1519	ko:K00252
bpc:BPTD_1520	ko:K01652
bpc:BPTD_1522	ko:K04763
bpc:BPTD_1524	ko:K05520
bpc:BPTD_1527	ko:K07262
bpc:BPTD_1532	ko:K02343
bpc:BPTD_1533	ko:K09747
bpc:BPTD_1534	ko:K06187
bpc:BPTD_1538	ko:K07054
bpc:BPTD_1541	ko:K09947
bpc:BPTD_1544	ko:K07231
bpc:BPTD_1545	ko:K09932
bpc:BPTD_1546	ko:K19784
bpc:BPTD_1547	ko:K09165
bpc:BPTD_1548	ko:K03555
bpc:BPTD_1549	ko:K18850
bpc:BPTD_1550	ko:K07345
bpc:BPTD_1551	ko:K07287
bpc:BPTD_1552	ko:K01714
bpc:BPTD_1555	ko:K10036
bpc:BPTD_1556	ko:K10037
bpc:BPTD_1557	ko:K10038
bpc:BPTD_1558	ko:K01139
bpc:BPTD_1559	ko:K03060
bpc:BPTD_1560	ko:K00942
bpc:BPTD_1561	ko:K19713
bpc:BPTD_1565	ko:K01241
bpc:BPTD_1566	ko:K07726
bpc:BPTD_1570	ko:K00989
bpc:BPTD_1573	ko:K03406
bpc:BPTD_1575	ko:K01519
bpc:BPTD_1579	ko:K07708
bpc:BPTD_1580	ko:K07712
bpc:BPTD_1582	ko:K06911
bpc:BPTD_1586	ko:K02011
bpc:BPTD_1587	ko:K02012
bpc:BPTD_1588	ko:K00528
bpc:BPTD_1591	ko:K06222
bpc:BPTD_1594	ko:K03655
bpc:BPTD_1595	ko:K04761
bpc:BPTD_1597	ko:K00140
bpc:BPTD_1598	ko:K04047
bpc:BPTD_1603	ko:K09688
bpc:BPTD_1604	ko:K09689
bpc:BPTD_1605	ko:K10107
bpc:BPTD_1608	ko:K01991
bpc:BPTD_1609	ko:K02474
bpc:BPTD_1610	ko:K02473
bpc:BPTD_1611	ko:K07266
bpc:BPTD_1615	ko:K01130
bpc:BPTD_1618	ko:K07114
bpc:BPTD_1619	ko:K07114
bpc:BPTD_1622	ko:K03924
bpc:BPTD_1630	ko:K01995
bpc:BPTD_1631	ko:K01996
bpc:BPTD_1633	ko:K00529
bpc:BPTD_1642	ko:K07726
bpc:BPTD_1643	ko:K00799
bpc:BPTD_1644	ko:K06912
bpc:BPTD_1647	ko:K00059
bpc:BPTD_1650	ko:K00059
bpc:BPTD_1651	ko:K00059
bpc:BPTD_1658	ko:K11811
bpc:BPTD_1661	ko:K03892
bpc:BPTD_1669	ko:K05559
bpc:BPTD_1670	ko:K05560
bpc:BPTD_1671	ko:K05561
bpc:BPTD_1672	ko:K05562
bpc:BPTD_1673	ko:K05563
bpc:BPTD_1674	ko:K05564
bpc:BPTD_1678	ko:K11991
bpc:BPTD_1679	ko:K01297
bpc:BPTD_1680	ko:K13766
bpc:BPTD_1681	ko:K11690
bpc:BPTD_1682	ko:K11689
bpc:BPTD_1683	ko:K11688
bpc:BPTD_1685	ko:K02049
bpc:BPTD_1686	ko:K02051
bpc:BPTD_1687	ko:K02050
bpc:BPTD_1691	ko:K03672
bpc:BPTD_1693	ko:K06901
bpc:BPTD_1694	ko:K25706
bpc:BPTD_1695	ko:K07486
bpc:BPTD_1696	ko:K08591
bpc:BPTD_1697	ko:K03787
bpc:BPTD_1698	ko:K00573
bpc:BPTD_1699	ko:K06194
bpc:BPTD_16S01	ko:K01977
bpc:BPTD_16S02	ko:K01977
bpc:BPTD_16S03	ko:K01977
bpc:BPTD_1700	ko:K07501
bpc:BPTD_1703	ko:K03215
bpc:BPTD_1704	ko:K19591
bpc:BPTD_1705	ko:K07213
bpc:BPTD_1706	ko:K24136
bpc:BPTD_1707	ko:K00382
bpc:BPTD_1708	ko:K07115
bpc:BPTD_1709	ko:K01126
bpc:BPTD_1710	ko:K03770
bpc:BPTD_1711	ko:K10804
bpc:BPTD_1717	ko:K03802
bpc:BPTD_1718	ko:K03802
bpc:BPTD_1721	ko:K09919
bpc:BPTD_1726	ko:K03719
bpc:BPTD_1728	ko:K13038
bpc:BPTD_1729	ko:K03101
bpc:BPTD_1730	ko:K01870
bpc:BPTD_1731	ko:K11753
bpc:BPTD_1733	ko:K03500
bpc:BPTD_1736	ko:K00507
bpc:BPTD_1737	ko:K03657
bpc:BPTD_1739	ko:K06158
bpc:BPTD_1740	ko:K07320
bpc:BPTD_1741	ko:K01439
bpc:BPTD_1742	ko:K00674
bpc:BPTD_1748	ko:K03704
bpc:BPTD_1750	ko:K03704
bpc:BPTD_1752	ko:K03545
bpc:BPTD_1753	ko:K01358
bpc:BPTD_1754	ko:K03544
bpc:BPTD_1755	ko:K01338
bpc:BPTD_1757	ko:K01041
bpc:BPTD_1760	ko:K15866
bpc:BPTD_1763	ko:K00059
bpc:BPTD_1766	ko:K01031
bpc:BPTD_1767	ko:K01032
bpc:BPTD_1771	ko:K01356
bpc:BPTD_1772	ko:K00832
bpc:BPTD_1773	ko:K03702
bpc:BPTD_1774	ko:K25307
bpc:BPTD_1775	ko:K13643
bpc:BPTD_1776	ko:K04487
bpc:BPTD_1777	ko:K04488
bpc:BPTD_1778	ko:K13628
bpc:BPTD_1779	ko:K04082
bpc:BPTD_1780	ko:K04044
bpc:BPTD_1781	ko:K04755
bpc:BPTD_1785	ko:K15866
bpc:BPTD_1789	ko:K22129
bpc:BPTD_1790	ko:K22024
bpc:BPTD_1792	ko:K07140
bpc:BPTD_1793	ko:K01579
bpc:BPTD_1794	ko:K00523
bpc:BPTD_1795	ko:K00285
bpc:BPTD_1796	ko:K02027
bpc:BPTD_1797	ko:K17737
bpc:BPTD_1800	ko:K02035
bpc:BPTD_1801	ko:K02033
bpc:BPTD_1802	ko:K02034
bpc:BPTD_1803	ko:K02031
bpc:BPTD_1803	ko:K02032
bpc:BPTD_1811	ko:K02650
bpc:BPTD_1813	ko:K01872
bpc:BPTD_1814	ko:K04085
bpc:BPTD_1816	ko:K02959
bpc:BPTD_1817	ko:K02860
bpc:BPTD_1818	ko:K00554
bpc:BPTD_1822	ko:K06980
bpc:BPTD_1823	ko:K07082
bpc:BPTD_1824	ko:K00943
bpc:BPTD_1825	ko:K02341
bpc:BPTD_1826	ko:K03424
bpc:BPTD_1827	ko:K06867
bpc:BPTD_1829	ko:K02030
bpc:BPTD_1831	ko:K02028
bpc:BPTD_1833	ko:K00261
bpc:BPTD_1835	ko:K06016
bpc:BPTD_1836	ko:K01652
bpc:BPTD_1837	ko:K01644
bpc:BPTD_1838	ko:K11690
bpc:BPTD_1839	ko:K11689
bpc:BPTD_1840	ko:K11688
bpc:BPTD_1847	ko:K02433
bpc:BPTD_1850	ko:K07679
bpc:BPTD_1851	ko:K07690
bpc:BPTD_1852	ko:K15125
bpc:BPTD_1854	ko:K15540
bpc:BPTD_1855	ko:K07347
bpc:BPTD_1856	ko:K07347
bpc:BPTD_1857	ko:K07326
bpc:BPTD_1859	ko:K11689
bpc:BPTD_1860	ko:K11688
bpc:BPTD_1862	ko:K11689
bpc:BPTD_1863	ko:K11688
bpc:BPTD_1867	ko:K01469
bpc:BPTD_1870	ko:K03442
bpc:BPTD_1873	ko:K02533
bpc:BPTD_1874	ko:K01092
bpc:BPTD_1876	ko:K06153
bpc:BPTD_1877	ko:K03269
bpc:BPTD_1878	ko:K03768
bpc:BPTD_1880	ko:K01883
bpc:BPTD_1881	ko:K01247
bpc:BPTD_1882	ko:K01962
bpc:BPTD_1884	ko:K04075
bpc:BPTD_1885	ko:K00928
bpc:BPTD_1886	ko:K07486
bpc:BPTD_1890	ko:K11689
bpc:BPTD_1891	ko:K11690
bpc:BPTD_1892	ko:K11688
bpc:BPTD_1893	ko:K09023
bpc:BPTD_1894	ko:K06989
bpc:BPTD_1898	ko:K02055
bpc:BPTD_1900	ko:K02054
bpc:BPTD_1901	ko:K02053
bpc:BPTD_1902	ko:K02052
bpc:BPTD_1907	ko:K09021
bpc:BPTD_1912	ko:K10680
bpc:BPTD_1914	ko:K11936
bpc:BPTD_1915	ko:K11931
bpc:BPTD_1918	ko:K22296
bpc:BPTD_1920	ko:K01999
bpc:BPTD_1921	ko:K01997
bpc:BPTD_1921	ko:K01998
bpc:BPTD_1922	ko:K01995
bpc:BPTD_1923	ko:K01996
bpc:BPTD_1925	ko:K18029
bpc:BPTD_1926	ko:K14974
bpc:BPTD_1927	ko:K01799
bpc:BPTD_1929	ko:K18028
bpc:BPTD_1930	ko:K13995
bpc:BPTD_1931	ko:K07486
bpc:BPTD_1934	ko:K02014
bpc:BPTD_1940	ko:K15778
bpc:BPTD_1941	ko:K01810
bpc:BPTD_1942	ko:K00640
bpc:BPTD_1946	ko:K00135
bpc:BPTD_1947	ko:K00823
bpc:BPTD_1950	ko:K03657
bpc:BPTD_1953	ko:K02035
bpc:BPTD_1954	ko:K02033
bpc:BPTD_1955	ko:K02034
bpc:BPTD_1956	ko:K02031
bpc:BPTD_1956	ko:K02032
bpc:BPTD_1961	ko:K02651
bpc:BPTD_1962	ko:K02278
bpc:BPTD_1963	ko:K12513
bpc:BPTD_1964	ko:K12513
bpc:BPTD_1965	ko:K02279
bpc:BPTD_1966	ko:K02280
bpc:BPTD_1967	ko:K02282
bpc:BPTD_1969	ko:K12510
bpc:BPTD_1970	ko:K12511
bpc:BPTD_1971	ko:K27079
bpc:BPTD_1973	ko:K27080
bpc:BPTD_1977	ko:K03088
bpc:BPTD_1979	ko:K08738
bpc:BPTD_1980	ko:K02356
bpc:BPTD_1983	ko:K15777
bpc:BPTD_1984	ko:K27802
bpc:BPTD_1986	ko:K02014
bpc:BPTD_1987	ko:K01560
bpc:BPTD_1991	ko:K01682
bpc:BPTD_1992	ko:K02342
bpc:BPTD_1995	ko:K09780
bpc:BPTD_1996	ko:K15268
bpc:BPTD_2002	ko:K18118
bpc:BPTD_2004	ko:K03566
bpc:BPTD_2005	ko:K06975
bpc:BPTD_2006	ko:K17735
bpc:BPTD_2007	ko:K01426
bpc:BPTD_2009	ko:K00147
bpc:BPTD_2010	ko:K02340
bpc:BPTD_2011	ko:K03643
bpc:BPTD_2012	ko:K01869
bpc:BPTD_2017	ko:K03321
bpc:BPTD_2018	ko:K02913
bpc:BPTD_2019	ko:K02902
bpc:BPTD_2020	ko:K07552
bpc:BPTD_2023	ko:K02002
bpc:BPTD_2024	ko:K02001
bpc:BPTD_2025	ko:K02000
bpc:BPTD_2026	ko:K01821
bpc:BPTD_2027	ko:K00626
bpc:BPTD_2030	ko:K01578
bpc:BPTD_2034	ko:K04565
bpc:BPTD_2035	ko:K01989
bpc:BPTD_2037	ko:K05833
bpc:BPTD_2038	ko:K02019
bpc:BPTD_2040	ko:K07001
bpc:BPTD_2042	ko:K03585
bpc:BPTD_2043	ko:K18138
bpc:BPTD_2045	ko:K03474
bpc:BPTD_2046	ko:K00997
bpc:BPTD_2047	ko:K01207
bpc:BPTD_2048	ko:K03703
bpc:BPTD_2049	ko:K00995
bpc:BPTD_2051	ko:K06879
bpc:BPTD_2052	ko:K01637
bpc:BPTD_2056	ko:K01997
bpc:BPTD_2057	ko:K01999
bpc:BPTD_2060	ko:K15866
bpc:BPTD_2061	ko:K07535
bpc:BPTD_2062	ko:K04755
bpc:BPTD_2063	ko:K01796
bpc:BPTD_2066	ko:K00626
bpc:BPTD_2073	ko:K07401
bpc:BPTD_2074	ko:K06886
bpc:BPTD_2075	ko:K07234
bpc:BPTD_2076	ko:K09943
bpc:BPTD_2077	ko:K01142
bpc:BPTD_2081	ko:K22278
bpc:BPTD_2086	ko:K00383
bpc:BPTD_2087	ko:K07486
bpc:BPTD_2090	ko:K07006
bpc:BPTD_2093	ko:K07302
bpc:BPTD_2094	ko:K07303
bpc:BPTD_2095	ko:K07402
bpc:BPTD_2098	ko:K07157
bpc:BPTD_2099	ko:K04750
bpc:BPTD_2105	ko:K06147
bpc:BPTD_2107	ko:K07238
bpc:BPTD_2110	ko:K03321
bpc:BPTD_2123	ko:K00138
bpc:BPTD_2124	ko:K21405
bpc:BPTD_2127	ko:K06518
bpc:BPTD_2128	ko:K02169
bpc:BPTD_2128	ko:K01935
bpc:BPTD_2129	ko:K02170
bpc:BPTD_2130	ko:K00652
bpc:BPTD_2131	ko:K00833
bpc:BPTD_2136	ko:K00405
bpc:BPTD_2137	ko:K00407
bpc:BPTD_2138	ko:K00406
bpc:BPTD_2142	ko:K07090
bpc:BPTD_2143	ko:K03824
bpc:BPTD_2144	ko:K01990
bpc:BPTD_2145	ko:K01992
bpc:BPTD_2150	ko:K03086
bpc:BPTD_2151	ko:K02316
bpc:BPTD_2152	ko:K02970
bpc:BPTD_2153	ko:K07101
bpc:BPTD_2154	ko:K01939
bpc:BPTD_2155	ko:K02502
bpc:BPTD_2156	ko:K04087
bpc:BPTD_2157	ko:K04088
bpc:BPTD_2158	ko:K03665
bpc:BPTD_2159	ko:K03666
bpc:BPTD_2160	ko:K00817
bpc:BPTD_2161	ko:K03977
bpc:BPTD_2162	ko:K17713
bpc:BPTD_2164	ko:K01892
bpc:BPTD_2165	ko:K03526
bpc:BPTD_2167	ko:K06941
bpc:BPTD_2168	ko:K00940
bpc:BPTD_2169	ko:K01873
bpc:BPTD_2170	ko:K07274
bpc:BPTD_2175	ko:K00285
bpc:BPTD_2176	ko:K13771
bpc:BPTD_2177	ko:K05916
bpc:BPTD_2178	ko:K09117
bpc:BPTD_2179	ko:K06718
bpc:BPTD_2183	ko:K07080
bpc:BPTD_2187	ko:K06131
bpc:BPTD_2188	ko:K06378
bpc:BPTD_2189	ko:K04757
bpc:BPTD_2190	ko:K01775
bpc:BPTD_2197	ko:K03219
bpc:BPTD_2199	ko:K03229
bpc:BPTD_2200	ko:K03228
bpc:BPTD_2201	ko:K03227
bpc:BPTD_2202	ko:K03226
bpc:BPTD_2203	ko:K03225
bpc:BPTD_2205	ko:K04056
bpc:BPTD_2206	ko:K03224
bpc:BPTD_2207	ko:K03223
bpc:BPTD_2208	ko:K04054
bpc:BPTD_2209	ko:K03222
bpc:BPTD_2210	ko:K04053
bpc:BPTD_2218	ko:K04058
bpc:BPTD_2220	ko:K04059
bpc:BPTD_2221	ko:K04060
bpc:BPTD_2222	ko:K03230
bpc:BPTD_2223	ko:K03220
bpc:BPTD_2225	ko:K03221
bpc:BPTD_2228	ko:K03624
bpc:BPTD_2229	ko:K05874
bpc:BPTD_2230	ko:K09016
bpc:BPTD_2231	ko:K02012
bpc:BPTD_2234	ko:K02012
bpc:BPTD_2235	ko:K05306
bpc:BPTD_2236	ko:K02011
bpc:BPTD_2237	ko:K02010
bpc:BPTD_2240	ko:K01011
bpc:BPTD_2242	ko:K03799
bpc:BPTD_2243	ko:K00344
bpc:BPTD_2248	ko:K03543
bpc:BPTD_2249	ko:K03446
bpc:BPTD_2250	ko:K07246
bpc:BPTD_2251	ko:K00375
bpc:BPTD_2252	ko:K02035
bpc:BPTD_2253	ko:K02033
bpc:BPTD_2254	ko:K02034
bpc:BPTD_2255	ko:K02031
bpc:BPTD_2255	ko:K02032
bpc:BPTD_2257	ko:K07250
bpc:BPTD_2258	ko:K21700
bpc:BPTD_2260	ko:K06016
bpc:BPTD_2262	ko:K09472
bpc:BPTD_2263	ko:K12972
bpc:BPTD_2264	ko:K16871
bpc:BPTD_2265	ko:K03310
bpc:BPTD_2266	ko:K06915
bpc:BPTD_2268	ko:K01945
bpc:BPTD_2269	ko:K00228
bpc:BPTD_2270	ko:K00969
bpc:BPTD_2271	ko:K09710
bpc:BPTD_2272	ko:K00783
bpc:BPTD_2273	ko:K06287
bpc:BPTD_2276	ko:K08301
bpc:BPTD_2279	ko:K08167
bpc:BPTD_2280	ko:K11085
bpc:BPTD_2281	ko:K02843
bpc:BPTD_2283	ko:K06940
bpc:BPTD_2291	ko:K02337
bpc:BPTD_2292	ko:K12979
bpc:BPTD_2293	ko:K03578
bpc:BPTD_2294	ko:K14682
bpc:BPTD_2296	ko:K01114
bpc:BPTD_2297	ko:K02039
bpc:BPTD_2298	ko:K01807
bpc:BPTD_2299	ko:K09456
bpc:BPTD_2300	ko:K09760
bpc:BPTD_2302	ko:K03652
bpc:BPTD_2304	ko:K11074
bpc:BPTD_2305	ko:K11075
bpc:BPTD_2306	ko:K11076
bpc:BPTD_2307	ko:K11073
bpc:BPTD_2308	ko:K11211
bpc:BPTD_2309	ko:K06886
bpc:BPTD_2310	ko:K02004
bpc:BPTD_2311	ko:K11688
bpc:BPTD_2312	ko:K11689
bpc:BPTD_2313	ko:K11690
bpc:BPTD_2316	ko:K01647
bpc:BPTD_2317	ko:K09159
bpc:BPTD_2318	ko:K00240
bpc:BPTD_2319	ko:K00239
bpc:BPTD_2320	ko:K00242
bpc:BPTD_2321	ko:K00241
bpc:BPTD_2322	ko:K03710
bpc:BPTD_2323	ko:K00024
bpc:BPTD_2325	ko:K01659
bpc:BPTD_2326	ko:K20455
bpc:BPTD_2327	ko:K09788
bpc:BPTD_2328	ko:K01720
bpc:BPTD_2329	ko:K08973
bpc:BPTD_2330	ko:K25137
bpc:BPTD_2334	ko:K01895
bpc:BPTD_2335	ko:K28956
bpc:BPTD_2336	ko:K04083
bpc:BPTD_2342	ko:K05589
bpc:BPTD_2343	ko:K01689
bpc:BPTD_2345	ko:K01627
bpc:BPTD_2346	ko:K01937
bpc:BPTD_2348	ko:K01262
bpc:BPTD_2351	ko:K13891
bpc:BPTD_2352	ko:K13890
bpc:BPTD_2353	ko:K13889
bpc:BPTD_2354	ko:K13892
bpc:BPTD_2355	ko:K13051
bpc:BPTD_2357	ko:K01029
bpc:BPTD_2359	ko:K07107
bpc:BPTD_2360	ko:K00311
bpc:BPTD_2364	ko:K01620
bpc:BPTD_2366	ko:K01895
bpc:BPTD_2368	ko:K11477
bpc:BPTD_2373	ko:K13634
bpc:BPTD_2374	ko:K00140
bpc:BPTD_2375	ko:K01999
bpc:BPTD_2377	ko:K07091
bpc:BPTD_2378	ko:K01255
bpc:BPTD_2379	ko:K02339
bpc:BPTD_2381	ko:K19416
bpc:BPTD_2383	ko:K06987
bpc:BPTD_2387	ko:K03584
bpc:BPTD_2388	ko:K03595
bpc:BPTD_2389	ko:K03685
bpc:BPTD_2390	ko:K03100
bpc:BPTD_2391	ko:K03596
bpc:BPTD_2392	ko:K04771
bpc:BPTD_2393	ko:K03598
bpc:BPTD_2394	ko:K03597
bpc:BPTD_2395	ko:K03088
bpc:BPTD_2397	ko:K09458
bpc:BPTD_2398	ko:K02078
bpc:BPTD_2399	ko:K00059
bpc:BPTD_23S01	ko:K01980
bpc:BPTD_23S02	ko:K01980
bpc:BPTD_23S03	ko:K01980
bpc:BPTD_2400	ko:K00645
bpc:BPTD_2401	ko:K00648
bpc:BPTD_2402	ko:K03621
bpc:BPTD_2403	ko:K02911
bpc:BPTD_2404	ko:K07040
bpc:BPTD_2405	ko:K25422
bpc:BPTD_2406	ko:K07056
bpc:BPTD_2407	ko:K11066
bpc:BPTD_2410	ko:K09861
bpc:BPTD_2412	ko:K00019
bpc:BPTD_2413	ko:K11745
bpc:BPTD_2414	ko:K27501
bpc:BPTD_2415	ko:K28708
bpc:BPTD_2416	ko:K28700
bpc:BPTD_2418	ko:K28699
bpc:BPTD_2420	ko:K07552
bpc:BPTD_2421	ko:K16088
bpc:BPTD_2422	ko:K05595
bpc:BPTD_2428	ko:K01875
bpc:BPTD_2429	ko:K07478
bpc:BPTD_2430	ko:K03634
bpc:BPTD_2431	ko:K03466
bpc:BPTD_2432	ko:K00384
bpc:BPTD_2434	ko:K03297
bpc:BPTD_2435	ko:K14393
bpc:BPTD_2437	ko:K01546
bpc:BPTD_2438	ko:K01547
bpc:BPTD_2439	ko:K01548
bpc:BPTD_2440	ko:K07646
bpc:BPTD_2441	ko:K07667
bpc:BPTD_2445	ko:K00031
bpc:BPTD_2451	ko:K09989
bpc:BPTD_2452	ko:K24217
bpc:BPTD_2454	ko:K07263
bpc:BPTD_2455	ko:K03686
bpc:BPTD_2456	ko:K04043
bpc:BPTD_2458	ko:K03687
bpc:BPTD_2460	ko:K01772
bpc:BPTD_2461	ko:K03705
bpc:BPTD_2462	ko:K00858
bpc:BPTD_2463	ko:K03631
bpc:BPTD_2464	ko:K03711
bpc:BPTD_2465	ko:K06186
bpc:BPTD_2466	ko:K00215
bpc:BPTD_2467	ko:K00075
bpc:BPTD_2471	ko:K01433
bpc:BPTD_2472	ko:K22087
bpc:BPTD_2473	ko:K22086
bpc:BPTD_2474	ko:K22085
bpc:BPTD_2475	ko:K22084
bpc:BPTD_2478	ko:K13609
bpc:BPTD_2479	ko:K01491
bpc:BPTD_2483	ko:K12510
bpc:BPTD_2485	ko:K02280
bpc:BPTD_2486	ko:K02279
bpc:BPTD_2490	ko:K02651
bpc:BPTD_2491	ko:K16348
bpc:BPTD_2492	ko:K16165
bpc:BPTD_2493	ko:K01507
bpc:BPTD_2494	ko:K02498
bpc:BPTD_2495	ko:K02496
bpc:BPTD_2496	ko:K01719
bpc:BPTD_2497	ko:K01749
bpc:BPTD_2500	ko:K01902
bpc:BPTD_2501	ko:K01903
bpc:BPTD_2503	ko:K00549
bpc:BPTD_2504	ko:K03576
bpc:BPTD_2505	ko:K03565
bpc:BPTD_2506	ko:K03553
bpc:BPTD_2507	ko:K02483
bpc:BPTD_2510	ko:K01715
bpc:BPTD_2511	ko:K02010
bpc:BPTD_2512	ko:K02011
bpc:BPTD_2513	ko:K02012
bpc:BPTD_2514	ko:K00059
bpc:BPTD_2517	ko:K00626
bpc:BPTD_2518	ko:K03566
bpc:BPTD_2521	ko:K03554
bpc:BPTD_2522	ko:K00609
bpc:BPTD_2525	ko:K16348
bpc:BPTD_2526	ko:K01150
bpc:BPTD_2531	ko:K04764
bpc:BPTD_2532	ko:K01890
bpc:BPTD_2533	ko:K01889
bpc:BPTD_2534	ko:K02887
bpc:BPTD_2535	ko:K02916
bpc:BPTD_2537	ko:K01520
bpc:BPTD_2546	ko:K07038
bpc:BPTD_2551	ko:K02031
bpc:BPTD_2551	ko:K02032
bpc:BPTD_2552	ko:K02034
bpc:BPTD_2553	ko:K02033
bpc:BPTD_2554	ko:K02035
bpc:BPTD_2558	ko:K07734
bpc:BPTD_2559	ko:K00375
bpc:BPTD_2564	ko:K03566
bpc:BPTD_2568	ko:K07576
bpc:BPTD_2573	ko:K02050
bpc:BPTD_2574	ko:K02049
bpc:BPTD_2580	ko:K07154
bpc:BPTD_2581	ko:K15773
bpc:BPTD_2582	ko:K01951
bpc:BPTD_2583	ko:K00088
bpc:BPTD_2584	ko:K09965
bpc:BPTD_2592	ko:K03719
bpc:BPTD_2595	ko:K17321
bpc:BPTD_2597	ko:K17323
bpc:BPTD_2599	ko:K17325
bpc:BPTD_2601	ko:K02444
bpc:BPTD_2602	ko:K00111
bpc:BPTD_2603	ko:K19333
bpc:BPTD_2607	ko:K07045
bpc:BPTD_2612	ko:K01714
bpc:BPTD_2615	ko:K08984
bpc:BPTD_2616	ko:K15034
bpc:BPTD_2617	ko:K10026
bpc:BPTD_2618	ko:K01737
bpc:BPTD_2619	ko:K11688
bpc:BPTD_2620	ko:K01628
bpc:BPTD_2622	ko:K06075
bpc:BPTD_2625	ko:K15125
bpc:BPTD_2626	ko:K01952
bpc:BPTD_2627	ko:K11689
bpc:BPTD_2628	ko:K11690
bpc:BPTD_2629	ko:K11688
bpc:BPTD_2631	ko:K07345
bpc:BPTD_2632	ko:K01912
bpc:BPTD_2633	ko:K02614
bpc:BPTD_2634	ko:K15866
bpc:BPTD_2638	ko:K02612
bpc:BPTD_2639	ko:K02611
bpc:BPTD_2640	ko:K02610
bpc:BPTD_2641	ko:K02609
bpc:BPTD_2642	ko:K02616
bpc:BPTD_2643	ko:K17759
bpc:BPTD_2644	ko:K13288
bpc:BPTD_2645	ko:K06013
bpc:BPTD_2646	ko:K06949
bpc:BPTD_2649	ko:K02033
bpc:BPTD_2650	ko:K02035
bpc:BPTD_2651	ko:K00681
bpc:BPTD_2656	ko:K01161
bpc:BPTD_2657	ko:K04751
bpc:BPTD_2658	ko:K01950
bpc:BPTD_2659	ko:K16053
bpc:BPTD_2660	ko:K01755
bpc:BPTD_2664	ko:K03639
bpc:BPTD_2665	ko:K03750
bpc:BPTD_2666	ko:K03638
bpc:BPTD_2667	ko:K03635
bpc:BPTD_2668	ko:K03636
bpc:BPTD_2669	ko:K03637
bpc:BPTD_2671	ko:K01061
bpc:BPTD_2673	ko:K24138
bpc:BPTD_2676	ko:K01012
bpc:BPTD_2678	ko:K16137
bpc:BPTD_2679	ko:K07486
bpc:BPTD_2680	ko:K01534
bpc:BPTD_2683	ko:K01458
bpc:BPTD_2685	ko:K14998
bpc:BPTD_2686	ko:K02300
bpc:BPTD_2687	ko:K02299
bpc:BPTD_2688	ko:K02298
bpc:BPTD_2693	ko:K09806
bpc:BPTD_2694	ko:K04752
bpc:BPTD_2699	ko:K01996
bpc:BPTD_2700	ko:K01995
bpc:BPTD_2701	ko:K01998
bpc:BPTD_2702	ko:K01997
bpc:BPTD_2703	ko:K01999
bpc:BPTD_2705	ko:K13821
bpc:BPTD_2706	ko:K09857
bpc:BPTD_2707	ko:K06192
bpc:BPTD_2708	ko:K03808
bpc:BPTD_2709	ko:K03694
bpc:BPTD_2710	ko:K05367
bpc:BPTD_2711	ko:K06894
bpc:BPTD_2712	ko:K06891
bpc:BPTD_2713	ko:K03704
bpc:BPTD_2714	ko:K09005
bpc:BPTD_2715	ko:K07823
bpc:BPTD_2716	ko:K03281
bpc:BPTD_2717	ko:K04564
bpc:BPTD_2718	ko:K03601
bpc:BPTD_2720	ko:K03561
bpc:BPTD_2721	ko:K03559
bpc:BPTD_2722	ko:K00912
bpc:BPTD_2723	ko:K09791
bpc:BPTD_2724	ko:K00979
bpc:BPTD_2725	ko:K00939
bpc:BPTD_2727	ko:K03980
bpc:BPTD_2728	ko:K07165
bpc:BPTD_2729	ko:K02968
bpc:BPTD_2730	ko:K01630
bpc:BPTD_2736	ko:K01733
bpc:BPTD_2737	ko:K00003
bpc:BPTD_2738	ko:K14261
bpc:BPTD_2740	ko:K03564
bpc:BPTD_2741	ko:K07175
bpc:BPTD_2742	ko:K00097
bpc:BPTD_2743	ko:K14347
bpc:BPTD_2744	ko:K02314
bpc:BPTD_2746	ko:K02939
bpc:BPTD_2747	ko:K02963
bpc:BPTD_2748	ko:K02686
bpc:BPTD_2749	ko:K02990
bpc:BPTD_2750	ko:K09007
bpc:BPTD_2751	ko:K01662
bpc:BPTD_2752	ko:K00795
bpc:BPTD_2753	ko:K03602
bpc:BPTD_2759	ko:K06213
bpc:BPTD_2760	ko:K10806
bpc:BPTD_2764	ko:K01897
bpc:BPTD_2766	ko:K01092
bpc:BPTD_2768	ko:K01811
bpc:BPTD_2769	ko:K02071
bpc:BPTD_2770	ko:K02072
bpc:BPTD_2771	ko:K02073
bpc:BPTD_2782	ko:K02025
bpc:BPTD_2783	ko:K02026
bpc:BPTD_2784	ko:K10112
bpc:BPTD_2787	ko:K02027
bpc:BPTD_2789	ko:K13639
bpc:BPTD_2790	ko:K01246
bpc:BPTD_2791	ko:K07290
bpc:BPTD_2793	ko:K00059
bpc:BPTD_2801	ko:K21645
bpc:BPTD_2802	ko:K00606
bpc:BPTD_2803	ko:K03285
bpc:BPTD_2805	ko:K00038
bpc:BPTD_2807	ko:K03761
bpc:BPTD_2808	ko:K06889
bpc:BPTD_2810	ko:K00832
bpc:BPTD_2811	ko:K06950
bpc:BPTD_2812	ko:K17686
bpc:BPTD_2814	ko:K06995
bpc:BPTD_2819	ko:K02049
bpc:BPTD_2820	ko:K02050
bpc:BPTD_2824	ko:K05800
bpc:BPTD_2826	ko:K00793
bpc:BPTD_2830	ko:K03566
bpc:BPTD_2831	ko:K03449
bpc:BPTD_2833	ko:K06867
bpc:BPTD_2836	ko:K01996
bpc:BPTD_2837	ko:K01995
bpc:BPTD_2838	ko:K01998
bpc:BPTD_2839	ko:K01997
bpc:BPTD_2841	ko:K01895
bpc:BPTD_2842	ko:K01999
bpc:BPTD_2844	ko:K00059
bpc:BPTD_2846	ko:K02049
bpc:BPTD_2847	ko:K02050
bpc:BPTD_2859	ko:K01756
bpc:BPTD_2861	ko:K07090
bpc:BPTD_2862	ko:K00566
bpc:BPTD_2863	ko:K03566
bpc:BPTD_2866	ko:K00324
bpc:BPTD_2870	ko:K19611
bpc:BPTD_2872	ko:K11473
bpc:BPTD_2873	ko:K11472
bpc:BPTD_2874	ko:K00104
bpc:BPTD_2875	ko:K00102
bpc:BPTD_2876	ko:K15125
bpc:BPTD_2877	ko:K01626
bpc:BPTD_2878	ko:K03568
bpc:BPTD_2879	ko:K11206
bpc:BPTD_2880	ko:K03746
bpc:BPTD_2883	ko:K03088
bpc:BPTD_2885	ko:K09767
bpc:BPTD_2887	ko:K07032
bpc:BPTD_2889	ko:K07240
bpc:BPTD_2891	ko:K02014
bpc:BPTD_2894	ko:K09930
bpc:BPTD_2896	ko:K15977
bpc:BPTD_2899	ko:K02300
bpc:BPTD_2900	ko:K02299
bpc:BPTD_2901	ko:K02298
bpc:BPTD_2902	ko:K02297
bpc:BPTD_2903	ko:K15012
bpc:BPTD_2904	ko:K15011
bpc:BPTD_2906	ko:K06911
bpc:BPTD_2910	ko:K01796
bpc:BPTD_2917	ko:K11752
bpc:BPTD_2920	ko:K07738
bpc:BPTD_2921	ko:K00600
bpc:BPTD_2923	ko:K01866
bpc:BPTD_2926	ko:K09001
bpc:BPTD_2927	ko:K15724
bpc:BPTD_2929	ko:K00145
bpc:BPTD_2930	ko:K02996
bpc:BPTD_2931	ko:K02871
bpc:BPTD_2932	ko:K11688
bpc:BPTD_2933	ko:K03592
bpc:BPTD_2934	ko:K09889
bpc:BPTD_2935	ko:K06999
bpc:BPTD_2937	ko:K02049
bpc:BPTD_2938	ko:K02050
bpc:BPTD_2939	ko:K09020
bpc:BPTD_2941	ko:K05591
bpc:BPTD_2945	ko:K09181
bpc:BPTD_2946	ko:K01885
bpc:BPTD_2949	ko:K03719
bpc:BPTD_2951	ko:K00525
bpc:BPTD_2952	ko:K00526
bpc:BPTD_2954	ko:K02221
bpc:BPTD_2955	ko:K03367
bpc:BPTD_2956	ko:K03739
bpc:BPTD_2958	ko:K03740
bpc:BPTD_2959	ko:K14188
bpc:BPTD_2960	ko:K06077
bpc:BPTD_2961	ko:K00856
bpc:BPTD_2964	ko:K01961
bpc:BPTD_2965	ko:K02160
bpc:BPTD_2966	ko:K03786
bpc:BPTD_2968	ko:K02558
bpc:BPTD_2969	ko:K07000
bpc:BPTD_2970	ko:K01147
bpc:BPTD_2971	ko:K03832
bpc:BPTD_2972	ko:K00014
bpc:BPTD_2973	ko:K12973
bpc:BPTD_2974	ko:K07232
bpc:BPTD_2975	ko:K05800
bpc:BPTD_2976	ko:K00285
bpc:BPTD_2977	ko:K00059
bpc:BPTD_2981	ko:K03070
bpc:BPTD_2984	ko:K02535
bpc:BPTD_2985	ko:K03531
bpc:BPTD_2986	ko:K03590
bpc:BPTD_2987	ko:K03589
bpc:BPTD_2988	ko:K01921
bpc:BPTD_2989	ko:K01924
bpc:BPTD_2990	ko:K02563
bpc:BPTD_2991	ko:K03588
bpc:BPTD_2992	ko:K01925
bpc:BPTD_2993	ko:K01000
bpc:BPTD_2994	ko:K15792
bpc:BPTD_2995	ko:K03587
bpc:BPTD_2996	ko:K03586
bpc:BPTD_2997	ko:K03438
bpc:BPTD_2998	ko:K03925
bpc:BPTD_2999	ko:K15738
bpc:BPTD_3000	ko:K01465
bpc:BPTD_3003	ko:K03719
bpc:BPTD_3004	ko:K00457
bpc:BPTD_3005	ko:K07304
bpc:BPTD_3006	ko:K08738
bpc:BPTD_3007	ko:K01687
bpc:BPTD_3008	ko:K13292
bpc:BPTD_3011	ko:K09888
bpc:BPTD_3014	ko:K07794
bpc:BPTD_3015	ko:K07793
bpc:BPTD_3016	ko:K00681
bpc:BPTD_3020	ko:K03648
bpc:BPTD_3023	ko:K00974
bpc:BPTD_3024	ko:K08309
bpc:BPTD_3025	ko:K01934
bpc:BPTD_3030	ko:K00297
bpc:BPTD_3031	ko:K08972
bpc:BPTD_3032	ko:K01251
bpc:BPTD_3033	ko:K27597
bpc:BPTD_3034	ko:K06938
bpc:BPTD_3035	ko:K00789
bpc:BPTD_3036	ko:K02517
bpc:BPTD_3037	ko:K02517
bpc:BPTD_3038	ko:K01778
bpc:BPTD_3039	ko:K09921
bpc:BPTD_3040	ko:K03733
bpc:BPTD_3041	ko:K02014
bpc:BPTD_3042	ko:K08970
bpc:BPTD_3044	ko:K02077
bpc:BPTD_3045	ko:K02075
bpc:BPTD_3046	ko:K02074
bpc:BPTD_3047	ko:K09823
bpc:BPTD_3049	ko:K06204
bpc:BPTD_3050	ko:K01419
bpc:BPTD_3051	ko:K03667
bpc:BPTD_3053	ko:K00798
bpc:BPTD_3055	ko:K06132
bpc:BPTD_3056	ko:K02017
bpc:BPTD_3057	ko:K02018
bpc:BPTD_3058	ko:K02020
bpc:BPTD_3068	ko:K02020
bpc:BPTD_3070	ko:K00681
bpc:BPTD_3071	ko:K06995
bpc:BPTD_3079	ko:K07316
bpc:BPTD_3080	ko:K01156
bpc:BPTD_3083	ko:K06942
bpc:BPTD_3085	ko:K01056
bpc:BPTD_3086	ko:K02897
bpc:BPTD_3087	ko:K00948
bpc:BPTD_3088	ko:K00919
bpc:BPTD_3089	ko:K02494
bpc:BPTD_3091	ko:K10563
bpc:BPTD_3093	ko:K05712
bpc:BPTD_3096	ko:K00451
bpc:BPTD_3097	ko:K01555
bpc:BPTD_3103	ko:K15778
bpc:BPTD_3104	ko:K01810
bpc:BPTD_3108	ko:K01953
bpc:BPTD_3111	ko:K02473
bpc:BPTD_3112	ko:K02474
bpc:BPTD_3114	ko:K06134
bpc:BPTD_3115	ko:K07397
bpc:BPTD_3116	ko:K00560
bpc:BPTD_3117	ko:K00287
bpc:BPTD_3119	ko:K00822
bpc:BPTD_3121	ko:K02035
bpc:BPTD_3122	ko:K02033
bpc:BPTD_3123	ko:K02034
bpc:BPTD_3128	ko:K03189
bpc:BPTD_3130	ko:K01428
bpc:BPTD_3131	ko:K01429
bpc:BPTD_3132	ko:K03192
bpc:BPTD_3133	ko:K01430
bpc:BPTD_3134	ko:K03190
bpc:BPTD_3139	ko:K04835
bpc:BPTD_3143	ko:K06415
bpc:BPTD_3144	ko:K09786
bpc:BPTD_3150	ko:K01912
bpc:BPTD_3153	ko:K01998
bpc:BPTD_3154	ko:K01997
bpc:BPTD_3155	ko:K01996
bpc:BPTD_3156	ko:K01995
bpc:BPTD_3157	ko:K01999
bpc:BPTD_3171	ko:K03469
bpc:BPTD_3173	ko:K01069
bpc:BPTD_3174	ko:K08307
bpc:BPTD_3175	ko:K00208
bpc:BPTD_3176	ko:K07486
bpc:BPTD_3181	ko:K07659
bpc:BPTD_3182	ko:K07638
bpc:BPTD_3183	ko:K00426
bpc:BPTD_3184	ko:K00425
bpc:BPTD_3185	ko:K01886
bpc:BPTD_3186	ko:K03610
bpc:BPTD_3187	ko:K03609
bpc:BPTD_3188	ko:K03608
bpc:BPTD_3189	ko:K07486
bpc:BPTD_3190	ko:K04062
bpc:BPTD_3196	ko:K02035
bpc:BPTD_3200	ko:K03701
bpc:BPTD_3201	ko:K01665
bpc:BPTD_3202	ko:K02619
bpc:BPTD_3203	ko:K07486
bpc:BPTD_3206	ko:K00666
bpc:BPTD_3207	ko:K03710
bpc:BPTD_3208	ko:K22132
bpc:BPTD_3210	ko:K07232
bpc:BPTD_3211	ko:K00275
bpc:BPTD_3214	ko:K01433
bpc:BPTD_3220	ko:K01609
bpc:BPTD_3221	ko:K00766
bpc:BPTD_3222	ko:K01658
bpc:BPTD_3223	ko:K01657
bpc:BPTD_3224	ko:K01091
bpc:BPTD_3225	ko:K01783
bpc:BPTD_3226	ko:K06195
bpc:BPTD_3227	ko:K08304
bpc:BPTD_3228	ko:K18800
bpc:BPTD_3229	ko:K03981
bpc:BPTD_3232	ko:K14058
bpc:BPTD_3233	ko:K01633
bpc:BPTD_3236	ko:K01692
bpc:BPTD_3238	ko:K02116
bpc:BPTD_3239	ko:K02108
bpc:BPTD_3240	ko:K02110
bpc:BPTD_3241	ko:K02109
bpc:BPTD_3242	ko:K02113
bpc:BPTD_3243	ko:K02111
bpc:BPTD_3244	ko:K02115
bpc:BPTD_3245	ko:K02112
bpc:BPTD_3246	ko:K02114
bpc:BPTD_3248	ko:K01599
bpc:BPTD_3249	ko:K04066
bpc:BPTD_3250	ko:K03656
bpc:BPTD_3252	ko:K01295
bpc:BPTD_3255	ko:K02034
bpc:BPTD_3256	ko:K02033
bpc:BPTD_3260	ko:K17758
bpc:BPTD_3263	ko:K00459
bpc:BPTD_3265	ko:K06446
bpc:BPTD_3273	ko:K07233
bpc:BPTD_3276	ko:K19333
bpc:BPTD_3277	ko:K24700
bpc:BPTD_3278	ko:K02433
bpc:BPTD_3279	ko:K01999
bpc:BPTD_3282	ko:K01724
bpc:BPTD_3284	ko:K00992
bpc:BPTD_3285	ko:K07102
bpc:BPTD_3286	ko:K04744
bpc:BPTD_3287	ko:K03771
bpc:BPTD_3288	ko:K02528
bpc:BPTD_3289	ko:K00865
bpc:BPTD_3290	ko:K00873
bpc:BPTD_3296	ko:K02013
bpc:BPTD_3297	ko:K02015
bpc:BPTD_3299	ko:K03640
bpc:BPTD_3300	ko:K03641
bpc:BPTD_3301	ko:K03646
bpc:BPTD_3302	ko:K03560
bpc:BPTD_3303	ko:K03562
bpc:BPTD_3304	ko:K07107
bpc:BPTD_3305	ko:K01881
bpc:BPTD_3306	ko:K08311
bpc:BPTD_3307	ko:K07774
bpc:BPTD_3312	ko:K01185
bpc:BPTD_3348	ko:K11927
bpc:BPTD_3349	ko:K26606
bpc:BPTD_3350	ko:K26605
bpc:BPTD_3351	ko:K00826
bpc:BPTD_3354	ko:K07019
bpc:BPTD_3355	ko:K01423
bpc:BPTD_3356	ko:K00963
bpc:BPTD_3357	ko:K02351
bpc:BPTD_3362	ko:K07301
bpc:BPTD_3363	ko:K01262
bpc:BPTD_3365	ko:K03185
bpc:BPTD_3366	ko:K05540
bpc:BPTD_3367	ko:K03557
bpc:BPTD_3368	ko:K00602
bpc:BPTD_3369	ko:K01159
bpc:BPTD_3370	ko:K03550
bpc:BPTD_3372	ko:K22589
bpc:BPTD_3373	ko:K03551
bpc:BPTD_3374	ko:K03654
bpc:BPTD_3377	ko:K01673
bpc:BPTD_3378	ko:K02433
bpc:BPTD_3379	ko:K01999
bpc:BPTD_3380	ko:K01998
bpc:BPTD_3381	ko:K01997
bpc:BPTD_3382	ko:K01995
bpc:BPTD_3383	ko:K01996
bpc:BPTD_3384	ko:K00381
bpc:BPTD_3386	ko:K02073
bpc:BPTD_3391	ko:K11008
bpc:BPTD_3392	ko:K07795
bpc:BPTD_3394	ko:K00254
bpc:BPTD_3395	ko:K21420
bpc:BPTD_3399	ko:K15977
bpc:BPTD_3405	ko:K01652
bpc:BPTD_3408	ko:K00029
bpc:BPTD_3410	ko:K02033
bpc:BPTD_3411	ko:K02034
bpc:BPTD_3412	ko:K02031
bpc:BPTD_3412	ko:K02032
bpc:BPTD_3419	ko:K07289
bpc:BPTD_3421	ko:K05782
bpc:BPTD_3423	ko:K00954
bpc:BPTD_3424	ko:K08316
bpc:BPTD_3425	ko:K03110
bpc:BPTD_3427	ko:K02042
bpc:BPTD_3428	ko:K02042
bpc:BPTD_3431	ko:K02044
bpc:BPTD_3434	ko:K14652
bpc:BPTD_3435	ko:K00794
bpc:BPTD_3436	ko:K03625
bpc:BPTD_3437	ko:K00946
bpc:BPTD_3438	ko:K01095
bpc:BPTD_3439	ko:K03743
bpc:BPTD_3440	ko:K01591
bpc:BPTD_3441	ko:K03885
bpc:BPTD_3442	ko:K00901
bpc:BPTD_3443	ko:K07058
bpc:BPTD_3444	ko:K12683
bpc:BPTD_3445	ko:K04077
bpc:BPTD_3446	ko:K04078
bpc:BPTD_3448	ko:K01799
bpc:BPTD_3450	ko:K05898
bpc:BPTD_3455	ko:K08281
bpc:BPTD_3456	ko:K13069
bpc:BPTD_3463	ko:K18911
bpc:BPTD_3465	ko:K06131
bpc:BPTD_3469	ko:K07112
bpc:BPTD_3470	ko:K13936
bpc:BPTD_3472	ko:K05812
bpc:BPTD_3473	ko:K12573
bpc:BPTD_3474	ko:K03218
bpc:BPTD_3475	ko:K01740
bpc:BPTD_3476	ko:K07336
bpc:BPTD_3477	ko:K03530
bpc:BPTD_3478	ko:K03832
bpc:BPTD_3479	ko:K03561
bpc:BPTD_3480	ko:K03559
bpc:BPTD_3481	ko:K02483
bpc:BPTD_3483	ko:K03549
bpc:BPTD_3484	ko:K01940
bpc:BPTD_3485	ko:K00611
bpc:BPTD_3486	ko:K00821
bpc:BPTD_3498	ko:K04756
bpc:BPTD_3499	ko:K24126
bpc:BPTD_3501	ko:K07659
bpc:BPTD_3502	ko:K14742
bpc:BPTD_3503	ko:K21929
bpc:BPTD_3504	ko:K08227
bpc:BPTD_3505	ko:K03529
bpc:BPTD_3507	ko:K01972
bpc:BPTD_3508	ko:K03769
bpc:BPTD_3509	ko:K05527
bpc:BPTD_3510	ko:K06190
bpc:BPTD_3511	ko:K07305
bpc:BPTD_3512	ko:K16784
bpc:BPTD_3513	ko:K16783
bpc:BPTD_3514	ko:K03523
bpc:BPTD_3515	ko:K01999
bpc:BPTD_3516	ko:K01997
bpc:BPTD_3517	ko:K01995
bpc:BPTD_3517	ko:K01998
bpc:BPTD_3518	ko:K00826
bpc:BPTD_3519	ko:K02002
bpc:BPTD_3520	ko:K01998
bpc:BPTD_3521	ko:K01997
bpc:BPTD_3522	ko:K01999
bpc:BPTD_3523	ko:K01996
bpc:BPTD_3524	ko:K01995
bpc:BPTD_3525	ko:K10773
bpc:BPTD_3526	ko:K03616
bpc:BPTD_3527	ko:K05973
bpc:BPTD_3528	ko:K00528
bpc:BPTD_3529	ko:K05524
bpc:BPTD_3530	ko:K00763
bpc:BPTD_3533	ko:K09933
bpc:BPTD_3534	ko:K00951
bpc:BPTD_3535	ko:K01438
bpc:BPTD_3536	ko:K01696
bpc:BPTD_3537	ko:K01695
bpc:BPTD_3538	ko:K01963
bpc:BPTD_3541	ko:K00548
bpc:BPTD_3542	ko:K16092
bpc:BPTD_3543	ko:K02016
bpc:BPTD_3544	ko:K03149
bpc:BPTD_3545	ko:K00941
bpc:BPTD_3546	ko:K00573
bpc:BPTD_3548	ko:K21345
bpc:BPTD_3549	ko:K07486
bpc:BPTD_3552	ko:K10716
bpc:BPTD_3554	ko:K02950
bpc:BPTD_3555	ko:K02992
bpc:BPTD_3556	ko:K02355
bpc:BPTD_3557	ko:K02358
bpc:BPTD_3558	ko:K02946
bpc:BPTD_3559	ko:K02906
bpc:BPTD_3560	ko:K02926
bpc:BPTD_3561	ko:K02892
bpc:BPTD_3562	ko:K02886
bpc:BPTD_3563	ko:K02965
bpc:BPTD_3564	ko:K02890
bpc:BPTD_3565	ko:K02982
bpc:BPTD_3566	ko:K02878
bpc:BPTD_3567	ko:K02904
bpc:BPTD_3568	ko:K02961
bpc:BPTD_3570	ko:K00135
bpc:BPTD_3571	ko:K02874
bpc:BPTD_3572	ko:K02895
bpc:BPTD_3573	ko:K02931
bpc:BPTD_3574	ko:K02954
bpc:BPTD_3575	ko:K02994
bpc:BPTD_3576	ko:K02933
bpc:BPTD_3577	ko:K02881
bpc:BPTD_3578	ko:K02988
bpc:BPTD_3579	ko:K02907
bpc:BPTD_3580	ko:K02876
bpc:BPTD_3581	ko:K03076
bpc:BPTD_3582	ko:K02518
bpc:BPTD_3583	ko:K02919
bpc:BPTD_3584	ko:K02952
bpc:BPTD_3585	ko:K02948
bpc:BPTD_3586	ko:K02986
bpc:BPTD_3587	ko:K03040
bpc:BPTD_3588	ko:K02879
bpc:BPTD_3590	ko:K03926
bpc:BPTD_3591	ko:K04084
bpc:BPTD_3593	ko:K01698
bpc:BPTD_3594	ko:K03978
bpc:BPTD_3596	ko:K07399
bpc:BPTD_3598	ko:K01586
bpc:BPTD_3599	ko:K06202
bpc:BPTD_3600	ko:K05366
bpc:BPTD_3601	ko:K00891
bpc:BPTD_3602	ko:K01735
bpc:BPTD_3603	ko:K01129
bpc:BPTD_3604	ko:K00799
bpc:BPTD_3605	ko:K03701
bpc:BPTD_3607	ko:K03111
bpc:BPTD_3608	ko:K02014
bpc:BPTD_3609	ko:K05913
bpc:BPTD_3619	ko:K15551
bpc:BPTD_3620	ko:K15552
bpc:BPTD_3621	ko:K02049
bpc:BPTD_3625	ko:K01638
bpc:BPTD_3629	ko:K03179
bpc:BPTD_3630	ko:K05825
bpc:BPTD_3631	ko:K08968
bpc:BPTD_3632	ko:K01714
bpc:BPTD_3635	ko:K03154
bpc:BPTD_3636	ko:K01259
bpc:BPTD_3637	ko:K03439
bpc:BPTD_3640	ko:K01640
bpc:BPTD_3646	ko:K02051
bpc:BPTD_3647	ko:K03710
bpc:BPTD_3648	ko:K02050
bpc:BPTD_3649	ko:K02051
bpc:BPTD_3650	ko:K02049
bpc:BPTD_3651	ko:K01715
bpc:BPTD_3653	ko:K00344
bpc:BPTD_3656	ko:K03426
bpc:BPTD_3661	ko:K01999
bpc:BPTD_3663	ko:K01995
bpc:BPTD_3663	ko:K01996
bpc:BPTD_3664	ko:K01998
bpc:BPTD_3665	ko:K01997
bpc:BPTD_3670	ko:K00767
bpc:BPTD_3673	ko:K00012
bpc:BPTD_3674	ko:K08169
bpc:BPTD_3675	ko:K04042
bpc:BPTD_3679	ko:K07152
bpc:BPTD_3680	ko:K02257
bpc:BPTD_3681	ko:K02259
bpc:BPTD_3683	ko:K14998
bpc:BPTD_3685	ko:K02276
bpc:BPTD_3688	ko:K02274
bpc:BPTD_3689	ko:K02275
bpc:BPTD_3691	ko:K03316
bpc:BPTD_3692	ko:K03651
bpc:BPTD_3693	ko:K03089
bpc:BPTD_3695	ko:K01070
bpc:BPTD_3696	ko:K00121
bpc:BPTD_3697	ko:K07491
bpc:BPTD_3698	ko:K00265
bpc:BPTD_3699	ko:K00266
bpc:BPTD_3700	ko:K07275
bpc:BPTD_3702	ko:K02065
bpc:BPTD_3703	ko:K02066
bpc:BPTD_3704	ko:K02067
bpc:BPTD_3705	ko:K04754
bpc:BPTD_3706	ko:K07323
bpc:BPTD_3708	ko:K01992
bpc:BPTD_3710	ko:K00790
bpc:BPTD_3711	ko:K00765
bpc:BPTD_3712	ko:K00013
bpc:BPTD_3713	ko:K00817
bpc:BPTD_3714	ko:K01693
bpc:BPTD_3715	ko:K02501
bpc:BPTD_3716	ko:K01814
bpc:BPTD_3717	ko:K02500
bpc:BPTD_3718	ko:K01496
bpc:BPTD_3719	ko:K01523
bpc:BPTD_3720	ko:K02503
bpc:BPTD_3721	ko:K03116
bpc:BPTD_3722	ko:K03117
bpc:BPTD_3723	ko:K03118
bpc:BPTD_3726	ko:K11023
bpc:BPTD_3727	ko:K11024
bpc:BPTD_3728	ko:K11026
bpc:BPTD_3729	ko:K11027
bpc:BPTD_3730	ko:K11025
bpc:BPTD_3731	ko:K12078
bpc:BPTD_3732	ko:K12079
bpc:BPTD_3733	ko:K12080
bpc:BPTD_3734	ko:K12084
bpc:BPTD_3735	ko:K03202
bpc:BPTD_3736	ko:K12081
bpc:BPTD_3737	ko:K12085
bpc:BPTD_3738	ko:K12082
bpc:BPTD_3739	ko:K12083
bpc:BPTD_3741	ko:K07506
bpc:BPTD_3745	ko:K02035
bpc:BPTD_3746	ko:K02033
bpc:BPTD_3747	ko:K02034
bpc:BPTD_3750	ko:K00620
bpc:BPTD_3751	ko:K06923
bpc:BPTD_3752	ko:K03574
bpc:BPTD_3755	ko:K18139
bpc:BPTD_3756	ko:K07789
bpc:BPTD_3757	ko:K07788
bpc:BPTD_3758	ko:K07799
bpc:BPTD_3759	ko:K18778
bpc:BPTD_3760	ko:K00859
bpc:BPTD_3761	ko:K02654
bpc:BPTD_3764	ko:K01918
bpc:BPTD_3765	ko:K05896
bpc:BPTD_3768	ko:K00864
bpc:BPTD_3769	ko:K08973
bpc:BPTD_3771	ko:K09972
bpc:BPTD_3772	ko:K09971
bpc:BPTD_3773	ko:K09970
bpc:BPTD_3774	ko:K09969
bpc:BPTD_3775	ko:K09812
bpc:BPTD_3776	ko:K09811
bpc:BPTD_3777	ko:K03411
bpc:BPTD_3779	ko:K03575
bpc:BPTD_3795	ko:K03781
bpc:BPTD_3796	ko:K15554
bpc:BPTD_3797	ko:K15555
bpc:BPTD_3798	ko:K15553
bpc:BPTD_3801	ko:K02032
bpc:BPTD_3802	ko:K02031
bpc:BPTD_3803	ko:K02034
bpc:BPTD_3804	ko:K02033
bpc:BPTD_3805	ko:K02035
bpc:BPTD_3806	ko:K03650
bpc:BPTD_3808	ko:K07774
bpc:BPTD_3809	ko:K07649
bpc:BPTD_3810	ko:K07795
bpc:BPTD_3811	ko:K07794
bpc:BPTD_3812	ko:K07793
bpc:BPTD_3813	ko:K14287
bpc:BPTD_3814	ko:K03704
bpc:BPTD_5S01	ko:K01985
bpc:BPTD_5S02	ko:K01985
bpc:BPTD_5S03	ko:K01985
bpc:BPTD_tRNA01	ko:K14236
bpc:BPTD_tRNA02	ko:K14225
bpc:BPTD_tRNA03	ko:K14234
bpc:BPTD_tRNA04	ko:K14235
bpc:BPTD_tRNA05	ko:K14228
bpc:BPTD_tRNA06	ko:K14234
bpc:BPTD_tRNA07	ko:K14237
bpc:BPTD_tRNA08	ko:K14231
bpc:BPTD_tRNA09	ko:K14232
bpc:BPTD_tRNA10	ko:K14228
bpc:BPTD_tRNA11	ko:K14228
bpc:BPTD_tRNA12	ko:K14219
bpc:BPTD_tRNA13	ko:K14221
bpc:BPTD_tRNA14	ko:K14224
bpc:BPTD_tRNA15	ko:K14218
bpc:BPTD_tRNA16	ko:K14232
bpc:BPTD_tRNA17	ko:K14234
bpc:BPTD_tRNA18	ko:K14220
bpc:BPTD_tRNA19	ko:K14230
bpc:BPTD_tRNA20	ko:K14237
bpc:BPTD_tRNA21	ko:K14219
bpc:BPTD_tRNA22	ko:K14228
bpc:BPTD_tRNA23	ko:K14233
bpc:BPTD_tRNA24	ko:K14219
bpc:BPTD_tRNA25	ko:K14219
bpc:BPTD_tRNA26	ko:K14227
bpc:BPTD_tRNA27	ko:K14218
bpc:BPTD_tRNA28	ko:K14218
bpc:BPTD_tRNA29	ko:K14230
bpc:BPTD_tRNA30	ko:K14226
bpc:BPTD_tRNA31	ko:K14218
bpc:BPTD_tRNA32	ko:K14227
bpc:BPTD_tRNA33	ko:K14233
bpc:BPTD_tRNA34	ko:K14225
bpc:BPTD_tRNA35	ko:K14230
bpc:BPTD_tRNA36	ko:K14232
bpc:BPTD_tRNA37	ko:K14229
bpc:BPTD_tRNA38	ko:K14229
bpc:BPTD_tRNA39	ko:K14218
bpc:BPTD_tRNA40	ko:K14227
bpc:BPTD_tRNA41	ko:K14223
bpc:BPTD_tRNA42	ko:K14233
bpc:BPTD_tRNA43	ko:K14219
bpc:BPTD_tRNA44	ko:K14222
bpc:BPTD_tRNA45	ko:K14225
bpc:BPTD_tRNA46	ko:K14230
bpc:BPTD_tRNA47	ko:K14228
bpc:BPTD_tRNA48	ko:K14228
bpc:BPTD_tRNA49	ko:K14237
bpc:BPTD_tRNA50	ko:K14225
bpc:BPTD_tRNA51	ko:K14220
