cmj:AFK66_000005	ko:K06205
cmj:AFK66_000010	ko:K03718
cmj:AFK66_000015	ko:K01914
cmj:AFK66_000025	ko:K03924
cmj:AFK66_000030	ko:K03549
cmj:AFK66_000035	ko:K06726
cmj:AFK66_000040	ko:K10441
cmj:AFK66_000045	ko:K10440
cmj:AFK66_000050	ko:K10439
cmj:AFK66_000055	ko:K00852
cmj:AFK66_000060	ko:K02529
cmj:AFK66_000075	ko:K01977
cmj:AFK66_000080	ko:K14227
cmj:AFK66_000085	ko:K14218
cmj:AFK66_000090	ko:K01980
cmj:AFK66_000095	ko:K01985
cmj:AFK66_000100	ko:K03753
cmj:AFK66_000105	ko:K03752
cmj:AFK66_000110	ko:K09896
cmj:AFK66_000120	ko:K03673
cmj:AFK66_000130	ko:K02335
cmj:AFK66_000135	ko:K03978
cmj:AFK66_000140	ko:K09894
cmj:AFK66_000145	ko:K02495
cmj:AFK66_000150	ko:K07712
cmj:AFK66_000155	ko:K07708
cmj:AFK66_000160	ko:K01915
cmj:AFK66_000165	ko:K06207
cmj:AFK66_000175	ko:K03292
cmj:AFK66_000180	ko:K03292
cmj:AFK66_000185	ko:K07090
cmj:AFK66_000190	ko:K15922
cmj:AFK66_000195	ko:K28636
cmj:AFK66_000205	ko:K01671
cmj:AFK66_000210	ko:K08318
cmj:AFK66_000215	ko:K18478
cmj:AFK66_000220	ko:K27243
cmj:AFK66_000225	ko:K20866
cmj:AFK66_000230	ko:K07058
cmj:AFK66_000235	ko:K07560
cmj:AFK66_000250	ko:K16345
cmj:AFK66_000295	ko:K03655
cmj:AFK66_000300	ko:K00556
cmj:AFK66_000305	ko:K01139
cmj:AFK66_000310	ko:K03060
cmj:AFK66_000315	ko:K00942
cmj:AFK66_000320	ko:K01972
cmj:AFK66_000335	ko:K00989
cmj:AFK66_000340	ko:K00762
cmj:AFK66_000345	ko:K05501
cmj:AFK66_000350	ko:K01520
cmj:AFK66_000355	ko:K13038
cmj:AFK66_000360	ko:K03630
cmj:AFK66_000365	ko:K02902
cmj:AFK66_000370	ko:K02913
cmj:AFK66_000375	ko:K10563
cmj:AFK66_000380	ko:K00954
cmj:AFK66_000385	ko:K12984
cmj:AFK66_000390	ko:K02527
cmj:AFK66_000430	ko:K02841
cmj:AFK66_000435	ko:K02843
cmj:AFK66_000440	ko:K03274
cmj:AFK66_000445	ko:K00639
cmj:AFK66_000450	ko:K00060
cmj:AFK66_000460	ko:K09798
cmj:AFK66_000465	ko:K22719
cmj:AFK66_000470	ko:K15633
cmj:AFK66_000480	ko:K03676
cmj:AFK66_000485	ko:K03071
cmj:AFK66_000490	ko:K00057
cmj:AFK66_000495	ko:K00640
cmj:AFK66_000500	ko:K03216
cmj:AFK66_000505	ko:K07640
cmj:AFK66_000510	ko:K07662
cmj:AFK66_000515	ko:K06006
cmj:AFK66_000520	ko:K13283
cmj:AFK66_000525	ko:K00850
cmj:AFK66_000530	ko:K23163
cmj:AFK66_000535	ko:K01521
cmj:AFK66_000550	ko:K07127
cmj:AFK66_000555	ko:K29147
cmj:AFK66_000560	ko:K29146
cmj:AFK66_000565	ko:K07052
cmj:AFK66_000575	ko:K13979
cmj:AFK66_000595	ko:K13483
cmj:AFK66_000600	ko:K11178
cmj:AFK66_000605	ko:K11177
cmj:AFK66_000610	ko:K07402
cmj:AFK66_000615	ko:K07141
cmj:AFK66_000620	ko:K05275
cmj:AFK66_000630	ko:K11903
cmj:AFK66_000640	ko:K14238
cmj:AFK66_000645	ko:K03292
cmj:AFK66_000655	ko:K00835
cmj:AFK66_000660	ko:K01176
cmj:AFK66_000665	ko:K03796
cmj:AFK66_000670	ko:K02529
cmj:AFK66_000675	ko:K10544
cmj:AFK66_000680	ko:K10545
cmj:AFK66_000685	ko:K10543
cmj:AFK66_000690	ko:K01805
cmj:AFK66_000695	ko:K00854
cmj:AFK66_000720	ko:K01878
cmj:AFK66_000725	ko:K01879
cmj:AFK66_000730	ko:K07726
cmj:AFK66_000750	ko:K00090
cmj:AFK66_000760	ko:K00874
cmj:AFK66_000770	ko:K02525
cmj:AFK66_000785	ko:K08351
cmj:AFK66_000790	ko:K03826
cmj:AFK66_000795	ko:K01246
cmj:AFK66_000805	ko:K08177
cmj:AFK66_000810	ko:K04063
cmj:AFK66_000815	ko:K12975
cmj:AFK66_000820	ko:K14232
cmj:AFK66_000835	ko:K12368
cmj:AFK66_000840	ko:K12369
cmj:AFK66_000845	ko:K12370
cmj:AFK66_000850	ko:K12371
cmj:AFK66_000855	ko:K12372
cmj:AFK66_000885	ko:K00694
cmj:AFK66_000890	ko:K20541
cmj:AFK66_000895	ko:K20542
cmj:AFK66_000900	ko:K20543
cmj:AFK66_000905	ko:K26149
cmj:AFK66_000910	ko:K11103
cmj:AFK66_000920	ko:K00874
cmj:AFK66_000925	ko:K21086
cmj:AFK66_000930	ko:K07290
cmj:AFK66_000940	ko:K07058
cmj:AFK66_000985	ko:K00383
cmj:AFK66_000990	ko:K07115
cmj:AFK66_000995	ko:K01414
cmj:AFK66_001000	ko:K15984
cmj:AFK66_001015	ko:K06149
cmj:AFK66_001020	ko:K06144
cmj:AFK66_001025	ko:K16322
cmj:AFK66_001035	ko:K09470
cmj:AFK66_001040	ko:K13694
cmj:AFK66_001055	ko:K27311
cmj:AFK66_001060	ko:K09125
cmj:AFK66_001065	ko:K04085
cmj:AFK66_001070	ko:K11688
cmj:AFK66_001075	ko:K11689
cmj:AFK66_001080	ko:K11690
cmj:AFK66_001085	ko:K01534
cmj:AFK66_001100	ko:K08993
cmj:AFK66_001105	ko:K08316
cmj:AFK66_001110	ko:K03110
cmj:AFK66_001115	ko:K09812
cmj:AFK66_001120	ko:K09811
cmj:AFK66_001125	ko:K03089
cmj:AFK66_001130	ko:K00375
cmj:AFK66_001135	ko:K00823
cmj:AFK66_001145	ko:K01999
cmj:AFK66_001160	ko:K01997
cmj:AFK66_001165	ko:K01998
cmj:AFK66_001170	ko:K01995
cmj:AFK66_001175	ko:K01996
cmj:AFK66_001180	ko:K05813
cmj:AFK66_001185	ko:K05814
cmj:AFK66_001190	ko:K05815
cmj:AFK66_001195	ko:K05816
cmj:AFK66_001200	ko:K01126
cmj:AFK66_001210	ko:K00681
cmj:AFK66_001215	ko:K03825
cmj:AFK66_001225	ko:K06911
cmj:AFK66_001230	ko:K06145
cmj:AFK66_001235	ko:K00851
cmj:AFK66_001240	ko:K06156
cmj:AFK66_001250	ko:K00133
cmj:AFK66_001255	ko:K00700
cmj:AFK66_001260	ko:K02438
cmj:AFK66_001265	ko:K00975
cmj:AFK66_001270	ko:K00703
cmj:AFK66_001275	ko:K00688
cmj:AFK66_001290	ko:K00111
cmj:AFK66_001295	ko:K02439
cmj:AFK66_001300	ko:K02441
cmj:AFK66_001305	ko:K02444
cmj:AFK66_001310	ko:K03556
cmj:AFK66_001315	ko:K00688
cmj:AFK66_001320	ko:K00705
cmj:AFK66_001325	ko:K03704
cmj:AFK66_001330	ko:K07400
cmj:AFK66_001340	ko:K02170
cmj:AFK66_001350	ko:K07490
cmj:AFK66_001355	ko:K04759
cmj:AFK66_001360	ko:K04758
cmj:AFK66_001365	ko:K06959
cmj:AFK66_001370	ko:K04760
cmj:AFK66_001375	ko:K07659
cmj:AFK66_001380	ko:K07638
cmj:AFK66_001385	ko:K01610
cmj:AFK66_001395	ko:K04083
cmj:AFK66_001400	ko:K04762
cmj:AFK66_001405	ko:K20881
cmj:AFK66_001415	ko:K08312
cmj:AFK66_001420	ko:K05366
cmj:AFK66_001425	ko:K12288
cmj:AFK66_001430	ko:K12289
cmj:AFK66_001435	ko:K12290
cmj:AFK66_001440	ko:K12291
cmj:AFK66_001445	ko:K02507
cmj:AFK66_001450	ko:K00891
cmj:AFK66_001455	ko:K01735
cmj:AFK66_001460	ko:K03112
cmj:AFK66_001465	ko:K06223
cmj:AFK66_001470	ko:K01783
cmj:AFK66_001475	ko:K01091
cmj:AFK66_001480	ko:K01867
cmj:AFK66_001485	ko:K10711
cmj:AFK66_001490	ko:K10710
cmj:AFK66_001495	ko:K10709
cmj:AFK66_001500	ko:K10708
cmj:AFK66_001505	ko:K19540
cmj:AFK66_001510	ko:K02302
cmj:AFK66_001515	ko:K00363
cmj:AFK66_001520	ko:K00362
cmj:AFK66_001525	ko:K06141
cmj:AFK66_001530	ko:K03767
cmj:AFK66_001535	ko:K04095
cmj:AFK66_001540	ko:K01664
cmj:AFK66_001545	ko:K00821
cmj:AFK66_001555	ko:K10914
cmj:AFK66_001560	ko:K07397
cmj:AFK66_001565	ko:K28462
cmj:AFK66_001570	ko:K09898
cmj:AFK66_001575	ko:K07019
cmj:AFK66_001585	ko:K00948
cmj:AFK66_001590	ko:K03462
cmj:AFK66_001605	ko:K06158
cmj:AFK66_001610	ko:K11748
cmj:AFK66_001615	ko:K11747
cmj:AFK66_001620	ko:K07070
cmj:AFK66_001625	ko:K03775
cmj:AFK66_001630	ko:K03745
cmj:AFK66_001635	ko:K03772
cmj:AFK66_001645	ko:K07235
cmj:AFK66_001650	ko:K07236
cmj:AFK66_001655	ko:K07237
cmj:AFK66_001660	ko:K02950
cmj:AFK66_001665	ko:K02992
cmj:AFK66_001670	ko:K02355
cmj:AFK66_001675	ko:K02358
cmj:AFK66_001680	ko:K02192
cmj:AFK66_001685	ko:K03594
cmj:AFK66_001690	ko:K02506
cmj:AFK66_001695	ko:K02946
cmj:AFK66_001700	ko:K02906
cmj:AFK66_001705	ko:K02926
cmj:AFK66_001710	ko:K02892
cmj:AFK66_001715	ko:K02886
cmj:AFK66_001720	ko:K02965
cmj:AFK66_001725	ko:K02890
cmj:AFK66_001730	ko:K02982
cmj:AFK66_001735	ko:K02878
cmj:AFK66_001740	ko:K02904
cmj:AFK66_001745	ko:K02961
cmj:AFK66_001750	ko:K02874
cmj:AFK66_001755	ko:K02895
cmj:AFK66_001760	ko:K02931
cmj:AFK66_001765	ko:K02954
cmj:AFK66_001770	ko:K02994
cmj:AFK66_001775	ko:K02933
cmj:AFK66_001780	ko:K02881
cmj:AFK66_001785	ko:K02988
cmj:AFK66_001790	ko:K02907
cmj:AFK66_001795	ko:K02876
cmj:AFK66_001800	ko:K03076
cmj:AFK66_001805	ko:K02952
cmj:AFK66_001810	ko:K02948
cmj:AFK66_001815	ko:K02986
cmj:AFK66_001820	ko:K03040
cmj:AFK66_001825	ko:K02879
cmj:AFK66_001835	ko:K13638
cmj:AFK66_001840	ko:K03282
cmj:AFK66_001845	ko:K03499
cmj:AFK66_001850	ko:K03500
cmj:AFK66_001855	ko:K00604
cmj:AFK66_001860	ko:K01462
cmj:AFK66_001865	ko:K04096
cmj:AFK66_001870	ko:K03747
cmj:AFK66_001880	ko:K07566
cmj:AFK66_001885	ko:K00014
cmj:AFK66_001900	ko:K01977
cmj:AFK66_001905	ko:K14224
cmj:AFK66_001910	ko:K01980
cmj:AFK66_001915	ko:K01985
cmj:AFK66_001920	ko:K00651
cmj:AFK66_001925	ko:K01638
cmj:AFK66_001930	ko:K01637
cmj:AFK66_001935	ko:K00906
cmj:AFK66_001940	ko:K13641
cmj:AFK66_001945	ko:K00548
cmj:AFK66_001950	ko:K03324
cmj:AFK66_001980	ko:K03453
cmj:AFK66_001985	ko:K14414
cmj:AFK66_002000	ko:K14415
cmj:AFK66_002005	ko:K07074
cmj:AFK66_002010	ko:K00928
cmj:AFK66_002015	ko:K01810
cmj:AFK66_002050	ko:K10110
cmj:AFK66_002055	ko:K10109
cmj:AFK66_002060	ko:K10108
cmj:AFK66_002065	ko:K10111
cmj:AFK66_002070	ko:K02024
cmj:AFK66_002075	ko:K05775
cmj:AFK66_002080	ko:K03181
cmj:AFK66_002085	ko:K03179
cmj:AFK66_002090	ko:K00631
cmj:AFK66_002095	ko:K00901
cmj:AFK66_002100	ko:K01356
cmj:AFK66_002105	ko:K26937
cmj:AFK66_002115	ko:K09823
cmj:AFK66_002130	ko:K05539
cmj:AFK66_002140	ko:K00344
cmj:AFK66_002145	ko:K02314
cmj:AFK66_002150	ko:K01775
cmj:AFK66_002155	ko:K00832
cmj:AFK66_002185	ko:K03701
cmj:AFK66_002190	ko:K03111
cmj:AFK66_002220	ko:K11102
cmj:AFK66_002230	ko:K18921
cmj:AFK66_002240	ko:K04079
cmj:AFK66_002255	ko:K06165
cmj:AFK66_002260	ko:K06193
cmj:AFK66_002275	ko:K02526
cmj:AFK66_002280	ko:K01815
cmj:AFK66_002295	ko:K14231
cmj:AFK66_002305	ko:K04084
cmj:AFK66_002310	ko:K03926
cmj:AFK66_002315	ko:K07791
cmj:AFK66_002320	ko:K01744
cmj:AFK66_002325	ko:K07113
cmj:AFK66_002330	ko:K04078
cmj:AFK66_002335	ko:K04077
cmj:AFK66_002345	ko:K19810
cmj:AFK66_002350	ko:K02356
cmj:AFK66_002355	ko:K16348
cmj:AFK66_002365	ko:K11741
cmj:AFK66_002370	ko:K03098
cmj:AFK66_002375	ko:K00247
cmj:AFK66_002380	ko:K00246
cmj:AFK66_002385	ko:K00245
cmj:AFK66_002390	ko:K00244
cmj:AFK66_002395	ko:K04568
cmj:AFK66_002400	ko:K22051
cmj:AFK66_002405	ko:K01613
cmj:AFK66_002410	ko:K06949
cmj:AFK66_002415	ko:K13288
cmj:AFK66_002420	ko:K14225
cmj:AFK66_002425	ko:K14225
cmj:AFK66_002430	ko:K14225
cmj:AFK66_002435	ko:K18979
cmj:AFK66_002440	ko:K23997
cmj:AFK66_002445	ko:K06925
cmj:AFK66_002450	ko:K01448
cmj:AFK66_002455	ko:K03572
cmj:AFK66_002460	ko:K00791
cmj:AFK66_002465	ko:K03666
cmj:AFK66_002470	ko:K03665
cmj:AFK66_002475	ko:K04088
cmj:AFK66_002480	ko:K04087
cmj:AFK66_002485	ko:K09937
cmj:AFK66_002490	ko:K01939
cmj:AFK66_002495	ko:K13771
cmj:AFK66_002500	ko:K12573
cmj:AFK66_002505	ko:K03218
cmj:AFK66_002510	ko:K08989
cmj:AFK66_002525	ko:K09456
cmj:AFK66_002530	ko:K03406
cmj:AFK66_002545	ko:K06889
cmj:AFK66_002550	ko:K02990
cmj:AFK66_002555	ko:K02686
cmj:AFK66_002560	ko:K02963
cmj:AFK66_002565	ko:K02939
cmj:AFK66_002570	ko:K07269
cmj:AFK66_002580	ko:K03773
cmj:AFK66_002585	ko:K11737
cmj:AFK66_002590	ko:K07322
cmj:AFK66_002595	ko:K05874
cmj:AFK66_002605	ko:K09702
cmj:AFK66_002620	ko:K19267
cmj:AFK66_002630	ko:K01119
cmj:AFK66_002635	ko:K01082
cmj:AFK66_002640	ko:K07109
cmj:AFK66_002650	ko:K03699
cmj:AFK66_002660	ko:K07304
cmj:AFK66_002665	ko:K07278
cmj:AFK66_002670	ko:K09800
cmj:AFK66_002720	ko:K03406
cmj:AFK66_002725	ko:K01507
cmj:AFK66_002730	ko:K23508
cmj:AFK66_002735	ko:K10820
cmj:AFK66_002740	ko:K23509
cmj:AFK66_002745	ko:K23509
cmj:AFK66_002750	ko:K05874
cmj:AFK66_002755	ko:K03841
cmj:AFK66_002760	ko:K02558
cmj:AFK66_002770	ko:K09889
cmj:AFK66_002775	ko:K03592
cmj:AFK66_002780	ko:K15536
cmj:AFK66_002810	ko:K01465
cmj:AFK66_002815	ko:K01042
cmj:AFK66_002840	ko:K04068
cmj:AFK66_002845	ko:K21636
cmj:AFK66_002860	ko:K01226
cmj:AFK66_002865	ko:K02819
cmj:AFK66_002870	ko:K03485
cmj:AFK66_002880	ko:K03675
cmj:AFK66_002895	ko:K06221
cmj:AFK66_002900	ko:K08325
cmj:AFK66_002915	ko:K01760
cmj:AFK66_002920	ko:K03561
cmj:AFK66_002925	ko:K03559
cmj:AFK66_002935	ko:K02430
cmj:AFK66_002965	ko:K02024
cmj:AFK66_002975	ko:K14230
cmj:AFK66_002980	ko:K03649
cmj:AFK66_002990	ko:K03086
cmj:AFK66_002995	ko:K02316
cmj:AFK66_003000	ko:K02970
cmj:AFK66_003005	ko:K25706
cmj:AFK66_003010	ko:K08591
cmj:AFK66_003015	ko:K01633
cmj:AFK66_003020	ko:K06153
cmj:AFK66_003025	ko:K00974
cmj:AFK66_003030	ko:K07184
cmj:AFK66_003035	ko:K18446
cmj:AFK66_003040	ko:K00982
cmj:AFK66_003045	ko:K03272
cmj:AFK66_003050	ko:K09806
cmj:AFK66_003055	ko:K02858
cmj:AFK66_003060	ko:K07238
cmj:AFK66_003065	ko:K15777
cmj:AFK66_003080	ko:K12340
cmj:AFK66_003085	ko:K01515
cmj:AFK66_003090	ko:K09920
cmj:AFK66_003095	ko:K03651
cmj:AFK66_003100	ko:K07000
cmj:AFK66_003105	ko:K02622
cmj:AFK66_003110	ko:K03782
cmj:AFK66_003120	ko:K03923
cmj:AFK66_003125	ko:K02621
cmj:AFK66_003130	ko:K00655
cmj:AFK66_003135	ko:K04753
cmj:AFK66_003145	ko:K01519
cmj:AFK66_003150	ko:K09131
cmj:AFK66_003155	ko:K02221
cmj:AFK66_003160	ko:K06997
cmj:AFK66_003165	ko:K02669
cmj:AFK66_003180	ko:K07447
cmj:AFK66_003185	ko:K07735
cmj:AFK66_003190	ko:K01920
cmj:AFK66_003195	ko:K09761
cmj:AFK66_003200	ko:K01150
cmj:AFK66_003205	ko:K02742
cmj:AFK66_003210	ko:K08137
cmj:AFK66_003215	ko:K00789
cmj:AFK66_003220	ko:K01585
cmj:AFK66_003225	ko:K01480
cmj:AFK66_003230	ko:K07387
cmj:AFK66_003235	ko:K00615
cmj:AFK66_003245	ko:K03472
cmj:AFK66_003250	ko:K00927
cmj:AFK66_003255	ko:K01624
cmj:AFK66_003260	ko:K03442
cmj:AFK66_003265	ko:K06895
cmj:AFK66_003270	ko:K09807
cmj:AFK66_003275	ko:K05596
cmj:AFK66_003280	ko:K01807
cmj:AFK66_003285	ko:K00058
cmj:AFK66_003290	ko:K01934
cmj:AFK66_003295	ko:K09888
cmj:AFK66_003300	ko:K09895
cmj:AFK66_003305	ko:K01262
cmj:AFK66_003310	ko:K03185
cmj:AFK66_003315	ko:K18800
cmj:AFK66_003325	ko:K00605
cmj:AFK66_003330	ko:K02437
cmj:AFK66_003335	ko:K00281
cmj:AFK66_003345	ko:K01223
cmj:AFK66_003355	ko:K09900
cmj:AFK66_003360	ko:K11068
cmj:AFK66_003365	ko:K06980
cmj:AFK66_003370	ko:K09159
cmj:AFK66_003375	ko:K19168
cmj:AFK66_003380	ko:K03840
cmj:AFK66_003385	ko:K04763
cmj:AFK66_003390	ko:K03981
cmj:AFK66_003395	ko:K07462
cmj:AFK66_003400	ko:K02836
cmj:AFK66_003405	ko:K04567
cmj:AFK66_003410	ko:K12943
cmj:AFK66_003415	ko:K14225
cmj:AFK66_003430	ko:K00626
cmj:AFK66_003435	ko:K22110
cmj:AFK66_003445	ko:K01730
cmj:AFK66_003450	ko:K00065
cmj:AFK66_003455	ko:K10192
cmj:AFK66_003460	ko:K10195
cmj:AFK66_003465	ko:K10194
cmj:AFK66_003470	ko:K10193
cmj:AFK66_003480	ko:K26933
cmj:AFK66_003485	ko:K25316
cmj:AFK66_003495	ko:K01586
cmj:AFK66_003505	ko:K02761
cmj:AFK66_003510	ko:K01223
cmj:AFK66_003515	ko:K02760
cmj:AFK66_003520	ko:K13637
cmj:AFK66_003530	ko:K02529
cmj:AFK66_003535	ko:K05939
cmj:AFK66_003540	ko:K08227
cmj:AFK66_003560	ko:K03573
cmj:AFK66_003565	ko:K08311
cmj:AFK66_003570	ko:K08484
cmj:AFK66_003575	ko:K13292
cmj:AFK66_003580	ko:K00560
cmj:AFK66_003585	ko:K02679
cmj:AFK66_003590	ko:K02680
cmj:AFK66_003605	ko:K03583
cmj:AFK66_003610	ko:K01407
cmj:AFK66_003615	ko:K03582
cmj:AFK66_003620	ko:K03581
cmj:AFK66_003625	ko:K14682
cmj:AFK66_003630	ko:K01448
cmj:AFK66_003635	ko:K14230
cmj:AFK66_003640	ko:K14230
cmj:AFK66_003645	ko:K08304
cmj:AFK66_003650	ko:K22132
cmj:AFK66_003655	ko:K02426
cmj:AFK66_003660	ko:K01766
cmj:AFK66_003670	ko:K03566
cmj:AFK66_003680	ko:K06968
cmj:AFK66_003685	ko:K01146
cmj:AFK66_003690	ko:K01752
cmj:AFK66_003695	ko:K03837
cmj:AFK66_003700	ko:K06966
cmj:AFK66_003705	ko:K06879
cmj:AFK66_003710	ko:K15723
cmj:AFK66_003720	ko:K06175
cmj:AFK66_003730	ko:K07678
cmj:AFK66_003735	ko:K03215
cmj:AFK66_003740	ko:K00951
cmj:AFK66_003745	ko:K04765
cmj:AFK66_003750	ko:K01937
cmj:AFK66_003755	ko:K01689
cmj:AFK66_003770	ko:K02791
cmj:AFK66_003775	ko:K01788
cmj:AFK66_003780	ko:K06872
cmj:AFK66_003785	ko:K10026
cmj:AFK66_003790	ko:K01737
cmj:AFK66_003795	ko:K00380
cmj:AFK66_003800	ko:K00381
cmj:AFK66_003805	ko:K00390
cmj:AFK66_003810	ko:K09612
cmj:AFK66_003815	ko:K02302
cmj:AFK66_003820	ko:K00957
cmj:AFK66_003825	ko:K00956
cmj:AFK66_003830	ko:K00860
cmj:AFK66_003840	ko:K05589
cmj:AFK66_003845	ko:K00991
cmj:AFK66_003850	ko:K01770
cmj:AFK66_003855	ko:K06176
cmj:AFK66_003860	ko:K03787
cmj:AFK66_003865	ko:K00573
cmj:AFK66_003870	ko:K06194
cmj:AFK66_003875	ko:K03087
cmj:AFK66_003895	ko:K22489
cmj:AFK66_003900	ko:K03186
cmj:AFK66_003905	ko:K01612
cmj:AFK66_003910	ko:K21759
cmj:AFK66_003915	ko:K03555
cmj:AFK66_003925	ko:K03406
cmj:AFK66_003935	ko:K02029
cmj:AFK66_003940	ko:K02028
cmj:AFK66_003945	ko:K08305
cmj:AFK66_003950	ko:K03743
cmj:AFK66_003955	ko:K03553
cmj:AFK66_003960	ko:K03565
cmj:AFK66_003965	ko:K01872
cmj:AFK66_003970	ko:K03563
cmj:AFK66_003975	ko:K14233
cmj:AFK66_003980	ko:K14219
cmj:AFK66_003985	ko:K14219
cmj:AFK66_003995	ko:K14219
cmj:AFK66_004010	ko:K01919
cmj:AFK66_004015	ko:K07173
cmj:AFK66_004025	ko:K03446
cmj:AFK66_004030	ko:K03543
cmj:AFK66_004035	ko:K15974
cmj:AFK66_004050	ko:K02002
cmj:AFK66_004055	ko:K02001
cmj:AFK66_004060	ko:K02000
cmj:AFK66_004065	ko:K00526
cmj:AFK66_004070	ko:K00525
cmj:AFK66_004075	ko:K03647
cmj:AFK66_004080	ko:K06191
cmj:AFK66_004100	ko:K28156
cmj:AFK66_004155	ko:K12541
cmj:AFK66_004160	ko:K12542
cmj:AFK66_004165	ko:K03664
cmj:AFK66_004175	ko:K09801
cmj:AFK66_004180	ko:K06186
cmj:AFK66_004185	ko:K03631
cmj:AFK66_004190	ko:K00858
cmj:AFK66_004195	ko:K03687
cmj:AFK66_004200	ko:K03699
cmj:AFK66_004210	ko:K03106
cmj:AFK66_004215	ko:K02959
cmj:AFK66_004220	ko:K02860
cmj:AFK66_004225	ko:K00554
cmj:AFK66_004230	ko:K02884
cmj:AFK66_004245	ko:K01626
cmj:AFK66_004250	ko:K14187
cmj:AFK66_004260	ko:K14170
cmj:AFK66_004265	ko:K05809
cmj:AFK66_004275	ko:K05807
cmj:AFK66_004280	ko:K06180
cmj:AFK66_004285	ko:K05810
cmj:AFK66_004290	ko:K03695
cmj:AFK66_004295	ko:K01977
cmj:AFK66_004330	ko:K00156
cmj:AFK66_004340	ko:K03761
cmj:AFK66_004345	ko:K05811
cmj:AFK66_004350	ko:K00998
cmj:AFK66_004355	ko:K09181
cmj:AFK66_004360	ko:K05812
cmj:AFK66_004365	ko:K03672
cmj:AFK66_004370	ko:K03214
cmj:AFK66_004375	ko:K03648
cmj:AFK66_004380	ko:K06866
cmj:AFK66_004385	ko:K05590
cmj:AFK66_004390	ko:K15460
cmj:AFK66_004395	ko:K00278
cmj:AFK66_004400	ko:K03088
cmj:AFK66_004405	ko:K03597
cmj:AFK66_004410	ko:K03598
cmj:AFK66_004415	ko:K03803
cmj:AFK66_004420	ko:K03596
cmj:AFK66_004425	ko:K03100
cmj:AFK66_004430	ko:K03685
cmj:AFK66_004435	ko:K03595
cmj:AFK66_004440	ko:K03584
cmj:AFK66_004445	ko:K03474
cmj:AFK66_004450	ko:K00997
cmj:AFK66_004465	ko:K07106
cmj:AFK66_004470	ko:K02810
cmj:AFK66_004475	ko:K18697
cmj:AFK66_004480	ko:K18691
cmj:AFK66_004485	ko:K01952
cmj:AFK66_004490	ko:K07711
cmj:AFK66_004500	ko:K07715
cmj:AFK66_004505	ko:K04751
cmj:AFK66_004510	ko:K05916
cmj:AFK66_004515	ko:K00600
cmj:AFK66_004525	ko:K01607
cmj:AFK66_004530	ko:K05820
cmj:AFK66_004545	ko:K08970
cmj:AFK66_004550	ko:K01092
cmj:AFK66_004555	ko:K15396
cmj:AFK66_004560	ko:K13643
cmj:AFK66_004565	ko:K04487
cmj:AFK66_004570	ko:K04488
cmj:AFK66_004575	ko:K13628
cmj:AFK66_004580	ko:K04082
cmj:AFK66_004585	ko:K04044
cmj:AFK66_004590	ko:K04755
cmj:AFK66_004600	ko:K07751
cmj:AFK66_004620	ko:K19337
cmj:AFK66_004625	ko:K01011
cmj:AFK66_004630	ko:K01232
cmj:AFK66_004635	ko:K02791
cmj:AFK66_004640	ko:K06894
cmj:AFK66_004645	ko:K05367
cmj:AFK66_004650	ko:K00940
cmj:AFK66_004655	ko:K06941
cmj:AFK66_004660	ko:K15539
cmj:AFK66_004665	ko:K03526
cmj:AFK66_004670	ko:K01892
cmj:AFK66_004680	ko:K17713
cmj:AFK66_004685	ko:K03977
cmj:AFK66_004705	ko:K03601
cmj:AFK66_004710	ko:K00088
cmj:AFK66_004715	ko:K01951
cmj:AFK66_004730	ko:K26149
cmj:AFK66_004735	ko:K01524
cmj:AFK66_004740	ko:K00937
cmj:AFK66_004745	ko:K11175
cmj:AFK66_004750	ko:K01933
cmj:AFK66_004755	ko:K00761
cmj:AFK66_004760	ko:K02824
cmj:AFK66_004765	ko:K10763
cmj:AFK66_004770	ko:K00537
cmj:AFK66_004775	ko:K01423
cmj:AFK66_004780	ko:K03548
cmj:AFK66_004785	ko:K03564
cmj:AFK66_004790	ko:K03567
cmj:AFK66_004795	ko:K01714
cmj:AFK66_004800	ko:K07287
cmj:AFK66_004805	ko:K01923
cmj:AFK66_004810	ko:K07054
cmj:AFK66_004815	ko:K06957
cmj:AFK66_004820	ko:K06999
cmj:AFK66_004830	ko:K01439
cmj:AFK66_004855	ko:K18324
cmj:AFK66_004865	ko:K12945
cmj:AFK66_004890	ko:K00615
cmj:AFK66_004895	ko:K00616
cmj:AFK66_004900	ko:K00029
cmj:AFK66_004905	ko:K23188
cmj:AFK66_004910	ko:K23187
cmj:AFK66_004915	ko:K23186
cmj:AFK66_004920	ko:K08225
cmj:AFK66_004925	ko:K23185
cmj:AFK66_004930	ko:K02361
cmj:AFK66_004935	ko:K02363
cmj:AFK66_004940	ko:K01252
cmj:AFK66_004945	ko:K00216
cmj:AFK66_004950	ko:K24147
cmj:AFK66_004955	ko:K06200
cmj:AFK66_004980	ko:K08317
cmj:AFK66_004985	ko:K02056
cmj:AFK66_004990	ko:K02057
cmj:AFK66_004995	ko:K02058
cmj:AFK66_005005	ko:K00899
cmj:AFK66_005010	ko:K08963
cmj:AFK66_005015	ko:K00228
cmj:AFK66_005020	ko:K01448
cmj:AFK66_005045	ko:K07223
cmj:AFK66_005050	ko:K02048
cmj:AFK66_005055	ko:K02046
cmj:AFK66_005060	ko:K02047
cmj:AFK66_005065	ko:K02045
cmj:AFK66_005070	ko:K12339
cmj:AFK66_005075	ko:K02777
cmj:AFK66_005080	ko:K08483
cmj:AFK66_005085	ko:K02784
cmj:AFK66_005090	ko:K01738
cmj:AFK66_005095	ko:K06203
cmj:AFK66_005100	ko:K03528
cmj:AFK66_005105	ko:K01972
cmj:AFK66_005110	ko:K09954
cmj:AFK66_005120	ko:K14229
cmj:AFK66_005125	ko:K14237
cmj:AFK66_005130	ko:K14237
cmj:AFK66_005135	ko:K14237
cmj:AFK66_005140	ko:K01885
cmj:AFK66_005155	ko:K14218
cmj:AFK66_005160	ko:K14218
cmj:AFK66_005170	ko:K26149
cmj:AFK66_005175	ko:K11535
cmj:AFK66_005180	ko:K03322
cmj:AFK66_005190	ko:K19265
cmj:AFK66_005195	ko:K04103
cmj:AFK66_005200	ko:K00845
cmj:AFK66_005205	ko:K27885
cmj:AFK66_005210	ko:K27884
cmj:AFK66_005220	ko:K14261
cmj:AFK66_005230	ko:K03284
cmj:AFK66_005240	ko:K01575
cmj:AFK66_005245	ko:K01652
cmj:AFK66_005250	ko:K03366
cmj:AFK66_005255	ko:K06188
cmj:AFK66_005260	ko:K18837
cmj:AFK66_005265	ko:K18838
cmj:AFK66_005270	ko:K03630
cmj:AFK66_005320	ko:K14059
cmj:AFK66_005385	ko:K03646
cmj:AFK66_005745	ko:K14219
cmj:AFK66_005750	ko:K21990
cmj:AFK66_005755	ko:K02193
cmj:AFK66_005760	ko:K02194
cmj:AFK66_005765	ko:K02195
cmj:AFK66_005770	ko:K02196
cmj:AFK66_005775	ko:K02197
cmj:AFK66_005780	ko:K02198
cmj:AFK66_005785	ko:K02199
cmj:AFK66_005790	ko:K02200
cmj:AFK66_005800	ko:K04754
cmj:AFK66_005805	ko:K06076
cmj:AFK66_005815	ko:K00632
cmj:AFK66_005820	ko:K01782
cmj:AFK66_005825	ko:K08296
cmj:AFK66_005835	ko:K07320
cmj:AFK66_005840	ko:K01736
cmj:AFK66_005845	ko:K07261
cmj:AFK66_005850	ko:K07090
cmj:AFK66_005855	ko:K09906
cmj:AFK66_005870	ko:K00647
cmj:AFK66_005885	ko:K03473
cmj:AFK66_005895	ko:K06173
cmj:AFK66_005900	ko:K03975
cmj:AFK66_005905	ko:K01963
cmj:AFK66_005910	ko:K11754
cmj:AFK66_005915	ko:K03749
cmj:AFK66_005920	ko:K03558
cmj:AFK66_005925	ko:K00764
cmj:AFK66_005930	ko:K03186
cmj:AFK66_005935	ko:K10013
cmj:AFK66_005940	ko:K10014
cmj:AFK66_005945	ko:K10016
cmj:AFK66_005950	ko:K10015
cmj:AFK66_005955	ko:K10017
cmj:AFK66_005970	ko:K07071
cmj:AFK66_005975	ko:K11209
cmj:AFK66_005980	ko:K00799
cmj:AFK66_005985	ko:K07095
cmj:AFK66_006000	ko:K18325
cmj:AFK66_006010	ko:K13788
cmj:AFK66_006015	ko:K00925
cmj:AFK66_006020	ko:K09899
cmj:AFK66_006025	ko:K09161
cmj:AFK66_006030	ko:K19270
cmj:AFK66_006040	ko:K08722
cmj:AFK66_006045	ko:K14260
cmj:AFK66_006055	ko:K00330
cmj:AFK66_006060	ko:K00331
cmj:AFK66_006065	ko:K13378
cmj:AFK66_006070	ko:K00334
cmj:AFK66_006075	ko:K00335
cmj:AFK66_006080	ko:K00336
cmj:AFK66_006085	ko:K00337
cmj:AFK66_006090	ko:K00338
cmj:AFK66_006095	ko:K00339
cmj:AFK66_006100	ko:K00340
cmj:AFK66_006105	ko:K00341
cmj:AFK66_006110	ko:K00342
cmj:AFK66_006115	ko:K00343
cmj:AFK66_006120	ko:K00784
cmj:AFK66_006125	ko:K02348
cmj:AFK66_006130	ko:K05594
cmj:AFK66_006135	ko:K02552
cmj:AFK66_006140	ko:K02551
cmj:AFK66_006145	ko:K08680
cmj:AFK66_006150	ko:K01661
cmj:AFK66_006155	ko:K02549
cmj:AFK66_006160	ko:K01911
cmj:AFK66_006170	ko:K07793
cmj:AFK66_006175	ko:K07794
cmj:AFK66_006180	ko:K07795
cmj:AFK66_006185	ko:K07774
cmj:AFK66_006190	ko:K07649
cmj:AFK66_006205	ko:K02445
cmj:AFK66_006210	ko:K01126
cmj:AFK66_006215	ko:K11107
cmj:AFK66_006220	ko:K00526
cmj:AFK66_006225	ko:K00525
cmj:AFK66_006230	ko:K00568
cmj:AFK66_006235	ko:K02469
cmj:AFK66_006240	ko:K07677
cmj:AFK66_006245	ko:K07687
cmj:AFK66_006250	ko:K07676
cmj:AFK66_006255	ko:K09475
cmj:AFK66_006260	ko:K03734
cmj:AFK66_006265	ko:K10778
cmj:AFK66_006270	ko:K03919
cmj:AFK66_006275	ko:K06159
cmj:AFK66_006280	ko:K03321
cmj:AFK66_006305	ko:K14232
cmj:AFK66_006310	ko:K07014
cmj:AFK66_006315	ko:K09904
cmj:AFK66_006320	ko:K06899
cmj:AFK66_006325	ko:K02897
cmj:AFK66_006330	ko:K19789
cmj:AFK66_006335	ko:K06183
cmj:AFK66_006340	ko:K07552
cmj:AFK66_006350	ko:K13896
cmj:AFK66_006355	ko:K13895
cmj:AFK66_006360	ko:K13894
cmj:AFK66_006365	ko:K13893
cmj:AFK66_006370	ko:K26148
cmj:AFK66_006375	ko:K13694
cmj:AFK66_006380	ko:K19803
cmj:AFK66_006395	ko:K01686
cmj:AFK66_006400	ko:K02356
cmj:AFK66_006405	ko:K06940
cmj:AFK66_006410	ko:K03291
cmj:AFK66_006415	ko:K11183
cmj:AFK66_006420	ko:K00882
cmj:AFK66_006425	ko:K02770
cmj:AFK66_006435	ko:K01151
cmj:AFK66_006450	ko:K11733
cmj:AFK66_006455	ko:K01070
cmj:AFK66_006465	ko:K01495
cmj:AFK66_006470	ko:K07148
cmj:AFK66_006475	ko:K02529
cmj:AFK66_006480	ko:K10540
cmj:AFK66_006485	ko:K10542
cmj:AFK66_006490	ko:K10541
cmj:AFK66_006500	ko:K01489
cmj:AFK66_006510	ko:K06518
cmj:AFK66_006525	ko:K05541
cmj:AFK66_006555	ko:K07262
cmj:AFK66_006565	ko:K03777
cmj:AFK66_006570	ko:K05349
cmj:AFK66_006575	ko:K05845
cmj:AFK66_006580	ko:K05846
cmj:AFK66_006585	ko:K05847
cmj:AFK66_006590	ko:K05846
cmj:AFK66_006595	ko:K21089
cmj:AFK66_006600	ko:K01874
cmj:AFK66_006635	ko:K03593
cmj:AFK66_006645	ko:K27882
cmj:AFK66_006650	ko:K27883
cmj:AFK66_006655	ko:K03406
cmj:AFK66_006660	ko:K06158
cmj:AFK66_006665	ko:K23243
cmj:AFK66_006685	ko:K00878
cmj:AFK66_006690	ko:K00941
cmj:AFK66_006695	ko:K11645
cmj:AFK66_006705	ko:K08303
cmj:AFK66_006710	ko:K07664
cmj:AFK66_006715	ko:K07642
cmj:AFK66_006720	ko:K18326
cmj:AFK66_006725	ko:K07789
cmj:AFK66_006730	ko:K07788
cmj:AFK66_006735	ko:K07799
cmj:AFK66_006750	ko:K04046
cmj:AFK66_006755	ko:K01247
cmj:AFK66_006760	ko:K21084
cmj:AFK66_006765	ko:K00876
cmj:AFK66_006770	ko:K01494
cmj:AFK66_006775	ko:K07289
cmj:AFK66_006785	ko:K01991
cmj:AFK66_006790	ko:K25307
cmj:AFK66_006795	ko:K16692
cmj:AFK66_006800	ko:K25875
cmj:AFK66_006805	ko:K03819
cmj:AFK66_006810	ko:K13684
cmj:AFK66_006815	ko:K13620
cmj:AFK66_006820	ko:K13683
cmj:AFK66_006825	ko:K03818
cmj:AFK66_006830	ko:K01711
cmj:AFK66_006835	ko:K02377
cmj:AFK66_006840	ko:K03207
cmj:AFK66_006845	ko:K03208
cmj:AFK66_006850	ko:K00971
cmj:AFK66_006855	ko:K01840
cmj:AFK66_006860	ko:K03606
cmj:AFK66_006865	ko:K16695
cmj:AFK66_006870	ko:K16710
cmj:AFK66_006875	ko:K16703
cmj:AFK66_006880	ko:K16711
cmj:AFK66_006885	ko:K19997
cmj:AFK66_006890	ko:K00963
cmj:AFK66_006955	ko:K00033
cmj:AFK66_006960	ko:K05789
cmj:AFK66_006965	ko:K11755
cmj:AFK66_006970	ko:K02500
cmj:AFK66_006975	ko:K01814
cmj:AFK66_006980	ko:K02501
cmj:AFK66_006985	ko:K01089
cmj:AFK66_006990	ko:K00817
cmj:AFK66_006995	ko:K00013
cmj:AFK66_007000	ko:K00765
cmj:AFK66_007010	ko:K09473
cmj:AFK66_007015	ko:K07250
cmj:AFK66_007025	ko:K01141
cmj:AFK66_007035	ko:K07258
cmj:AFK66_007040	ko:K07470
cmj:AFK66_007050	ko:K09802
cmj:AFK66_007070	ko:K14220
cmj:AFK66_007075	ko:K26937
cmj:AFK66_007080	ko:K11904
cmj:AFK66_007115	ko:K14220
cmj:AFK66_007120	ko:K01241
cmj:AFK66_007125	ko:K21973
cmj:AFK66_007215	ko:K07112
cmj:AFK66_007225	ko:K02423
cmj:AFK66_007230	ko:K02422
cmj:AFK66_007235	ko:K02407
cmj:AFK66_007240	ko:K02406
cmj:AFK66_007270	ko:K02405
cmj:AFK66_007275	ko:K02425
cmj:AFK66_007280	ko:K02424
cmj:AFK66_007285	ko:K05396
cmj:AFK66_007290	ko:K10009
cmj:AFK66_007295	ko:K10010
cmj:AFK66_007300	ko:K07782
cmj:AFK66_007310	ko:K07689
cmj:AFK66_007315	ko:K03703
cmj:AFK66_007320	ko:K00995
cmj:AFK66_007325	ko:K14225
cmj:AFK66_007330	ko:K14222
cmj:AFK66_007335	ko:K14228
cmj:AFK66_007345	ko:K03834
cmj:AFK66_007350	ko:K02217
cmj:AFK66_007390	ko:K07792
cmj:AFK66_007395	ko:K02255
cmj:AFK66_007405	ko:K10537
cmj:AFK66_007410	ko:K10539
cmj:AFK66_007415	ko:K10538
cmj:AFK66_007420	ko:K01087
cmj:AFK66_007425	ko:K00697
cmj:AFK66_007430	ko:K14064
cmj:AFK66_007435	ko:K02403
cmj:AFK66_007440	ko:K02402
cmj:AFK66_007445	ko:K02556
cmj:AFK66_007450	ko:K02557
cmj:AFK66_007455	ko:K03407
cmj:AFK66_007460	ko:K03408
cmj:AFK66_007465	ko:K27078
cmj:AFK66_007470	ko:K27078
cmj:AFK66_007475	ko:K07346
cmj:AFK66_007480	ko:K07347
cmj:AFK66_007485	ko:K27078
cmj:AFK66_007490	ko:K05875
cmj:AFK66_007500	ko:K00575
cmj:AFK66_007505	ko:K03412
cmj:AFK66_007510	ko:K03413
cmj:AFK66_007515	ko:K03414
cmj:AFK66_007520	ko:K02401
cmj:AFK66_007525	ko:K02400
cmj:AFK66_007530	ko:K03516
cmj:AFK66_007535	ko:K16210
cmj:AFK66_007540	ko:K15532
cmj:AFK66_007550	ko:K01887
cmj:AFK66_007555	ko:K09907
cmj:AFK66_007570	ko:K14155
cmj:AFK66_007575	ko:K06201
cmj:AFK66_007580	ko:K04045
cmj:AFK66_007595	ko:K15257
cmj:AFK66_007600	ko:K15256
cmj:AFK66_007605	ko:K07136
cmj:AFK66_007620	ko:K01876
cmj:AFK66_007625	ko:K08310
cmj:AFK66_007635	ko:K01159
cmj:AFK66_007640	ko:K03550
cmj:AFK66_007645	ko:K03551
cmj:AFK66_007650	ko:K09816
cmj:AFK66_007655	ko:K09817
cmj:AFK66_007660	ko:K09815
cmj:AFK66_007665	ko:K19304
cmj:AFK66_007670	ko:K02560
cmj:AFK66_007675	ko:K00873
cmj:AFK66_007680	ko:K19337
cmj:AFK66_007685	ko:K00036
cmj:AFK66_007690	ko:K01690
cmj:AFK66_007695	ko:K01625
cmj:AFK66_007700	ko:K08289
cmj:AFK66_007705	ko:K09918
cmj:AFK66_007720	ko:K01354
cmj:AFK66_007725	ko:K10857
cmj:AFK66_007730	ko:K02345
cmj:AFK66_007735	ko:K07156
cmj:AFK66_007740	ko:K07245
cmj:AFK66_007775	ko:K11392
cmj:AFK66_007780	ko:K06192
cmj:AFK66_007785	ko:K03808
cmj:AFK66_007790	ko:K08968
cmj:AFK66_007795	ko:K03607
cmj:AFK66_007800	ko:K03797
cmj:AFK66_007805	ko:K03799
cmj:AFK66_007810	ko:K19333
cmj:AFK66_007835	ko:K03704
cmj:AFK66_007840	ko:K00563
cmj:AFK66_007845	ko:K23242
cmj:AFK66_007855	ko:K02796
cmj:AFK66_007860	ko:K02795
cmj:AFK66_007865	ko:K02794
cmj:AFK66_007875	ko:K21090
cmj:AFK66_007880	ko:K01752
cmj:AFK66_007890	ko:K01665
cmj:AFK66_007895	ko:K09917
cmj:AFK66_007900	ko:K00648
cmj:AFK66_007945	ko:K03722
cmj:AFK66_007950	ko:K14742
cmj:AFK66_007955	ko:K07285
cmj:AFK66_007960	ko:K01897
cmj:AFK66_007965	ko:K03684
cmj:AFK66_007970	ko:K03608
cmj:AFK66_007975	ko:K03609
cmj:AFK66_007980	ko:K03610
cmj:AFK66_007985	ko:K09902
cmj:AFK66_007990	ko:K29029
cmj:AFK66_007995	ko:K09160
cmj:AFK66_008005	ko:K03611
cmj:AFK66_008010	ko:K03314
cmj:AFK66_008015	ko:K03603
cmj:AFK66_008020	ko:K06415
cmj:AFK66_008025	ko:K00285
cmj:AFK66_008030	ko:K01775
cmj:AFK66_008035	ko:K11105
cmj:AFK66_008050	ko:K01297
cmj:AFK66_008055	ko:K08308
cmj:AFK66_008060	ko:K21087
cmj:AFK66_008070	ko:K02014
cmj:AFK66_008075	ko:K01194
cmj:AFK66_008080	ko:K00375
cmj:AFK66_008095	ko:K00355
cmj:AFK66_008110	ko:K07039
cmj:AFK66_008115	ko:K06942
cmj:AFK66_008120	ko:K01056
cmj:AFK66_008135	ko:K03321
cmj:AFK66_008140	ko:K00948
cmj:AFK66_008145	ko:K00919
cmj:AFK66_008150	ko:K02494
cmj:AFK66_008155	ko:K02492
cmj:AFK66_008160	ko:K02835
cmj:AFK66_008165	ko:K02493
cmj:AFK66_008180	ko:K01627
cmj:AFK66_008185	ko:K07300
cmj:AFK66_008190	ko:K06197
cmj:AFK66_008195	ko:K07232
cmj:AFK66_008205	ko:K03406
cmj:AFK66_008210	ko:K06039
cmj:AFK66_008220	ko:K15576
cmj:AFK66_008225	ko:K15577
cmj:AFK66_008230	ko:K15578
cmj:AFK66_008235	ko:K00361
cmj:AFK66_008240	ko:K00372
cmj:AFK66_008255	ko:K07684
cmj:AFK66_008260	ko:K07673
cmj:AFK66_008265	ko:K02575
cmj:AFK66_008270	ko:K00370
cmj:AFK66_008275	ko:K00371
cmj:AFK66_008280	ko:K00373
cmj:AFK66_008285	ko:K00374
cmj:AFK66_008305	ko:K14236
cmj:AFK66_008310	ko:K01433
cmj:AFK66_008315	ko:K09858
cmj:AFK66_008320	ko:K02485
cmj:AFK66_008325	ko:K00963
cmj:AFK66_008330	ko:K00012
cmj:AFK66_008335	ko:K08679
cmj:AFK66_008340	ko:K03746
cmj:AFK66_008345	ko:K00857
cmj:AFK66_008350	ko:K04072
cmj:AFK66_008360	ko:K15580
cmj:AFK66_008365	ko:K15581
cmj:AFK66_008370	ko:K15582
cmj:AFK66_008375	ko:K15583
cmj:AFK66_008380	ko:K10823
cmj:AFK66_008385	ko:K10716
cmj:AFK66_008390	ko:K09901
cmj:AFK66_008395	ko:K06131
cmj:AFK66_008400	ko:K09780
cmj:AFK66_008405	ko:K03832
cmj:AFK66_008410	ko:K10806
cmj:AFK66_008415	ko:K19611
cmj:AFK66_008420	ko:K06190
cmj:AFK66_008430	ko:K06940
cmj:AFK66_008435	ko:K07275
cmj:AFK66_008445	ko:K01695
cmj:AFK66_008450	ko:K01696
cmj:AFK66_008455	ko:K13498
cmj:AFK66_008460	ko:K13497
cmj:AFK66_008465	ko:K01657
cmj:AFK66_008470	ko:K07053
cmj:AFK66_008480	ko:K06178
cmj:AFK66_008485	ko:K19221
cmj:AFK66_008495	ko:K04774
cmj:AFK66_008505	ko:K03168
cmj:AFK66_008510	ko:K13634
cmj:AFK66_008520	ko:K27802
cmj:AFK66_008525	ko:K01497
cmj:AFK66_008530	ko:K01096
cmj:AFK66_008535	ko:K08992
cmj:AFK66_008540	ko:K19804
cmj:AFK66_008545	ko:K01591
cmj:AFK66_008550	ko:K03113
cmj:AFK66_008555	ko:K04062
cmj:AFK66_008570	ko:K04069
cmj:AFK66_008575	ko:K08313
cmj:AFK66_008585	ko:K13816
cmj:AFK66_008590	ko:K14051
cmj:AFK66_008595	ko:K01147
cmj:AFK66_008605	ko:K00208
cmj:AFK66_008610	ko:K19230
cmj:AFK66_008615	ko:K19229
cmj:AFK66_008620	ko:K19228
cmj:AFK66_008625	ko:K19227
cmj:AFK66_008630	ko:K19226
cmj:AFK66_008635	ko:K03974
cmj:AFK66_008640	ko:K03969
cmj:AFK66_008645	ko:K03970
cmj:AFK66_008650	ko:K03973
cmj:AFK66_008655	ko:K03971
cmj:AFK66_008660	ko:K22597
cmj:AFK66_008665	ko:K02027
cmj:AFK66_008670	ko:K02025
cmj:AFK66_008675	ko:K02026
cmj:AFK66_008695	ko:K10231
cmj:AFK66_008700	ko:K01838
cmj:AFK66_008705	ko:K10112
cmj:AFK66_008715	ko:K06918
cmj:AFK66_008720	ko:K08990
cmj:AFK66_008725	ko:K03721
cmj:AFK66_008730	ko:K11065
cmj:AFK66_008735	ko:K19802
cmj:AFK66_008740	ko:K14054
cmj:AFK66_008745	ko:K15580
cmj:AFK66_008765	ko:K06884
cmj:AFK66_008790	ko:K16074
cmj:AFK66_008795	ko:K14058
cmj:AFK66_008815	ko:K01809
cmj:AFK66_008820	ko:K21405
cmj:AFK66_008825	ko:K00138
cmj:AFK66_008830	ko:K13953
cmj:AFK66_008845	ko:K03737
cmj:AFK66_008855	ko:K03668
cmj:AFK66_008860	ko:K03778
cmj:AFK66_008875	ko:K09978
cmj:AFK66_008885	ko:K01118
cmj:AFK66_008890	ko:K03578
cmj:AFK66_008905	ko:K18139
cmj:AFK66_008920	ko:K06075
cmj:AFK66_008940	ko:K07248
cmj:AFK66_008950	ko:K12262
cmj:AFK66_008955	ko:K03762
cmj:AFK66_008975	ko:K23239
cmj:AFK66_008980	ko:K00121
cmj:AFK66_008985	ko:K05876
cmj:AFK66_009005	ko:K25986
cmj:AFK66_009010	ko:K03929
cmj:AFK66_009020	ko:K03817
cmj:AFK66_009030	ko:K16868
cmj:AFK66_009295	ko:K05782
cmj:AFK66_009300	ko:K23779
cmj:AFK66_009305	ko:K24847
cmj:AFK66_009310	ko:K03503
cmj:AFK66_009315	ko:K03502
cmj:AFK66_009325	ko:K11743
cmj:AFK66_009330	ko:K11742
cmj:AFK66_009335	ko:K04775
cmj:AFK66_009340	ko:K01299
cmj:AFK66_009345	ko:K08224
cmj:AFK66_009355	ko:K15545
cmj:AFK66_009370	ko:K05846
cmj:AFK66_009375	ko:K05845
cmj:AFK66_009380	ko:K05846
cmj:AFK66_009390	ko:K23349
cmj:AFK66_009395	ko:K07312
cmj:AFK66_009400	ko:K07307
cmj:AFK66_009405	ko:K07306
cmj:AFK66_009420	ko:K00657
cmj:AFK66_009430	ko:K09771
cmj:AFK66_009435	ko:K08323
cmj:AFK66_009440	ko:K08191
cmj:AFK66_009445	ko:K00040
cmj:AFK66_009460	ko:K22293
cmj:AFK66_009465	ko:K16066
cmj:AFK66_009470	ko:K01284
cmj:AFK66_009475	ko:K21972
cmj:AFK66_009480	ko:K08994
cmj:AFK66_009485	ko:K06884
cmj:AFK66_009505	ko:K01457
cmj:AFK66_009510	ko:K01941
cmj:AFK66_009520	ko:K11959
cmj:AFK66_009525	ko:K11960
cmj:AFK66_009530	ko:K11961
cmj:AFK66_009535	ko:K11962
cmj:AFK66_009540	ko:K11963
cmj:AFK66_009560	ko:K15268
cmj:AFK66_009565	ko:K13630
cmj:AFK66_009570	ko:K13632
cmj:AFK66_009575	ko:K03712
cmj:AFK66_009580	ko:K08159
cmj:AFK66_009590	ko:K00016
cmj:AFK66_009595	ko:K03829
cmj:AFK66_009605	ko:K08324
cmj:AFK66_009615	ko:K05874
cmj:AFK66_009620	ko:K01425
cmj:AFK66_009635	ko:K18968
cmj:AFK66_009650	ko:K00041
cmj:AFK66_009655	ko:K12686
cmj:AFK66_009660	ko:K01194
cmj:AFK66_009665	ko:K01192
cmj:AFK66_009715	ko:K04749
cmj:AFK66_009755	ko:K00433
cmj:AFK66_009765	ko:K13695
cmj:AFK66_009795	ko:K13281
cmj:AFK66_009830	ko:K18009
cmj:AFK66_009835	ko:K13979
cmj:AFK66_009845	ko:K18991
cmj:AFK66_009850	ko:K00675
cmj:AFK66_009860	ko:K07217
cmj:AFK66_009865	ko:K01821
cmj:AFK66_009870	ko:K10679
cmj:AFK66_009875	ko:K01467
cmj:AFK66_009880	ko:K11738
cmj:AFK66_009890	ko:K15553
cmj:AFK66_009900	ko:K15555
cmj:AFK66_009905	ko:K15554
cmj:AFK66_009915	ko:K02014
cmj:AFK66_009920	ko:K21498
cmj:AFK66_009925	ko:K07334
cmj:AFK66_009930	ko:K05343
cmj:AFK66_009940	ko:K05875
cmj:AFK66_009950	ko:K13654
cmj:AFK66_009960	ko:K02034
cmj:AFK66_009965	ko:K02033
cmj:AFK66_009985	ko:K23256
cmj:AFK66_009995	ko:K24217
cmj:AFK66_010000	ko:K09936
cmj:AFK66_010015	ko:K12368
cmj:AFK66_010045	ko:K05876
cmj:AFK66_010080	ko:K00316
cmj:AFK66_010125	ko:K00137
cmj:AFK66_010130	ko:K02053
cmj:AFK66_010135	ko:K02054
cmj:AFK66_010140	ko:K02052
cmj:AFK66_010145	ko:K02055
cmj:AFK66_010160	ko:K00425
cmj:AFK66_010165	ko:K00426
cmj:AFK66_010175	ko:K03297
cmj:AFK66_010180	ko:K03292
cmj:AFK66_010185	ko:K01209
cmj:AFK66_010195	ko:K02035
cmj:AFK66_010200	ko:K02033
cmj:AFK66_010205	ko:K02034
cmj:AFK66_010210	ko:K02031
cmj:AFK66_010210	ko:K02032
cmj:AFK66_010225	ko:K07757
cmj:AFK66_010235	ko:K00567
cmj:AFK66_010240	ko:K01420
cmj:AFK66_010245	ko:K14055
cmj:AFK66_010250	ko:K00325
cmj:AFK66_010255	ko:K00324
cmj:AFK66_010265	ko:K03758
cmj:AFK66_010270	ko:K13938
cmj:AFK66_010275	ko:K07661
cmj:AFK66_010290	ko:K07639
cmj:AFK66_010300	ko:K10748
cmj:AFK66_010305	ko:K01679
cmj:AFK66_010310	ko:K01676
cmj:AFK66_010315	ko:K01809
cmj:AFK66_010325	ko:K16136
cmj:AFK66_010330	ko:K02791
cmj:AFK66_010395	ko:K14155
cmj:AFK66_010400	ko:K01488
cmj:AFK66_010405	ko:K14347
cmj:AFK66_010425	ko:K03617
cmj:AFK66_010430	ko:K03616
cmj:AFK66_010435	ko:K03615
cmj:AFK66_010440	ko:K03614
cmj:AFK66_010445	ko:K03612
cmj:AFK66_010450	ko:K03613
cmj:AFK66_010455	ko:K10773
cmj:AFK66_010460	ko:K03305
cmj:AFK66_010465	ko:K00799
cmj:AFK66_010470	ko:K00868
cmj:AFK66_010475	ko:K01866
cmj:AFK66_010480	ko:K00275
cmj:AFK66_010490	ko:K09001
cmj:AFK66_010495	ko:K06077
cmj:AFK66_010500	ko:K06075
cmj:AFK66_010520	ko:K04565
cmj:AFK66_010530	ko:K06938
cmj:AFK66_010535	ko:K03760
cmj:AFK66_010540	ko:K16137
cmj:AFK66_010545	ko:K10680
cmj:AFK66_010550	ko:K01759
cmj:AFK66_010555	ko:K03683
cmj:AFK66_010560	ko:K07390
cmj:AFK66_010565	ko:K19303
cmj:AFK66_010570	ko:K19577
cmj:AFK66_010575	ko:K03604
cmj:AFK66_010585	ko:K28371
cmj:AFK66_010590	ko:K00574
cmj:AFK66_010595	ko:K02761
cmj:AFK66_010600	ko:K01223
cmj:AFK66_010610	ko:K00793
cmj:AFK66_010615	ko:K26939
cmj:AFK66_010620	ko:K14237
cmj:AFK66_010625	ko:K14237
cmj:AFK66_010730	ko:K11900
cmj:AFK66_010735	ko:K11901
cmj:AFK66_010750	ko:K02168
cmj:AFK66_010755	ko:K02167
cmj:AFK66_010760	ko:K00130
cmj:AFK66_010765	ko:K00108
cmj:AFK66_010785	ko:K08169
cmj:AFK66_010795	ko:K22015
cmj:AFK66_010800	ko:K22015
cmj:AFK66_010805	ko:K07241
cmj:AFK66_010810	ko:K04656
cmj:AFK66_010815	ko:K22015
cmj:AFK66_010820	ko:K05796
cmj:AFK66_010830	ko:K22720
cmj:AFK66_010835	ko:K08315
cmj:AFK66_010840	ko:K15834
cmj:AFK66_010845	ko:K15832
cmj:AFK66_010850	ko:K15831
cmj:AFK66_010855	ko:K15830
cmj:AFK66_010860	ko:K15829
cmj:AFK66_010865	ko:K15828
cmj:AFK66_010870	ko:K15827
cmj:AFK66_010875	ko:K15833
cmj:AFK66_010880	ko:K04651
cmj:AFK66_010885	ko:K04652
cmj:AFK66_010890	ko:K04653
cmj:AFK66_010895	ko:K04654
cmj:AFK66_010900	ko:K04655
cmj:AFK66_010905	ko:K15836
cmj:AFK66_010910	ko:K14052
cmj:AFK66_010915	ko:K09470
cmj:AFK66_010920	ko:K09473
cmj:AFK66_010925	ko:K14056
cmj:AFK66_010930	ko:K09472
cmj:AFK66_010935	ko:K09471
cmj:AFK66_010950	ko:K00873
cmj:AFK66_010955	ko:K06078
cmj:AFK66_010960	ko:K19236
cmj:AFK66_010965	ko:K02426
cmj:AFK66_010970	ko:K11717
cmj:AFK66_010975	ko:K09015
cmj:AFK66_010980	ko:K09013
cmj:AFK66_010985	ko:K09014
cmj:AFK66_010990	ko:K05997
cmj:AFK66_011000	ko:K19222
cmj:AFK66_011005	ko:K26063
cmj:AFK66_011015	ko:K17641
cmj:AFK66_011020	ko:K03292
cmj:AFK66_011025	ko:K01007
cmj:AFK66_011030	ko:K09773
cmj:AFK66_011035	ko:K01626
cmj:AFK66_011040	ko:K08997
cmj:AFK66_011055	ko:K01222
cmj:AFK66_011060	ko:K02761
cmj:AFK66_011065	ko:K13695
cmj:AFK66_011070	ko:K06074
cmj:AFK66_011075	ko:K00432
cmj:AFK66_011080	ko:K06073
cmj:AFK66_011085	ko:K04764
cmj:AFK66_011090	ko:K01890
cmj:AFK66_011095	ko:K01889
cmj:AFK66_011100	ko:K02887
cmj:AFK66_011105	ko:K02916
cmj:AFK66_011110	ko:K02520
cmj:AFK66_011115	ko:K01868
cmj:AFK66_011140	ko:K08276
cmj:AFK66_011150	ko:K03762
cmj:AFK66_011160	ko:K07283
cmj:AFK66_011165	ko:K16370
cmj:AFK66_011185	ko:K24204
cmj:AFK66_011190	ko:K00065
cmj:AFK66_011195	ko:K07038
cmj:AFK66_011200	ko:K06956
cmj:AFK66_011215	ko:K15722
cmj:AFK66_011220	ko:K03781
cmj:AFK66_011225	ko:K04064
cmj:AFK66_011230	ko:K01916
cmj:AFK66_011240	ko:K05984
cmj:AFK66_011245	ko:K09975
cmj:AFK66_011250	ko:K06006
cmj:AFK66_011255	ko:K05526
cmj:AFK66_011260	ko:K01484
cmj:AFK66_011265	ko:K06447
cmj:AFK66_011270	ko:K00673
cmj:AFK66_011275	ko:K00840
cmj:AFK66_011280	ko:K01142
cmj:AFK66_011285	ko:K08320
cmj:AFK66_011295	ko:K03169
cmj:AFK66_011300	ko:K01008
cmj:AFK66_011310	ko:K04773
cmj:AFK66_011315	ko:K01424
cmj:AFK66_011320	ko:K08281
cmj:AFK66_011325	ko:K09916
cmj:AFK66_011330	ko:K07305
cmj:AFK66_011335	ko:K00134
cmj:AFK66_011340	ko:K01792
cmj:AFK66_011345	ko:K07274
cmj:AFK66_011350	ko:K07180
cmj:AFK66_011355	ko:K09786
cmj:AFK66_011370	ko:K06884
cmj:AFK66_011375	ko:K19055
cmj:AFK66_011390	ko:K25494
cmj:AFK66_011415	ko:K09824
cmj:AFK66_011420	ko:K03415
cmj:AFK66_011435	ko:K03704
cmj:AFK66_011440	ko:K09765
cmj:AFK66_011655	ko:K14744
cmj:AFK66_011695	ko:K01160
cmj:AFK66_011700	ko:K01356
cmj:AFK66_011795	ko:K00031
cmj:AFK66_011800	ko:K06181
cmj:AFK66_011805	ko:K12152
cmj:AFK66_011810	ko:K03406
cmj:AFK66_011815	ko:K00566
cmj:AFK66_011820	ko:K07153
cmj:AFK66_011825	ko:K01756
cmj:AFK66_011830	ko:K07660
cmj:AFK66_011835	ko:K07637
cmj:AFK66_011840	ko:K18850
cmj:AFK66_011845	ko:K01258
cmj:AFK66_011850	ko:K11072
cmj:AFK66_011855	ko:K11071
cmj:AFK66_011860	ko:K11070
cmj:AFK66_011865	ko:K11069
cmj:AFK66_011870	ko:K12410
cmj:AFK66_011875	ko:K28207
cmj:AFK66_011880	ko:K09808
cmj:AFK66_011885	ko:K09810
cmj:AFK66_011890	ko:K09808
cmj:AFK66_011895	ko:K03723
cmj:AFK66_011900	ko:K19236
cmj:AFK66_011905	ko:K12151
cmj:AFK66_011910	ko:K22041
cmj:AFK66_011925	ko:K03885
cmj:AFK66_011930	ko:K07000
cmj:AFK66_011935	ko:K01207
cmj:AFK66_011940	ko:K07251
cmj:AFK66_011945	ko:K07337
cmj:AFK66_011955	ko:K02503
cmj:AFK66_011960	ko:K16088
cmj:AFK66_011965	ko:K02779
cmj:AFK66_011970	ko:K03424
cmj:AFK66_011975	ko:K02341
cmj:AFK66_011980	ko:K00943
cmj:AFK66_011985	ko:K07082
cmj:AFK66_011990	ko:K02619
cmj:AFK66_011995	ko:K09458
cmj:AFK66_012000	ko:K02078
cmj:AFK66_012005	ko:K00059
cmj:AFK66_012010	ko:K00645
cmj:AFK66_012015	ko:K00648
cmj:AFK66_012020	ko:K03621
cmj:AFK66_012025	ko:K02911
cmj:AFK66_012030	ko:K07040
cmj:AFK66_012035	ko:K25422
cmj:AFK66_012045	ko:K06179
cmj:AFK66_012050	ko:K08300
cmj:AFK66_012065	ko:K02397
cmj:AFK66_012070	ko:K02396
cmj:AFK66_012075	ko:K02395
cmj:AFK66_012080	ko:K02394
cmj:AFK66_012085	ko:K02393
cmj:AFK66_012090	ko:K02392
cmj:AFK66_012095	ko:K02391
cmj:AFK66_012100	ko:K02390
cmj:AFK66_012105	ko:K02389
cmj:AFK66_012110	ko:K02388
cmj:AFK66_012115	ko:K02387
cmj:AFK66_012120	ko:K02386
cmj:AFK66_012125	ko:K02398
cmj:AFK66_012130	ko:K02399
cmj:AFK66_012135	ko:K03980
cmj:AFK66_012140	ko:K03810
cmj:AFK66_012145	ko:K09915
cmj:AFK66_012150	ko:K03790
cmj:AFK66_012155	ko:K08162
cmj:AFK66_012160	ko:K03675
cmj:AFK66_012170	ko:K01465
cmj:AFK66_012175	ko:K12149
cmj:AFK66_012180	ko:K12148
cmj:AFK66_012185	ko:K02846
cmj:AFK66_012200	ko:K07146
cmj:AFK66_012205	ko:K02517
cmj:AFK66_012210	ko:K12147
cmj:AFK66_012220	ko:K03669
cmj:AFK66_012225	ko:K03670
cmj:AFK66_012230	ko:K11941
cmj:AFK66_012235	ko:K06132
cmj:AFK66_012240	ko:K23518
cmj:AFK66_012300	ko:K14233
cmj:AFK66_012305	ko:K06217
cmj:AFK66_012310	ko:K16301
cmj:AFK66_012315	ko:K07224
cmj:AFK66_012320	ko:K07243
cmj:AFK66_012325	ko:K03317
cmj:AFK66_012335	ko:K11928
cmj:AFK66_012340	ko:K13821
cmj:AFK66_012345	ko:K09017
cmj:AFK66_012350	ko:K09018
cmj:AFK66_012355	ko:K09020
cmj:AFK66_012360	ko:K09021
cmj:AFK66_012365	ko:K09023
cmj:AFK66_012370	ko:K09019
cmj:AFK66_012375	ko:K09024
cmj:AFK66_012380	ko:K09016
cmj:AFK66_012390	ko:K03809
cmj:AFK66_012400	ko:K17837
cmj:AFK66_012410	ko:K11911
cmj:AFK66_012415	ko:K11905
cmj:AFK66_012420	ko:K11910
cmj:AFK66_012425	ko:K14233
cmj:AFK66_012430	ko:K15580
cmj:AFK66_012435	ko:K19416
cmj:AFK66_012440	ko:K11179
cmj:AFK66_012445	ko:K01512
cmj:AFK66_012450	ko:K06969
cmj:AFK66_012455	ko:K11940
cmj:AFK66_012460	ko:K06929
cmj:AFK66_012465	ko:K01734
cmj:AFK66_012470	ko:K03658
cmj:AFK66_012485	ko:K07343
cmj:AFK66_012490	ko:K13053
cmj:AFK66_012495	ko:K03286
cmj:AFK66_012500	ko:K09911
cmj:AFK66_012505	ko:K04770
cmj:AFK66_012510	ko:K01716
cmj:AFK66_012515	ko:K09857
cmj:AFK66_012520	ko:K06192
cmj:AFK66_012525	ko:K03808
cmj:AFK66_012530	ko:K15738
cmj:AFK66_012535	ko:K12297
cmj:AFK66_012540	ko:K07140
cmj:AFK66_012545	ko:K18657
cmj:AFK66_012550	ko:K00254
cmj:AFK66_012555	ko:K00299
cmj:AFK66_012560	ko:K15553
cmj:AFK66_012565	ko:K04091
cmj:AFK66_012570	ko:K15554
cmj:AFK66_012575	ko:K15555
cmj:AFK66_012580	ko:K01256
cmj:AFK66_012585	ko:K00763
cmj:AFK66_012590	ko:K01893
cmj:AFK66_012595	ko:K09476
cmj:AFK66_012600	ko:K00813
cmj:AFK66_012605	ko:K01069
cmj:AFK66_012615	ko:K21470
cmj:AFK66_012620	ko:K03632
cmj:AFK66_012625	ko:K03804
cmj:AFK66_012630	ko:K03633
cmj:AFK66_012635	ko:K06219
cmj:AFK66_012655	ko:K03719
cmj:AFK66_012660	ko:K00979
cmj:AFK66_012665	ko:K09791
cmj:AFK66_012670	ko:K09927
cmj:AFK66_012675	ko:K00912
cmj:AFK66_012680	ko:K11085
cmj:AFK66_012685	ko:K02238
cmj:AFK66_012690	ko:K05788
cmj:AFK66_012695	ko:K02945
cmj:AFK66_012700	ko:K00945
cmj:AFK66_012705	ko:K00800
cmj:AFK66_012710	ko:K00831
cmj:AFK66_012720	ko:K09136
cmj:AFK66_012725	ko:K06212
cmj:AFK66_012730	ko:K00656
cmj:AFK66_012735	ko:K04069
cmj:AFK66_012740	ko:K08219
cmj:AFK66_012745	ko:K01875
cmj:AFK66_012750	ko:K07478
cmj:AFK66_012755	ko:K03634
cmj:AFK66_012760	ko:K03466
cmj:AFK66_012765	ko:K03719
cmj:AFK66_012770	ko:K00384
cmj:AFK66_012775	ko:K16013
cmj:AFK66_012780	ko:K16012
cmj:AFK66_012785	ko:K00684
cmj:AFK66_012790	ko:K02518
cmj:AFK66_012795	ko:K03694
cmj:AFK66_012800	ko:K06891
cmj:AFK66_012805	ko:K03704
cmj:AFK66_012810	ko:K05685
cmj:AFK66_012815	ko:K13888
cmj:AFK66_012820	ko:K09824
cmj:AFK66_012825	ko:K07459
cmj:AFK66_012830	ko:K28370
cmj:AFK66_012835	ko:K05601
cmj:AFK66_012840	ko:K11933
cmj:AFK66_012845	ko:K00156
cmj:AFK66_012850	ko:K01620
cmj:AFK66_012860	ko:K11066
cmj:AFK66_012875	ko:K10000
cmj:AFK66_012880	ko:K09997
cmj:AFK66_012885	ko:K09999
cmj:AFK66_012890	ko:K09998
cmj:AFK66_012900	ko:K03212
cmj:AFK66_012910	ko:K11074
cmj:AFK66_012915	ko:K11075
cmj:AFK66_012920	ko:K11076
cmj:AFK66_012925	ko:K11073
cmj:AFK66_012935	ko:K05844
cmj:AFK66_012940	ko:K10678
cmj:AFK66_012950	ko:K07085
cmj:AFK66_012970	ko:K23778
cmj:AFK66_012980	ko:K02406
cmj:AFK66_012985	ko:K20861
cmj:AFK66_012990	ko:K08160
cmj:AFK66_013000	ko:K19302
cmj:AFK66_013005	ko:K11534
cmj:AFK66_013010	ko:K07258
cmj:AFK66_013015	ko:K00799
cmj:AFK66_013020	ko:K21430
cmj:AFK66_013025	ko:K14441
cmj:AFK66_013030	ko:K13891
cmj:AFK66_013035	ko:K13890
cmj:AFK66_013040	ko:K13889
cmj:AFK66_013045	ko:K13892
cmj:AFK66_013050	ko:K03750
cmj:AFK66_013055	ko:K21029
cmj:AFK66_013065	ko:K08191
cmj:AFK66_013070	ko:K01187
cmj:AFK66_013085	ko:K19236
cmj:AFK66_013090	ko:K18904
cmj:AFK66_013095	ko:K03446
cmj:AFK66_013100	ko:K03543
cmj:AFK66_013110	ko:K11924
cmj:AFK66_013120	ko:K11934
cmj:AFK66_013125	ko:K11939
cmj:AFK66_013130	ko:K04047
cmj:AFK66_013135	ko:K10036
cmj:AFK66_013140	ko:K10037
cmj:AFK66_013145	ko:K10038
cmj:AFK66_013150	ko:K22044
cmj:AFK66_013155	ko:K06970
cmj:AFK66_013185	ko:K07346
cmj:AFK66_013190	ko:K07347
cmj:AFK66_013195	ko:K07345
cmj:AFK66_013200	ko:K07349
cmj:AFK66_013205	ko:K03722
cmj:AFK66_013210	ko:K03488
cmj:AFK66_013215	ko:K02757
cmj:AFK66_013220	ko:K01223
cmj:AFK66_013225	ko:K01223
cmj:AFK66_013230	ko:K11927
cmj:AFK66_013235	ko:K23777
cmj:AFK66_013240	ko:K25183
cmj:AFK66_013245	ko:K25182
cmj:AFK66_013250	ko:K25181
cmj:AFK66_013255	ko:K25180
cmj:AFK66_013270	ko:K06131
cmj:AFK66_013275	ko:K07027
cmj:AFK66_013285	ko:K06890
cmj:AFK66_013290	ko:K03635
cmj:AFK66_013295	ko:K03636
cmj:AFK66_013300	ko:K03637
cmj:AFK66_013305	ko:K03638
cmj:AFK66_013310	ko:K03639
cmj:AFK66_013320	ko:K03702
cmj:AFK66_013330	ko:K11963
cmj:AFK66_013335	ko:K01935
cmj:AFK66_013340	ko:K02169
cmj:AFK66_013345	ko:K00652
cmj:AFK66_013350	ko:K01012
cmj:AFK66_013355	ko:K00833
cmj:AFK66_013370	ko:K01051
cmj:AFK66_013375	ko:K07404
cmj:AFK66_013380	ko:K28853
cmj:AFK66_013385	ko:K02017
cmj:AFK66_013390	ko:K02018
cmj:AFK66_013395	ko:K02020
cmj:AFK66_013400	ko:K02019
cmj:AFK66_013405	ko:K05776
cmj:AFK66_013410	ko:K01784
cmj:AFK66_013415	ko:K00965
cmj:AFK66_013420	ko:K00849
cmj:AFK66_013425	ko:K01785
cmj:AFK66_013430	ko:K01834
cmj:AFK66_013435	ko:K01626
cmj:AFK66_013445	ko:K16264
cmj:AFK66_013450	ko:K03811
cmj:AFK66_013455	ko:K03517
cmj:AFK66_013460	ko:K14229
cmj:AFK66_013465	ko:K14229
cmj:AFK66_013470	ko:K14229
cmj:AFK66_013475	ko:K14237
cmj:AFK66_013480	ko:K14229
cmj:AFK66_013490	ko:K03640
cmj:AFK66_013495	ko:K03641
cmj:AFK66_013500	ko:K03646
cmj:AFK66_013505	ko:K03560
cmj:AFK66_013510	ko:K03562
cmj:AFK66_013515	ko:K07107
cmj:AFK66_013525	ko:K00426
cmj:AFK66_013530	ko:K00425
cmj:AFK66_013555	ko:K01902
cmj:AFK66_013560	ko:K01903
cmj:AFK66_013565	ko:K00658
cmj:AFK66_013570	ko:K00164
cmj:AFK66_013575	ko:K00240
cmj:AFK66_013580	ko:K00239
cmj:AFK66_013585	ko:K00242
cmj:AFK66_013590	ko:K00241
cmj:AFK66_013595	ko:K01647
cmj:AFK66_013600	ko:K05522
cmj:AFK66_013625	ko:K07160
cmj:AFK66_013630	ko:K23124
cmj:AFK66_013635	ko:K23123
cmj:AFK66_013645	ko:K01669
cmj:AFK66_013660	ko:K01546
cmj:AFK66_013665	ko:K01547
cmj:AFK66_013670	ko:K01548
cmj:AFK66_013675	ko:K07646
cmj:AFK66_013680	ko:K07667
cmj:AFK66_013685	ko:K01581
cmj:AFK66_013690	ko:K03756
cmj:AFK66_013695	ko:K01835
cmj:AFK66_013700	ko:K03645
cmj:AFK66_013705	ko:K01175
cmj:AFK66_013715	ko:K03839
cmj:AFK66_013720	ko:K03711
cmj:AFK66_013730	ko:K12373
cmj:AFK66_013740	ko:K01886
cmj:AFK66_013750	ko:K02804
cmj:AFK66_013755	ko:K02564
cmj:AFK66_013760	ko:K01443
cmj:AFK66_013765	ko:K02565
cmj:AFK66_013770	ko:K02566
cmj:AFK66_013775	ko:K01953
cmj:AFK66_013780	ko:K14230
cmj:AFK66_013785	ko:K14228
cmj:AFK66_013790	ko:K14223
cmj:AFK66_013795	ko:K14223
cmj:AFK66_013800	ko:K14230
cmj:AFK66_013805	ko:K14223
cmj:AFK66_013810	ko:K14223
cmj:AFK66_013815	ko:K03184
cmj:AFK66_013820	ko:K06168
cmj:AFK66_013825	ko:K06217
cmj:AFK66_013830	ko:K07042
cmj:AFK66_013835	ko:K06189
cmj:AFK66_013840	ko:K03820
cmj:AFK66_013845	ko:K10001
cmj:AFK66_013850	ko:K10003
cmj:AFK66_013855	ko:K10002
cmj:AFK66_013860	ko:K10004
cmj:AFK66_013870	ko:K01869
cmj:AFK66_013875	ko:K03643
cmj:AFK66_013880	ko:K02340
cmj:AFK66_013885	ko:K00969
cmj:AFK66_013890	ko:K09710
cmj:AFK66_013895	ko:K00783
cmj:AFK66_013900	ko:K05515
cmj:AFK66_013905	ko:K05837
cmj:AFK66_013910	ko:K03642
cmj:AFK66_013915	ko:K07258
cmj:AFK66_013920	ko:K09158
cmj:AFK66_013925	ko:K03801
cmj:AFK66_013935	ko:K03644
cmj:AFK66_013940	ko:K03425
cmj:AFK66_013945	ko:K11206
cmj:AFK66_013950	ko:K06199
cmj:AFK66_013955	ko:K03704
cmj:AFK66_013960	ko:K12973
cmj:AFK66_013970	ko:K03326
cmj:AFK66_013975	ko:K01169
cmj:AFK66_013985	ko:K01187
cmj:AFK66_013990	ko:K26289
cmj:AFK66_013995	ko:K10111
cmj:AFK66_014000	ko:K10238
cmj:AFK66_014005	ko:K10237
cmj:AFK66_014010	ko:K10236
cmj:AFK66_014015	ko:K03299
cmj:AFK66_014020	ko:K06140
cmj:AFK66_014030	ko:K11932
cmj:AFK66_014035	ko:K03387
cmj:AFK66_014040	ko:K24119
cmj:AFK66_014050	ko:K14287
cmj:AFK66_014055	ko:K08964
cmj:AFK66_014060	ko:K09880
cmj:AFK66_014065	ko:K08967
cmj:AFK66_014070	ko:K02364
cmj:AFK66_014080	ko:K07214
cmj:AFK66_014085	ko:K19611
cmj:AFK66_014090	ko:K02362
cmj:AFK66_014100	ko:K06048
cmj:AFK66_014160	ko:K08987
cmj:AFK66_014205	ko:K14219
cmj:AFK66_014210	ko:K01491
cmj:AFK66_014215	ko:K14761
cmj:AFK66_014225	ko:K20118
cmj:AFK66_014230	ko:K16136
cmj:AFK66_014235	ko:K01883
cmj:AFK66_014240	ko:K03768
cmj:AFK66_014245	ko:K03269
cmj:AFK66_014250	ko:K01588
cmj:AFK66_014255	ko:K01589
cmj:AFK66_014260	ko:K01758
cmj:AFK66_014265	ko:K01697
cmj:AFK66_014270	ko:K06917
cmj:AFK66_014275	ko:K02004
cmj:AFK66_014280	ko:K02003
cmj:AFK66_014285	ko:K10804
cmj:AFK66_014295	ko:K05838
cmj:AFK66_014305	ko:K07340
cmj:AFK66_014320	ko:K19591
cmj:AFK66_014330	ko:K17686
cmj:AFK66_014335	ko:K09973
cmj:AFK66_014340	ko:K03976
cmj:AFK66_014345	ko:K11751
cmj:AFK66_014350	ko:K26735
cmj:AFK66_014355	ko:K00892
cmj:AFK66_014360	ko:K01772
cmj:AFK66_014365	ko:K00865
cmj:AFK66_014370	ko:K03299
cmj:AFK66_014375	ko:K02647
cmj:AFK66_014380	ko:K00939
cmj:AFK66_014385	ko:K04079
cmj:AFK66_014390	ko:K06187
cmj:AFK66_014395	ko:K07345
cmj:AFK66_014405	ko:K07347
cmj:AFK66_014410	ko:K07346
cmj:AFK66_014415	ko:K07345
cmj:AFK66_014420	ko:K09747
cmj:AFK66_014425	ko:K02343
cmj:AFK66_014430	ko:K00759
cmj:AFK66_014435	ko:K09790
cmj:AFK66_014440	ko:K04067
cmj:AFK66_014445	ko:K05802
cmj:AFK66_014450	ko:K03577
cmj:AFK66_014455	ko:K03585
cmj:AFK66_014460	ko:K18138
cmj:AFK66_014465	ko:K19162
cmj:AFK66_014470	ko:K05839
cmj:AFK66_014475	ko:K00661
cmj:AFK66_014485	ko:K02909
cmj:AFK66_014490	ko:K03406
cmj:AFK66_014500	ko:K02073
cmj:AFK66_014510	ko:K02072
cmj:AFK66_014515	ko:K26148
cmj:AFK66_014555	ko:K07012
cmj:AFK66_014560	ko:K07443
cmj:AFK66_014565	ko:K09914
cmj:AFK66_014570	ko:K10805
cmj:AFK66_014575	ko:K03320
cmj:AFK66_014580	ko:K04752
cmj:AFK66_014585	ko:K18890
cmj:AFK66_014590	ko:K18889
cmj:AFK66_014595	ko:K05800
cmj:AFK66_014600	ko:K28981
cmj:AFK66_014615	ko:K11938
cmj:AFK66_014625	ko:K06920
cmj:AFK66_014635	ko:K12500
cmj:AFK66_014640	ko:K02237
cmj:AFK66_014645	ko:K03770
cmj:AFK66_014650	ko:K03530
cmj:AFK66_014655	ko:K01338
cmj:AFK66_014660	ko:K03544
cmj:AFK66_014665	ko:K01358
cmj:AFK66_014670	ko:K03545
cmj:AFK66_014675	ko:K05527
cmj:AFK66_014680	ko:K07286
cmj:AFK66_014685	ko:K08218
cmj:AFK66_014695	ko:K04045
cmj:AFK66_014700	ko:K02297
cmj:AFK66_014705	ko:K02298
cmj:AFK66_014710	ko:K02299
cmj:AFK66_014715	ko:K02300
cmj:AFK66_014720	ko:K02257
cmj:AFK66_014730	ko:K09767
cmj:AFK66_014735	ko:K00077
cmj:AFK66_014740	ko:K03152
cmj:AFK66_014745	ko:K03151
cmj:AFK66_014750	ko:K03602
cmj:AFK66_014755	ko:K00795
cmj:AFK66_014760	ko:K01662
cmj:AFK66_014765	ko:K23107
cmj:AFK66_014770	ko:K01095
cmj:AFK66_014775	ko:K00946
cmj:AFK66_014780	ko:K03625
cmj:AFK66_014785	ko:K00794
cmj:AFK66_014790	ko:K11752
cmj:AFK66_014795	ko:K07738
cmj:AFK66_014805	ko:K05517
cmj:AFK66_014810	ko:K03074
cmj:AFK66_014815	ko:K03072
cmj:AFK66_014820	ko:K03210
cmj:AFK66_014825	ko:K00773
cmj:AFK66_014830	ko:K07568
cmj:AFK66_014835	ko:K08682
cmj:AFK66_014850	ko:K01187
cmj:AFK66_014855	ko:K11736
cmj:AFK66_014860	ko:K03311
cmj:AFK66_014865	ko:K07636
cmj:AFK66_014870	ko:K07657
cmj:AFK66_014875	ko:K03547
cmj:AFK66_014880	ko:K03546
cmj:AFK66_014885	ko:K00847
cmj:AFK66_014890	ko:K03554
cmj:AFK66_014895	ko:K09913
cmj:AFK66_014900	ko:K14591
cmj:AFK66_014910	ko:K00891
cmj:AFK66_014915	ko:K09945
cmj:AFK66_014920	ko:K09768
cmj:AFK66_014935	ko:K00286
cmj:AFK66_014940	ko:K02100
cmj:AFK66_014950	ko:K08161
cmj:AFK66_014960	ko:K01921
cmj:AFK66_014980	ko:K17938
cmj:AFK66_014990	ko:K18988
cmj:AFK66_015015	ko:K01698
cmj:AFK66_015030	ko:K03119
cmj:AFK66_015035	ko:K15552
cmj:AFK66_015040	ko:K10831
cmj:AFK66_015045	ko:K15551
cmj:AFK66_015050	ko:K00547
cmj:AFK66_015055	ko:K16235
cmj:AFK66_015060	ko:K00123
cmj:AFK66_015070	ko:K00425
cmj:AFK66_015075	ko:K00426
cmj:AFK66_015085	ko:K06916
cmj:AFK66_015090	ko:K12974
cmj:AFK66_015120	ko:K01673
cmj:AFK66_015140	ko:K09936
cmj:AFK66_015145	ko:K09936
cmj:AFK66_015155	ko:K13727
cmj:AFK66_015180	ko:K02073
cmj:AFK66_015185	ko:K02072
cmj:AFK66_015190	ko:K02071
cmj:AFK66_015200	ko:K07093
cmj:AFK66_015265	ko:K00027
cmj:AFK66_015270	ko:K02532
cmj:AFK66_015275	ko:K01190
cmj:AFK66_015280	ko:K27069
cmj:AFK66_015305	ko:K00134
cmj:AFK66_015335	ko:K01273
cmj:AFK66_015340	ko:K06136
cmj:AFK66_015345	ko:K06137
cmj:AFK66_015350	ko:K06138
cmj:AFK66_015355	ko:K06139
cmj:AFK66_015365	ko:K12368
cmj:AFK66_015370	ko:K01258
cmj:AFK66_015415	ko:K14234
cmj:AFK66_015420	ko:K00147
cmj:AFK66_015425	ko:K00931
cmj:AFK66_015430	ko:K11929
cmj:AFK66_015435	ko:K11926
cmj:AFK66_015440	ko:K11750
cmj:AFK66_015445	ko:K00769
cmj:AFK66_015450	ko:K01270
cmj:AFK66_015455	ko:K02346
cmj:AFK66_015460	ko:K28919
cmj:AFK66_015470	ko:K03271
cmj:AFK66_015475	ko:K06445
cmj:AFK66_015480	ko:K13566
cmj:AFK66_015490	ko:K14221
cmj:AFK66_015495	ko:K02342
cmj:AFK66_015500	ko:K03469
cmj:AFK66_015510	ko:K01069
cmj:AFK66_015515	ko:K08307
cmj:AFK66_015535	ko:K06222
cmj:AFK66_015540	ko:K14221
cmj:AFK66_015545	ko:K01985
cmj:AFK66_015550	ko:K01980
cmj:AFK66_015555	ko:K14224
cmj:AFK66_015565	ko:K03273
cmj:AFK66_015570	ko:K02071
cmj:AFK66_015575	ko:K02072
cmj:AFK66_015580	ko:K02073
cmj:AFK66_015585	ko:K06080
cmj:AFK66_015590	ko:K22900
cmj:AFK66_015595	ko:K01881
cmj:AFK66_015600	ko:K06079
cmj:AFK66_015605	ko:K15034
cmj:AFK66_015620	ko:K19000
cmj:AFK66_015630	ko:K04075
cmj:AFK66_015635	ko:K08234
cmj:AFK66_015640	ko:K01582
cmj:AFK66_015650	ko:K01962
cmj:AFK66_015655	ko:K02337
cmj:AFK66_015660	ko:K03470
cmj:AFK66_015665	ko:K00748
cmj:AFK66_015670	ko:K00677
cmj:AFK66_015675	ko:K02372
cmj:AFK66_015680	ko:K02536
cmj:AFK66_015685	ko:K06142
cmj:AFK66_015690	ko:K07277
cmj:AFK66_015695	ko:K11749
cmj:AFK66_015700	ko:K00981
cmj:AFK66_015705	ko:K00806
cmj:AFK66_015710	ko:K00099
cmj:AFK66_015715	ko:K02838
cmj:AFK66_015720	ko:K09903
cmj:AFK66_015725	ko:K02357
cmj:AFK66_015730	ko:K02967
cmj:AFK66_015735	ko:K01265
cmj:AFK66_015740	ko:K00990
cmj:AFK66_015745	ko:K00674
cmj:AFK66_015755	ko:K04771
cmj:AFK66_015760	ko:K01129
cmj:AFK66_015765	ko:K01243
cmj:AFK66_015770	ko:K06858
cmj:AFK66_015780	ko:K15724
cmj:AFK66_015785	ko:K03281
cmj:AFK66_015790	ko:K01845
cmj:AFK66_015795	ko:K23228
cmj:AFK66_015800	ko:K23227
cmj:AFK66_015805	ko:K10829
cmj:AFK66_015810	ko:K02014
cmj:AFK66_015815	ko:K05365
cmj:AFK66_015820	ko:K03579
cmj:AFK66_015825	ko:K01975
cmj:AFK66_015830	ko:K06206
cmj:AFK66_015835	ko:K06204
cmj:AFK66_015840	ko:K01894
cmj:AFK66_015845	ko:K00970
cmj:AFK66_015850	ko:K00950
cmj:AFK66_015855	ko:K00606
cmj:AFK66_015860	ko:K01918
cmj:AFK66_015865	ko:K01579
cmj:AFK66_015875	ko:K01992
cmj:AFK66_015880	ko:K01990
cmj:AFK66_015885	ko:K01673
cmj:AFK66_015890	ko:K00760
cmj:AFK66_015895	ko:K00117
cmj:AFK66_015900	ko:K14588
cmj:AFK66_015910	ko:K00797
cmj:AFK66_015915	ko:K01611
cmj:AFK66_015920	ko:K09910
cmj:AFK66_015930	ko:K01682
cmj:AFK66_015950	ko:K00382
cmj:AFK66_015955	ko:K00627
cmj:AFK66_015960	ko:K00163
cmj:AFK66_015965	ko:K05799
cmj:AFK66_015970	ko:K11734
cmj:AFK66_015975	ko:K03292
cmj:AFK66_015985	ko:K03807
cmj:AFK66_015990	ko:K03806
cmj:AFK66_015995	ko:K00767
cmj:AFK66_016060	ko:K02505
cmj:AFK66_016065	ko:K00364
cmj:AFK66_016070	ko:K00859
cmj:AFK66_016075	ko:K18778
cmj:AFK66_016080	ko:K09862
cmj:AFK66_016085	ko:K03574
cmj:AFK66_016090	ko:K03070
cmj:AFK66_016095	ko:K13301
cmj:AFK66_016100	ko:K02535
cmj:AFK66_016105	ko:K03531
cmj:AFK66_016110	ko:K03590
cmj:AFK66_016115	ko:K03589
cmj:AFK66_016120	ko:K01921
cmj:AFK66_016125	ko:K01924
cmj:AFK66_016130	ko:K02563
cmj:AFK66_016135	ko:K03588
cmj:AFK66_016140	ko:K01925
cmj:AFK66_016145	ko:K01000
cmj:AFK66_016150	ko:K01929
cmj:AFK66_016155	ko:K01928
cmj:AFK66_016160	ko:K03587
cmj:AFK66_016165	ko:K03586
cmj:AFK66_016170	ko:K03438
cmj:AFK66_016175	ko:K03925
cmj:AFK66_016180	ko:K03435
cmj:AFK66_016185	ko:K01653
cmj:AFK66_016190	ko:K01652
cmj:AFK66_016205	ko:K01649
cmj:AFK66_016210	ko:K00052
cmj:AFK66_016215	ko:K01703
cmj:AFK66_016220	ko:K01704
cmj:AFK66_016225	ko:K03291
cmj:AFK66_016235	ko:K11925
cmj:AFK66_016240	ko:K02064
cmj:AFK66_016245	ko:K02063
cmj:AFK66_016250	ko:K02062
cmj:AFK66_016260	ko:K02099
cmj:AFK66_016265	ko:K00853
cmj:AFK66_016270	ko:K01804
cmj:AFK66_016275	ko:K03077
cmj:AFK66_016280	ko:K02336
cmj:AFK66_016285	ko:K03580
cmj:AFK66_016290	ko:K06177
cmj:AFK66_016295	ko:K05801
cmj:AFK66_016300	ko:K04744
cmj:AFK66_016305	ko:K03771
cmj:AFK66_016310	ko:K00097
cmj:AFK66_016315	ko:K02528
cmj:AFK66_016320	ko:K06195
cmj:AFK66_016325	ko:K01525
cmj:AFK66_016330	ko:K00287
cmj:AFK66_016335	ko:K05835
cmj:AFK66_016340	ko:K11745
cmj:AFK66_016345	ko:K11746
cmj:AFK66_016360	ko:K01955
cmj:AFK66_016365	ko:K01956
cmj:AFK66_016370	ko:K00215
cmj:AFK66_016410	ko:K12700
cmj:AFK66_016415	ko:K03527
cmj:AFK66_016420	ko:K03774
cmj:AFK66_016425	ko:K03101
cmj:AFK66_016430	ko:K01870
cmj:AFK66_016435	ko:K11753
cmj:AFK66_016440	ko:K02968
cmj:AFK66_016445	ko:K03717
cmj:AFK66_016450	ko:K03313
cmj:AFK66_016485	ko:K03686
cmj:AFK66_016490	ko:K04043
cmj:AFK66_016495	ko:K07034
cmj:AFK66_016500	ko:K03762
cmj:AFK66_016505	ko:K03831
cmj:AFK66_016510	ko:K00616
cmj:AFK66_016515	ko:K03310
cmj:AFK66_016520	ko:K09861
cmj:AFK66_016525	ko:K01733
cmj:AFK66_016530	ko:K00872
cmj:AFK66_016535	ko:K12524
cmj:AFK66_016540	ko:K02533
cmj:AFK66_016545	ko:K07773
cmj:AFK66_016550	ko:K06143
cmj:AFK66_016555	ko:K07641
cmj:AFK66_016560	ko:K07663
cmj:AFK66_016565	ko:K05805
cmj:AFK66_016570	ko:K05804
cmj:AFK66_016575	ko:K15634
cmj:AFK66_016580	ko:K01529
cmj:AFK66_016585	ko:K03720
cmj:AFK66_016590	ko:K08309
cmj:AFK66_016595	ko:K06020
cmj:AFK66_016600	ko:K10107
cmj:AFK66_016610	ko:K07266
cmj:AFK66_016615	ko:K07265
cmj:AFK66_016670	ko:K06211
cmj:AFK66_016675	ko:K04485
cmj:AFK66_016680	ko:K01079
cmj:AFK66_016685	ko:K07186
cmj:AFK66_016690	ko:K03800
cmj:AFK66_016695	ko:K03784
cmj:AFK66_016700	ko:K01839
cmj:AFK66_016705	ko:K00758
cmj:AFK66_016710	ko:K01619
cmj:AFK66_016715	ko:K03317
cmj:AFK66_016720	ko:K03424
cmj:AFK66_016730	ko:K04065
cmj:AFK66_016735	ko:K02837
cmj:AFK66_016740	ko:K08723
cmj:AFK66_016745	ko:K03789
cmj:AFK66_016750	ko:K02344
cmj:AFK66_016755	ko:K00564
cmj:AFK66_016760	ko:K14228
cmj:AFK66_016765	ko:K14228
cmj:AFK66_016770	ko:K14228
cmj:AFK66_016785	ko:K13255
cmj:AFK66_016790	ko:K02761
cmj:AFK66_016800	ko:K22650
cmj:AFK66_016820	ko:K23775
cmj:AFK66_016825	ko:K04063
cmj:AFK66_016830	ko:K02317
cmj:AFK66_016835	ko:K02315
cmj:AFK66_016840	ko:K01002
cmj:AFK66_016855	ko:K05874
cmj:AFK66_016865	ko:K12685
cmj:AFK66_016870	ko:K01485
cmj:AFK66_016875	ko:K10974
cmj:AFK66_016880	ko:K01223
cmj:AFK66_016885	ko:K02753
cmj:AFK66_016890	ko:K03487
cmj:AFK66_016910	ko:K06075
cmj:AFK66_016915	ko:K27069
cmj:AFK66_016920	ko:K02024
cmj:AFK66_016925	ko:K02778
cmj:AFK66_016930	ko:K12308
cmj:AFK66_016935	ko:K01224
cmj:AFK66_016940	ko:K15772
cmj:AFK66_016945	ko:K15771
cmj:AFK66_016950	ko:K15770
cmj:AFK66_016955	ko:K10111
cmj:AFK66_016960	ko:K19048
cmj:AFK66_016985	ko:K00005
cmj:AFK66_017105	ko:K14228
cmj:AFK66_017110	ko:K12957
cmj:AFK66_017120	ko:K28825
cmj:AFK66_017130	ko:K11720
cmj:AFK66_017135	ko:K07091
cmj:AFK66_017140	ko:K01255
cmj:AFK66_017145	ko:K02339
cmj:AFK66_017150	ko:K01873
cmj:AFK66_017160	ko:K03828
cmj:AFK66_017170	ko:K06169
cmj:AFK66_017175	ko:K09893
cmj:AFK66_017180	ko:K00611
cmj:AFK66_017185	ko:K19334
cmj:AFK66_017190	ko:K01478
cmj:AFK66_017195	ko:K00926
cmj:AFK66_017200	ko:K00611
cmj:AFK66_017210	ko:K03402
cmj:AFK66_017215	ko:K00609
cmj:AFK66_017220	ko:K00610
cmj:AFK66_017225	ko:K09022
cmj:AFK66_017415	ko:K07483
cmj:AFK66_017450	ko:K07229
cmj:AFK66_017460	ko:K05875
cmj:AFK66_017465	ko:K03776
cmj:AFK66_017470	ko:K13069
cmj:AFK66_017480	ko:K09251
cmj:AFK66_017485	ko:K00219
cmj:AFK66_017490	ko:K11391
cmj:AFK66_017495	ko:K07043
cmj:AFK66_017515	ko:K07862
cmj:AFK66_017525	ko:K01685
cmj:AFK66_017530	ko:K01812
cmj:AFK66_017535	ko:K08191
cmj:AFK66_017540	ko:K19775
cmj:AFK66_017550	ko:K25864
cmj:AFK66_017620	ko:K15977
cmj:AFK66_017625	ko:K07393
cmj:AFK66_017635	ko:K00847
cmj:AFK66_017640	ko:K16077
cmj:AFK66_017645	ko:K02810
cmj:AFK66_017650	ko:K01193
cmj:AFK66_017655	ko:K03484
cmj:AFK66_017680	ko:K07056
cmj:AFK66_017685	ko:K07121
cmj:AFK66_017690	ko:K07460
cmj:AFK66_017695	ko:K12961
cmj:AFK66_017700	ko:K28369
cmj:AFK66_017705	ko:K07089
cmj:AFK66_017715	ko:K05520
cmj:AFK66_017720	ko:K09979
cmj:AFK66_017725	ko:K07461
cmj:AFK66_017730	ko:K03824
cmj:AFK66_017735	ko:K24843
cmj:AFK66_017740	ko:K24844
cmj:AFK66_017745	ko:K24845
cmj:AFK66_017755	ko:K03835
cmj:AFK66_017760	ko:K05592
cmj:AFK66_017765	ko:K05803
cmj:AFK66_017770	ko:K00962
cmj:AFK66_017775	ko:K02956
cmj:AFK66_017780	ko:K03177
cmj:AFK66_017785	ko:K02834
cmj:AFK66_017790	ko:K02519
cmj:AFK66_017795	ko:K02600
cmj:AFK66_017800	ko:K09748
cmj:AFK66_017805	ko:K14230
cmj:AFK66_017810	ko:K14228
cmj:AFK66_017815	ko:K03075
cmj:AFK66_017820	ko:K03431
cmj:AFK66_017825	ko:K00796
cmj:AFK66_017830	ko:K03798
cmj:AFK66_017835	ko:K02427
cmj:AFK66_017840	ko:K07574
cmj:AFK66_017845	ko:K03624
cmj:AFK66_017850	ko:K07259
cmj:AFK66_017855	ko:K07771
cmj:AFK66_017860	ko:K07643
cmj:AFK66_017865	ko:K03979
cmj:AFK66_017875	ko:K02899
cmj:AFK66_017880	ko:K02888
cmj:AFK66_017885	ko:K02523
cmj:AFK66_017890	ko:K07724
cmj:AFK66_017895	ko:K00790
cmj:AFK66_017905	ko:K07122
cmj:AFK66_017910	ko:K07323
cmj:AFK66_017915	ko:K02067
cmj:AFK66_017920	ko:K02066
cmj:AFK66_017925	ko:K02065
cmj:AFK66_017930	ko:K07301
cmj:AFK66_017935	ko:K06041
cmj:AFK66_017940	ko:K03270
cmj:AFK66_017945	ko:K11719
cmj:AFK66_017950	ko:K09774
cmj:AFK66_017955	ko:K06861
cmj:AFK66_017960	ko:K03092
cmj:AFK66_017965	ko:K05808
cmj:AFK66_017970	ko:K02806
cmj:AFK66_017975	ko:K06958
cmj:AFK66_017980	ko:K08485
cmj:AFK66_017985	ko:K03814
cmj:AFK66_018005	ko:K00266
cmj:AFK66_018010	ko:K00265
cmj:AFK66_018020	ko:K07139
cmj:AFK66_018025	ko:K07648
cmj:AFK66_018065	ko:K03600
cmj:AFK66_018070	ko:K03599
cmj:AFK66_018075	ko:K02996
cmj:AFK66_018080	ko:K02871
cmj:AFK66_018085	ko:K06916
cmj:AFK66_018090	ko:K09908
cmj:AFK66_018095	ko:K04772
cmj:AFK66_018100	ko:K04691
cmj:AFK66_018105	ko:K00024
cmj:AFK66_018110	ko:K03402
cmj:AFK66_018125	ko:K03623
cmj:AFK66_018130	ko:K00135
cmj:AFK66_018135	ko:K03468
cmj:AFK66_018140	ko:K15548
cmj:AFK66_018145	ko:K21695
cmj:AFK66_018150	ko:K21698
cmj:AFK66_018155	ko:K03568
cmj:AFK66_018165	ko:K08301
cmj:AFK66_018170	ko:K06287
cmj:AFK66_018175	ko:K03571
cmj:AFK66_018180	ko:K03570
cmj:AFK66_018185	ko:K03569
cmj:AFK66_018190	ko:K18765
cmj:AFK66_018195	ko:K19745
cmj:AFK66_018200	ko:K07147
cmj:AFK66_018205	ko:K17247
cmj:AFK66_018210	ko:K03786
cmj:AFK66_018215	ko:K02160
cmj:AFK66_018220	ko:K01961
cmj:AFK66_018230	ko:K14392
cmj:AFK66_018235	ko:K02687
cmj:AFK66_018245	ko:K05540
cmj:AFK66_018250	ko:K03557
cmj:AFK66_018255	ko:K21023
cmj:AFK66_018260	ko:K18140
cmj:AFK66_018265	ko:K18141
cmj:AFK66_018270	ko:K18142
cmj:AFK66_018285	ko:K09969
cmj:AFK66_018290	ko:K09970
cmj:AFK66_018295	ko:K09971
cmj:AFK66_018300	ko:K09972
cmj:AFK66_018305	ko:K01985
cmj:AFK66_018310	ko:K14234
cmj:AFK66_018315	ko:K01985
cmj:AFK66_018320	ko:K01980
cmj:AFK66_018325	ko:K14218
cmj:AFK66_018330	ko:K14227
cmj:AFK66_018335	ko:K01977
cmj:AFK66_018340	ko:K00602
cmj:AFK66_018345	ko:K01945
cmj:AFK66_018355	ko:K05787
cmj:AFK66_018360	ko:K09891
cmj:AFK66_018365	ko:K05982
cmj:AFK66_018370	ko:K01599
cmj:AFK66_018375	ko:K03426
cmj:AFK66_018380	ko:K07740
cmj:AFK66_018385	ko:K03147
cmj:AFK66_018390	ko:K00788
cmj:AFK66_018395	ko:K03148
cmj:AFK66_018400	ko:K03154
cmj:AFK66_018405	ko:K03149
cmj:AFK66_018410	ko:K03150
cmj:AFK66_018415	ko:K02760
cmj:AFK66_018420	ko:K02759
cmj:AFK66_018435	ko:K03046
cmj:AFK66_018440	ko:K03043
cmj:AFK66_018445	ko:K02935
cmj:AFK66_018450	ko:K02864
cmj:AFK66_018455	ko:K02863
cmj:AFK66_018460	ko:K02867
cmj:AFK66_018465	ko:K02601
cmj:AFK66_018470	ko:K03073
cmj:AFK66_018475	ko:K02358
cmj:AFK66_018480	ko:K14234
cmj:AFK66_018485	ko:K14225
cmj:AFK66_018490	ko:K14236
cmj:AFK66_018495	ko:K14234
cmj:AFK66_018500	ko:K00867
cmj:AFK66_018505	ko:K03524
cmj:AFK66_018510	ko:K00075
cmj:AFK66_018515	ko:K01985
cmj:AFK66_018520	ko:K01980
cmj:AFK66_018525	ko:K14224
cmj:AFK66_018530	ko:K01977
cmj:AFK66_018535	ko:K00230
cmj:AFK66_018540	ko:K03498
cmj:AFK66_018550	ko:K01271
cmj:AFK66_018555	ko:K01825
cmj:AFK66_018560	ko:K00632
cmj:AFK66_018570	ko:K05368
cmj:AFK66_018575	ko:K03182
cmj:AFK66_018580	ko:K05785
cmj:AFK66_018590	ko:K03424
cmj:AFK66_018595	ko:K03118
cmj:AFK66_018600	ko:K03117
cmj:AFK66_018605	ko:K03116
cmj:AFK66_018610	ko:K03688
cmj:AFK66_018615	ko:K03690
cmj:AFK66_018620	ko:K03183
cmj:AFK66_018625	ko:K09760
cmj:AFK66_018630	ko:K00757
cmj:AFK66_018635	ko:K01061
cmj:AFK66_018640	ko:K00549
cmj:AFK66_018645	ko:K03576
cmj:AFK66_018655	ko:K28854
cmj:AFK66_018660	ko:K01048
cmj:AFK66_018665	ko:K05834
cmj:AFK66_018670	ko:K05835
cmj:AFK66_018675	ko:K03654
cmj:AFK66_018680	ko:K01058
cmj:AFK66_018685	ko:K01073
cmj:AFK66_018690	ko:K05786
cmj:AFK66_018705	ko:K03284
cmj:AFK66_018710	ko:K03657
cmj:AFK66_018715	ko:K20862
cmj:AFK66_018720	ko:K03733
cmj:AFK66_018725	ko:K09921
cmj:AFK66_018730	ko:K01778
cmj:AFK66_018740	ko:K06202
cmj:AFK66_018745	ko:K05851
cmj:AFK66_018750	ko:K01749
cmj:AFK66_018755	ko:K01719
cmj:AFK66_018760	ko:K02496
cmj:AFK66_018765	ko:K02498
cmj:AFK66_018780	ko:K14232
cmj:AFK66_018785	ko:K14228
cmj:AFK66_018790	ko:K14226
cmj:AFK66_018795	ko:K14219
cmj:AFK66_018800	ko:K03293
cmj:AFK66_018805	ko:K02852
cmj:AFK66_018810	ko:K02853
cmj:AFK66_018815	ko:K12582
cmj:AFK66_018820	ko:K16693
cmj:AFK66_018825	ko:K02805
cmj:AFK66_018830	ko:K16704
cmj:AFK66_018835	ko:K02472
cmj:AFK66_018840	ko:K01791
cmj:AFK66_018845	ko:K05790
cmj:AFK66_018850	ko:K02851
cmj:AFK66_018855	ko:K03628
cmj:AFK66_018860	ko:K03671
cmj:AFK66_018865	ko:K03732
cmj:AFK66_018870	ko:K01524
cmj:AFK66_018875	ko:K03656
cmj:AFK66_018880	ko:K03769
cmj:AFK66_018885	ko:K00053
cmj:AFK66_018890	ko:K02521
cmj:AFK66_018895	ko:K01754
cmj:AFK66_018900	ko:K01687
cmj:AFK66_018905	ko:K00826
cmj:AFK66_018910	ko:K11258
cmj:AFK66_018915	ko:K01652
cmj:AFK66_018920	ko:K07391
cmj:AFK66_018925	ko:K09897
cmj:AFK66_018930	ko:K23773
cmj:AFK66_018935	ko:K14235
cmj:AFK66_018940	ko:K14221
cmj:AFK66_018945	ko:K01985
cmj:AFK66_018950	ko:K01980
cmj:AFK66_018955	ko:K14224
cmj:AFK66_018960	ko:K01977
cmj:AFK66_018965	ko:K01776
cmj:AFK66_018970	ko:K16092
cmj:AFK66_018980	ko:K00557
cmj:AFK66_018990	ko:K22105
cmj:AFK66_018995	ko:K00322
cmj:AFK66_019000	ko:K04761
cmj:AFK66_019005	ko:K01755
cmj:AFK66_019010	ko:K01940
cmj:AFK66_019015	ko:K00930
cmj:AFK66_019020	ko:K00145
cmj:AFK66_019025	ko:K01438
cmj:AFK66_019030	ko:K01595
cmj:AFK66_019035	ko:K07345
cmj:AFK66_019040	ko:K07347
cmj:AFK66_019045	ko:K15540
cmj:AFK66_019050	ko:K07345
cmj:AFK66_019055	ko:K00116
cmj:AFK66_019060	ko:K03406
cmj:AFK66_019065	ko:K00297
cmj:AFK66_019070	ko:K12525
cmj:AFK66_019075	ko:K01739
cmj:AFK66_019080	ko:K03764
cmj:AFK66_019085	ko:K02909
cmj:AFK66_019090	ko:K04066
cmj:AFK66_019095	ko:K05499
cmj:AFK66_019100	ko:K03591
cmj:AFK66_019105	ko:K01419
cmj:AFK66_019110	ko:K03667
cmj:AFK66_019115	ko:K02548
cmj:AFK66_019120	ko:K02553
cmj:AFK66_019125	ko:K09892
cmj:AFK66_019130	ko:K02440
cmj:AFK66_019135	ko:K00864
cmj:AFK66_019140	ko:K14762
cmj:AFK66_019155	ko:K00427
cmj:AFK66_019160	ko:K14348
cmj:AFK66_019165	ko:K29125
cmj:AFK66_019175	ko:K04564
cmj:AFK66_019180	ko:K02856
cmj:AFK66_019185	ko:K02854
cmj:AFK66_019190	ko:K02855
cmj:AFK66_019195	ko:K00848
cmj:AFK66_019200	ko:K01813
cmj:AFK66_019205	ko:K01629
cmj:AFK66_019215	ko:K03534
cmj:AFK66_019220	ko:K02532
cmj:AFK66_019225	ko:K07407
cmj:AFK66_019230	ko:K02529
cmj:AFK66_019240	ko:K26605
cmj:AFK66_019245	ko:K26606
cmj:AFK66_019255	ko:K02379
cmj:AFK66_019260	ko:K00123
cmj:AFK66_019265	ko:K00123
cmj:AFK66_019270	ko:K00124
cmj:AFK66_019275	ko:K00127
cmj:AFK66_019280	ko:K02380
cmj:AFK66_019310	ko:K18673
cmj:AFK66_019315	ko:K13954
cmj:AFK66_019320	ko:K03833
cmj:AFK66_019325	ko:K01042
cmj:AFK66_019335	ko:K02800
cmj:AFK66_019340	ko:K00009
cmj:AFK66_019345	ko:K02562
cmj:AFK66_019350	ko:K02446
cmj:AFK66_019355	ko:K00528
cmj:AFK66_019370	ko:K01803
cmj:AFK66_019405	ko:K11904
cmj:AFK66_019475	ko:K06867
cmj:AFK66_019490	ko:K11907
cmj:AFK66_019500	ko:K11895
cmj:AFK66_019505	ko:K11896
cmj:AFK66_019510	ko:K11897
cmj:AFK66_019515	ko:K11898
cmj:AFK66_019525	ko:K20074
cmj:AFK66_019530	ko:K07169
cmj:AFK66_019545	ko:K11903
cmj:AFK66_019565	ko:K11900
cmj:AFK66_019570	ko:K11901
cmj:AFK66_019575	ko:K11902
cmj:AFK66_019580	ko:K11890
cmj:AFK66_019585	ko:K11891
cmj:AFK66_019590	ko:K11892
cmj:AFK66_019595	ko:K11893
cmj:AFK66_019600	ko:K11906
cmj:AFK66_019615	ko:K19148
cmj:AFK66_019625	ko:K08154
cmj:AFK66_019640	ko:K00389
cmj:AFK66_019645	ko:K01232
cmj:AFK66_019650	ko:K02750
cmj:AFK66_019655	ko:K03482
cmj:AFK66_019660	ko:K04081
cmj:AFK66_019665	ko:K04080
cmj:AFK66_019690	ko:K08194
cmj:AFK66_019695	ko:K01684
cmj:AFK66_019700	ko:K01631
cmj:AFK66_019705	ko:K00883
cmj:AFK66_019710	ko:K19776
cmj:AFK66_019715	ko:K18921
cmj:AFK66_019725	ko:K02470
cmj:AFK66_019730	ko:K03629
cmj:AFK66_019735	ko:K02338
cmj:AFK66_019740	ko:K02313
cmj:AFK66_019745	ko:K03536
cmj:AFK66_019750	ko:K03217
cmj:AFK66_019755	ko:K03650
cmj:AFK66_019775	ko:K26606
cmj:AFK66_019780	ko:K26605
cmj:AFK66_019805	ko:K19784
cmj:AFK66_019810	ko:K06901
cmj:AFK66_019825	ko:K02039
cmj:AFK66_019830	ko:K02036
cmj:AFK66_019835	ko:K02038
cmj:AFK66_019840	ko:K02037
cmj:AFK66_019845	ko:K02040
cmj:AFK66_019860	ko:K00820
cmj:AFK66_019865	ko:K04042
cmj:AFK66_019870	ko:K02114
cmj:AFK66_019875	ko:K02112
cmj:AFK66_019880	ko:K02115
cmj:AFK66_019885	ko:K02111
cmj:AFK66_019890	ko:K02113
cmj:AFK66_019895	ko:K02109
cmj:AFK66_019900	ko:K02110
cmj:AFK66_019905	ko:K02108
cmj:AFK66_019910	ko:K02116
cmj:AFK66_019915	ko:K03501
cmj:AFK66_019920	ko:K03495
cmj:AFK66_019925	ko:K01978
cmj:AFK66_019970	ko:K03805
cmj:AFK66_019975	ko:K08344
cmj:AFK66_020005	ko:K02013
cmj:AFK66_020010	ko:K02015
cmj:AFK66_020015	ko:K02016
cmj:AFK66_020020	ko:K08162
cmj:AFK66_020070	ko:K01487
cmj:AFK66_020075	ko:K00799
cmj:AFK66_020085	ko:K03406
cmj:AFK66_020095	ko:K03837
cmj:AFK66_020100	ko:K01531
cmj:AFK66_020160	ko:K01214
cmj:AFK66_020165	ko:K06044
cmj:AFK66_020170	ko:K01236
cmj:AFK66_020175	ko:K07154
cmj:AFK66_020180	ko:K15773
cmj:AFK66_020195	ko:K03894
cmj:AFK66_020200	ko:K03896
cmj:AFK66_020205	ko:K03895
cmj:AFK66_020210	ko:K03897
cmj:AFK66_020215	ko:K02014
cmj:AFK66_020225	ko:K03497
cmj:AFK66_020230	ko:K03496
cmj:AFK66_020240	ko:K07326
cmj:AFK66_020250	ko:K00537
cmj:AFK66_020255	ko:K03893
cmj:AFK66_020260	ko:K01551
cmj:AFK66_020265	ko:K03892
cmj:AFK66_020290	ko:K18829
cmj:AFK66_020295	ko:K18828
cmj:AFK66_020335	ko:K07245
cmj:AFK66_020340	ko:K07451
cmj:AFK66_020355	ko:K07644
cmj:AFK66_020360	ko:K07665
cmj:AFK66_020365	ko:K07796
cmj:AFK66_020370	ko:K07810
cmj:AFK66_020375	ko:K07798
cmj:AFK66_020380	ko:K07787
cmj:AFK66_020390	ko:K23254
cmj:AFK66_020415	ko:K07233
cmj:AFK66_020420	ko:K07156
cmj:AFK66_020440	ko:K00697
cmj:AFK66_020480	ko:K26148
cmj:AFK66_020485	ko:K13631
cmj:AFK66_020490	ko:K13639
cmj:AFK66_020495	ko:K00799
cmj:AFK66_020500	ko:K06901
cmj:AFK66_020505	ko:K24163
cmj:AFK66_020515	ko:K14393
cmj:AFK66_020525	ko:K01895
cmj:AFK66_020540	ko:K12518
cmj:AFK66_020545	ko:K12519
cmj:AFK66_020570	ko:K02759
cmj:AFK66_020575	ko:K02761
cmj:AFK66_020580	ko:K02760
cmj:AFK66_020590	ko:K08984
cmj:AFK66_020595	ko:K11904
cmj:AFK66_020630	ko:K14231
cmj:AFK66_020635	ko:K07150
cmj:AFK66_020640	ko:K01581
cmj:AFK66_020645	ko:K07702
cmj:AFK66_020650	ko:K07700
cmj:AFK66_020665	ko:K01910
cmj:AFK66_020670	ko:K01646
cmj:AFK66_020680	ko:K05964
cmj:AFK66_020695	ko:K08306
cmj:AFK66_020705	ko:K03575
cmj:AFK66_020710	ko:K03439
cmj:AFK66_020715	ko:K09923
cmj:AFK66_020745	ko:K23676
cmj:AFK66_020750	ko:K05875
cmj:AFK66_020755	ko:K15746
cmj:AFK66_020760	ko:K02291
cmj:AFK66_020765	ko:K10027
cmj:AFK66_020770	ko:K06443
cmj:AFK66_020775	ko:K14596
cmj:AFK66_020780	ko:K01823
cmj:AFK66_020785	ko:K13789
cmj:AFK66_020795	ko:K07109
cmj:AFK66_020805	ko:K13929
cmj:AFK66_020810	ko:K13930
cmj:AFK66_020815	ko:K13931
cmj:AFK66_020820	ko:K13932
cmj:AFK66_020825	ko:K13933
cmj:AFK66_020830	ko:K13936
cmj:AFK66_020835	ko:K13934
cmj:AFK66_020840	ko:K13935
cmj:AFK66_020845	ko:K13928
cmj:AFK66_020850	ko:K28358
cmj:AFK66_020935	ko:K02030
cmj:AFK66_020940	ko:K14219
cmj:AFK66_020950	ko:K07107
cmj:AFK66_020985	ko:K06867
cmj:AFK66_021055	ko:K00558
cmj:AFK66_021075	ko:K03497
cmj:AFK66_021085	ko:K15035
cmj:AFK66_021090	ko:K20276
cmj:AFK66_021200	ko:K17680
cmj:AFK66_021235	ko:K01160
cmj:AFK66_021265	ko:K01185
cmj:AFK66_021365	ko:K20534
cmj:AFK66_021395	ko:K08995
cmj:AFK66_021445	ko:K14060
cmj:AFK66_021485	ko:K07265
cmj:AFK66_021530	ko:K14220
cmj:AFK66_021535	ko:K19338
cmj:AFK66_021540	ko:K13635
cmj:AFK66_021545	ko:K08172
cmj:AFK66_021550	ko:K14220
cmj:AFK66_021555	ko:K09933
cmj:AFK66_021560	ko:K14233
cmj:AFK66_021590	ko:K14062
cmj:AFK66_021595	ko:K06950
cmj:AFK66_021600	ko:K00558
cmj:AFK66_021605	ko:K07458
cmj:AFK66_021615	ko:K09781
cmj:AFK66_021625	ko:K21085
cmj:AFK66_021630	ko:K07026
cmj:AFK66_021645	ko:K07781
cmj:AFK66_021650	ko:K02421
cmj:AFK66_021655	ko:K02420
cmj:AFK66_021660	ko:K02419
cmj:AFK66_021665	ko:K02418
cmj:AFK66_021670	ko:K02417
cmj:AFK66_021675	ko:K02416
cmj:AFK66_021680	ko:K02415
cmj:AFK66_021685	ko:K02414
cmj:AFK66_021690	ko:K02413
cmj:AFK66_021695	ko:K02412
cmj:AFK66_021700	ko:K02411
cmj:AFK66_021705	ko:K02410
cmj:AFK66_021710	ko:K02409
cmj:AFK66_021715	ko:K02408
cmj:AFK66_021720	ko:K14059
cmj:AFK66_021750	ko:K03791
cmj:AFK66_021755	ko:K14744
cmj:AFK66_021770	ko:K07451
cmj:AFK66_021815	ko:K03503
cmj:AFK66_021820	ko:K03502
cmj:AFK66_021870	ko:K00059
cmj:AFK66_021875	ko:K00059
cmj:AFK66_021885	ko:K01897
cmj:AFK66_021905	ko:K07313
cmj:AFK66_021950	ko:K03111
cmj:AFK66_021985	ko:K17680
cmj:AFK66_022060	ko:K01185
cmj:AFK66_022090	ko:K06909
cmj:AFK66_022105	ko:K09961
cmj:AFK66_022200	ko:K20534
cmj:AFK66_022215	ko:K00799
cmj:AFK66_022225	ko:K03566
cmj:AFK66_022235	ko:K03449
cmj:AFK66_022255	ko:K14236
cmj:AFK66_022275	ko:K07491
cmj:AFK66_022315	ko:K11904
cmj:AFK66_022395	ko:K18518
cmj:AFK66_022405	ko:K05876
cmj:AFK66_022435	ko:K18325
cmj:AFK66_022445	ko:K04336
cmj:AFK66_022450	ko:K04334
cmj:AFK66_022455	ko:K04335
cmj:AFK66_022460	ko:K04333
cmj:AFK66_022465	ko:K04337
cmj:AFK66_022470	ko:K04338
cmj:AFK66_022475	ko:K06214
cmj:AFK66_022490	ko:K04477
cmj:AFK66_022495	ko:K12972
cmj:AFK66_022505	ko:K07347
cmj:AFK66_022510	ko:K07346
cmj:AFK66_022515	ko:K07345
cmj:AFK66_022535	ko:K14233
cmj:AFK66_022550	ko:K09996
cmj:AFK66_022590	ko:K00424
cmj:AFK66_022595	ko:K11897
cmj:AFK66_022610	ko:K01983
cmj:AFK66_022615	ko:K09951
cmj:AFK66_022620	ko:K15342
cmj:AFK66_022625	ko:K19126
cmj:AFK66_022630	ko:K19125
cmj:AFK66_022635	ko:K19124
cmj:AFK66_022640	ko:K19046
cmj:AFK66_022645	ko:K19123
cmj:AFK66_022650	ko:K05358
cmj:AFK66_022705	ko:K14234
cmj:AFK66_022725	ko:K07483
cmj:AFK66_022750	ko:K13993
cmj:AFK66_022755	ko:K03696
cmj:AFK66_022765	ko:K03798
cmj:AFK66_022770	ko:K13993
cmj:AFK66_022795	ko:K03672
cmj:AFK66_022800	ko:K03455
cmj:AFK66_022810	ko:K03799
cmj:AFK66_022820	ko:K07481
cmj:AFK66_022825	ko:K07497
cmj:AFK66_022890	ko:K02839
cmj:AFK66_022895	ko:K18148
cmj:AFK66_022900	ko:K02682
cmj:AFK66_022960	ko:K05798
cmj:AFK66_022970	ko:K09689
cmj:AFK66_022975	ko:K09688
cmj:AFK66_023000	ko:K00558
cmj:AFK66_023045	ko:K01185
cmj:AFK66_023085	ko:K01674
cmj:AFK66_023090	ko:K01977
cmj:AFK66_023105	ko:K00973
cmj:AFK66_023110	ko:K01710
cmj:AFK66_023115	ko:K14218
cmj:AFK66_023120	ko:K14227
cmj:AFK66_023140	ko:K02847
cmj:AFK66_023145	ko:K02840
cmj:AFK66_023155	ko:K02849
cmj:AFK66_023160	ko:K02844
cmj:AFK66_023170	ko:K19354
cmj:AFK66_023185	ko:K07347
cmj:AFK66_023225	ko:K01985
cmj:AFK66_023230	ko:K01980
cmj:AFK66_023235	ko:K11904
cmj:AFK66_023265	ko:K11904
cmj:AFK66_023350	ko:K07726
cmj:AFK66_023410	ko:K21137
cmj:AFK66_023415	ko:K21134
cmj:AFK66_023430	ko:K03826
cmj:AFK66_023445	ko:K03288
cmj:AFK66_023450	ko:K02020
cmj:AFK66_023475	ko:K03651
cmj:AFK66_023480	ko:K21976
cmj:AFK66_023485	ko:K21975
cmj:AFK66_023490	ko:K21974
cmj:AFK66_023495	ko:K21973
cmj:AFK66_023500	ko:K21972
cmj:AFK66_023505	ko:K05875
cmj:AFK66_023540	ko:K00433
cmj:AFK66_023545	ko:K02757
cmj:AFK66_023550	ko:K08323
cmj:AFK66_023580	ko:K11903
cmj:AFK66_023590	ko:K00537
cmj:AFK66_023595	ko:K03893
cmj:AFK66_023600	ko:K03892
cmj:AFK66_023605	ko:K01714
cmj:AFK66_023625	ko:K03488
cmj:AFK66_023630	ko:K02757
cmj:AFK66_023635	ko:K01223
cmj:AFK66_023640	ko:K04763
cmj:AFK66_023650	ko:K18850
cmj:AFK66_023680	ko:K03496
cmj:AFK66_023735	ko:K07644
cmj:AFK66_023740	ko:K07665
