cupa:LPA45_00010	ko:K02338
cupa:LPA45_00015	ko:K02470
cupa:LPA45_00140	ko:K08989
cupa:LPA45_00225	ko:K05591
cupa:LPA45_00240	ko:K00432
cupa:LPA45_00245	ko:K00799
cupa:LPA45_00250	ko:K01799
cupa:LPA45_00265	ko:K18336
cupa:LPA45_00270	ko:K01451
cupa:LPA45_00280	ko:K08223
cupa:LPA45_00315	ko:K03608
cupa:LPA45_00320	ko:K03609
cupa:LPA45_00325	ko:K03610
cupa:LPA45_00330	ko:K03284
cupa:LPA45_00345	ko:K02434
cupa:LPA45_00360	ko:K02433
cupa:LPA45_00365	ko:K02435
cupa:LPA45_00370	ko:K03569
cupa:LPA45_00375	ko:K03570
cupa:LPA45_00380	ko:K03571
cupa:LPA45_00385	ko:K05515
cupa:LPA45_00390	ko:K05837
cupa:LPA45_00395	ko:K09921
cupa:LPA45_00400	ko:K03733
cupa:LPA45_00405	ko:K03566
cupa:LPA45_00415	ko:K03801
cupa:LPA45_00420	ko:K03644
cupa:LPA45_00425	ko:K23123
cupa:LPA45_00430	ko:K23124
cupa:LPA45_00435	ko:K07160
cupa:LPA45_00450	ko:K02067
cupa:LPA45_00455	ko:K02065
cupa:LPA45_00460	ko:K02066
cupa:LPA45_00465	ko:K03524
cupa:LPA45_00470	ko:K03525
cupa:LPA45_00480	ko:K21345
cupa:LPA45_00495	ko:K07001
cupa:LPA45_00510	ko:K16171
cupa:LPA45_00530	ko:K01055
cupa:LPA45_00545	ko:K00548
cupa:LPA45_00550	ko:K00548
cupa:LPA45_00590	ko:K01887
cupa:LPA45_00600	ko:K03673
cupa:LPA45_00630	ko:K00253
cupa:LPA45_00635	ko:K00906
cupa:LPA45_00640	ko:K01673
cupa:LPA45_00645	ko:K00626
cupa:LPA45_00655	ko:K00248
cupa:LPA45_00670	ko:K09858
cupa:LPA45_00675	ko:K01969
cupa:LPA45_00685	ko:K13766
cupa:LPA45_00690	ko:K00833
cupa:LPA45_00695	ko:K00652
cupa:LPA45_00700	ko:K01935
cupa:LPA45_00705	ko:K01012
cupa:LPA45_00710	ko:K01968
cupa:LPA45_00715	ko:K12972
cupa:LPA45_00720	ko:K01640
cupa:LPA45_00730	ko:K18700
cupa:LPA45_00735	ko:K06938
cupa:LPA45_00745	ko:K02014
cupa:LPA45_00760	ko:K06204
cupa:LPA45_00770	ko:K03711
cupa:LPA45_00775	ko:K01561
cupa:LPA45_00785	ko:K01419
cupa:LPA45_00790	ko:K03667
cupa:LPA45_00800	ko:K15012
cupa:LPA45_00805	ko:K15011
cupa:LPA45_00810	ko:K09796
cupa:LPA45_00820	ko:K09936
cupa:LPA45_00830	ko:K00930
cupa:LPA45_00840	ko:K05501
cupa:LPA45_00845	ko:K00641
cupa:LPA45_00880	ko:K08218
cupa:LPA45_00895	ko:K00145
cupa:LPA45_00900	ko:K01142
cupa:LPA45_00905	ko:K00762
cupa:LPA45_00910	ko:K07001
cupa:LPA45_00920	ko:K01778
cupa:LPA45_00925	ko:K02517
cupa:LPA45_00930	ko:K02517
cupa:LPA45_00935	ko:K00789
cupa:LPA45_00950	ko:K09456
cupa:LPA45_00955	ko:K03147
cupa:LPA45_00960	ko:K03153
cupa:LPA45_00965	ko:K03154
cupa:LPA45_00970	ko:K03149
cupa:LPA45_00975	ko:K00788
cupa:LPA45_00990	ko:K00941
cupa:LPA45_00995	ko:K01251
cupa:LPA45_01000	ko:K08972
cupa:LPA45_01005	ko:K00297
cupa:LPA45_01015	ko:K09122
cupa:LPA45_01025	ko:K08309
cupa:LPA45_01035	ko:K00799
cupa:LPA45_01040	ko:K00974
cupa:LPA45_01060	ko:K01633
cupa:LPA45_01065	ko:K14058
cupa:LPA45_01075	ko:K04042
cupa:LPA45_01080	ko:K00820
cupa:LPA45_01125	ko:K03594
cupa:LPA45_01130	ko:K14222
cupa:LPA45_01155	ko:K00822
cupa:LPA45_01160	ko:K00140
cupa:LPA45_01180	ko:K03294
cupa:LPA45_01195	ko:K11942
cupa:LPA45_01200	ko:K02503
cupa:LPA45_01205	ko:K00074
cupa:LPA45_01225	ko:K01897
cupa:LPA45_01230	ko:K01995
cupa:LPA45_01235	ko:K01997
cupa:LPA45_01240	ko:K01998
cupa:LPA45_01245	ko:K01999
cupa:LPA45_01250	ko:K01996
cupa:LPA45_01260	ko:K09790
cupa:LPA45_01265	ko:K00459
cupa:LPA45_01270	ko:K07641
cupa:LPA45_01275	ko:K07663
cupa:LPA45_01285	ko:K10126
cupa:LPA45_01290	ko:K10125
cupa:LPA45_01295	ko:K11103
cupa:LPA45_01305	ko:K07018
cupa:LPA45_01310	ko:K07258
cupa:LPA45_01315	ko:K09158
cupa:LPA45_01320	ko:K06969
cupa:LPA45_01325	ko:K03657
cupa:LPA45_01345	ko:K05834
cupa:LPA45_01360	ko:K01443
cupa:LPA45_01365	ko:K00036
cupa:LPA45_01370	ko:K07391
cupa:LPA45_01375	ko:K09806
cupa:LPA45_01385	ko:K04752
cupa:LPA45_01390	ko:K03320
cupa:LPA45_01395	ko:K01919
cupa:LPA45_01400	ko:K01920
cupa:LPA45_01405	ko:K02793
cupa:LPA45_01410	ko:K02784
cupa:LPA45_01415	ko:K08483
cupa:LPA45_01420	ko:K02192
cupa:LPA45_01425	ko:K03594
cupa:LPA45_01430	ko:K01008
cupa:LPA45_01435	ko:K06917
cupa:LPA45_01440	ko:K21029
cupa:LPA45_01445	ko:K03797
cupa:LPA45_01450	ko:K01834
cupa:LPA45_01460	ko:K03676
cupa:LPA45_01470	ko:K03071
cupa:LPA45_01475	ko:K00057
cupa:LPA45_01485	ko:K03216
cupa:LPA45_01495	ko:K02169
cupa:LPA45_01505	ko:K02275
cupa:LPA45_01510	ko:K02274
cupa:LPA45_01520	ko:K02258
cupa:LPA45_01530	ko:K02276
cupa:LPA45_01540	ko:K14998
cupa:LPA45_01550	ko:K02259
cupa:LPA45_01555	ko:K02257
cupa:LPA45_01560	ko:K07152
cupa:LPA45_01565	ko:K03089
cupa:LPA45_01580	ko:K15578
cupa:LPA45_01585	ko:K15577
cupa:LPA45_01590	ko:K15576
cupa:LPA45_01595	ko:K07183
cupa:LPA45_01600	ko:K16165
cupa:LPA45_01605	ko:K01800
cupa:LPA45_01610	ko:K03110
cupa:LPA45_01615	ko:K07263
cupa:LPA45_01620	ko:K07263
cupa:LPA45_01625	ko:K08316
cupa:LPA45_01630	ko:K00954
cupa:LPA45_01640	ko:K07093
cupa:LPA45_01645	ko:K01056
cupa:LPA45_01650	ko:K02897
cupa:LPA45_01655	ko:K00948
cupa:LPA45_01660	ko:K14223
cupa:LPA45_01665	ko:K00919
cupa:LPA45_01670	ko:K02494
cupa:LPA45_01680	ko:K10563
cupa:LPA45_01690	ko:K03575
cupa:LPA45_01695	ko:K07157
cupa:LPA45_01700	ko:K06958
cupa:LPA45_01710	ko:K06023
cupa:LPA45_01715	ko:K02806
cupa:LPA45_01720	ko:K05808
cupa:LPA45_01725	ko:K03092
cupa:LPA45_01730	ko:K06861
cupa:LPA45_01735	ko:K09774
cupa:LPA45_01740	ko:K11719
cupa:LPA45_01745	ko:K06041
cupa:LPA45_01750	ko:K03455
cupa:LPA45_01760	ko:K05520
cupa:LPA45_01765	ko:K00759
cupa:LPA45_01775	ko:K03324
cupa:LPA45_01780	ko:K09129
cupa:LPA45_01790	ko:K03701
cupa:LPA45_01800	ko:K03111
cupa:LPA45_01810	ko:K07486
cupa:LPA45_01835	ko:K03892
cupa:LPA45_01840	ko:K07646
cupa:LPA45_01845	ko:K07667
cupa:LPA45_01850	ko:K16135
cupa:LPA45_01860	ko:K01703
cupa:LPA45_01865	ko:K01704
cupa:LPA45_01880	ko:K07335
cupa:LPA45_01920	ko:K10001
cupa:LPA45_01930	ko:K02655
cupa:LPA45_01935	ko:K08084
cupa:LPA45_01940	ko:K02671
cupa:LPA45_01945	ko:K02672
cupa:LPA45_01955	ko:K02674
cupa:LPA45_01965	ko:K01992
cupa:LPA45_01970	ko:K01990
cupa:LPA45_01975	ko:K01993
cupa:LPA45_01990	ko:K06879
cupa:LPA45_01995	ko:K01754
cupa:LPA45_02000	ko:K01087
cupa:LPA45_02010	ko:K00697
cupa:LPA45_02015	ko:K01724
cupa:LPA45_02020	ko:K07141
cupa:LPA45_02025	ko:K07402
cupa:LPA45_02030	ko:K09386
cupa:LPA45_02035	ko:K07161
cupa:LPA45_02045	ko:K03519
cupa:LPA45_02050	ko:K03520
cupa:LPA45_02055	ko:K03518
cupa:LPA45_02075	ko:K02471
cupa:LPA45_02085	ko:K03183
cupa:LPA45_02095	ko:K03690
cupa:LPA45_02100	ko:K03688
cupa:LPA45_02110	ko:K03307
cupa:LPA45_02125	ko:K01876
cupa:LPA45_02135	ko:K08310
cupa:LPA45_02145	ko:K03753
cupa:LPA45_02150	ko:K06131
cupa:LPA45_02160	ko:K20035
cupa:LPA45_02165	ko:K07516
cupa:LPA45_02170	ko:K00632
cupa:LPA45_02185	ko:K10806
cupa:LPA45_02190	ko:K24821
cupa:LPA45_02200	ko:K21645
cupa:LPA45_02205	ko:K00261
cupa:LPA45_02210	ko:K10001
cupa:LPA45_02215	ko:K10003
cupa:LPA45_02220	ko:K10002
cupa:LPA45_02225	ko:K10004
cupa:LPA45_02235	ko:K07246
cupa:LPA45_02240	ko:K11529
cupa:LPA45_02245	ko:K01465
cupa:LPA45_02255	ko:K01978
cupa:LPA45_02260	ko:K07397
cupa:LPA45_02265	ko:K02871
cupa:LPA45_02270	ko:K02996
cupa:LPA45_02285	ko:K15724
cupa:LPA45_02300	ko:K09001
cupa:LPA45_02310	ko:K01866
cupa:LPA45_02315	ko:K07560
cupa:LPA45_02325	ko:K15634
cupa:LPA45_02330	ko:K09125
cupa:LPA45_02345	ko:K03551
cupa:LPA45_02350	ko:K03550
cupa:LPA45_02355	ko:K01126
cupa:LPA45_02360	ko:K01159
cupa:LPA45_02365	ko:K00602
cupa:LPA45_02370	ko:K03557
cupa:LPA45_02375	ko:K05540
cupa:LPA45_02380	ko:K03185
cupa:LPA45_02390	ko:K01262
cupa:LPA45_02395	ko:K00992
cupa:LPA45_02400	ko:K26606
cupa:LPA45_02405	ko:K26605
cupa:LPA45_02410	ko:K07102
cupa:LPA45_02415	ko:K04744
cupa:LPA45_02420	ko:K03771
cupa:LPA45_02425	ko:K00097
cupa:LPA45_02430	ko:K02528
cupa:LPA45_02435	ko:K01867
cupa:LPA45_02445	ko:K01759
cupa:LPA45_02455	ko:K00655
cupa:LPA45_02460	ko:K03273
cupa:LPA45_02465	ko:K01879
cupa:LPA45_02475	ko:K01878
cupa:LPA45_02480	ko:K03820
cupa:LPA45_02485	ko:K06189
cupa:LPA45_02490	ko:K07042
cupa:LPA45_02495	ko:K06217
cupa:LPA45_02500	ko:K06168
cupa:LPA45_02510	ko:K03281
cupa:LPA45_02515	ko:K11927
cupa:LPA45_02530	ko:K01796
cupa:LPA45_02535	ko:K01607
cupa:LPA45_02560	ko:K21470
cupa:LPA45_02570	ko:K16845
cupa:LPA45_02575	ko:K16846
cupa:LPA45_02595	ko:K03710
cupa:LPA45_02600	ko:K14230
cupa:LPA45_02620	ko:K02483
cupa:LPA45_02625	ko:K03553
cupa:LPA45_02630	ko:K03565
cupa:LPA45_02640	ko:K01903
cupa:LPA45_02645	ko:K01902
cupa:LPA45_02680	ko:K03637
cupa:LPA45_02685	ko:K01423
cupa:LPA45_02695	ko:K07019
cupa:LPA45_02705	ko:K02843
cupa:LPA45_02715	ko:K00826
cupa:LPA45_02740	ko:K00927
cupa:LPA45_02745	ko:K00873
cupa:LPA45_02750	ko:K01624
cupa:LPA45_02755	ko:K01923
cupa:LPA45_02760	ko:K01588
cupa:LPA45_02765	ko:K01589
cupa:LPA45_02770	ko:K07566
cupa:LPA45_02775	ko:K26606
cupa:LPA45_02780	ko:K26605
cupa:LPA45_02785	ko:K07259
cupa:LPA45_02795	ko:K01999
cupa:LPA45_02800	ko:K20940
cupa:LPA45_02815	ko:K18139
cupa:LPA45_02820	ko:K07789
cupa:LPA45_02825	ko:K07788
cupa:LPA45_02830	ko:K07799
cupa:LPA45_02835	ko:K07659
cupa:LPA45_02840	ko:K07638
cupa:LPA45_02850	ko:K02433
cupa:LPA45_02855	ko:K08591
cupa:LPA45_02865	ko:K04763
cupa:LPA45_02870	ko:K00567
cupa:LPA45_02885	ko:K13936
cupa:LPA45_02890	ko:K18979
cupa:LPA45_02895	ko:K06925
cupa:LPA45_02900	ko:K01448
cupa:LPA45_02905	ko:K14347
cupa:LPA45_02930	ko:K00939
cupa:LPA45_02935	ko:K00979
cupa:LPA45_02940	ko:K09791
cupa:LPA45_02945	ko:K00912
cupa:LPA45_02950	ko:K03559
cupa:LPA45_02955	ko:K03561
cupa:LPA45_02960	ko:K03601
cupa:LPA45_02965	ko:K04564
cupa:LPA45_02970	ko:K21929
cupa:LPA45_03005	ko:K05524
cupa:LPA45_03015	ko:K00127
cupa:LPA45_03020	ko:K00124
cupa:LPA45_03025	ko:K00123
cupa:LPA45_03030	ko:K02379
cupa:LPA45_03035	ko:K00126
cupa:LPA45_03085	ko:K02019
cupa:LPA45_03090	ko:K02017
cupa:LPA45_03095	ko:K02018
cupa:LPA45_03100	ko:K02020
cupa:LPA45_03120	ko:K09857
cupa:LPA45_03125	ko:K06192
cupa:LPA45_03130	ko:K03808
cupa:LPA45_03135	ko:K03808
cupa:LPA45_03145	ko:K07168
cupa:LPA45_03150	ko:K03281
cupa:LPA45_03160	ko:K27545
cupa:LPA45_03165	ko:K01750
cupa:LPA45_03175	ko:K17061
cupa:LPA45_03200	ko:K01712
cupa:LPA45_03205	ko:K05836
cupa:LPA45_03210	ko:K21084
cupa:LPA45_03230	ko:K07302
cupa:LPA45_03235	ko:K07303
cupa:LPA45_03270	ko:K02445
cupa:LPA45_03295	ko:K03324
cupa:LPA45_03300	ko:K19670
cupa:LPA45_03305	ko:K03566
cupa:LPA45_03390	ko:K01546
cupa:LPA45_03395	ko:K01547
cupa:LPA45_03400	ko:K01548
cupa:LPA45_03410	ko:K04078
cupa:LPA45_03415	ko:K04077
cupa:LPA45_03440	ko:K12511
cupa:LPA45_03445	ko:K12510
cupa:LPA45_03450	ko:K02283
cupa:LPA45_03455	ko:K02282
cupa:LPA45_03465	ko:K02280
cupa:LPA45_03470	ko:K02279
cupa:LPA45_03565	ko:K06872
cupa:LPA45_03570	ko:K03744
cupa:LPA45_03575	ko:K01845
cupa:LPA45_03585	ko:K02657
cupa:LPA45_03590	ko:K02658
cupa:LPA45_03595	ko:K02659
cupa:LPA45_03600	ko:K02660
cupa:LPA45_03605	ko:K06596
cupa:LPA45_03620	ko:K00059
cupa:LPA45_03630	ko:K00128
cupa:LPA45_03635	ko:K01507
cupa:LPA45_03645	ko:K09919
cupa:LPA45_03650	ko:K01950
cupa:LPA45_03655	ko:K11741
cupa:LPA45_03660	ko:K03304
cupa:LPA45_03675	ko:K04751
cupa:LPA45_03690	ko:K00384
cupa:LPA45_03710	ko:K03634
cupa:LPA45_03725	ko:K02012
cupa:LPA45_03735	ko:K02011
cupa:LPA45_03740	ko:K02010
cupa:LPA45_03745	ko:K07478
cupa:LPA45_03750	ko:K01875
cupa:LPA45_03755	ko:K14233
cupa:LPA45_03770	ko:K03699
cupa:LPA45_03780	ko:K00285
cupa:LPA45_03785	ko:K10001
cupa:LPA45_03790	ko:K02424
cupa:LPA45_03795	ko:K10009
cupa:LPA45_03800	ko:K03802
cupa:LPA45_03805	ko:K03802
cupa:LPA45_03835	ko:K15035
cupa:LPA45_03840	ko:K22292
cupa:LPA45_03845	ko:K00568
cupa:LPA45_03850	ko:K03286
cupa:LPA45_03855	ko:K02469
cupa:LPA45_03860	ko:K09924
cupa:LPA45_03865	ko:K00831
cupa:LPA45_03870	ko:K14170
cupa:LPA45_03875	ko:K00817
cupa:LPA45_03880	ko:K04517
cupa:LPA45_03885	ko:K00800
cupa:LPA45_03895	ko:K00945
cupa:LPA45_03900	ko:K02945
cupa:LPA45_03905	ko:K05788
cupa:LPA45_03910	ko:K08992
cupa:LPA45_03915	ko:K19804
cupa:LPA45_03920	ko:K00012
cupa:LPA45_03925	ko:K21344
cupa:LPA45_03930	ko:K03274
cupa:LPA45_03935	ko:K02237
cupa:LPA45_03945	ko:K09016
cupa:LPA45_03950	ko:K12339
cupa:LPA45_03955	ko:K08305
cupa:LPA45_03970	ko:K02071
cupa:LPA45_03975	ko:K02072
cupa:LPA45_03980	ko:K02073
cupa:LPA45_03985	ko:K03521
cupa:LPA45_03990	ko:K03522
cupa:LPA45_03995	ko:K00285
cupa:LPA45_04000	ko:K03719
cupa:LPA45_04035	ko:K02959
cupa:LPA45_04040	ko:K02860
cupa:LPA45_04045	ko:K00554
cupa:LPA45_04050	ko:K02884
cupa:LPA45_04060	ko:K07146
cupa:LPA45_04065	ko:K02337
cupa:LPA45_04090	ko:K11085
cupa:LPA45_04095	ko:K02841
cupa:LPA45_04110	ko:K08301
cupa:LPA45_04115	ko:K06287
cupa:LPA45_04120	ko:K00783
cupa:LPA45_04130	ko:K00969
cupa:LPA45_04135	ko:K00228
cupa:LPA45_04140	ko:K01945
cupa:LPA45_04150	ko:K06915
cupa:LPA45_04160	ko:K00761
cupa:LPA45_04165	ko:K28762
cupa:LPA45_04175	ko:K18029
cupa:LPA45_04185	ko:K01799
cupa:LPA45_04200	ko:K13995
cupa:LPA45_04215	ko:K22296
cupa:LPA45_04230	ko:K00059
cupa:LPA45_04235	ko:K01734
cupa:LPA45_04240	ko:K00344
cupa:LPA45_04250	ko:K07335
cupa:LPA45_04255	ko:K23536
cupa:LPA45_04260	ko:K23535
cupa:LPA45_04265	ko:K23537
cupa:LPA45_04270	ko:K06911
cupa:LPA45_04280	ko:K05846
cupa:LPA45_04285	ko:K05845
cupa:LPA45_04290	ko:K05846
cupa:LPA45_04295	ko:K05847
cupa:LPA45_04305	ko:K14233
cupa:LPA45_04310	ko:K06077
cupa:LPA45_04320	ko:K01519
cupa:LPA45_04325	ko:K00989
cupa:LPA45_04330	ko:K20074
cupa:LPA45_04345	ko:K00942
cupa:LPA45_04350	ko:K03060
cupa:LPA45_04355	ko:K01139
cupa:LPA45_04360	ko:K04760
cupa:LPA45_04365	ko:K14219
cupa:LPA45_04380	ko:K14230
cupa:LPA45_04390	ko:K07336
cupa:LPA45_04400	ko:K00375
cupa:LPA45_04420	ko:K12979
cupa:LPA45_04445	ko:K07137
cupa:LPA45_04455	ko:K09941
cupa:LPA45_04465	ko:K09749
cupa:LPA45_04490	ko:K22468
cupa:LPA45_04495	ko:K14234
cupa:LPA45_04500	ko:K03841
cupa:LPA45_04505	ko:K01256
cupa:LPA45_04515	ko:K00029
cupa:LPA45_04530	ko:K13485
cupa:LPA45_04535	ko:K16842
cupa:LPA45_04540	ko:K24206
cupa:LPA45_04550	ko:K07127
cupa:LPA45_04565	ko:K23541
cupa:LPA45_04570	ko:K10255
cupa:LPA45_04575	ko:K01487
cupa:LPA45_04580	ko:K21053
cupa:LPA45_04585	ko:K07402
cupa:LPA45_04590	ko:K13482
cupa:LPA45_04595	ko:K13481
cupa:LPA45_04605	ko:K05772
cupa:LPA45_04620	ko:K02004
cupa:LPA45_04625	ko:K06886
cupa:LPA45_04645	ko:K00901
cupa:LPA45_04650	ko:K27597
cupa:LPA45_04680	ko:K03088
cupa:LPA45_04685	ko:K01652
cupa:LPA45_04690	ko:K01653
cupa:LPA45_04695	ko:K00053
cupa:LPA45_04700	ko:K01613
cupa:LPA45_04705	ko:K17103
cupa:LPA45_04715	ko:K01649
cupa:LPA45_04725	ko:K01999
cupa:LPA45_04730	ko:K02956
cupa:LPA45_04735	ko:K00962
cupa:LPA45_04745	ko:K01803
cupa:LPA45_04750	ko:K03075
cupa:LPA45_04755	ko:K14228
cupa:LPA45_04760	ko:K00330
cupa:LPA45_04765	ko:K00331
cupa:LPA45_04770	ko:K00332
cupa:LPA45_04775	ko:K00333
cupa:LPA45_04780	ko:K00334
cupa:LPA45_04785	ko:K00335
cupa:LPA45_04790	ko:K00336
cupa:LPA45_04795	ko:K00337
cupa:LPA45_04800	ko:K00338
cupa:LPA45_04805	ko:K00339
cupa:LPA45_04810	ko:K00340
cupa:LPA45_04815	ko:K00341
cupa:LPA45_04820	ko:K00342
cupa:LPA45_04825	ko:K00343
cupa:LPA45_04835	ko:K01515
cupa:LPA45_04845	ko:K04118
cupa:LPA45_04865	ko:K02297
cupa:LPA45_04870	ko:K02298
cupa:LPA45_04875	ko:K02299
cupa:LPA45_04880	ko:K02300
cupa:LPA45_04890	ko:K11959
cupa:LPA45_04895	ko:K11960
cupa:LPA45_04900	ko:K11961
cupa:LPA45_04905	ko:K11962
cupa:LPA45_04910	ko:K11963
cupa:LPA45_04915	ko:K03190
cupa:LPA45_04920	ko:K01430
cupa:LPA45_04925	ko:K03192
cupa:LPA45_04930	ko:K01429
cupa:LPA45_04935	ko:K01428
cupa:LPA45_04940	ko:K03187
cupa:LPA45_04950	ko:K03188
cupa:LPA45_04955	ko:K03189
cupa:LPA45_04970	ko:K11209
cupa:LPA45_04975	ko:K00249
cupa:LPA45_04995	ko:K03088
cupa:LPA45_05000	ko:K07114
cupa:LPA45_05005	ko:K00681
cupa:LPA45_05025	ko:K00074
cupa:LPA45_05030	ko:K00799
cupa:LPA45_05035	ko:K14287
cupa:LPA45_05045	ko:K09861
cupa:LPA45_05075	ko:K09989
cupa:LPA45_05080	ko:K22479
cupa:LPA45_05105	ko:K00376
cupa:LPA45_05115	ko:K07218
cupa:LPA45_05135	ko:K01626
cupa:LPA45_05145	ko:K03568
cupa:LPA45_05150	ko:K11206
cupa:LPA45_05160	ko:K00982
cupa:LPA45_05165	ko:K28165
cupa:LPA45_05170	ko:K14645
cupa:LPA45_05180	ko:K03631
cupa:LPA45_05185	ko:K00858
cupa:LPA45_05190	ko:K03705
cupa:LPA45_05195	ko:K01772
cupa:LPA45_05200	ko:K04762
cupa:LPA45_05210	ko:K03687
cupa:LPA45_05235	ko:K09019
cupa:LPA45_05250	ko:K10215
cupa:LPA45_05260	ko:K10773
cupa:LPA45_05265	ko:K03616
cupa:LPA45_05275	ko:K05973
cupa:LPA45_05280	ko:K00832
cupa:LPA45_05285	ko:K03702
cupa:LPA45_05305	ko:K25307
cupa:LPA45_05315	ko:K13643
cupa:LPA45_05320	ko:K04487
cupa:LPA45_05325	ko:K04488
cupa:LPA45_05330	ko:K13628
cupa:LPA45_05340	ko:K04082
cupa:LPA45_05345	ko:K04044
cupa:LPA45_05350	ko:K04755
cupa:LPA45_05365	ko:K04567
cupa:LPA45_05370	ko:K16216
cupa:LPA45_05375	ko:K02836
cupa:LPA45_05385	ko:K07462
cupa:LPA45_05395	ko:K09808
cupa:LPA45_05400	ko:K09810
cupa:LPA45_05405	ko:K03424
cupa:LPA45_05410	ko:K02238
cupa:LPA45_05415	ko:K19337
cupa:LPA45_05420	ko:K01690
cupa:LPA45_05425	ko:K00851
cupa:LPA45_05445	ko:K07395
cupa:LPA45_05455	ko:K01937
cupa:LPA45_05460	ko:K01627
cupa:LPA45_05470	ko:K01689
cupa:LPA45_05475	ko:K05589
cupa:LPA45_05485	ko:K04083
cupa:LPA45_05500	ko:K01895
cupa:LPA45_05510	ko:K00384
cupa:LPA45_05515	ko:K07053
cupa:LPA45_05535	ko:K01714
cupa:LPA45_05540	ko:K07287
cupa:LPA45_05555	ko:K18850
cupa:LPA45_05560	ko:K03775
cupa:LPA45_05570	ko:K03555
cupa:LPA45_05580	ko:K22468
cupa:LPA45_05585	ko:K09794
cupa:LPA45_05590	ko:K01092
cupa:LPA45_05595	ko:K02533
cupa:LPA45_05600	ko:K00640
cupa:LPA45_05605	ko:K03269
cupa:LPA45_05610	ko:K03768
cupa:LPA45_05615	ko:K03767
cupa:LPA45_05625	ko:K01883
cupa:LPA45_05630	ko:K01247
cupa:LPA45_05635	ko:K01962
cupa:LPA45_05640	ko:K04075
cupa:LPA45_05645	ko:K00928
cupa:LPA45_05650	ko:K14233
cupa:LPA45_05725	ko:K00528
cupa:LPA45_05735	ko:K01958
cupa:LPA45_05745	ko:K00059
cupa:LPA45_05765	ko:K00255
cupa:LPA45_05785	ko:K01796
cupa:LPA45_05805	ko:K02035
cupa:LPA45_05810	ko:K02033
cupa:LPA45_05815	ko:K02034
cupa:LPA45_05820	ko:K02031
cupa:LPA45_05825	ko:K02032
cupa:LPA45_05860	ko:K03809
cupa:LPA45_05865	ko:K07058
cupa:LPA45_05880	ko:K01740
cupa:LPA45_05900	ko:K01736
cupa:LPA45_05905	ko:K05820
cupa:LPA45_05925	ko:K00311
cupa:LPA45_05935	ko:K11689
cupa:LPA45_05940	ko:K11690
cupa:LPA45_05945	ko:K11688
cupa:LPA45_05950	ko:K07107
cupa:LPA45_05960	ko:K01028
cupa:LPA45_05965	ko:K01029
cupa:LPA45_05980	ko:K00019
cupa:LPA45_05995	ko:K00951
cupa:LPA45_06000	ko:K14237
cupa:LPA45_06005	ko:K01868
cupa:LPA45_06010	ko:K02520
cupa:LPA45_06015	ko:K02916
cupa:LPA45_06020	ko:K02887
cupa:LPA45_06025	ko:K01889
cupa:LPA45_06030	ko:K01890
cupa:LPA45_06035	ko:K04764
cupa:LPA45_06045	ko:K14232
cupa:LPA45_06075	ko:K09705
cupa:LPA45_06100	ko:K15371
cupa:LPA45_06110	ko:K18118
cupa:LPA45_06125	ko:K14229
cupa:LPA45_06135	ko:K18456
cupa:LPA45_06140	ko:K14229
cupa:LPA45_06150	ko:K03321
cupa:LPA45_06155	ko:K01142
cupa:LPA45_06160	ko:K01414
cupa:LPA45_06165	ko:K01491
cupa:LPA45_06185	ko:K00163
cupa:LPA45_06190	ko:K00627
cupa:LPA45_06195	ko:K01419
cupa:LPA45_06200	ko:K00382
cupa:LPA45_06220	ko:K07107
cupa:LPA45_06230	ko:K07262
cupa:LPA45_06250	ko:K18928
cupa:LPA45_06255	ko:K18929
cupa:LPA45_06285	ko:K05833
cupa:LPA45_06290	ko:K05832
cupa:LPA45_06295	ko:K01989
cupa:LPA45_06305	ko:K00254
cupa:LPA45_06310	ko:K21420
cupa:LPA45_06315	ko:K00684
cupa:LPA45_06325	ko:K14230
cupa:LPA45_06340	ko:K15511
cupa:LPA45_06345	ko:K15512
cupa:LPA45_06350	ko:K15513
cupa:LPA45_06355	ko:K15546
cupa:LPA45_06360	ko:K04110
cupa:LPA45_06370	ko:K01999
cupa:LPA45_06375	ko:K01997
cupa:LPA45_06380	ko:K01998
cupa:LPA45_06385	ko:K01995
cupa:LPA45_06390	ko:K01996
cupa:LPA45_06395	ko:K03549
cupa:LPA45_06430	ko:K07666
cupa:LPA45_06435	ko:K07645
cupa:LPA45_06440	ko:K06959
cupa:LPA45_06455	ko:K03722
cupa:LPA45_06460	ko:K05807
cupa:LPA45_06465	ko:K06180
cupa:LPA45_06470	ko:K05810
cupa:LPA45_06480	ko:K03821
cupa:LPA45_06485	ko:K00626
cupa:LPA45_06490	ko:K00023
cupa:LPA45_06500	ko:K05541
cupa:LPA45_06505	ko:K14441
cupa:LPA45_06510	ko:K00626
cupa:LPA45_06520	ko:K01760
cupa:LPA45_06545	ko:K01079
cupa:LPA45_06555	ko:K01438
cupa:LPA45_06560	ko:K03723
cupa:LPA45_06565	ko:K00991
cupa:LPA45_06570	ko:K01770
cupa:LPA45_06580	ko:K04756
cupa:LPA45_06585	ko:K24126
cupa:LPA45_06590	ko:K07638
cupa:LPA45_06595	ko:K07659
cupa:LPA45_06610	ko:K02291
cupa:LPA45_06615	ko:K18302
cupa:LPA45_06620	ko:K18303
cupa:LPA45_06625	ko:K01426
cupa:LPA45_06630	ko:K02031
cupa:LPA45_06635	ko:K02032
cupa:LPA45_06640	ko:K02034
cupa:LPA45_06645	ko:K02033
cupa:LPA45_06650	ko:K02035
cupa:LPA45_06655	ko:K06016
cupa:LPA45_06670	ko:K14228
cupa:LPA45_06680	ko:K07115
cupa:LPA45_06685	ko:K15461
cupa:LPA45_06690	ko:K03545
cupa:LPA45_06695	ko:K01358
cupa:LPA45_06700	ko:K03544
cupa:LPA45_06705	ko:K01338
cupa:LPA45_06710	ko:K14237
cupa:LPA45_06715	ko:K14221
cupa:LPA45_06720	ko:K03770
cupa:LPA45_06725	ko:K10804
cupa:LPA45_06730	ko:K02003
cupa:LPA45_06735	ko:K01810
cupa:LPA45_06745	ko:K23997
cupa:LPA45_06750	ko:K00285
cupa:LPA45_06755	ko:K11690
cupa:LPA45_06760	ko:K11689
cupa:LPA45_06765	ko:K11688
cupa:LPA45_06770	ko:K02433
cupa:LPA45_06775	ko:K01952
cupa:LPA45_06780	ko:K03769
cupa:LPA45_06785	ko:K05527
cupa:LPA45_06790	ko:K06190
cupa:LPA45_06795	ko:K07305
cupa:LPA45_06800	ko:K08997
cupa:LPA45_06805	ko:K20034
cupa:LPA45_06810	ko:K01999
cupa:LPA45_06815	ko:K01997
cupa:LPA45_06820	ko:K01998
cupa:LPA45_06825	ko:K01995
cupa:LPA45_06830	ko:K01996
cupa:LPA45_06835	ko:K16090
cupa:LPA45_06840	ko:K07516
cupa:LPA45_06845	ko:K08281
cupa:LPA45_06850	ko:K00632
cupa:LPA45_06870	ko:K23256
cupa:LPA45_06895	ko:K23518
cupa:LPA45_06900	ko:K00043
cupa:LPA45_06915	ko:K07107
cupa:LPA45_06935	ko:K22025
cupa:LPA45_06940	ko:K22131
cupa:LPA45_06950	ko:K22130
cupa:LPA45_06955	ko:K21948
cupa:LPA45_06960	ko:K08319
cupa:LPA45_06985	ko:K06980
cupa:LPA45_06990	ko:K07082
cupa:LPA45_06995	ko:K00943
cupa:LPA45_07000	ko:K02341
cupa:LPA45_07005	ko:K02676
cupa:LPA45_07015	ko:K03424
cupa:LPA45_07020	ko:K06867
cupa:LPA45_07035	ko:K01118
cupa:LPA45_07045	ko:K15977
cupa:LPA45_07085	ko:K22879
cupa:LPA45_07095	ko:K05845
cupa:LPA45_07095	ko:K05846
cupa:LPA45_07115	ko:K00316
cupa:LPA45_07130	ko:K06162
cupa:LPA45_07135	ko:K05780
cupa:LPA45_07140	ko:K05781
cupa:LPA45_07145	ko:K06163
cupa:LPA45_07150	ko:K06164
cupa:LPA45_07155	ko:K06165
cupa:LPA45_07160	ko:K06166
cupa:LPA45_07165	ko:K02043
cupa:LPA45_07170	ko:K06162
cupa:LPA45_07180	ko:K05774
cupa:LPA45_07190	ko:K02042
cupa:LPA45_07195	ko:K02044
cupa:LPA45_07200	ko:K02041
cupa:LPA45_07230	ko:K05973
cupa:LPA45_07260	ko:K18289
cupa:LPA45_07275	ko:K00249
cupa:LPA45_07320	ko:K00812
cupa:LPA45_07350	ko:K07675
cupa:LPA45_07360	ko:K01990
cupa:LPA45_07375	ko:K01992
cupa:LPA45_07380	ko:K00114
cupa:LPA45_07385	ko:K08738
cupa:LPA45_07390	ko:K06139
cupa:LPA45_07395	ko:K06138
cupa:LPA45_07400	ko:K06137
cupa:LPA45_07405	ko:K06136
cupa:LPA45_07415	ko:K01259
cupa:LPA45_07420	ko:K21405
cupa:LPA45_07430	ko:K02030
cupa:LPA45_07440	ko:K00573
cupa:LPA45_07445	ko:K01977
cupa:LPA45_07450	ko:K01980
cupa:LPA45_07455	ko:K01985
cupa:LPA45_07485	ko:K03086
cupa:LPA45_07495	ko:K16329
cupa:LPA45_07500	ko:K19338
cupa:LPA45_07510	ko:K13574
cupa:LPA45_07555	ko:K02019
cupa:LPA45_07605	ko:K11263
cupa:LPA45_07655	ko:K01895
cupa:LPA45_07660	ko:K13928
cupa:LPA45_07665	ko:K13929
cupa:LPA45_07670	ko:K13930
cupa:LPA45_07675	ko:K13931
cupa:LPA45_07680	ko:K13932
cupa:LPA45_07685	ko:K13933
cupa:LPA45_07770	ko:K23948
cupa:LPA45_07855	ko:K04063
cupa:LPA45_07870	ko:K07001
cupa:LPA45_07890	ko:K07124
cupa:LPA45_07895	ko:K02483
cupa:LPA45_07915	ko:K03543
cupa:LPA45_07920	ko:K03446
cupa:LPA45_07935	ko:K00077
cupa:LPA45_07950	ko:K00666
cupa:LPA45_07965	ko:K09386
cupa:LPA45_07970	ko:K03518
cupa:LPA45_07975	ko:K03520
cupa:LPA45_07980	ko:K03519
cupa:LPA45_08000	ko:K08195
cupa:LPA45_08025	ko:K00240
cupa:LPA45_08030	ko:K00239
cupa:LPA45_08035	ko:K00242
cupa:LPA45_08040	ko:K00241
cupa:LPA45_08110	ko:K01470
cupa:LPA45_08170	ko:K01505
cupa:LPA45_08205	ko:K01426
cupa:LPA45_08220	ko:K26064
cupa:LPA45_08225	ko:K01977
cupa:LPA45_08230	ko:K01980
cupa:LPA45_08235	ko:K01985
cupa:LPA45_08260	ko:K00128
cupa:LPA45_08325	ko:K03704
cupa:LPA45_08350	ko:K02028
cupa:LPA45_08355	ko:K02029
cupa:LPA45_08360	ko:K02029
cupa:LPA45_08365	ko:K02030
cupa:LPA45_08370	ko:K02525
cupa:LPA45_08400	ko:K01647
cupa:LPA45_08450	ko:K05366
cupa:LPA45_08455	ko:K03496
cupa:LPA45_08475	ko:K08994
cupa:LPA45_08500	ko:K01703
cupa:LPA45_08535	ko:K07001
cupa:LPA45_08550	ko:K05564
cupa:LPA45_08555	ko:K05563
cupa:LPA45_08560	ko:K05562
cupa:LPA45_08565	ko:K05561
cupa:LPA45_08570	ko:K05560
cupa:LPA45_08575	ko:K05559
cupa:LPA45_08605	ko:K00632
cupa:LPA45_08630	ko:K09771
cupa:LPA45_08655	ko:K08289
cupa:LPA45_08660	ko:K16053
cupa:LPA45_08665	ko:K11741
cupa:LPA45_08675	ko:K25135
cupa:LPA45_08685	ko:K01738
cupa:LPA45_08690	ko:K02688
cupa:LPA45_08695	ko:K03417
cupa:LPA45_08700	ko:K01659
cupa:LPA45_08705	ko:K20455
cupa:LPA45_08710	ko:K09788
cupa:LPA45_08715	ko:K05597
cupa:LPA45_08800	ko:K29125
cupa:LPA45_08810	ko:K06938
cupa:LPA45_08820	ko:K01951
cupa:LPA45_08825	ko:K01434
cupa:LPA45_08830	ko:K00128
cupa:LPA45_08845	ko:K01297
cupa:LPA45_08850	ko:K11991
cupa:LPA45_08855	ko:K01737
cupa:LPA45_08860	ko:K10026
cupa:LPA45_08865	ko:K09983
cupa:LPA45_08880	ko:K19577
cupa:LPA45_08885	ko:K06222
cupa:LPA45_08890	ko:K10680
cupa:LPA45_08895	ko:K07038
cupa:LPA45_08925	ko:K01951
cupa:LPA45_08935	ko:K00088
cupa:LPA45_08950	ko:K09801
cupa:LPA45_08960	ko:K03664
cupa:LPA45_08975	ko:K01007
cupa:LPA45_08980	ko:K09773
cupa:LPA45_08985	ko:K03437
cupa:LPA45_08990	ko:K03470
cupa:LPA45_08995	ko:K00748
cupa:LPA45_09000	ko:K00677
cupa:LPA45_09005	ko:K02372
cupa:LPA45_09010	ko:K02536
cupa:LPA45_09015	ko:K06142
cupa:LPA45_09020	ko:K07277
cupa:LPA45_09025	ko:K11749
cupa:LPA45_09030	ko:K00099
cupa:LPA45_09035	ko:K00981
cupa:LPA45_09040	ko:K00806
cupa:LPA45_09045	ko:K02838
cupa:LPA45_09050	ko:K09903
cupa:LPA45_09055	ko:K02357
cupa:LPA45_09060	ko:K02967
cupa:LPA45_09065	ko:K01265
cupa:LPA45_09070	ko:K00990
cupa:LPA45_09080	ko:K01462
cupa:LPA45_09085	ko:K01972
cupa:LPA45_09095	ko:K03529
cupa:LPA45_09155	ko:K14267
cupa:LPA45_09160	ko:K00674
cupa:LPA45_09175	ko:K01439
cupa:LPA45_09180	ko:K07320
cupa:LPA45_09200	ko:K14237
cupa:LPA45_09210	ko:K00344
cupa:LPA45_09225	ko:K02035
cupa:LPA45_09230	ko:K02033
cupa:LPA45_09235	ko:K02034
cupa:LPA45_09240	ko:K02031
cupa:LPA45_09240	ko:K02032
cupa:LPA45_09245	ko:K02433
cupa:LPA45_09255	ko:K00981
cupa:LPA45_09295	ko:K16203
cupa:LPA45_09305	ko:K13891
cupa:LPA45_09310	ko:K13890
cupa:LPA45_09315	ko:K13889
cupa:LPA45_09320	ko:K13892
cupa:LPA45_09325	ko:K13051
cupa:LPA45_09335	ko:K06158
cupa:LPA45_09340	ko:K03611
cupa:LPA45_09350	ko:K04485
cupa:LPA45_09355	ko:K01775
cupa:LPA45_09360	ko:K08227
cupa:LPA45_09365	ko:K09977
cupa:LPA45_09370	ko:K21929
cupa:LPA45_09375	ko:K03789
cupa:LPA45_09380	ko:K14742
cupa:LPA45_09390	ko:K03446
cupa:LPA45_09420	ko:K02073
cupa:LPA45_09425	ko:K14228
cupa:LPA45_09430	ko:K02020
cupa:LPA45_09440	ko:K14228
cupa:LPA45_09520	ko:K00925
cupa:LPA45_09525	ko:K00625
cupa:LPA45_09535	ko:K03778
cupa:LPA45_09550	ko:K00023
cupa:LPA45_09560	ko:K00988
cupa:LPA45_09575	ko:K09768
cupa:LPA45_09590	ko:K00375
cupa:LPA45_09650	ko:K01856
cupa:LPA45_09655	ko:K03464
cupa:LPA45_09660	ko:K01055
cupa:LPA45_09670	ko:K02297
cupa:LPA45_09675	ko:K02298
cupa:LPA45_09680	ko:K02299
cupa:LPA45_09685	ko:K02300
cupa:LPA45_09690	ko:K00381
cupa:LPA45_09725	ko:K00830
cupa:LPA45_09760	ko:K18900
cupa:LPA45_09765	ko:K02471
cupa:LPA45_09800	ko:K01638
cupa:LPA45_09805	ko:K01560
cupa:LPA45_09820	ko:K07387
cupa:LPA45_09930	ko:K26972
cupa:LPA45_10010	ko:K14230
cupa:LPA45_10025	ko:K14230
cupa:LPA45_10175	ko:K01637
cupa:LPA45_10190	ko:K01652
cupa:LPA45_10215	ko:K13635
cupa:LPA45_10220	ko:K02045
cupa:LPA45_10225	ko:K02047
cupa:LPA45_10230	ko:K02046
cupa:LPA45_10235	ko:K07002
cupa:LPA45_10245	ko:K15555
cupa:LPA45_10250	ko:K15554
cupa:LPA45_10255	ko:K04091
cupa:LPA45_10260	ko:K15553
cupa:LPA45_10265	ko:K00299
cupa:LPA45_10270	ko:K23163
cupa:LPA45_10275	ko:K03594
cupa:LPA45_10280	ko:K03695
cupa:LPA45_10295	ko:K12508
cupa:LPA45_10300	ko:K01998
cupa:LPA45_10305	ko:K01997
cupa:LPA45_10310	ko:K01996
cupa:LPA45_10315	ko:K01995
cupa:LPA45_10320	ko:K01999
cupa:LPA45_10345	ko:K06199
cupa:LPA45_10350	ko:K03635
cupa:LPA45_10355	ko:K03636
cupa:LPA45_10360	ko:K03750
cupa:LPA45_10365	ko:K01733
cupa:LPA45_10370	ko:K00003
cupa:LPA45_10375	ko:K14260
cupa:LPA45_10385	ko:K03564
cupa:LPA45_10390	ko:K07175
cupa:LPA45_10405	ko:K03306
cupa:LPA45_10410	ko:K07220
cupa:LPA45_10415	ko:K02314
cupa:LPA45_10420	ko:K02939
cupa:LPA45_10425	ko:K02963
cupa:LPA45_10430	ko:K02686
cupa:LPA45_10435	ko:K02990
cupa:LPA45_10440	ko:K01424
cupa:LPA45_10445	ko:K01356
cupa:LPA45_10460	ko:K14226
cupa:LPA45_10470	ko:K05539
cupa:LPA45_10475	ko:K19784
cupa:LPA45_10485	ko:K05874
cupa:LPA45_10495	ko:K06207
cupa:LPA45_10505	ko:K18139
cupa:LPA45_10510	ko:K03543
cupa:LPA45_10515	ko:K03446
cupa:LPA45_10525	ko:K05995
cupa:LPA45_10535	ko:K14591
cupa:LPA45_10545	ko:K03177
cupa:LPA45_10550	ko:K02834
cupa:LPA45_10555	ko:K02519
cupa:LPA45_10560	ko:K02600
cupa:LPA45_10565	ko:K09748
cupa:LPA45_10570	ko:K06178
cupa:LPA45_10575	ko:K06024
cupa:LPA45_10580	ko:K09792
cupa:LPA45_10585	ko:K01420
cupa:LPA45_10605	ko:K00406
cupa:LPA45_10610	ko:K00407
cupa:LPA45_10615	ko:K00405
cupa:LPA45_10620	ko:K00404
cupa:LPA45_10630	ko:K01533
cupa:LPA45_10635	ko:K06916
cupa:LPA45_10640	ko:K00382
cupa:LPA45_10645	ko:K00658
cupa:LPA45_10650	ko:K00164
cupa:LPA45_10655	ko:K01126
cupa:LPA45_10660	ko:K05816
cupa:LPA45_10665	ko:K05815
cupa:LPA45_10670	ko:K05814
cupa:LPA45_10675	ko:K05813
cupa:LPA45_10685	ko:K07712
cupa:LPA45_10690	ko:K07708
cupa:LPA45_10735	ko:K03578
cupa:LPA45_10740	ko:K14682
cupa:LPA45_10750	ko:K01807
cupa:LPA45_10755	ko:K00616
cupa:LPA45_10760	ko:K12410
cupa:LPA45_10765	ko:K03218
cupa:LPA45_10770	ko:K12573
cupa:LPA45_10775	ko:K14228
cupa:LPA45_10785	ko:K07118
cupa:LPA45_10790	ko:K07101
cupa:LPA45_10795	ko:K01939
cupa:LPA45_10800	ko:K02502
cupa:LPA45_10805	ko:K04087
cupa:LPA45_10810	ko:K04088
cupa:LPA45_10815	ko:K03665
cupa:LPA45_10820	ko:K03666
cupa:LPA45_10825	ko:K03977
cupa:LPA45_10830	ko:K17713
cupa:LPA45_10840	ko:K01892
cupa:LPA45_10845	ko:K03526
cupa:LPA45_10850	ko:K15539
cupa:LPA45_10855	ko:K02656
cupa:LPA45_10860	ko:K06941
cupa:LPA45_10865	ko:K00940
cupa:LPA45_10870	ko:K19416
cupa:LPA45_10875	ko:K03215
cupa:LPA45_10885	ko:K07501
cupa:LPA45_10890	ko:K03087
cupa:LPA45_10895	ko:K06194
cupa:LPA45_10900	ko:K00573
cupa:LPA45_10905	ko:K03787
cupa:LPA45_10910	ko:K00344
cupa:LPA45_10915	ko:K15554
cupa:LPA45_10920	ko:K15555
cupa:LPA45_10925	ko:K15553
cupa:LPA45_10935	ko:K01640
cupa:LPA45_10940	ko:K18313
cupa:LPA45_10950	ko:K06187
cupa:LPA45_10955	ko:K09747
cupa:LPA45_10960	ko:K02343
cupa:LPA45_10965	ko:K00525
cupa:LPA45_10970	ko:K01983
cupa:LPA45_10975	ko:K16898
cupa:LPA45_10980	ko:K16899
cupa:LPA45_10990	ko:K03671
cupa:LPA45_10995	ko:K03628
cupa:LPA45_11000	ko:K09933
cupa:LPA45_11005	ko:K02909
cupa:LPA45_11015	ko:K26939
cupa:LPA45_11020	ko:K14221
cupa:LPA45_11025	ko:K14224
cupa:LPA45_11030	ko:K14218
cupa:LPA45_11035	ko:K14221
cupa:LPA45_11040	ko:K14224
cupa:LPA45_11045	ko:K14218
cupa:LPA45_11050	ko:K01885
cupa:LPA45_11055	ko:K07001
cupa:LPA45_11065	ko:K13896
cupa:LPA45_11070	ko:K13895
cupa:LPA45_11075	ko:K13894
cupa:LPA45_11080	ko:K13893
cupa:LPA45_11085	ko:K00208
cupa:LPA45_11090	ko:K19577
cupa:LPA45_11155	ko:K01487
cupa:LPA45_11175	ko:K03741
cupa:LPA45_11180	ko:K28614
cupa:LPA45_11185	ko:K00537
cupa:LPA45_11190	ko:K11811
cupa:LPA45_11205	ko:K14219
cupa:LPA45_11215	ko:K14232
cupa:LPA45_11220	ko:K02342
cupa:LPA45_11235	ko:K02518
cupa:LPA45_11240	ko:K08296
cupa:LPA45_11245	ko:K22310
cupa:LPA45_11250	ko:K01524
cupa:LPA45_11255	ko:K00937
cupa:LPA45_11260	ko:K07636
cupa:LPA45_11265	ko:K07657
cupa:LPA45_11270	ko:K02039
cupa:LPA45_11275	ko:K02036
cupa:LPA45_11280	ko:K02038
cupa:LPA45_11285	ko:K02037
cupa:LPA45_11290	ko:K02040
cupa:LPA45_11295	ko:K03431
cupa:LPA45_11300	ko:K00796
cupa:LPA45_11305	ko:K03798
cupa:LPA45_11310	ko:K02427
cupa:LPA45_11315	ko:K07574
cupa:LPA45_11325	ko:K03624
cupa:LPA45_11330	ko:K01955
cupa:LPA45_11335	ko:K11250
cupa:LPA45_11340	ko:K01956
cupa:LPA45_11350	ko:K01075
cupa:LPA45_11355	ko:K08295
cupa:LPA45_11375	ko:K09461
cupa:LPA45_11380	ko:K01908
cupa:LPA45_11385	ko:K08307
cupa:LPA45_11390	ko:K01069
cupa:LPA45_11400	ko:K03469
cupa:LPA45_11405	ko:K02342
cupa:LPA45_11410	ko:K14237
cupa:LPA45_11480	ko:K17321
cupa:LPA45_11490	ko:K17323
cupa:LPA45_11495	ko:K17322
cupa:LPA45_11500	ko:K17325
cupa:LPA45_11505	ko:K17324
cupa:LPA45_11510	ko:K02444
cupa:LPA45_11515	ko:K01433
cupa:LPA45_11525	ko:K00864
cupa:LPA45_11530	ko:K00111
cupa:LPA45_11575	ko:K21021
cupa:LPA45_11585	ko:K00824
cupa:LPA45_11600	ko:K14233
cupa:LPA45_11605	ko:K14393
cupa:LPA45_11610	ko:K01895
cupa:LPA45_11630	ko:K01676
cupa:LPA45_11635	ko:K01776
cupa:LPA45_11645	ko:K03832
cupa:LPA45_11650	ko:K03561
cupa:LPA45_11655	ko:K03559
cupa:LPA45_11665	ko:K11477
cupa:LPA45_11680	ko:K14228
cupa:LPA45_11700	ko:K14222
cupa:LPA45_11705	ko:K14225
cupa:LPA45_11710	ko:K14225
cupa:LPA45_11715	ko:K00995
cupa:LPA45_11720	ko:K03703
cupa:LPA45_11730	ko:K02356
cupa:LPA45_11735	ko:K01207
cupa:LPA45_11740	ko:K00997
cupa:LPA45_11745	ko:K03474
cupa:LPA45_11750	ko:K03584
cupa:LPA45_11755	ko:K03595
cupa:LPA45_11760	ko:K03685
cupa:LPA45_11770	ko:K03100
cupa:LPA45_11775	ko:K03596
cupa:LPA45_11785	ko:K04771
cupa:LPA45_11790	ko:K03598
cupa:LPA45_11795	ko:K03597
cupa:LPA45_11800	ko:K03088
cupa:LPA45_11810	ko:K09458
cupa:LPA45_11815	ko:K02078
cupa:LPA45_11820	ko:K00059
cupa:LPA45_11825	ko:K00645
cupa:LPA45_11830	ko:K00648
cupa:LPA45_11835	ko:K03621
cupa:LPA45_11840	ko:K02911
cupa:LPA45_11845	ko:K07040
cupa:LPA45_11850	ko:K25422
cupa:LPA45_11855	ko:K07056
cupa:LPA45_11860	ko:K04773
cupa:LPA45_11870	ko:K01091
cupa:LPA45_11875	ko:K06179
cupa:LPA45_11880	ko:K08300
cupa:LPA45_11885	ko:K03639
cupa:LPA45_11890	ko:K03752
cupa:LPA45_11895	ko:K03750
cupa:LPA45_11905	ko:K09760
cupa:LPA45_11910	ko:K00090
cupa:LPA45_11920	ko:K00782
cupa:LPA45_11925	ko:K00763
cupa:LPA45_11935	ko:K05524
cupa:LPA45_11940	ko:K00384
cupa:LPA45_11945	ko:K14220
cupa:LPA45_11960	ko:K00249
cupa:LPA45_11975	ko:K02970
cupa:LPA45_11980	ko:K09695
cupa:LPA45_11985	ko:K09694
cupa:LPA45_11990	ko:K11741
cupa:LPA45_12000	ko:K10764
cupa:LPA45_12005	ko:K00764
cupa:LPA45_12010	ko:K03558
cupa:LPA45_12015	ko:K03749
cupa:LPA45_12020	ko:K11754
cupa:LPA45_12025	ko:K01963
cupa:LPA45_12030	ko:K01695
cupa:LPA45_12035	ko:K00571
cupa:LPA45_12040	ko:K01696
cupa:LPA45_12045	ko:K01817
cupa:LPA45_12050	ko:K06173
cupa:LPA45_12055	ko:K08086
cupa:LPA45_12060	ko:K00133
cupa:LPA45_12065	ko:K00052
cupa:LPA45_12070	ko:K01704
cupa:LPA45_12080	ko:K01703
cupa:LPA45_12085	ko:K01996
cupa:LPA45_12090	ko:K01995
cupa:LPA45_12095	ko:K01998
cupa:LPA45_12100	ko:K01997
cupa:LPA45_12105	ko:K01999
cupa:LPA45_12110	ko:K01647
cupa:LPA45_12115	ko:K09159
cupa:LPA45_12120	ko:K00240
cupa:LPA45_12125	ko:K00239
cupa:LPA45_12130	ko:K00242
cupa:LPA45_12135	ko:K00241
cupa:LPA45_12140	ko:K03710
cupa:LPA45_12145	ko:K00024
cupa:LPA45_12150	ko:K01644
cupa:LPA45_12155	ko:K01659
cupa:LPA45_12165	ko:K27802
cupa:LPA45_12180	ko:K03439
cupa:LPA45_12185	ko:K02035
cupa:LPA45_12200	ko:K28981
cupa:LPA45_12215	ko:K04079
cupa:LPA45_12225	ko:K07050
cupa:LPA45_12250	ko:K05825
cupa:LPA45_12255	ko:K00799
cupa:LPA45_12265	ko:K03303
cupa:LPA45_12270	ko:K18893
cupa:LPA45_12280	ko:K02621
cupa:LPA45_12290	ko:K02622
cupa:LPA45_12305	ko:K15738
cupa:LPA45_12310	ko:K05782
cupa:LPA45_12320	ko:K03297
cupa:LPA45_12325	ko:K14219
cupa:LPA45_12350	ko:K11004
cupa:LPA45_12360	ko:K11003
cupa:LPA45_12370	ko:K18139
cupa:LPA45_12435	ko:K18911
cupa:LPA45_12445	ko:K00560
cupa:LPA45_12450	ko:K00287
cupa:LPA45_12460	ko:K03592
cupa:LPA45_12465	ko:K09889
cupa:LPA45_12470	ko:K03831
cupa:LPA45_12475	ko:K24180
cupa:LPA45_12480	ko:K13288
cupa:LPA45_12485	ko:K06013
cupa:LPA45_12490	ko:K06949
cupa:LPA45_12500	ko:K02227
cupa:LPA45_12505	ko:K06911
cupa:LPA45_12515	ko:K01894
cupa:LPA45_12520	ko:K11927
cupa:LPA45_12530	ko:K01026
cupa:LPA45_12540	ko:K14230
cupa:LPA45_12545	ko:K03086
cupa:LPA45_12555	ko:K02316
cupa:LPA45_12560	ko:K09117
cupa:LPA45_12570	ko:K25706
cupa:LPA45_12575	ko:K09007
cupa:LPA45_12580	ko:K01662
cupa:LPA45_12585	ko:K00795
cupa:LPA45_12590	ko:K03602
cupa:LPA45_12605	ko:K01011
cupa:LPA45_12610	ko:K16267
cupa:LPA45_12615	ko:K01061
cupa:LPA45_12620	ko:K03885
cupa:LPA45_12625	ko:K02335
cupa:LPA45_12640	ko:K02204
cupa:LPA45_12670	ko:K03657
cupa:LPA45_12675	ko:K01873
cupa:LPA45_12680	ko:K00963
cupa:LPA45_12685	ko:K04085
cupa:LPA45_12695	ko:K01620
cupa:LPA45_12700	ko:K01821
cupa:LPA45_12720	ko:K07403
cupa:LPA45_12730	ko:K00986
cupa:LPA45_12735	ko:K01872
cupa:LPA45_12740	ko:K01041
cupa:LPA45_12745	ko:K08983
cupa:LPA45_12755	ko:K11105
cupa:LPA45_12765	ko:K07793
cupa:LPA45_12770	ko:K19055
cupa:LPA45_12775	ko:K03782
cupa:LPA45_12790	ko:K00681
cupa:LPA45_12800	ko:K07006
cupa:LPA45_12810	ko:K01886
cupa:LPA45_12815	ko:K14761
cupa:LPA45_12840	ko:K03772
cupa:LPA45_12850	ko:K07232
cupa:LPA45_12855	ko:K06867
cupa:LPA45_12860	ko:K00666
cupa:LPA45_12865	ko:K05838
cupa:LPA45_12870	ko:K06995
cupa:LPA45_12875	ko:K07216
cupa:LPA45_12885	ko:K22132
cupa:LPA45_12890	ko:K07290
cupa:LPA45_12900	ko:K00275
cupa:LPA45_12905	ko:K00574
cupa:LPA45_12915	ko:K07304
cupa:LPA45_12950	ko:K03719
cupa:LPA45_12955	ko:K07130
cupa:LPA45_12960	ko:K01556
cupa:LPA45_12965	ko:K00453
cupa:LPA45_12975	ko:K00252
cupa:LPA45_12980	ko:K24158
cupa:LPA45_13005	ko:K14229
cupa:LPA45_13010	ko:K07112
cupa:LPA45_13015	ko:K06920
cupa:LPA45_13025	ko:K03640
cupa:LPA45_13030	ko:K03641
cupa:LPA45_13035	ko:K03646
cupa:LPA45_13040	ko:K03560
cupa:LPA45_13045	ko:K03562
cupa:LPA45_13050	ko:K07107
cupa:LPA45_13055	ko:K00600
cupa:LPA45_13060	ko:K07738
cupa:LPA45_13075	ko:K02674
cupa:LPA45_13080	ko:K02673
cupa:LPA45_13085	ko:K02672
cupa:LPA45_13125	ko:K11752
cupa:LPA45_13130	ko:K00793
cupa:LPA45_13135	ko:K14652
cupa:LPA45_13140	ko:K00794
cupa:LPA45_13145	ko:K03625
cupa:LPA45_13160	ko:K03182
cupa:LPA45_13165	ko:K01907
cupa:LPA45_13170	ko:K00799
cupa:LPA45_13175	ko:K05973
cupa:LPA45_13225	ko:K14225
cupa:LPA45_13230	ko:K03439
cupa:LPA45_13235	ko:K06153
cupa:LPA45_13245	ko:K06940
cupa:LPA45_13255	ko:K03585
cupa:LPA45_13260	ko:K18138
cupa:LPA45_13265	ko:K00573
cupa:LPA45_13275	ko:K12340
cupa:LPA45_13295	ko:K02527
cupa:LPA45_13300	ko:K02841
cupa:LPA45_13305	ko:K15778
cupa:LPA45_13435	ko:K00973
cupa:LPA45_13440	ko:K00067
cupa:LPA45_13445	ko:K01710
cupa:LPA45_13450	ko:K01525
cupa:LPA45_13455	ko:K00655
cupa:LPA45_13460	ko:K01465
cupa:LPA45_13465	ko:K00609
cupa:LPA45_13470	ko:K02825
cupa:LPA45_13475	ko:K07447
cupa:LPA45_13480	ko:K07735
cupa:LPA45_13485	ko:K06183
cupa:LPA45_13490	ko:K01669
cupa:LPA45_13495	ko:K02498
cupa:LPA45_13505	ko:K01749
cupa:LPA45_13510	ko:K01595
cupa:LPA45_13520	ko:K03088
cupa:LPA45_13530	ko:K01755
cupa:LPA45_13535	ko:K11689
cupa:LPA45_13540	ko:K11690
cupa:LPA45_13545	ko:K01584
cupa:LPA45_13550	ko:K01494
cupa:LPA45_13555	ko:K02379
cupa:LPA45_13565	ko:K00127
cupa:LPA45_13575	ko:K00124
cupa:LPA45_13580	ko:K00123
cupa:LPA45_13610	ko:K03593
cupa:LPA45_13625	ko:K01874
cupa:LPA45_13635	ko:K09800
cupa:LPA45_13640	ko:K07278
cupa:LPA45_13650	ko:K05896
cupa:LPA45_13655	ko:K01918
cupa:LPA45_13665	ko:K02232
cupa:LPA45_13670	ko:K02231
cupa:LPA45_13675	ko:K02227
cupa:LPA45_13680	ko:K02225
cupa:LPA45_13685	ko:K02016
cupa:LPA45_13690	ko:K02226
cupa:LPA45_13695	ko:K02233
cupa:LPA45_13700	ko:K00768
cupa:LPA45_13705	ko:K19221
cupa:LPA45_13710	ko:K02013
cupa:LPA45_13715	ko:K02015
cupa:LPA45_13720	ko:K16092
cupa:LPA45_13730	ko:K09888
cupa:LPA45_13745	ko:K07090
cupa:LPA45_13760	ko:K18661
cupa:LPA45_13775	ko:K01578
cupa:LPA45_13795	ko:K13292
cupa:LPA45_13805	ko:K01687
cupa:LPA45_13815	ko:K02339
cupa:LPA45_13820	ko:K01255
cupa:LPA45_13825	ko:K07091
cupa:LPA45_13830	ko:K11720
cupa:LPA45_13835	ko:K03795
cupa:LPA45_13840	ko:K02303
cupa:LPA45_13845	ko:K00956
cupa:LPA45_13850	ko:K00957
cupa:LPA45_13855	ko:K00390
cupa:LPA45_13865	ko:K00381
cupa:LPA45_13870	ko:K07090
cupa:LPA45_13875	ko:K13634
cupa:LPA45_13885	ko:K01999
cupa:LPA45_13890	ko:K00042
cupa:LPA45_13900	ko:K14228
cupa:LPA45_13915	ko:K07387
cupa:LPA45_13920	ko:K07085
cupa:LPA45_13925	ko:K07085
cupa:LPA45_13930	ko:K09758
cupa:LPA45_13935	ko:K01458
cupa:LPA45_13940	ko:K05603
cupa:LPA45_13945	ko:K01468
cupa:LPA45_13955	ko:K01712
cupa:LPA45_13960	ko:K01745
cupa:LPA45_13965	ko:K05836
cupa:LPA45_13970	ko:K02049
cupa:LPA45_13975	ko:K02050
cupa:LPA45_13980	ko:K02051
cupa:LPA45_13990	ko:K00523
cupa:LPA45_13995	ko:K00821
cupa:LPA45_14000	ko:K01996
cupa:LPA45_14005	ko:K01995
cupa:LPA45_14010	ko:K01998
cupa:LPA45_14015	ko:K01997
cupa:LPA45_14020	ko:K01999
cupa:LPA45_14025	ko:K03527
cupa:LPA45_14030	ko:K03774
cupa:LPA45_14040	ko:K03630
cupa:LPA45_14045	ko:K02902
cupa:LPA45_14050	ko:K02913
cupa:LPA45_14055	ko:K00278
cupa:LPA45_14060	ko:K00767
cupa:LPA45_14065	ko:K03517
cupa:LPA45_14070	ko:K00507
cupa:LPA45_14080	ko:K03500
cupa:LPA45_14085	ko:K11175
cupa:LPA45_14100	ko:K11753
cupa:LPA45_14105	ko:K01870
cupa:LPA45_14110	ko:K03101
cupa:LPA45_14115	ko:K13038
cupa:LPA45_14125	ko:K01520
cupa:LPA45_14140	ko:K03694
cupa:LPA45_14145	ko:K06891
cupa:LPA45_14150	ko:K03704
cupa:LPA45_14160	ko:K00031
cupa:LPA45_14165	ko:K06181
cupa:LPA45_14175	ko:K09005
cupa:LPA45_14180	ko:K09767
cupa:LPA45_14185	ko:K00075
cupa:LPA45_14190	ko:K09913
cupa:LPA45_14195	ko:K00611
cupa:LPA45_14205	ko:K02968
cupa:LPA45_14210	ko:K03980
cupa:LPA45_14220	ko:K03975
cupa:LPA45_14225	ko:K03572
cupa:LPA45_14230	ko:K00791
cupa:LPA45_14245	ko:K16841
cupa:LPA45_14250	ko:K02433
cupa:LPA45_14255	ko:K01464
cupa:LPA45_14265	ko:K01933
cupa:LPA45_14275	ko:K10763
cupa:LPA45_14280	ko:K28842
cupa:LPA45_14285	ko:K00970
cupa:LPA45_14290	ko:K00950
cupa:LPA45_14300	ko:K00606
cupa:LPA45_14305	ko:K05773
cupa:LPA45_14310	ko:K06857
cupa:LPA45_14315	ko:K03342
cupa:LPA45_14320	ko:K03686
cupa:LPA45_14325	ko:K04043
cupa:LPA45_14330	ko:K00798
cupa:LPA45_14335	ko:K00102
cupa:LPA45_14340	ko:K03566
cupa:LPA45_14350	ko:K00104
cupa:LPA45_14355	ko:K10716
cupa:LPA45_14360	ko:K11472
cupa:LPA45_14365	ko:K11473
cupa:LPA45_14370	ko:K06518
cupa:LPA45_14380	ko:K06996
cupa:LPA45_14390	ko:K00432
cupa:LPA45_14395	ko:K02670
cupa:LPA45_14400	ko:K02669
cupa:LPA45_14405	ko:K06997
cupa:LPA45_14410	ko:K00286
cupa:LPA45_14415	ko:K03179
cupa:LPA45_14420	ko:K04047
cupa:LPA45_14430	ko:K03781
cupa:LPA45_14435	ko:K04761
cupa:LPA45_14440	ko:K03655
cupa:LPA45_14445	ko:K07568
cupa:LPA45_14450	ko:K00773
cupa:LPA45_14455	ko:K03210
cupa:LPA45_14460	ko:K03072
cupa:LPA45_14465	ko:K03074
cupa:LPA45_14505	ko:K01756
cupa:LPA45_14515	ko:K00566
cupa:LPA45_14525	ko:K00324
cupa:LPA45_14530	ko:K00324
cupa:LPA45_14535	ko:K00325
cupa:LPA45_14545	ko:K25137
cupa:LPA45_14555	ko:K08973
cupa:LPA45_14560	ko:K00147
cupa:LPA45_14565	ko:K02340
cupa:LPA45_14570	ko:K03643
cupa:LPA45_14575	ko:K01869
cupa:LPA45_14580	ko:K00215
cupa:LPA45_14585	ko:K06186
cupa:LPA45_14590	ko:K03711
cupa:LPA45_14605	ko:K00134
cupa:LPA45_14610	ko:K00615
cupa:LPA45_14620	ko:K09761
cupa:LPA45_14635	ko:K01167
cupa:LPA45_14640	ko:K00029
cupa:LPA45_14645	ko:K00946
cupa:LPA45_14650	ko:K01095
cupa:LPA45_14655	ko:K03743
cupa:LPA45_14660	ko:K01591
cupa:LPA45_14670	ko:K03284
cupa:LPA45_14675	ko:K03814
cupa:LPA45_14680	ko:K00014
cupa:LPA45_14685	ko:K03832
cupa:LPA45_14690	ko:K01147
cupa:LPA45_14700	ko:K03181
cupa:LPA45_14705	ko:K07000
cupa:LPA45_14710	ko:K02558
cupa:LPA45_14725	ko:K03786
cupa:LPA45_14730	ko:K02160
cupa:LPA45_14735	ko:K01961
cupa:LPA45_14740	ko:K02687
cupa:LPA45_14750	ko:K11065
cupa:LPA45_14755	ko:K00856
cupa:LPA45_14760	ko:K06077
cupa:LPA45_14775	ko:K16090
cupa:LPA45_14785	ko:K01821
cupa:LPA45_14805	ko:K03554
cupa:LPA45_14820	ko:K07114
cupa:LPA45_14825	ko:K07114
cupa:LPA45_14840	ko:K03924
cupa:LPA45_14850	ko:K01130
cupa:LPA45_14860	ko:K13444
cupa:LPA45_14980	ko:K06446
cupa:LPA45_15055	ko:K01753
cupa:LPA45_15085	ko:K00526
cupa:LPA45_15090	ko:K00525
cupa:LPA45_15095	ko:K03806
cupa:LPA45_15100	ko:K02667
cupa:LPA45_15105	ko:K02668
cupa:LPA45_15110	ko:K06950
cupa:LPA45_15120	ko:K03106
cupa:LPA45_15125	ko:K00760
cupa:LPA45_15135	ko:K00472
cupa:LPA45_15145	ko:K01881
cupa:LPA45_15150	ko:K08311
cupa:LPA45_15160	ko:K00931
cupa:LPA45_15165	ko:K03979
cupa:LPA45_15170	ko:K02899
cupa:LPA45_15175	ko:K02888
cupa:LPA45_15185	ko:K02523
cupa:LPA45_15190	ko:K14232
cupa:LPA45_15195	ko:K02652
cupa:LPA45_15200	ko:K02653
cupa:LPA45_15205	ko:K02654
cupa:LPA45_15210	ko:K00859
cupa:LPA45_15215	ko:K18778
cupa:LPA45_15220	ko:K09862
cupa:LPA45_15230	ko:K03574
cupa:LPA45_15235	ko:K06923
cupa:LPA45_15240	ko:K00620
cupa:LPA45_15245	ko:K03070
cupa:LPA45_15255	ko:K02535
cupa:LPA45_15260	ko:K24138
cupa:LPA45_15265	ko:K03531
cupa:LPA45_15270	ko:K03590
cupa:LPA45_15275	ko:K03589
cupa:LPA45_15280	ko:K01921
cupa:LPA45_15285	ko:K01924
cupa:LPA45_15290	ko:K02563
cupa:LPA45_15295	ko:K03588
cupa:LPA45_15300	ko:K01925
cupa:LPA45_15305	ko:K01000
cupa:LPA45_15310	ko:K01929
cupa:LPA45_15315	ko:K01928
cupa:LPA45_15320	ko:K03587
cupa:LPA45_15325	ko:K03586
cupa:LPA45_15330	ko:K03438
cupa:LPA45_15335	ko:K03925
cupa:LPA45_15340	ko:K06134
cupa:LPA45_15365	ko:K01897
cupa:LPA45_15390	ko:K02032
cupa:LPA45_15395	ko:K02031
cupa:LPA45_15400	ko:K02034
cupa:LPA45_15405	ko:K02033
cupa:LPA45_15410	ko:K02035
cupa:LPA45_15435	ko:K01985
cupa:LPA45_15440	ko:K01980
cupa:LPA45_15445	ko:K14218
cupa:LPA45_15450	ko:K14227
cupa:LPA45_15455	ko:K01977
cupa:LPA45_15460	ko:K01692
cupa:LPA45_15465	ko:K02028
cupa:LPA45_15470	ko:K02029
cupa:LPA45_15475	ko:K02030
cupa:LPA45_15480	ko:K15866
cupa:LPA45_15485	ko:K02614
cupa:LPA45_15490	ko:K01912
cupa:LPA45_15495	ko:K08304
cupa:LPA45_15505	ko:K06195
cupa:LPA45_15510	ko:K01783
cupa:LPA45_15515	ko:K01091
cupa:LPA45_15520	ko:K01657
cupa:LPA45_15525	ko:K01658
cupa:LPA45_15530	ko:K00766
cupa:LPA45_15535	ko:K01609
cupa:LPA45_15545	ko:K03648
cupa:LPA45_15550	ko:K01512
cupa:LPA45_15555	ko:K02050
cupa:LPA45_15560	ko:K02049
cupa:LPA45_15575	ko:K19745
cupa:LPA45_15580	ko:K03981
cupa:LPA45_15595	ko:K06942
cupa:LPA45_15670	ko:K01711
cupa:LPA45_15740	ko:K01243
cupa:LPA45_15750	ko:K02492
cupa:LPA45_15755	ko:K02835
cupa:LPA45_15765	ko:K02493
cupa:LPA45_15770	ko:K07390
cupa:LPA45_15775	ko:K03186
cupa:LPA45_15785	ko:K26061
cupa:LPA45_15800	ko:K00215
cupa:LPA45_15810	ko:K03281
cupa:LPA45_15835	ko:K26937
cupa:LPA45_15840	ko:K18139
cupa:LPA45_15845	ko:K18138
cupa:LPA45_15850	ko:K03585
cupa:LPA45_15860	ko:K07098
cupa:LPA45_15865	ko:K06020
cupa:LPA45_15875	ko:K07043
cupa:LPA45_15880	ko:K07045
cupa:LPA45_15885	ko:K07045
cupa:LPA45_15905	ko:K03519
cupa:LPA45_15935	ko:K24206
cupa:LPA45_15955	ko:K11688
cupa:LPA45_15965	ko:K08323
cupa:LPA45_15970	ko:K08322
cupa:LPA45_15995	ko:K14234
cupa:LPA45_16000	ko:K03600
cupa:LPA45_16005	ko:K03599
cupa:LPA45_16010	ko:K00413
cupa:LPA45_16015	ko:K00412
cupa:LPA45_16020	ko:K00411
cupa:LPA45_16025	ko:K03282
cupa:LPA45_16035	ko:K04772
cupa:LPA45_16045	ko:K03118
cupa:LPA45_16050	ko:K03117
cupa:LPA45_16055	ko:K03116
cupa:LPA45_16060	ko:K02503
cupa:LPA45_16070	ko:K01523
cupa:LPA45_16075	ko:K01496
cupa:LPA45_16080	ko:K02500
cupa:LPA45_16085	ko:K01814
cupa:LPA45_16090	ko:K02501
cupa:LPA45_16100	ko:K01693
cupa:LPA45_16105	ko:K00817
cupa:LPA45_16110	ko:K00013
cupa:LPA45_16115	ko:K00765
cupa:LPA45_16120	ko:K00790
cupa:LPA45_16130	ko:K01992
cupa:LPA45_16135	ko:K01990
cupa:LPA45_16140	ko:K07122
cupa:LPA45_16145	ko:K07323
cupa:LPA45_16150	ko:K04754
cupa:LPA45_16155	ko:K02067
cupa:LPA45_16160	ko:K02066
cupa:LPA45_16165	ko:K02065
cupa:LPA45_16180	ko:K00266
cupa:LPA45_16185	ko:K00265
cupa:LPA45_16190	ko:K07491
cupa:LPA45_16195	ko:K01129
cupa:LPA45_16200	ko:K01735
cupa:LPA45_16205	ko:K00891
cupa:LPA45_16210	ko:K02666
cupa:LPA45_16215	ko:K02665
cupa:LPA45_16220	ko:K02664
cupa:LPA45_16225	ko:K02663
cupa:LPA45_16230	ko:K02662
cupa:LPA45_16235	ko:K05366
cupa:LPA45_16240	ko:K06202
cupa:LPA45_16250	ko:K01586
cupa:LPA45_16255	ko:K17247
cupa:LPA45_16260	ko:K07147
cupa:LPA45_16270	ko:K03088
cupa:LPA45_16285	ko:K07399
cupa:LPA45_16295	ko:K03978
cupa:LPA45_16300	ko:K01698
cupa:LPA45_16310	ko:K04084
cupa:LPA45_16315	ko:K03926
cupa:LPA45_16320	ko:K02879
cupa:LPA45_16325	ko:K03040
cupa:LPA45_16330	ko:K02986
cupa:LPA45_16335	ko:K02948
cupa:LPA45_16340	ko:K02952
cupa:LPA45_16345	ko:K02919
cupa:LPA45_16350	ko:K02518
cupa:LPA45_16355	ko:K03076
cupa:LPA45_16360	ko:K02876
cupa:LPA45_16365	ko:K02907
cupa:LPA45_16370	ko:K02988
cupa:LPA45_16375	ko:K02881
cupa:LPA45_16380	ko:K02933
cupa:LPA45_16385	ko:K02994
cupa:LPA45_16390	ko:K02954
cupa:LPA45_16395	ko:K02931
cupa:LPA45_16400	ko:K02895
cupa:LPA45_16405	ko:K02874
cupa:LPA45_16410	ko:K02961
cupa:LPA45_16415	ko:K02904
cupa:LPA45_16420	ko:K02878
cupa:LPA45_16425	ko:K02982
cupa:LPA45_16430	ko:K02890
cupa:LPA45_16435	ko:K02965
cupa:LPA45_16440	ko:K02886
cupa:LPA45_16445	ko:K02892
cupa:LPA45_16450	ko:K02926
cupa:LPA45_16455	ko:K02906
cupa:LPA45_16485	ko:K02946
cupa:LPA45_16490	ko:K02358
cupa:LPA45_16495	ko:K02355
cupa:LPA45_16500	ko:K02992
cupa:LPA45_16505	ko:K02950
cupa:LPA45_16510	ko:K03654
cupa:LPA45_16515	ko:K03046
cupa:LPA45_16520	ko:K03043
cupa:LPA45_16525	ko:K02935
cupa:LPA45_16530	ko:K02864
cupa:LPA45_16535	ko:K02863
cupa:LPA45_16540	ko:K02867
cupa:LPA45_16545	ko:K02601
cupa:LPA45_16550	ko:K03073
cupa:LPA45_16555	ko:K14235
cupa:LPA45_16560	ko:K02358
cupa:LPA45_16565	ko:K14234
cupa:LPA45_16570	ko:K14225
cupa:LPA45_16575	ko:K14236
cupa:LPA45_16580	ko:K01985
cupa:LPA45_16585	ko:K01980
cupa:LPA45_16590	ko:K14218
cupa:LPA45_16595	ko:K14227
cupa:LPA45_16600	ko:K01977
cupa:LPA45_16630	ko:K02609
cupa:LPA45_16635	ko:K02610
cupa:LPA45_16640	ko:K02611
cupa:LPA45_16645	ko:K02612
cupa:LPA45_16650	ko:K02613
cupa:LPA45_16665	ko:K11745
cupa:LPA45_16670	ko:K11746
cupa:LPA45_16680	ko:K03719
cupa:LPA45_16695	ko:K05916
cupa:LPA45_16700	ko:K13771
cupa:LPA45_16705	ko:K02456
cupa:LPA45_16710	ko:K02457
cupa:LPA45_16715	ko:K02458
cupa:LPA45_16720	ko:K02459
cupa:LPA45_16725	ko:K02460
cupa:LPA45_16730	ko:K02461
cupa:LPA45_16735	ko:K02462
cupa:LPA45_16740	ko:K02463
cupa:LPA45_16745	ko:K02453
cupa:LPA45_16750	ko:K02454
cupa:LPA45_16755	ko:K02455
cupa:LPA45_16765	ko:K04090
cupa:LPA45_16800	ko:K15777
cupa:LPA45_16820	ko:K01246
cupa:LPA45_16845	ko:K14218
cupa:LPA45_16850	ko:K17224
cupa:LPA45_16860	ko:K17223
cupa:LPA45_16865	ko:K17222
cupa:LPA45_16870	ko:K09004
cupa:LPA45_16875	ko:K17227
cupa:LPA45_16880	ko:K17226
cupa:LPA45_16885	ko:K08738
cupa:LPA45_16890	ko:K22622
cupa:LPA45_16895	ko:K17225
cupa:LPA45_16905	ko:K15268
cupa:LPA45_16910	ko:K17229
cupa:LPA45_16920	ko:K28369
cupa:LPA45_16925	ko:K03271
cupa:LPA45_16930	ko:K07460
cupa:LPA45_16935	ko:K07056
cupa:LPA45_16940	ko:K03642
cupa:LPA45_16945	ko:K01069
cupa:LPA45_16960	ko:K00537
cupa:LPA45_16975	ko:K02083
cupa:LPA45_16980	ko:K11103
cupa:LPA45_16995	ko:K15866
cupa:LPA45_17015	ko:K14057
cupa:LPA45_17025	ko:K01451
cupa:LPA45_17035	ko:K01608
cupa:LPA45_17040	ko:K01816
cupa:LPA45_17045	ko:K00042
cupa:LPA45_17050	ko:K11529
cupa:LPA45_17055	ko:K00873
cupa:LPA45_17060	ko:K07054
cupa:LPA45_17080	ko:K06140
cupa:LPA45_17095	ko:K03799
cupa:LPA45_17100	ko:K15034
cupa:LPA45_17115	ko:K14219
cupa:LPA45_17125	ko:K02495
cupa:LPA45_17140	ko:K02483
cupa:LPA45_17150	ko:K03656
cupa:LPA45_17155	ko:K04062
cupa:LPA45_17160	ko:K00605
cupa:LPA45_17165	ko:K02437
cupa:LPA45_17170	ko:K00281
cupa:LPA45_17175	ko:K01752
cupa:LPA45_17190	ko:K06889
cupa:LPA45_17195	ko:K06048
cupa:LPA45_17210	ko:K01999
cupa:LPA45_17215	ko:K13821
cupa:LPA45_17220	ko:K04066
cupa:LPA45_17225	ko:K01599
cupa:LPA45_17235	ko:K06929
cupa:LPA45_17240	ko:K02114
cupa:LPA45_17245	ko:K02112
cupa:LPA45_17250	ko:K02115
cupa:LPA45_17255	ko:K02111
cupa:LPA45_17260	ko:K02113
cupa:LPA45_17265	ko:K02109
cupa:LPA45_17270	ko:K02110
cupa:LPA45_17275	ko:K02108
cupa:LPA45_17280	ko:K02116
cupa:LPA45_17285	ko:K03497
cupa:LPA45_17290	ko:K03496
cupa:LPA45_17295	ko:K03501
cupa:LPA45_17300	ko:K03495
cupa:LPA45_17315	ko:K03566
cupa:LPA45_17320	ko:K01996
cupa:LPA45_17325	ko:K01995
cupa:LPA45_17325	ko:K01998
cupa:LPA45_17330	ko:K01997
cupa:LPA45_17335	ko:K01999
cupa:LPA45_17340	ko:K07090
cupa:LPA45_17350	ko:K01998
cupa:LPA45_17355	ko:K01997
cupa:LPA45_17360	ko:K01999
cupa:LPA45_17365	ko:K01996
cupa:LPA45_17370	ko:K01995
cupa:LPA45_17380	ko:K00140
cupa:LPA45_17395	ko:K19591
cupa:LPA45_17400	ko:K17686
cupa:LPA45_17405	ko:K07213
cupa:LPA45_17410	ko:K07275
cupa:LPA45_17415	ko:K25227
cupa:LPA45_17425	ko:K19743
cupa:LPA45_17430	ko:K05367
cupa:LPA45_17440	ko:K06894
cupa:LPA45_17450	ko:K00500
cupa:LPA45_17455	ko:K01724
cupa:LPA45_17460	ko:K02483
cupa:LPA45_17470	ko:K07117
cupa:LPA45_17475	ko:K03530
cupa:LPA45_17485	ko:K02346
cupa:LPA45_17490	ko:K05786
cupa:LPA45_17495	ko:K11688
cupa:LPA45_17510	ko:K28614
cupa:LPA45_17525	ko:K14231
cupa:LPA45_17530	ko:K13599
cupa:LPA45_17535	ko:K13598
cupa:LPA45_17545	ko:K03500
cupa:LPA45_17550	ko:K03799
cupa:LPA45_17555	ko:K00604
cupa:LPA45_17560	ko:K01462
cupa:LPA45_17570	ko:K04096
cupa:LPA45_17580	ko:K03169
cupa:LPA45_17605	ko:K06200
cupa:LPA45_17610	ko:K02480
cupa:LPA45_17620	ko:K01596
cupa:LPA45_17625	ko:K00058
cupa:LPA45_17640	ko:K07799
cupa:LPA45_17645	ko:K07788
cupa:LPA45_17655	ko:K06218
cupa:LPA45_17685	ko:K07795
cupa:LPA45_17690	ko:K07794
cupa:LPA45_17695	ko:K07793
cupa:LPA45_17700	ko:K07120
cupa:LPA45_17715	ko:K00383
cupa:LPA45_17720	ko:K07649
cupa:LPA45_17725	ko:K07774
cupa:LPA45_17730	ko:K02012
cupa:LPA45_17735	ko:K03577
cupa:LPA45_17740	ko:K03585
cupa:LPA45_17745	ko:K18138
cupa:LPA45_17750	ko:K18139
cupa:LPA45_17765	ko:K21645
cupa:LPA45_17800	ko:K03650
cupa:LPA45_17820	ko:K00598
cupa:LPA45_17825	ko:K03217
cupa:LPA45_17830	ko:K08998
cupa:LPA45_17835	ko:K03536
cupa:LPA45_17840	ko:K02914
cupa:LPA45_17865	ko:K02078
cupa:LPA45_17875	ko:K04062
cupa:LPA45_17900	ko:K03316
cupa:LPA45_17910	ko:K00074
cupa:LPA45_17935	ko:K07665
cupa:LPA45_17940	ko:K07644
cupa:LPA45_17945	ko:K04750
cupa:LPA45_17950	ko:K01534
cupa:LPA45_17960	ko:K13014
cupa:LPA45_17970	ko:K00604
cupa:LPA45_17975	ko:K10012
cupa:LPA45_18025	ko:K00761
cupa:LPA45_18030	ko:K09017
cupa:LPA45_18035	ko:K01485
cupa:LPA45_18040	ko:K14228
cupa:LPA45_18055	ko:K14219
cupa:LPA45_18075	ko:K00549
cupa:LPA45_18080	ko:K03576
cupa:LPA45_18090	ko:K03719
cupa:LPA45_18100	ko:K01497
cupa:LPA45_18105	ko:K03701
cupa:LPA45_18145	ko:K06044
cupa:LPA45_18150	ko:K01236
cupa:LPA45_18155	ko:K00688
cupa:LPA45_18160	ko:K00705
cupa:LPA45_18165	ko:K01214
cupa:LPA45_18170	ko:K00700
cupa:LPA45_18175	ko:K05343
cupa:LPA45_18180	ko:K16147
cupa:LPA45_18255	ko:K05712
cupa:LPA45_18300	ko:K00135
cupa:LPA45_18325	ko:K00128
cupa:LPA45_18445	ko:K00847
cupa:LPA45_18450	ko:K01810
cupa:LPA45_18455	ko:K00036
cupa:LPA45_18460	ko:K10439
cupa:LPA45_18465	ko:K10440
cupa:LPA45_18470	ko:K10441
cupa:LPA45_18570	ko:K08177
cupa:LPA45_18595	ko:K21029
cupa:LPA45_18605	ko:K12508
cupa:LPA45_18615	ko:K02379
cupa:LPA45_18655	ko:K00426
cupa:LPA45_18660	ko:K00425
cupa:LPA45_18685	ko:K01637
cupa:LPA45_18695	ko:K06158
cupa:LPA45_18700	ko:K21703
cupa:LPA45_18705	ko:K01601
cupa:LPA45_18710	ko:K01602
cupa:LPA45_18725	ko:K01783
cupa:LPA45_18735	ko:K28462
cupa:LPA45_18740	ko:K00615
cupa:LPA45_18745	ko:K01091
cupa:LPA45_18750	ko:K00927
cupa:LPA45_18755	ko:K01624
cupa:LPA45_18765	ko:K01623
cupa:LPA45_18780	ko:K07734
cupa:LPA45_18785	ko:K00375
cupa:LPA45_18840	ko:K06934
cupa:LPA45_18850	ko:K24012
cupa:LPA45_18910	ko:K28224
cupa:LPA45_18950	ko:K00626
cupa:LPA45_18970	ko:K00059
cupa:LPA45_18985	ko:K01796
cupa:LPA45_19010	ko:K24012
cupa:LPA45_19025	ko:K00059
cupa:LPA45_19175	ko:K00344
cupa:LPA45_19255	ko:K07002
cupa:LPA45_19275	ko:K22468
cupa:LPA45_19310	ko:K01687
cupa:LPA45_19380	ko:K01041
cupa:LPA45_19385	ko:K06446
cupa:LPA45_19395	ko:K00626
cupa:LPA45_19410	ko:K00249
cupa:LPA45_19440	ko:K15553
cupa:LPA45_19450	ko:K13778
cupa:LPA45_19455	ko:K11731
cupa:LPA45_19465	ko:K13777
cupa:LPA45_19480	ko:K00249
cupa:LPA45_19485	ko:K13774
cupa:LPA45_19495	ko:K24012
cupa:LPA45_19505	ko:K14220
cupa:LPA45_19510	ko:K14225
cupa:LPA45_19515	ko:K14234
cupa:LPA45_19520	ko:K03646
cupa:LPA45_19525	ko:K16137
cupa:LPA45_19555	ko:K00433
cupa:LPA45_19575	ko:K27838
cupa:LPA45_19605	ko:K02035
cupa:LPA45_19610	ko:K02034
cupa:LPA45_19615	ko:K02033
cupa:LPA45_19635	ko:K07516
cupa:LPA45_19645	ko:K17762
cupa:LPA45_19650	ko:K17752
cupa:LPA45_19680	ko:K14393
cupa:LPA45_20010	ko:K16090
cupa:LPA45_20180	ko:K07665
cupa:LPA45_20195	ko:K07156
cupa:LPA45_20230	ko:K17686
cupa:LPA45_20305	ko:K07787
cupa:LPA45_20465	ko:K07127
cupa:LPA45_20485	ko:K13485
cupa:LPA45_20520	ko:K20035
cupa:LPA45_20595	ko:K07814
cupa:LPA45_20600	ko:K03671
cupa:LPA45_20605	ko:K10844
cupa:LPA45_20645	ko:K06131
cupa:LPA45_20670	ko:K01826
cupa:LPA45_20675	ko:K00986
cupa:LPA45_20695	ko:K02483
cupa:LPA45_20710	ko:K10914
cupa:LPA45_20715	ko:K00675
cupa:LPA45_20725	ko:K25775
cupa:LPA45_20730	ko:K09474
cupa:LPA45_20735	ko:K05805
cupa:LPA45_20745	ko:K03530
cupa:LPA45_20750	ko:K03320
cupa:LPA45_20755	ko:K03442
cupa:LPA45_20760	ko:K07552
cupa:LPA45_20770	ko:K03669
cupa:LPA45_20775	ko:K03670
cupa:LPA45_20810	ko:K03699
cupa:LPA45_20825	ko:K01625
cupa:LPA45_20830	ko:K00874
cupa:LPA45_20845	ko:K06015
cupa:LPA45_20855	ko:K03299
cupa:LPA45_20865	ko:K03301
cupa:LPA45_20870	ko:K00121
cupa:LPA45_20875	ko:K01070
cupa:LPA45_20900	ko:K00140
cupa:LPA45_20905	ko:K00020
cupa:LPA45_20920	ko:K14261
cupa:LPA45_20990	ko:K02510
cupa:LPA45_20995	ko:K00135
cupa:LPA45_21000	ko:K26399
cupa:LPA45_21015	ko:K07090
cupa:LPA45_21020	ko:K00425
cupa:LPA45_21025	ko:K00426
cupa:LPA45_21045	ko:K01114
cupa:LPA45_21070	ko:K16137
cupa:LPA45_21080	ko:K16137
cupa:LPA45_21100	ko:K06999
cupa:LPA45_21135	ko:K20034
cupa:LPA45_21170	ko:K07032
cupa:LPA45_21195	ko:K08169
cupa:LPA45_21275	ko:K00459
cupa:LPA45_21325	ko:K00784
cupa:LPA45_21430	ko:K16137
cupa:LPA45_21440	ko:K17103
cupa:LPA45_21475	ko:K18902
cupa:LPA45_21490	ko:K18900
cupa:LPA45_21495	ko:K04565
cupa:LPA45_21500	ko:K06132
cupa:LPA45_21510	ko:K01295
cupa:LPA45_21525	ko:K01895
cupa:LPA45_21540	ko:K07300
cupa:LPA45_21550	ko:K02014
cupa:LPA45_21570	ko:K00382
cupa:LPA45_21575	ko:K24136
cupa:LPA45_21585	ko:K09958
cupa:LPA45_21590	ko:K09990
cupa:LPA45_21595	ko:K10778
cupa:LPA45_21600	ko:K00384
cupa:LPA45_21605	ko:K09915
cupa:LPA45_21610	ko:K07001
cupa:LPA45_21625	ko:K07690
cupa:LPA45_21640	ko:K03719
cupa:LPA45_21645	ko:K00457
cupa:LPA45_21650	ko:K11734
cupa:LPA45_21655	ko:K00832
cupa:LPA45_21675	ko:K14162
cupa:LPA45_21680	ko:K14161
cupa:LPA45_21685	ko:K14160
cupa:LPA45_21695	ko:K17760
cupa:LPA45_21720	ko:K01968
cupa:LPA45_21725	ko:K01969
cupa:LPA45_21730	ko:K00253
cupa:LPA45_21735	ko:K00666
cupa:LPA45_21745	ko:K00059
cupa:LPA45_21765	ko:K17285
cupa:LPA45_21780	ko:K01708
cupa:LPA45_21800	ko:K01999
cupa:LPA45_21915	ko:K18139
cupa:LPA45_21945	ko:K07677
cupa:LPA45_21950	ko:K07687
cupa:LPA45_21965	ko:K00335
cupa:LPA45_21990	ko:K03319
cupa:LPA45_22000	ko:K00042
cupa:LPA45_22095	ko:K02517
cupa:LPA45_22180	ko:K06016
cupa:LPA45_22200	ko:K00135
cupa:LPA45_22210	ko:K02031
cupa:LPA45_22210	ko:K02032
cupa:LPA45_22215	ko:K02034
cupa:LPA45_22220	ko:K02033
cupa:LPA45_22285	ko:K08195
cupa:LPA45_22290	ko:K22270
cupa:LPA45_22295	ko:K01800
cupa:LPA45_22300	ko:K16165
cupa:LPA45_22305	ko:K00450
cupa:LPA45_22330	ko:K07090
cupa:LPA45_22395	ko:K09954
cupa:LPA45_22400	ko:K22602
cupa:LPA45_22410	ko:K01485
cupa:LPA45_22455	ko:K18904
cupa:LPA45_22465	ko:K03594
cupa:LPA45_22480	ko:K23775
cupa:LPA45_22495	ko:K01644
cupa:LPA45_22500	ko:K14449
cupa:LPA45_22515	ko:K00249
cupa:LPA45_22535	ko:K16074
cupa:LPA45_22550	ko:K04090
cupa:LPA45_22570	ko:K03809
cupa:LPA45_22575	ko:K15975
cupa:LPA45_22580	ko:K15057
cupa:LPA45_22620	ko:K00790
cupa:LPA45_22625	ko:K07114
cupa:LPA45_22635	ko:K03924
cupa:LPA45_22645	ko:K07114
cupa:LPA45_22685	ko:K01451
cupa:LPA45_22700	ko:K05596
cupa:LPA45_22705	ko:K06895
cupa:LPA45_22710	ko:K00615
cupa:LPA45_22715	ko:K00615
cupa:LPA45_22740	ko:K07787
cupa:LPA45_22745	ko:K07798
cupa:LPA45_22750	ko:K07796
cupa:LPA45_22840	ko:K02336
cupa:LPA45_22850	ko:K01751
cupa:LPA45_22855	ko:K06016
cupa:LPA45_22860	ko:K01459
cupa:LPA45_22980	ko:K01915
cupa:LPA45_22990	ko:K14338
cupa:LPA45_22995	ko:K22105
cupa:LPA45_23000	ko:K02300
cupa:LPA45_23005	ko:K02299
cupa:LPA45_23010	ko:K02298
cupa:LPA45_23015	ko:K02297
cupa:LPA45_23040	ko:K00937
cupa:LPA45_23050	ko:K07303
cupa:LPA45_23055	ko:K07302
cupa:LPA45_23070	ko:K01451
cupa:LPA45_23090	ko:K12972
cupa:LPA45_23100	ko:K10914
cupa:LPA45_23110	ko:K20023
cupa:LPA45_23145	ko:K00058
cupa:LPA45_23170	ko:K02571
cupa:LPA45_23175	ko:K02570
cupa:LPA45_23180	ko:K02567
cupa:LPA45_23185	ko:K02568
cupa:LPA45_23190	ko:K02569
cupa:LPA45_23200	ko:K02194
cupa:LPA45_23205	ko:K02195
cupa:LPA45_23215	ko:K02197
cupa:LPA45_23220	ko:K02198
cupa:LPA45_23225	ko:K02199
cupa:LPA45_23245	ko:K00639
cupa:LPA45_23260	ko:K03519
cupa:LPA45_23265	ko:K03520
cupa:LPA45_23270	ko:K13995
cupa:LPA45_23285	ko:K01799
cupa:LPA45_23300	ko:K01999
cupa:LPA45_23305	ko:K01995
cupa:LPA45_23310	ko:K01996
cupa:LPA45_23315	ko:K01997
cupa:LPA45_23320	ko:K01998
cupa:LPA45_23350	ko:K06867
cupa:LPA45_23365	ko:K11688
cupa:LPA45_23370	ko:K11689
cupa:LPA45_23375	ko:K11690
cupa:LPA45_23400	ko:K18139
cupa:LPA45_23405	ko:K02014
cupa:LPA45_23410	ko:K03711
cupa:LPA45_23415	ko:K11939
cupa:LPA45_23430	ko:K02575
cupa:LPA45_23435	ko:K00362
cupa:LPA45_23440	ko:K00363
cupa:LPA45_23450	ko:K00372
cupa:LPA45_23455	ko:K01985
cupa:LPA45_23460	ko:K01980
cupa:LPA45_23465	ko:K14218
cupa:LPA45_23470	ko:K14227
cupa:LPA45_23475	ko:K01977
cupa:LPA45_23495	ko:K00799
cupa:LPA45_23515	ko:K00632
cupa:LPA45_23525	ko:K23948
cupa:LPA45_23550	ko:K28556
cupa:LPA45_23570	ko:K04487
cupa:LPA45_23580	ko:K00483
cupa:LPA45_23590	ko:K02433
cupa:LPA45_23620	ko:K03518
cupa:LPA45_23625	ko:K03519
cupa:LPA45_23660	ko:K28762
cupa:LPA45_23680	ko:K06989
cupa:LPA45_23685	ko:K01652
cupa:LPA45_23750	ko:K22044
cupa:LPA45_23765	ko:K00249
cupa:LPA45_23770	ko:K06415
cupa:LPA45_23775	ko:K09786
cupa:LPA45_23780	ko:K07180
cupa:LPA45_23785	ko:K00255
cupa:LPA45_23840	ko:K07507
cupa:LPA45_23845	ko:K00249
cupa:LPA45_23850	ko:K18289
cupa:LPA45_23860	ko:K01644
cupa:LPA45_23865	ko:K09709
cupa:LPA45_23875	ko:K01897
cupa:LPA45_23880	ko:K04118
cupa:LPA45_23885	ko:K28556
cupa:LPA45_23890	ko:K01114
cupa:LPA45_23910	ko:K15982
cupa:LPA45_23915	ko:K22347
cupa:LPA45_23920	ko:K07003
cupa:LPA45_23930	ko:K00632
cupa:LPA45_23935	ko:K28224
cupa:LPA45_23940	ko:K28220
cupa:LPA45_23945	ko:K28222
cupa:LPA45_23955	ko:K28225
cupa:LPA45_23960	ko:K00632
cupa:LPA45_23965	ko:K28231
cupa:LPA45_23970	ko:K28230
cupa:LPA45_23975	ko:K28227
cupa:LPA45_23980	ko:K28226
cupa:LPA45_23985	ko:K28232
cupa:LPA45_23990	ko:K28229
cupa:LPA45_23995	ko:K28228
cupa:LPA45_24000	ko:K16049
cupa:LPA45_24025	ko:K05296
cupa:LPA45_24050	ko:K18687
cupa:LPA45_24055	ko:K15983
cupa:LPA45_24060	ko:K05296
cupa:LPA45_24065	ko:K16051
cupa:LPA45_24075	ko:K05898
cupa:LPA45_24080	ko:K16047
cupa:LPA45_24110	ko:K14652
cupa:LPA45_24135	ko:K00957
cupa:LPA45_24140	ko:K00955
cupa:LPA45_24160	ko:K01822
cupa:LPA45_24170	ko:K16050
cupa:LPA45_24185	ko:K18364
cupa:LPA45_24200	ko:K03787
cupa:LPA45_24210	ko:K20541
cupa:LPA45_24220	ko:K20543
cupa:LPA45_24240	ko:K00694
cupa:LPA45_24255	ko:K01652
cupa:LPA45_24280	ko:K15726
cupa:LPA45_24285	ko:K15727
cupa:LPA45_24290	ko:K15725
cupa:LPA45_24295	ko:K00255
cupa:LPA45_24305	ko:K23773
cupa:LPA45_24335	ko:K11209
cupa:LPA45_24340	ko:K01682
cupa:LPA45_24345	ko:K02415
cupa:LPA45_24350	ko:K02416
cupa:LPA45_24355	ko:K02417
cupa:LPA45_24365	ko:K02419
cupa:LPA45_24370	ko:K02420
cupa:LPA45_24375	ko:K02421
cupa:LPA45_24380	ko:K00767
cupa:LPA45_24390	ko:K00758
cupa:LPA45_24400	ko:K14415
cupa:LPA45_24405	ko:K22589
cupa:LPA45_24415	ko:K01666
cupa:LPA45_24420	ko:K04073
cupa:LPA45_24425	ko:K01821
cupa:LPA45_24430	ko:K01617
cupa:LPA45_24435	ko:K18364
cupa:LPA45_24440	ko:K10217
cupa:LPA45_24445	ko:K00446
cupa:LPA45_24460	ko:K16245
cupa:LPA45_24465	ko:K16242
cupa:LPA45_24470	ko:K16244
cupa:LPA45_24480	ko:K16249
cupa:LPA45_24490	ko:K03781
cupa:LPA45_24505	ko:K06015
cupa:LPA45_24525	ko:K07793
cupa:LPA45_24535	ko:K15553
cupa:LPA45_24565	ko:K01113
cupa:LPA45_24625	ko:K05712
cupa:LPA45_24630	ko:K05713
cupa:LPA45_24645	ko:K04073
cupa:LPA45_24650	ko:K01666
cupa:LPA45_24670	ko:K00681
cupa:LPA45_24715	ko:K03710
cupa:LPA45_24745	ko:K00873
cupa:LPA45_24750	ko:K11529
cupa:LPA45_24755	ko:K11103
cupa:LPA45_24765	ko:K16135
cupa:LPA45_24785	ko:K02014
cupa:LPA45_24790	ko:K00285
cupa:LPA45_24815	ko:K03719
cupa:LPA45_24820	ko:K00163
cupa:LPA45_24825	ko:K08365
cupa:LPA45_24985	ko:K02397
cupa:LPA45_24990	ko:K02396
cupa:LPA45_24995	ko:K02395
cupa:LPA45_25000	ko:K02394
cupa:LPA45_25005	ko:K02393
cupa:LPA45_25010	ko:K02392
cupa:LPA45_25015	ko:K02391
cupa:LPA45_25020	ko:K02390
cupa:LPA45_25025	ko:K02389
cupa:LPA45_25030	ko:K02388
cupa:LPA45_25035	ko:K02387
cupa:LPA45_25040	ko:K02386
cupa:LPA45_25045	ko:K02398
cupa:LPA45_25050	ko:K02399
cupa:LPA45_25055	ko:K03516
cupa:LPA45_25060	ko:K02405
cupa:LPA45_25065	ko:K04562
cupa:LPA45_25070	ko:K02404
cupa:LPA45_25075	ko:K02400
cupa:LPA45_25080	ko:K02401
cupa:LPA45_25095	ko:K03414
cupa:LPA45_25100	ko:K03413
cupa:LPA45_25105	ko:K03412
cupa:LPA45_25110	ko:K03411
cupa:LPA45_25115	ko:K00575
cupa:LPA45_25120	ko:K03408
cupa:LPA45_25125	ko:K03407
cupa:LPA45_25130	ko:K02557
cupa:LPA45_25135	ko:K02556
cupa:LPA45_25140	ko:K02402
cupa:LPA45_25145	ko:K02403
cupa:LPA45_25155	ko:K03406
cupa:LPA45_25160	ko:K03776
cupa:LPA45_25165	ko:K03408
cupa:LPA45_25170	ko:K03413
cupa:LPA45_25185	ko:K03746
cupa:LPA45_25190	ko:K01784
cupa:LPA45_25205	ko:K00459
cupa:LPA45_25240	ko:K13875
cupa:LPA45_25260	ko:K00097
cupa:LPA45_25275	ko:K13876
cupa:LPA45_25280	ko:K13877
cupa:LPA45_25290	ko:K08296
cupa:LPA45_25315	ko:K13794
cupa:LPA45_25320	ko:K13796
cupa:LPA45_25325	ko:K13795
cupa:LPA45_25355	ko:K07823
cupa:LPA45_25360	ko:K01032
cupa:LPA45_25365	ko:K01031
cupa:LPA45_25375	ko:K03546
cupa:LPA45_25380	ko:K03547
cupa:LPA45_25390	ko:K09165
cupa:LPA45_25405	ko:K00666
cupa:LPA45_25420	ko:K02221
cupa:LPA45_25435	ko:K03446
cupa:LPA45_25440	ko:K02624
cupa:LPA45_25450	ko:K03924
cupa:LPA45_25460	ko:K22452
cupa:LPA45_25480	ko:K04771
cupa:LPA45_25485	ko:K23775
cupa:LPA45_25490	ko:K04063
cupa:LPA45_25495	ko:K07461
cupa:LPA45_25500	ko:K01985
cupa:LPA45_25505	ko:K01980
cupa:LPA45_25510	ko:K14218
cupa:LPA45_25515	ko:K14227
cupa:LPA45_25520	ko:K01977
cupa:LPA45_25525	ko:K07397
cupa:LPA45_25550	ko:K00627
cupa:LPA45_25555	ko:K21417
cupa:LPA45_25560	ko:K21416
cupa:LPA45_25570	ko:K21405
cupa:LPA45_25595	ko:K28868
cupa:LPA45_25605	ko:K05995
cupa:LPA45_25625	ko:K01707
cupa:LPA45_25630	ko:K13877
cupa:LPA45_25645	ko:K01706
cupa:LPA45_25655	ko:K07690
cupa:LPA45_25660	ko:K02355
cupa:LPA45_25715	ko:K03711
cupa:LPA45_25760	ko:K00059
cupa:LPA45_25780	ko:K19055
cupa:LPA45_25785	ko:K03736
cupa:LPA45_25790	ko:K03735
cupa:LPA45_25805	ko:K18928
cupa:LPA45_25810	ko:K00782
cupa:LPA45_25815	ko:K18929
cupa:LPA45_25820	ko:K03303
cupa:LPA45_25850	ko:K04758
cupa:LPA45_25855	ko:K04759
cupa:LPA45_25870	ko:K01649
cupa:LPA45_25875	ko:K07275
cupa:LPA45_25880	ko:K01241
cupa:LPA45_25910	ko:K17737
cupa:LPA45_25915	ko:K00046
cupa:LPA45_25940	ko:K06992
cupa:LPA45_25970	ko:K01704
cupa:LPA45_25975	ko:K07100
cupa:LPA45_25995	ko:K03449
cupa:LPA45_26000	ko:K01725
cupa:LPA45_26070	ko:K02474
cupa:LPA45_26075	ko:K02473
cupa:LPA45_26120	ko:K01991
cupa:LPA45_26140	ko:K16692
cupa:LPA45_26180	ko:K03497
cupa:LPA45_26185	ko:K03496
cupa:LPA45_26190	ko:K03704
cupa:LPA45_26200	ko:K03704
cupa:LPA45_26205	ko:K06901
cupa:LPA45_26225	ko:K07058
cupa:LPA45_26230	ko:K02837
cupa:LPA45_26235	ko:K16091
cupa:LPA45_26250	ko:K03442
cupa:LPA45_26255	ko:K01690
cupa:LPA45_26260	ko:K00036
cupa:LPA45_26265	ko:K01057
cupa:LPA45_26270	ko:K00845
cupa:LPA45_26275	ko:K02483
cupa:LPA45_26280	ko:K02484
cupa:LPA45_26305	ko:K05712
cupa:LPA45_26310	ko:K28868
cupa:LPA45_26315	ko:K06446
cupa:LPA45_26330	ko:K07263
cupa:LPA45_26335	ko:K13529
cupa:LPA45_26340	ko:K00567
cupa:LPA45_26345	ko:K01975
cupa:LPA45_26350	ko:K05835
cupa:LPA45_26365	ko:K02624
cupa:LPA45_26380	ko:K07001
cupa:LPA45_26415	ko:K03745
cupa:LPA45_26420	ko:K04750
cupa:LPA45_26445	ko:K01940
cupa:LPA45_26450	ko:K01259
cupa:LPA45_26455	ko:K00799
cupa:LPA45_26480	ko:K10220
cupa:LPA45_26485	ko:K10218
cupa:LPA45_26495	ko:K26731
cupa:LPA45_26500	ko:K00059
cupa:LPA45_26525	ko:K03406
cupa:LPA45_26535	ko:K09939
cupa:LPA45_26550	ko:K03734
cupa:LPA45_26555	ko:K00380
cupa:LPA45_26560	ko:K01434
cupa:LPA45_26590	ko:K16842
cupa:LPA45_26595	ko:K16841
cupa:LPA45_26600	ko:K03457
cupa:LPA45_26610	ko:K07473
cupa:LPA45_26625	ko:K11733
cupa:LPA45_26630	ko:K06132
cupa:LPA45_26635	ko:K00121
cupa:LPA45_26760	ko:K03088
cupa:LPA45_26780	ko:K15725
cupa:LPA45_26785	ko:K15727
cupa:LPA45_26790	ko:K15726
cupa:LPA45_26805	ko:K07090
cupa:LPA45_26810	ko:K01674
cupa:LPA45_26835	ko:K07093
cupa:LPA45_26845	ko:K07090
cupa:LPA45_26850	ko:K01738
cupa:LPA45_26860	ko:K03919
cupa:LPA45_26865	ko:K18843
cupa:LPA45_26880	ko:K02413
cupa:LPA45_26885	ko:K02412
cupa:LPA45_26890	ko:K02411
cupa:LPA45_26895	ko:K02410
cupa:LPA45_26900	ko:K02409
cupa:LPA45_26910	ko:K02408
cupa:LPA45_27025	ko:K10979
cupa:LPA45_27040	ko:K01971
cupa:LPA45_27100	ko:K06889
cupa:LPA45_27105	ko:K03168
cupa:LPA45_27145	ko:K07684
cupa:LPA45_27150	ko:K07673
cupa:LPA45_27170	ko:K00459
cupa:LPA45_27175	ko:K24844
cupa:LPA45_27180	ko:K24845
cupa:LPA45_27185	ko:K24843
cupa:LPA45_27200	ko:K12266
cupa:LPA45_27205	ko:K07322
cupa:LPA45_27210	ko:K04561
cupa:LPA45_27280	ko:K07114
cupa:LPA45_27325	ko:K05548
cupa:LPA45_27330	ko:K00529
cupa:LPA45_27370	ko:K04090
cupa:LPA45_27390	ko:K16849
cupa:LPA45_27415	ko:K00324
cupa:LPA45_27420	ko:K00324
cupa:LPA45_27425	ko:K00325
cupa:LPA45_27465	ko:K07240
cupa:LPA45_27485	ko:K03701
cupa:LPA45_27540	ko:K07664
cupa:LPA45_27555	ko:K18322
cupa:LPA45_27560	ko:K18323
cupa:LPA45_27610	ko:K02529
cupa:LPA45_27625	ko:K07793
cupa:LPA45_27635	ko:K00054
cupa:LPA45_27680	ko:K06991
cupa:LPA45_27765	ko:K00249
cupa:LPA45_27785	ko:K01626
cupa:LPA45_27805	ko:K13639
cupa:LPA45_27825	ko:K00355
cupa:LPA45_27835	ko:K01426
cupa:LPA45_27845	ko:K01142
cupa:LPA45_27890	ko:K08195
cupa:LPA45_27900	ko:K00449
cupa:LPA45_27905	ko:K00448
cupa:LPA45_27910	ko:K01857
cupa:LPA45_27915	ko:K14727
cupa:LPA45_27925	ko:K00481
cupa:LPA45_27940	ko:K07659
cupa:LPA45_27945	ko:K07638
cupa:LPA45_27980	ko:K02303
cupa:LPA45_27995	ko:K22225
cupa:LPA45_28000	ko:K22225
cupa:LPA45_28005	ko:K22225
cupa:LPA45_28025	ko:K15864
cupa:LPA45_28045	ko:K03753
cupa:LPA45_28050	ko:K01673
cupa:LPA45_28055	ko:K03769
cupa:LPA45_28060	ko:K00374
cupa:LPA45_28065	ko:K00373
cupa:LPA45_28070	ko:K00371
cupa:LPA45_28075	ko:K00370
cupa:LPA45_28080	ko:K02575
cupa:LPA45_28085	ko:K02575
cupa:LPA45_28090	ko:K07234
cupa:LPA45_28095	ko:K19577
cupa:LPA45_28115	ko:K03746
cupa:LPA45_28120	ko:K07032
cupa:LPA45_28125	ko:K06901
cupa:LPA45_28150	ko:K03636
cupa:LPA45_28195	ko:K15555
cupa:LPA45_28200	ko:K15554
cupa:LPA45_28205	ko:K15553
cupa:LPA45_28220	ko:K03710
cupa:LPA45_28225	ko:K03415
cupa:LPA45_28230	ko:K24158
cupa:LPA45_28240	ko:K03321
cupa:LPA45_28250	ko:K09699
cupa:LPA45_28255	ko:K00167
cupa:LPA45_28260	ko:K00166
cupa:LPA45_28265	ko:K02073
cupa:LPA45_28280	ko:K07027
cupa:LPA45_28285	ko:K01740
cupa:LPA45_28290	ko:K22303
cupa:LPA45_28300	ko:K15554
cupa:LPA45_28305	ko:K15554
cupa:LPA45_28310	ko:K15553
cupa:LPA45_28315	ko:K17225
cupa:LPA45_28320	ko:K22622
cupa:LPA45_28330	ko:K15553
cupa:LPA45_28335	ko:K15555
cupa:LPA45_28340	ko:K15554
cupa:LPA45_28365	ko:K04046
cupa:LPA45_28375	ko:K06045
cupa:LPA45_28380	ko:K21678
cupa:LPA45_28385	ko:K03704
cupa:LPA45_28405	ko:K07644
cupa:LPA45_28410	ko:K07665
cupa:LPA45_28420	ko:K07233
cupa:LPA45_28425	ko:K07156
cupa:LPA45_28450	ko:K03772
cupa:LPA45_28455	ko:K04754
cupa:LPA45_28460	ko:K07003
cupa:LPA45_28465	ko:K07323
cupa:LPA45_28480	ko:K03527
cupa:LPA45_28485	ko:K00091
cupa:LPA45_28500	ko:K03293
cupa:LPA45_28510	ko:K06988
cupa:LPA45_28535	ko:K05366
cupa:LPA45_28565	ko:K03312
cupa:LPA45_28570	ko:K02004
cupa:LPA45_28575	ko:K02004
cupa:LPA45_28580	ko:K02003
cupa:LPA45_28625	ko:K03809
cupa:LPA45_28630	ko:K02014
cupa:LPA45_28645	ko:K16089
cupa:LPA45_28665	ko:K01194
cupa:LPA45_28680	ko:K00154
cupa:LPA45_28700	ko:K07687
cupa:LPA45_28710	ko:K07497
cupa:LPA45_28730	ko:K03762
cupa:LPA45_28765	ko:K02274
cupa:LPA45_28770	ko:K02276
cupa:LPA45_28775	ko:K02276
cupa:LPA45_28780	ko:K02277
cupa:LPA45_28785	ko:K00135
cupa:LPA45_28795	ko:K26937
cupa:LPA45_28800	ko:K07794
cupa:LPA45_28805	ko:K07793
cupa:LPA45_28830	ko:K13491
cupa:LPA45_28835	ko:K13490
cupa:LPA45_28840	ko:K13489
cupa:LPA45_28845	ko:K13486
cupa:LPA45_28850	ko:K13488
cupa:LPA45_28855	ko:K13487
cupa:LPA45_28880	ko:K01999
cupa:LPA45_28885	ko:K01996
cupa:LPA45_28890	ko:K01995
cupa:LPA45_28895	ko:K01998
cupa:LPA45_28900	ko:K01997
cupa:LPA45_28915	ko:K04069
cupa:LPA45_28930	ko:K08169
cupa:LPA45_28960	ko:K01495
cupa:LPA45_28970	ko:K03893
cupa:LPA45_28975	ko:K05366
cupa:LPA45_28980	ko:K06889
cupa:LPA45_28990	ko:K21405
cupa:LPA45_28995	ko:K09959
cupa:LPA45_29000	ko:K13953
cupa:LPA45_29005	ko:K00138
cupa:LPA45_29020	ko:K03430
cupa:LPA45_29025	ko:K02011
cupa:LPA45_29030	ko:K02010
cupa:LPA45_29035	ko:K02012
cupa:LPA45_29045	ko:K19670
cupa:LPA45_29055	ko:K02444
cupa:LPA45_29060	ko:K00262
cupa:LPA45_29085	ko:K00031
cupa:LPA45_29095	ko:K03704
cupa:LPA45_29115	ko:K02518
cupa:LPA45_29155	ko:K05548
cupa:LPA45_29160	ko:K04110
cupa:LPA45_29175	ko:K15546
cupa:LPA45_29180	ko:K15513
cupa:LPA45_29185	ko:K15512
cupa:LPA45_29190	ko:K15511
cupa:LPA45_29195	ko:K02616
cupa:LPA45_29200	ko:K02609
cupa:LPA45_29205	ko:K02610
cupa:LPA45_29210	ko:K02611
cupa:LPA45_29215	ko:K02612
cupa:LPA45_29220	ko:K02613
cupa:LPA45_29230	ko:K01912
cupa:LPA45_29240	ko:K14393
cupa:LPA45_29245	ko:K02355
cupa:LPA45_29255	ko:K03566
cupa:LPA45_29310	ko:K15552
cupa:LPA45_29315	ko:K10831
cupa:LPA45_29320	ko:K15551
cupa:LPA45_29335	ko:K03724
cupa:LPA45_29345	ko:K07577
cupa:LPA45_29355	ko:K07255
cupa:LPA45_29360	ko:K00375
cupa:LPA45_29365	ko:K11735
cupa:LPA45_29375	ko:K09882
cupa:LPA45_29380	ko:K09883
cupa:LPA45_29405	ko:K07090
cupa:LPA45_29415	ko:K06137
cupa:LPA45_29420	ko:K22187
cupa:LPA45_29430	ko:K00523
cupa:LPA45_29445	ko:K01426
cupa:LPA45_29460	ko:K00625
cupa:LPA45_29465	ko:K03852
cupa:LPA45_29470	ko:K00457
cupa:LPA45_29480	ko:K08191
cupa:LPA45_29490	ko:K03786
cupa:LPA45_29495	ko:K16135
cupa:LPA45_29500	ko:K02624
cupa:LPA45_29520	ko:K15555
cupa:LPA45_29525	ko:K15554
cupa:LPA45_29530	ko:K15553
cupa:LPA45_29535	ko:K04091
cupa:LPA45_29545	ko:K24700
cupa:LPA45_29575	ko:K00053
cupa:LPA45_29595	ko:K15725
cupa:LPA45_29600	ko:K15727
cupa:LPA45_29605	ko:K15726
cupa:LPA45_29620	ko:K05802
cupa:LPA45_29625	ko:K07018
cupa:LPA45_29680	ko:K27837
cupa:LPA45_29720	ko:K14057
cupa:LPA45_29735	ko:K24012
cupa:LPA45_29930	ko:K03670
cupa:LPA45_29940	ko:K00077
cupa:LPA45_29950	ko:K07749
cupa:LPA45_29960	ko:K00324
cupa:LPA45_29965	ko:K00325
cupa:LPA45_29970	ko:K01577
cupa:LPA45_29975	ko:K07749
cupa:LPA45_29985	ko:K00666
cupa:LPA45_30010	ko:K21703
cupa:LPA45_30015	ko:K08177
cupa:LPA45_30030	ko:K08177
cupa:LPA45_30035	ko:K22515
cupa:LPA45_30040	ko:K00123
cupa:LPA45_30060	ko:K07535
cupa:LPA45_30080	ko:K00836
cupa:LPA45_30095	ko:K05375
cupa:LPA45_30120	ko:K13255
cupa:LPA45_30130	ko:K06159
cupa:LPA45_30135	ko:K03896
cupa:LPA45_30140	ko:K10531
cupa:LPA45_30145	ko:K16088
cupa:LPA45_30190	ko:K00451
cupa:LPA45_30195	ko:K01555
cupa:LPA45_30210	ko:K00647
cupa:LPA45_30230	ko:K03497
cupa:LPA45_30235	ko:K03496
cupa:LPA45_30435	ko:K03111
cupa:LPA45_30670	ko:K00344
cupa:LPA45_30685	ko:K13954
cupa:LPA45_30710	ko:K18901
cupa:LPA45_30715	ko:K18902
cupa:LPA45_30995	ko:K00249
cupa:LPA45_31075	ko:K00325
cupa:LPA45_31080	ko:K00324
cupa:LPA45_31085	ko:K00324
cupa:LPA45_31115	ko:K01760
cupa:LPA45_31125	ko:K13633
cupa:LPA45_31130	ko:K05800
cupa:LPA45_31180	ko:K00344
cupa:LPA45_31265	ko:K09459
cupa:LPA45_31270	ko:K03430
cupa:LPA45_31325	ko:K12541
cupa:LPA45_31330	ko:K12542
cupa:LPA45_31340	ko:K12543
cupa:LPA45_31365	ko:K00335
cupa:LPA45_31370	ko:K01679
cupa:LPA45_31425	ko:K00145
cupa:LPA45_31565	ko:K00625
cupa:LPA45_31570	ko:K00925
cupa:LPA45_31575	ko:K00208
cupa:LPA45_31590	ko:K07154
cupa:LPA45_31975	ko:K03746
cupa:LPA45_32075	ko:K11068
cupa:LPA45_32110	ko:K13993
cupa:LPA45_32125	ko:K06872
cupa:LPA45_32140	ko:K00789
cupa:LPA45_32145	ko:K17686
cupa:LPA45_32170	ko:K03798
cupa:LPA45_32175	ko:K22468
cupa:LPA45_32215	ko:K22042
cupa:LPA45_32220	ko:K07112
cupa:LPA45_32225	ko:K07112
cupa:LPA45_32260	ko:K02003
cupa:LPA45_32280	ko:K07028
cupa:LPA45_32295	ko:K06204
cupa:LPA45_32355	ko:K00758
cupa:LPA45_32360	ko:K01420
cupa:LPA45_32365	ko:K13993
cupa:LPA45_32385	ko:K09181
cupa:LPA45_32425	ko:K07576
cupa:LPA45_32435	ko:K13953
cupa:LPA45_32455	ko:K15977
cupa:LPA45_32490	ko:K04763
cupa:LPA45_32515	ko:K13995
cupa:LPA45_32530	ko:K01799
cupa:LPA45_32545	ko:K07481
cupa:LPA45_32615	ko:K20034
cupa:LPA45_32730	ko:K00135
cupa:LPA45_32740	ko:K07246
cupa:LPA45_32765	ko:K01687
cupa:LPA45_32915	ko:K01995
cupa:LPA45_32920	ko:K01996
cupa:LPA45_32925	ko:K01997
cupa:LPA45_32930	ko:K01998
cupa:LPA45_32935	ko:K01999
cupa:LPA45_32960	ko:K01026
cupa:LPA45_32965	ko:K00043
cupa:LPA45_32970	ko:K11410
cupa:LPA45_32975	ko:K20034
cupa:LPA45_33005	ko:K07154
cupa:LPA45_33015	ko:K07473
cupa:LPA45_33060	ko:K03746
cupa:LPA45_33070	ko:K14230
cupa:LPA45_33145	ko:K03746
cupa:LPA45_33395	ko:K00520
cupa:LPA45_33405	ko:K08364
cupa:LPA45_33410	ko:K08363
cupa:LPA45_33415	ko:K08365
cupa:LPA45_33480	ko:K07665
cupa:LPA45_33490	ko:K15726
cupa:LPA45_33735	ko:K07665
cupa:LPA45_33750	ko:K07156
cupa:LPA45_33785	ko:K17686
cupa:LPA45_33855	ko:K07787
cupa:LPA45_33865	ko:K00520
cupa:LPA45_33885	ko:K08365
cupa:LPA45_33975	ko:K07483
cupa:LPA45_33980	ko:K07484
cupa:LPA45_33985	ko:K07484
cupa:LPA45_34025	ko:K00023
cupa:LPA45_34145	ko:K14225
cupa:LPA45_34150	ko:K14230
