dta:DYST_00003	ko:K02834
dta:DYST_00004	ko:K03177
dta:DYST_00006	ko:K02956
dta:DYST_00007	ko:K00962
dta:DYST_00009	ko:K03821
dta:DYST_00011	ko:K08963
dta:DYST_00013	ko:K02469
dta:DYST_00017	ko:K24138
dta:DYST_00018	ko:K05516
dta:DYST_00019	ko:K02658
dta:DYST_00020	ko:K19745
dta:DYST_00022	ko:K00382
dta:DYST_00023	ko:K00658
dta:DYST_00024	ko:K00164
dta:DYST_00026	ko:K18850
dta:DYST_00027	ko:K07090
dta:DYST_00028	ko:K00380
dta:DYST_00029	ko:K00381
dta:DYST_00030	ko:K00390
dta:DYST_00031	ko:K00958
dta:DYST_00032	ko:K13634
dta:DYST_00033	ko:K02302
dta:DYST_00034	ko:K01738
dta:DYST_00036	ko:K00799
dta:DYST_00038	ko:K01756
dta:DYST_00039	ko:K01679
dta:DYST_00042	ko:K01992
dta:DYST_00043	ko:K01990
dta:DYST_00047	ko:K20541
dta:DYST_00048	ko:K20542
dta:DYST_00049	ko:K20543
dta:DYST_00053	ko:K00694
dta:DYST_00077	ko:K07482
dta:DYST_00088	ko:K15035
dta:DYST_00090	ko:K03664
dta:DYST_00092	ko:K09801
dta:DYST_00093	ko:K06186
dta:DYST_00094	ko:K03711
dta:DYST_00096	ko:K20264
dta:DYST_00097	ko:K03631
dta:DYST_00098	ko:K03705
dta:DYST_00099	ko:K03687
dta:DYST_00100	ko:K04043
dta:DYST_00101	ko:K03686
dta:DYST_00102	ko:K00215
dta:DYST_00104	ko:K07301
dta:DYST_00108	ko:K01956
dta:DYST_00109	ko:K01955
dta:DYST_00110	ko:K03624
dta:DYST_00112	ko:K00219
dta:DYST_00114	ko:K00945
dta:DYST_00115	ko:K02945
dta:DYST_00116	ko:K05788
dta:DYST_00117	ko:K08992
dta:DYST_00118	ko:K19804
dta:DYST_00121	ko:K00963
dta:DYST_00122	ko:K06894
dta:DYST_00123	ko:K05367
dta:DYST_00124	ko:K09471
dta:DYST_00125	ko:K06878
dta:DYST_00129	ko:K06911
dta:DYST_00130	ko:K14225
dta:DYST_00131	ko:K14222
dta:DYST_00133	ko:K06996
dta:DYST_00137	ko:K07796
dta:DYST_00138	ko:K07798
dta:DYST_00139	ko:K07787
dta:DYST_00140	ko:K07810
dta:DYST_00145	ko:K03561
dta:DYST_00146	ko:K03559
dta:DYST_00147	ko:K03832
dta:DYST_00156	ko:K02454
dta:DYST_00157	ko:K02455
dta:DYST_00159	ko:K02456
dta:DYST_00160	ko:K02457
dta:DYST_00161	ko:K02458
dta:DYST_00162	ko:K02459
dta:DYST_00163	ko:K02460
dta:DYST_00165	ko:K02462
dta:DYST_00166	ko:K02463
dta:DYST_00167	ko:K02453
dta:DYST_00169	ko:K20533
dta:DYST_00170	ko:K20532
dta:DYST_00171	ko:K20531
dta:DYST_00172	ko:K07344
dta:DYST_00174	ko:K20266
dta:DYST_00175	ko:K20530
dta:DYST_00176	ko:K20529
dta:DYST_00177	ko:K20528
dta:DYST_00178	ko:K20527
dta:DYST_00193	ko:K03496
dta:DYST_00201	ko:K03497
dta:DYST_00203	ko:K03630
dta:DYST_00204	ko:K07458
dta:DYST_00211	ko:K07726
dta:DYST_00215	ko:K07689
dta:DYST_00216	ko:K08300
dta:DYST_00218	ko:K06179
dta:DYST_00220	ko:K01724
dta:DYST_00221	ko:K07400
dta:DYST_00224	ko:K01183
dta:DYST_00226	ko:K12251
dta:DYST_00229	ko:K06158
dta:DYST_00231	ko:K07462
dta:DYST_00246	ko:K01118
dta:DYST_00248	ko:K14287
dta:DYST_00249	ko:K13566
dta:DYST_00252	ko:K07727
dta:DYST_00253	ko:K00537
dta:DYST_00254	ko:K06178
dta:DYST_00255	ko:K06024
dta:DYST_00256	ko:K05896
dta:DYST_00257	ko:K02346
dta:DYST_00259	ko:K01897
dta:DYST_00261	ko:K27802
dta:DYST_00264	ko:K01682
dta:DYST_00265	ko:K01046
dta:DYST_00266	ko:K04761
dta:DYST_00268	ko:K01141
dta:DYST_00269	ko:K13288
dta:DYST_00270	ko:K00796
dta:DYST_00271	ko:K03431
dta:DYST_00273	ko:K07124
dta:DYST_00274	ko:K01803
dta:DYST_00275	ko:K03075
dta:DYST_00276	ko:K14228
dta:DYST_00279	ko:K07497
dta:DYST_00280	ko:K07483
dta:DYST_00293	ko:K24160
dta:DYST_00294	ko:K00507
dta:DYST_00297	ko:K13688
dta:DYST_00298	ko:K00036
dta:DYST_00300	ko:K00616
dta:DYST_00301	ko:K01810
dta:DYST_00302	ko:K01835
dta:DYST_00303	ko:K00615
dta:DYST_00304	ko:K00033
dta:DYST_00333	ko:K03070
dta:DYST_00336	ko:K12340
dta:DYST_00341	ko:K13472
dta:DYST_00344	ko:K02483
dta:DYST_00347	ko:K03808
dta:DYST_00349	ko:K03808
dta:DYST_00350	ko:K01198
dta:DYST_00351	ko:K01206
dta:DYST_00354	ko:K05970
dta:DYST_00356	ko:K05349
dta:DYST_00357	ko:K02529
dta:DYST_00358	ko:K01684
dta:DYST_00359	ko:K00854
dta:DYST_00360	ko:K01805
dta:DYST_00362	ko:K01811
dta:DYST_00373	ko:K01953
dta:DYST_00379	ko:K02836
dta:DYST_00381	ko:K04567
dta:DYST_00385	ko:K09780
dta:DYST_00386	ko:K05527
dta:DYST_00387	ko:K03529
dta:DYST_00388	ko:K03528
dta:DYST_00389	ko:K06132
dta:DYST_00396	ko:K00209
dta:DYST_00397	ko:K01669
dta:DYST_00398	ko:K26730
dta:DYST_00400	ko:K06140
dta:DYST_00402	ko:K01972
dta:DYST_00403	ko:K04568
dta:DYST_00404	ko:K08234
dta:DYST_00405	ko:K06188
dta:DYST_00406	ko:K03762
dta:DYST_00407	ko:K07153
dta:DYST_00408	ko:K00566
dta:DYST_00410	ko:K06891
dta:DYST_00411	ko:K03694
dta:DYST_00416	ko:K07687
dta:DYST_00417	ko:K02518
dta:DYST_00420	ko:K00831
dta:DYST_00421	ko:K14170
dta:DYST_00422	ko:K00800
dta:DYST_00423	ko:K00979
dta:DYST_00426	ko:K25307
dta:DYST_00427	ko:K03703
dta:DYST_00428	ko:K00995
dta:DYST_00429	ko:K14225
dta:DYST_00430	ko:K11737
dta:DYST_00431	ko:K09990
dta:DYST_00435	ko:K09912
dta:DYST_00436	ko:K00389
dta:DYST_00438	ko:K00632
dta:DYST_00439	ko:K07516
dta:DYST_00441	ko:K00940
dta:DYST_00442	ko:K06941
dta:DYST_00443	ko:K02656
dta:DYST_00447	ko:K17713
dta:DYST_00448	ko:K03977
dta:DYST_00449	ko:K21147
dta:DYST_00451	ko:K01491
dta:DYST_00452	ko:K00088
dta:DYST_00453	ko:K01951
dta:DYST_00457	ko:K11991
dta:DYST_00460	ko:K07025
dta:DYST_00462	ko:K07221
dta:DYST_00464	ko:K00626
dta:DYST_00465	ko:K07305
dta:DYST_00466	ko:K06204
dta:DYST_00467	ko:K02014
dta:DYST_00468	ko:K02355
dta:DYST_00471	ko:K00433
dta:DYST_00479	ko:K04047
dta:DYST_00480	ko:K00476
dta:DYST_00483	ko:K11904
dta:DYST_00492	ko:K03387
dta:DYST_00493	ko:K24119
dta:DYST_00494	ko:K00528
dta:DYST_00495	ko:K01662
dta:DYST_00496	ko:K03527
dta:DYST_00497	ko:K00099
dta:DYST_00498	ko:K00795
dta:DYST_00499	ko:K07245
dta:DYST_00500	ko:K07156
dta:DYST_00501	ko:K07003
dta:DYST_00503	ko:K06045
dta:DYST_00504	ko:K10208
dta:DYST_00505	ko:K00091
dta:DYST_00513	ko:K01823
dta:DYST_00516	ko:K03503
dta:DYST_00517	ko:K14160
dta:DYST_00518	ko:K14161
dta:DYST_00519	ko:K14162
dta:DYST_00520	ko:K07243
dta:DYST_00521	ko:K06886
dta:DYST_00534	ko:K09474
dta:DYST_00535	ko:K02014
dta:DYST_00537	ko:K01607
dta:DYST_00541	ko:K16137
dta:DYST_00543	ko:K15256
dta:DYST_00548	ko:K02019
dta:DYST_00551	ko:K16091
dta:DYST_00555	ko:K13472
dta:DYST_00556	ko:K02529
dta:DYST_00557	ko:K15855
dta:DYST_00560	ko:K12373
dta:DYST_00561	ko:K00845
dta:DYST_00564	ko:K01953
dta:DYST_00565	ko:K01684
dta:DYST_00566	ko:K01631
dta:DYST_00567	ko:K00883
dta:DYST_00571	ko:K01785
dta:DYST_00574	ko:K07407
dta:DYST_00587	ko:K04763
dta:DYST_00596	ko:K02420
dta:DYST_00597	ko:K02421
dta:DYST_00598	ko:K02401
dta:DYST_00599	ko:K02400
dta:DYST_00600	ko:K02391
dta:DYST_00601	ko:K02392
dta:DYST_00602	ko:K02386
dta:DYST_00603	ko:K02393
dta:DYST_00604	ko:K02394
dta:DYST_00605	ko:K02387
dta:DYST_00606	ko:K02388
dta:DYST_00607	ko:K02408
dta:DYST_00608	ko:K02409
dta:DYST_00610	ko:K02411
dta:DYST_00611	ko:K02412
dta:DYST_00614	ko:K02389
dta:DYST_00615	ko:K02390
dta:DYST_00617	ko:K02417
dta:DYST_00619	ko:K02419
dta:DYST_00620	ko:K02405
dta:DYST_00632	ko:K09007
dta:DYST_00635	ko:K03088
dta:DYST_00637	ko:K08738
dta:DYST_00644	ko:K03328
dta:DYST_00651	ko:K02169
dta:DYST_00669	ko:K00128
dta:DYST_00677	ko:K01206
dta:DYST_00700	ko:K01093
dta:DYST_00701	ko:K11902
dta:DYST_00709	ko:K11891
dta:DYST_00710	ko:K11892
dta:DYST_00711	ko:K11893
dta:DYST_00714	ko:K11894
dta:DYST_00716	ko:K11904
dta:DYST_00720	ko:K11907
dta:DYST_00721	ko:K11895
dta:DYST_00722	ko:K11896
dta:DYST_00723	ko:K11897
dta:DYST_00724	ko:K11898
dta:DYST_00725	ko:K11903
dta:DYST_00726	ko:K11900
dta:DYST_00727	ko:K11901
dta:DYST_00730	ko:K00156
dta:DYST_00738	ko:K07303
dta:DYST_00739	ko:K07302
dta:DYST_00741	ko:K07141
dta:DYST_00743	ko:K01725
dta:DYST_00744	ko:K01673
dta:DYST_00745	ko:K11921
dta:DYST_00751	ko:K02014
dta:DYST_00756	ko:K07687
dta:DYST_00759	ko:K09965
dta:DYST_00762	ko:K01835
dta:DYST_00766	ko:K07397
dta:DYST_00773	ko:K02014
dta:DYST_00786	ko:K01173
dta:DYST_00789	ko:K10914
dta:DYST_00794	ko:K14233
dta:DYST_00796	ko:K01875
dta:DYST_00801	ko:K07478
dta:DYST_00805	ko:K15726
dta:DYST_00806	ko:K15727
dta:DYST_00807	ko:K15725
dta:DYST_00810	ko:K03634
dta:DYST_00811	ko:K03466
dta:DYST_00812	ko:K00259
dta:DYST_00813	ko:K00384
dta:DYST_00814	ko:K09919
dta:DYST_00816	ko:K00684
dta:DYST_00819	ko:K08989
dta:DYST_00823	ko:K03526
dta:DYST_00824	ko:K01420
dta:DYST_00826	ko:K06131
dta:DYST_00827	ko:K03601
dta:DYST_00828	ko:K01652
dta:DYST_00834	ko:K11904
dta:DYST_00835	ko:K03306
dta:DYST_00841	ko:K13979
dta:DYST_00842	ko:K03281
dta:DYST_00846	ko:K03088
dta:DYST_00850	ko:K06147
dta:DYST_00853	ko:K06201
dta:DYST_00854	ko:K01444
dta:DYST_00855	ko:K03704
dta:DYST_00856	ko:K19696
dta:DYST_00857	ko:K19784
dta:DYST_00858	ko:K00760
dta:DYST_00859	ko:K01207
dta:DYST_00861	ko:K03215
dta:DYST_00865	ko:K03584
dta:DYST_00866	ko:K03595
dta:DYST_00867	ko:K03685
dta:DYST_00869	ko:K03100
dta:DYST_00870	ko:K03596
dta:DYST_00871	ko:K04771
dta:DYST_00874	ko:K03088
dta:DYST_00877	ko:K01782
dta:DYST_00879	ko:K03745
dta:DYST_00880	ko:K00012
dta:DYST_00881	ko:K03772
dta:DYST_00882	ko:K26735
dta:DYST_00883	ko:K14218
dta:DYST_00884	ko:K14224
dta:DYST_00885	ko:K14221
dta:DYST_00886	ko:K09920
dta:DYST_00887	ko:K09773
dta:DYST_00888	ko:K01007
dta:DYST_00890	ko:K03100
dta:DYST_00891	ko:K14233
dta:DYST_00892	ko:K20074
dta:DYST_00894	ko:K02342
dta:DYST_00895	ko:K03469
dta:DYST_00897	ko:K01069
dta:DYST_00898	ko:K08307
dta:DYST_00899	ko:K03770
dta:DYST_00900	ko:K14221
dta:DYST_00901	ko:K14237
dta:DYST_00902	ko:K01338
dta:DYST_00903	ko:K03544
dta:DYST_00904	ko:K01358
dta:DYST_00905	ko:K03545
dta:DYST_00906	ko:K14228
dta:DYST_00909	ko:K14218
dta:DYST_00910	ko:K11939
dta:DYST_00912	ko:K27862
dta:DYST_00913	ko:K09945
dta:DYST_00914	ko:K07126
dta:DYST_00915	ko:K07336
dta:DYST_00916	ko:K16090
dta:DYST_00917	ko:K02474
dta:DYST_00918	ko:K08679
dta:DYST_00937	ko:K22278
dta:DYST_00945	ko:K01784
dta:DYST_00949	ko:K00903
dta:DYST_00950	ko:K25590
dta:DYST_00951	ko:K01991
dta:DYST_00975	ko:K04719
dta:DYST_00993	ko:K02014
dta:DYST_00994	ko:K03649
dta:DYST_01000	ko:K13472
dta:DYST_01006	ko:K10536
dta:DYST_01013	ko:K14229
dta:DYST_01014	ko:K14226
dta:DYST_01015	ko:K14219
dta:DYST_01016	ko:K14232
dta:DYST_01017	ko:K14219
dta:DYST_01018	ko:K03798
dta:DYST_01019	ko:K02427
dta:DYST_01020	ko:K07574
dta:DYST_01022	ko:K06194
dta:DYST_01024	ko:K00573
dta:DYST_01025	ko:K03787
dta:DYST_01027	ko:K06176
dta:DYST_01028	ko:K01770
dta:DYST_01029	ko:K00991
dta:DYST_01030	ko:K05589
dta:DYST_01031	ko:K01689
dta:DYST_01033	ko:K01627
dta:DYST_01034	ko:K01937
dta:DYST_01035	ko:K02300
dta:DYST_01036	ko:K02299
dta:DYST_01037	ko:K02298
dta:DYST_01038	ko:K02297
dta:DYST_01039	ko:K01262
dta:DYST_01041	ko:K02622
dta:DYST_01044	ko:K28981
dta:DYST_01045	ko:K00452
dta:DYST_01047	ko:K03294
dta:DYST_01048	ko:K03294
dta:DYST_01050	ko:K08964
dta:DYST_01051	ko:K08967
dta:DYST_01052	ko:K09880
dta:DYST_01054	ko:K02045
dta:DYST_01055	ko:K02047
dta:DYST_01056	ko:K02046
dta:DYST_01057	ko:K23163
dta:DYST_01059	ko:K11755
dta:DYST_01060	ko:K02500
dta:DYST_01061	ko:K01814
dta:DYST_01062	ko:K02501
dta:DYST_01063	ko:K01089
dta:DYST_01064	ko:K00817
dta:DYST_01065	ko:K00013
dta:DYST_01066	ko:K00765
dta:DYST_01071	ko:K01745
dta:DYST_01073	ko:K01892
dta:DYST_01074	ko:K14232
dta:DYST_01075	ko:K07497
dta:DYST_01076	ko:K07003
dta:DYST_01081	ko:K12508
dta:DYST_01082	ko:K00255
dta:DYST_01086	ko:K00059
dta:DYST_01088	ko:K07516
dta:DYST_01089	ko:K00632
dta:DYST_01090	ko:K04118
dta:DYST_01091	ko:K28556
dta:DYST_01092	ko:K03522
dta:DYST_01093	ko:K03521
dta:DYST_01094	ko:K01796
dta:DYST_01095	ko:K00128
dta:DYST_01103	ko:K12308
dta:DYST_01105	ko:K00764
dta:DYST_01106	ko:K03558
dta:DYST_01107	ko:K03749
dta:DYST_01108	ko:K11754
dta:DYST_01112	ko:K17686
dta:DYST_01113	ko:K19591
dta:DYST_01114	ko:K02014
dta:DYST_01118	ko:K07274
dta:DYST_01120	ko:K16301
dta:DYST_01122	ko:K07267
dta:DYST_01123	ko:K02014
dta:DYST_01125	ko:K18139
dta:DYST_01126	ko:K18138
dta:DYST_01127	ko:K03585
dta:DYST_01128	ko:K13472
dta:DYST_01131	ko:K18303
dta:DYST_01140	ko:K03781
dta:DYST_01142	ko:K16137
dta:DYST_01146	ko:K18893
dta:DYST_01148	ko:K03711
dta:DYST_01149	ko:K05982
dta:DYST_01150	ko:K05802
dta:DYST_01153	ko:K01167
dta:DYST_01155	ko:K14761
dta:DYST_01156	ko:K00675
dta:DYST_01157	ko:K07304
dta:DYST_01162	ko:K17836
dta:DYST_01163	ko:K01712
dta:DYST_01166	ko:K13529
dta:DYST_01167	ko:K00567
dta:DYST_01170	ko:K08224
dta:DYST_01177	ko:K07662
dta:DYST_01178	ko:K06006
dta:DYST_01184	ko:K05603
dta:DYST_01186	ko:K03281
dta:DYST_01187	ko:K01468
dta:DYST_01188	ko:K19033
dta:DYST_01189	ko:K16264
dta:DYST_01191	ko:K09823
dta:DYST_01193	ko:K02483
dta:DYST_01195	ko:K15727
dta:DYST_01196	ko:K15726
dta:DYST_01200	ko:K01885
dta:DYST_01203	ko:K19302
dta:DYST_01204	ko:K01963
dta:DYST_01205	ko:K01695
dta:DYST_01206	ko:K01696
dta:DYST_01207	ko:K27042
dta:DYST_01209	ko:K01817
dta:DYST_01210	ko:K06173
dta:DYST_01211	ko:K08086
dta:DYST_01213	ko:K00133
dta:DYST_01214	ko:K00090
dta:DYST_01215	ko:K01736
dta:DYST_01217	ko:K07320
dta:DYST_01218	ko:K01613
dta:DYST_01220	ko:K08307
dta:DYST_01221	ko:K06915
dta:DYST_01223	ko:K04760
dta:DYST_01225	ko:K02044
dta:DYST_01227	ko:K14441
dta:DYST_01231	ko:K01494
dta:DYST_01232	ko:K03593
dta:DYST_01238	ko:K07038
dta:DYST_01239	ko:K01874
dta:DYST_01240	ko:K03616
dta:DYST_01241	ko:K10773
dta:DYST_01245	ko:K07666
dta:DYST_01246	ko:K07645
dta:DYST_01247	ko:K18138
dta:DYST_01248	ko:K03585
dta:DYST_01249	ko:K18139
dta:DYST_01251	ko:K01673
dta:DYST_01254	ko:K03683
dta:DYST_01255	ko:K02040
dta:DYST_01256	ko:K02037
dta:DYST_01257	ko:K02038
dta:DYST_01258	ko:K02036
dta:DYST_01259	ko:K02039
dta:DYST_01261	ko:K11741
dta:DYST_01264	ko:K03218
dta:DYST_01265	ko:K12573
dta:DYST_01266	ko:K14228
dta:DYST_01267	ko:K15977
dta:DYST_01271	ko:K21147
dta:DYST_01272	ko:K03636
dta:DYST_01274	ko:K03637
dta:DYST_01275	ko:K03639
dta:DYST_01276	ko:K03750
dta:DYST_01277	ko:K02017
dta:DYST_01278	ko:K02018
dta:DYST_01279	ko:K02020
dta:DYST_01281	ko:K03750
dta:DYST_01282	ko:K02379
dta:DYST_01284	ko:K02571
dta:DYST_01286	ko:K02567
dta:DYST_01287	ko:K02569
dta:DYST_01290	ko:K00281
dta:DYST_01292	ko:K01183
dta:DYST_01302	ko:K00558
dta:DYST_01306	ko:K01939
dta:DYST_01307	ko:K09937
dta:DYST_01308	ko:K04087
dta:DYST_01309	ko:K04088
dta:DYST_01310	ko:K03665
dta:DYST_01311	ko:K03666
dta:DYST_01312	ko:K00791
dta:DYST_01313	ko:K01673
dta:DYST_01317	ko:K00060
dta:DYST_01320	ko:K00639
dta:DYST_01321	ko:K06178
dta:DYST_01322	ko:K03286
dta:DYST_01323	ko:K03286
dta:DYST_01324	ko:K01720
dta:DYST_01325	ko:K20455
dta:DYST_01326	ko:K09788
dta:DYST_01328	ko:K00799
dta:DYST_01331	ko:K06992
dta:DYST_01334	ko:K01659
dta:DYST_01335	ko:K03417
dta:DYST_01336	ko:K01647
dta:DYST_01337	ko:K01908
dta:DYST_01340	ko:K00024
dta:DYST_01341	ko:K00812
dta:DYST_01344	ko:K03768
dta:DYST_01345	ko:K07518
dta:DYST_01349	ko:K02014
dta:DYST_01351	ko:K06207
dta:DYST_01358	ko:K10947
dta:DYST_01376	ko:K02483
dta:DYST_01383	ko:K23777
dta:DYST_01384	ko:K03543
dta:DYST_01385	ko:K03446
dta:DYST_01391	ko:K03446
dta:DYST_01396	ko:K01425
dta:DYST_01398	ko:K15977
dta:DYST_01402	ko:K23239
dta:DYST_01403	ko:K00121
dta:DYST_01410	ko:K00459
dta:DYST_01414	ko:K07814
dta:DYST_01416	ko:K09165
dta:DYST_01420	ko:K00156
dta:DYST_01421	ko:K01214
dta:DYST_01425	ko:K07290
dta:DYST_01427	ko:K07300
dta:DYST_01429	ko:K07118
dta:DYST_01431	ko:K07233
dta:DYST_01433	ko:K07115
dta:DYST_01434	ko:K07285
dta:DYST_01439	ko:K03723
dta:DYST_01442	ko:K03408
dta:DYST_01443	ko:K03411
dta:DYST_01444	ko:K00575
dta:DYST_01445	ko:K03406
dta:DYST_01446	ko:K06889
dta:DYST_01449	ko:K11381
dta:DYST_01451	ko:K00252
dta:DYST_01453	ko:K01684
dta:DYST_01454	ko:K26602
dta:DYST_01455	ko:K07248
dta:DYST_01460	ko:K07799
dta:DYST_01461	ko:K07788
dta:DYST_01462	ko:K07789
dta:DYST_01463	ko:K18139
dta:DYST_01467	ko:K01081
dta:DYST_01468	ko:K00858
dta:DYST_01469	ko:K15371
dta:DYST_01470	ko:K03585
dta:DYST_01471	ko:K18138
dta:DYST_01478	ko:K00548
dta:DYST_01479	ko:K00548
dta:DYST_01481	ko:K14237
dta:DYST_01483	ko:K16137
dta:DYST_01485	ko:K14189
dta:DYST_01487	ko:K10680
dta:DYST_01490	ko:K02556
dta:DYST_01491	ko:K02557
dta:DYST_01493	ko:K06988
dta:DYST_01494	ko:K09771
dta:DYST_01502	ko:K03704
dta:DYST_01508	ko:K07032
dta:DYST_01509	ko:K03719
dta:DYST_01527	ko:K01008
dta:DYST_01528	ko:K14238
dta:DYST_01529	ko:K01042
dta:DYST_01530	ko:K07089
dta:DYST_01531	ko:K02380
dta:DYST_01532	ko:K00127
dta:DYST_01533	ko:K00124
dta:DYST_01534	ko:K00123
dta:DYST_01537	ko:K05499
dta:DYST_01541	ko:K26059
dta:DYST_01542	ko:K26060
dta:DYST_01544	ko:K01816
dta:DYST_01549	ko:K10254
dta:DYST_01554	ko:K03782
dta:DYST_01577	ko:K07304
dta:DYST_01585	ko:K04046
dta:DYST_01586	ko:K00799
dta:DYST_01590	ko:K00799
dta:DYST_01592	ko:K11942
dta:DYST_01598	ko:K12658
dta:DYST_01599	ko:K21061
dta:DYST_01600	ko:K22550
dta:DYST_01601	ko:K22549
dta:DYST_01602	ko:K21062
dta:DYST_01603	ko:K13877
dta:DYST_01606	ko:K03294
dta:DYST_01608	ko:K09955
dta:DYST_01610	ko:K00263
dta:DYST_01613	ko:K00253
dta:DYST_01616	ko:K00626
dta:DYST_01618	ko:K01969
dta:DYST_01623	ko:K11904
dta:DYST_01628	ko:K02082
dta:DYST_01629	ko:K11645
dta:DYST_01631	ko:K02081
dta:DYST_01633	ko:K04045
dta:DYST_01641	ko:K04759
dta:DYST_01642	ko:K04758
dta:DYST_01644	ko:K13766
dta:DYST_01647	ko:K01968
dta:DYST_01651	ko:K01640
dta:DYST_01656	ko:K03828
dta:DYST_01658	ko:K03829
dta:DYST_01661	ko:K02356
dta:DYST_01662	ko:K11066
dta:DYST_01665	ko:K03392
dta:DYST_01667	ko:K01556
dta:DYST_01671	ko:K00147
dta:DYST_01672	ko:K00931
dta:DYST_01674	ko:K01755
dta:DYST_01675	ko:K00145
dta:DYST_01676	ko:K22478
dta:DYST_01677	ko:K01438
dta:DYST_01679	ko:K01940
dta:DYST_01681	ko:K07734
dta:DYST_01682	ko:K09065
dta:DYST_01684	ko:K01883
dta:DYST_01685	ko:K02426
dta:DYST_01686	ko:K06204
dta:DYST_01687	ko:K01465
dta:DYST_01690	ko:K09007
dta:DYST_01691	ko:K02291
dta:DYST_01692	ko:K22292
dta:DYST_01693	ko:K00568
dta:DYST_01695	ko:K12960
dta:DYST_01696	ko:K02356
dta:DYST_01697	ko:K19810
dta:DYST_01698	ko:K21025
dta:DYST_01699	ko:K02884
dta:DYST_01700	ko:K00554
dta:DYST_01701	ko:K02860
dta:DYST_01702	ko:K03106
dta:DYST_01704	ko:K01433
dta:DYST_01707	ko:K04485
dta:DYST_01708	ko:K01775
dta:DYST_01711	ko:K02314
dta:DYST_01712	ko:K02939
dta:DYST_01713	ko:K02963
dta:DYST_01714	ko:K02990
dta:DYST_01715	ko:K13628
dta:DYST_01716	ko:K01893
dta:DYST_01719	ko:K00059
dta:DYST_01720	ko:K10217
dta:DYST_01721	ko:K01673
dta:DYST_01722	ko:K15067
dta:DYST_01724	ko:K01458
dta:DYST_01725	ko:K00383
dta:DYST_01727	ko:K00285
dta:DYST_01730	ko:K23775
dta:DYST_01731	ko:K04063
dta:DYST_01732	ko:K03775
dta:DYST_01733	ko:K08178
dta:DYST_01735	ko:K11927
dta:DYST_01736	ko:K02650
dta:DYST_01737	ko:K03790
dta:DYST_01738	ko:K01070
dta:DYST_01740	ko:K05592
dta:DYST_01742	ko:K15777
dta:DYST_01745	ko:K03088
dta:DYST_01748	ko:K06940
dta:DYST_01749	ko:K07054
dta:DYST_01750	ko:K00799
dta:DYST_01752	ko:K07052
dta:DYST_01753	ko:K06287
dta:DYST_01754	ko:K18118
dta:DYST_01756	ko:K00783
dta:DYST_01757	ko:K09710
dta:DYST_01764	ko:K07305
dta:DYST_01765	ko:K00969
dta:DYST_01766	ko:K02340
dta:DYST_01768	ko:K01869
dta:DYST_01769	ko:K09857
dta:DYST_01770	ko:K06192
dta:DYST_01771	ko:K03808
dta:DYST_01772	ko:K03808
dta:DYST_01773	ko:K05838
dta:DYST_01777	ko:K03088
dta:DYST_01780	ko:K01114
dta:DYST_01782	ko:K07386
dta:DYST_01783	ko:K00077
dta:DYST_01784	ko:K16090
dta:DYST_01785	ko:K07336
dta:DYST_01786	ko:K02655
dta:DYST_01787	ko:K02674
dta:DYST_01788	ko:K02673
dta:DYST_01789	ko:K02672
dta:DYST_01790	ko:K02671
dta:DYST_01791	ko:K08084
dta:DYST_01792	ko:K03580
dta:DYST_01794	ko:K25316
dta:DYST_01795	ko:K03293
dta:DYST_01796	ko:K07059
dta:DYST_01797	ko:K02014
dta:DYST_01799	ko:K01759
dta:DYST_01802	ko:K06997
dta:DYST_01804	ko:K02237
dta:DYST_01807	ko:K09975
dta:DYST_01808	ko:K00380
dta:DYST_01810	ko:K03734
dta:DYST_01813	ko:K09939
dta:DYST_01814	ko:K02483
dta:DYST_01819	ko:K07250
dta:DYST_01821	ko:K18904
dta:DYST_01822	ko:K02004
dta:DYST_01823	ko:K02003
dta:DYST_01827	ko:K05710
dta:DYST_01831	ko:K02483
dta:DYST_01835	ko:K07386
dta:DYST_01838	ko:K09712
dta:DYST_01840	ko:K11717
dta:DYST_01841	ko:K09015
dta:DYST_01842	ko:K09013
dta:DYST_01843	ko:K09014
dta:DYST_01845	ko:K04752
dta:DYST_01846	ko:K03320
dta:DYST_01847	ko:K07102
dta:DYST_01848	ko:K00992
dta:DYST_01854	ko:K03074
dta:DYST_01856	ko:K03072
dta:DYST_01857	ko:K03210
dta:DYST_01858	ko:K00773
dta:DYST_01886	ko:K17836
dta:DYST_01905	ko:K07568
dta:DYST_01908	ko:K07693
dta:DYST_01909	ko:K07778
dta:DYST_01910	ko:K07778
dta:DYST_01912	ko:K01990
dta:DYST_01914	ko:K07004
dta:DYST_01917	ko:K00761
dta:DYST_01920	ko:K01259
dta:DYST_01923	ko:K00058
dta:DYST_01924	ko:K14232
dta:DYST_01926	ko:K04764
dta:DYST_01927	ko:K01890
dta:DYST_01928	ko:K01889
dta:DYST_01929	ko:K02887
dta:DYST_01930	ko:K02916
dta:DYST_01931	ko:K02520
dta:DYST_01932	ko:K01868
dta:DYST_01933	ko:K08679
dta:DYST_01934	ko:K08973
dta:DYST_01935	ko:K14237
dta:DYST_01936	ko:K03702
dta:DYST_01937	ko:K08084
dta:DYST_01942	ko:K14220
dta:DYST_01943	ko:K06966
dta:DYST_01945	ko:K02014
dta:DYST_01950	ko:K07390
dta:DYST_01951	ko:K04564
dta:DYST_01952	ko:K01589
dta:DYST_01953	ko:K01588
dta:DYST_01956	ko:K00767
dta:DYST_01959	ko:K03600
dta:DYST_01960	ko:K03599
dta:DYST_01961	ko:K00413
dta:DYST_01962	ko:K00412
dta:DYST_01963	ko:K00411
dta:DYST_01964	ko:K04772
dta:DYST_01966	ko:K06168
dta:DYST_01968	ko:K06217
dta:DYST_01969	ko:K07042
dta:DYST_01972	ko:K06189
dta:DYST_01973	ko:K27956
dta:DYST_01975	ko:K03284
dta:DYST_01979	ko:K02650
dta:DYST_01988	ko:K01791
dta:DYST_01991	ko:K02652
dta:DYST_01992	ko:K02653
dta:DYST_01993	ko:K02654
dta:DYST_01995	ko:K00859
dta:DYST_01996	ko:K03574
dta:DYST_01997	ko:K00287
dta:DYST_01998	ko:K00560
dta:DYST_01999	ko:K13292
dta:DYST_02000	ko:K02014
dta:DYST_02002	ko:K07345
dta:DYST_02005	ko:K06872
dta:DYST_02006	ko:K03744
dta:DYST_02007	ko:K00901
dta:DYST_02008	ko:K03305
dta:DYST_02009	ko:K15011
dta:DYST_02010	ko:K15012
dta:DYST_02011	ko:K13051
dta:DYST_02012	ko:K01027
dta:DYST_02015	ko:K10804
dta:DYST_02016	ko:K02003
dta:DYST_02017	ko:K02004
dta:DYST_02021	ko:K04765
dta:DYST_02022	ko:K01082
dta:DYST_02023	ko:K08312
dta:DYST_02027	ko:K02463
dta:DYST_02028	ko:K00833
dta:DYST_02030	ko:K09761
dta:DYST_02031	ko:K06598
dta:DYST_02032	ko:K06597
dta:DYST_02033	ko:K06596
dta:DYST_02034	ko:K02660
dta:DYST_02035	ko:K02659
dta:DYST_02036	ko:K02658
dta:DYST_02037	ko:K02657
dta:DYST_02038	ko:K01920
dta:DYST_02039	ko:K03832
dta:DYST_02040	ko:K07735
dta:DYST_02041	ko:K07447
dta:DYST_02042	ko:K00609
dta:DYST_02047	ko:K02670
dta:DYST_02048	ko:K02669
dta:DYST_02049	ko:K00286
dta:DYST_02050	ko:K02221
dta:DYST_02052	ko:K07386
dta:DYST_02053	ko:K07345
dta:DYST_02056	ko:K01620
dta:DYST_02057	ko:K24819
dta:DYST_02058	ko:K11720
dta:DYST_02059	ko:K07091
dta:DYST_02060	ko:K01255
dta:DYST_02061	ko:K02339
dta:DYST_02067	ko:K16088
dta:DYST_02069	ko:K01752
dta:DYST_02073	ko:K00003
dta:DYST_02074	ko:K01739
dta:DYST_02075	ko:K00641
dta:DYST_02078	ko:K08987
dta:DYST_02081	ko:K02837
dta:DYST_02082	ko:K07052
dta:DYST_02084	ko:K00575
dta:DYST_02085	ko:K03412
dta:DYST_02088	ko:K06445
dta:DYST_02091	ko:K01596
dta:DYST_02092	ko:K03088
dta:DYST_02097	ko:K04083
dta:DYST_02098	ko:K03814
dta:DYST_02099	ko:K20534
dta:DYST_02101	ko:K03301
dta:DYST_02104	ko:K01467
dta:DYST_02105	ko:K03832
dta:DYST_02106	ko:K03764
dta:DYST_02107	ko:K02437
dta:DYST_02108	ko:K00605
dta:DYST_02109	ko:K00955
dta:DYST_02110	ko:K00957
dta:DYST_02111	ko:K02066
dta:DYST_02112	ko:K02065
dta:DYST_02113	ko:K02067
dta:DYST_02114	ko:K18480
dta:DYST_02117	ko:K00311
dta:DYST_02119	ko:K03521
dta:DYST_02120	ko:K03522
dta:DYST_02121	ko:K15778
dta:DYST_02122	ko:K08678
dta:DYST_02127	ko:K00012
dta:DYST_02131	ko:K09690
dta:DYST_02132	ko:K09691
dta:DYST_02137	ko:K01758
dta:DYST_02138	ko:K01710
dta:DYST_02139	ko:K00973
dta:DYST_02140	ko:K01790
dta:DYST_02141	ko:K00067
dta:DYST_02142	ko:K16011
dta:DYST_02143	ko:K00820
dta:DYST_02144	ko:K01697
dta:DYST_02145	ko:K09794
dta:DYST_02148	ko:K02670
dta:DYST_02150	ko:K01800
dta:DYST_02151	ko:K00927
dta:DYST_02152	ko:K01091
dta:DYST_02154	ko:K00615
dta:DYST_02156	ko:K01623
dta:DYST_02158	ko:K00873
dta:DYST_02159	ko:K05986
dta:DYST_02161	ko:K00134
dta:DYST_02163	ko:K11065
dta:DYST_02166	ko:K02495
dta:DYST_02167	ko:K16171
dta:DYST_02168	ko:K00451
dta:DYST_02170	ko:K00457
dta:DYST_02172	ko:K03305
dta:DYST_02173	ko:K03305
dta:DYST_02174	ko:K00453
dta:DYST_02175	ko:K00166
dta:DYST_02176	ko:K00167
dta:DYST_02177	ko:K09699
dta:DYST_02183	ko:K01867
dta:DYST_02184	ko:K01476
dta:DYST_02189	ko:K14234
dta:DYST_02191	ko:K03525
dta:DYST_02192	ko:K03524
dta:DYST_02194	ko:K09933
dta:DYST_02195	ko:K07637
dta:DYST_02196	ko:K07660
dta:DYST_02198	ko:K05539
dta:DYST_02209	ko:K07339
dta:DYST_02212	ko:K13409
dta:DYST_02213	ko:K13408
dta:DYST_02218	ko:K01784
dta:DYST_02220	ko:K07482
dta:DYST_02228	ko:K07486
dta:DYST_02237	ko:K00528
dta:DYST_02241	ko:K09793
dta:DYST_02263	ko:K19577
dta:DYST_02265	ko:K06131
dta:DYST_02268	ko:K08281
dta:DYST_02273	ko:K07043
dta:DYST_02274	ko:K08715
dta:DYST_02275	ko:K00344
dta:DYST_02283	ko:K01241
dta:DYST_02286	ko:K08081
dta:DYST_02287	ko:K02013
dta:DYST_02289	ko:K00549
dta:DYST_02290	ko:K04773
dta:DYST_02291	ko:K26939
dta:DYST_02294	ko:K04066
dta:DYST_02295	ko:K03885
dta:DYST_02296	ko:K00616
dta:DYST_02297	ko:K18139
dta:DYST_02298	ko:K03585
dta:DYST_02299	ko:K18138
dta:DYST_02301	ko:K02483
dta:DYST_02302	ko:K03089
dta:DYST_02303	ko:K03648
dta:DYST_02305	ko:K09811
dta:DYST_02306	ko:K09812
dta:DYST_02307	ko:K03732
dta:DYST_02308	ko:K03671
dta:DYST_02309	ko:K03628
dta:DYST_02314	ko:K07687
dta:DYST_02321	ko:K03406
dta:DYST_02325	ko:K06949
dta:DYST_02339	ko:K16137
dta:DYST_02371	ko:K00525
dta:DYST_02372	ko:K04771
dta:DYST_02373	ko:K02040
dta:DYST_02374	ko:K20862
dta:DYST_02375	ko:K01255
dta:DYST_02380	ko:K03797
dta:DYST_02381	ko:K03644
dta:DYST_02382	ko:K03801
dta:DYST_02383	ko:K09158
dta:DYST_02384	ko:K07258
dta:DYST_02385	ko:K03642
dta:DYST_02386	ko:K08305
dta:DYST_02387	ko:K05837
dta:DYST_02388	ko:K05515
dta:DYST_02389	ko:K03571
dta:DYST_02390	ko:K03570
dta:DYST_02391	ko:K03569
dta:DYST_02392	ko:K00856
dta:DYST_02394	ko:K00864
dta:DYST_02396	ko:K01985
dta:DYST_02397	ko:K01980
dta:DYST_02398	ko:K14218
dta:DYST_02399	ko:K14227
dta:DYST_02400	ko:K01977
dta:DYST_02403	ko:K00788
dta:DYST_02404	ko:K01845
dta:DYST_02405	ko:K20866
dta:DYST_02406	ko:K10716
dta:DYST_02407	ko:K00821
dta:DYST_02409	ko:K01759
dta:DYST_02410	ko:K02503
dta:DYST_02411	ko:K13775
dta:DYST_02412	ko:K07157
dta:DYST_02413	ko:K02558
dta:DYST_02414	ko:K00939
dta:DYST_02415	ko:K07032
dta:DYST_02416	ko:K21071
dta:DYST_02417	ko:K06889
dta:DYST_02423	ko:K15987
dta:DYST_02424	ko:K01322
dta:DYST_02426	ko:K00472
dta:DYST_02427	ko:K01507
dta:DYST_02430	ko:K03147
dta:DYST_02432	ko:K18301
dta:DYST_02433	ko:K00573
dta:DYST_02434	ko:K12340
dta:DYST_02435	ko:K02527
dta:DYST_02436	ko:K02517
dta:DYST_02437	ko:K09824
dta:DYST_02445	ko:K09019
dta:DYST_02446	ko:K07276
dta:DYST_02447	ko:K00982
dta:DYST_02452	ko:K07165
dta:DYST_02457	ko:K04077
dta:DYST_02458	ko:K04078
dta:DYST_02459	ko:K01628
dta:DYST_02460	ko:K03926
dta:DYST_02463	ko:K27877
dta:DYST_02464	ko:K02043
dta:DYST_02465	ko:K06162
dta:DYST_02470	ko:K00375
dta:DYST_02471	ko:K11209
dta:DYST_02475	ko:K03786
dta:DYST_02476	ko:K02160
dta:DYST_02477	ko:K01961
dta:DYST_02479	ko:K02687
dta:DYST_02481	ko:K03557
dta:DYST_02482	ko:K03826
dta:DYST_02483	ko:K00602
dta:DYST_02485	ko:K14347
dta:DYST_02487	ko:K00799
dta:DYST_02488	ko:K08978
dta:DYST_02490	ko:K02335
dta:DYST_02492	ko:K16211
dta:DYST_02494	ko:K01187
dta:DYST_02495	ko:K01176
dta:DYST_02497	ko:K01187
dta:DYST_02502	ko:K03657
dta:DYST_02505	ko:K02498
dta:DYST_02506	ko:K02496
dta:DYST_02507	ko:K01719
dta:DYST_02511	ko:K00523
dta:DYST_02512	ko:K19222
dta:DYST_02515	ko:K06969
dta:DYST_02517	ko:K09760
dta:DYST_02523	ko:K01495
dta:DYST_02529	ko:K08151
dta:DYST_02530	ko:K09983
dta:DYST_02532	ko:K07137
dta:DYST_02536	ko:K03722
dta:DYST_02537	ko:K09975
dta:DYST_02541	ko:K09858
dta:DYST_02546	ko:K00266
dta:DYST_02547	ko:K00265
dta:DYST_02548	ko:K22719
dta:DYST_02549	ko:K03797
dta:DYST_02551	ko:K09705
dta:DYST_02552	ko:K03118
dta:DYST_02553	ko:K03117
dta:DYST_02554	ko:K03116
dta:DYST_02556	ko:K01772
dta:DYST_02562	ko:K09696
dta:DYST_02563	ko:K09697
dta:DYST_02565	ko:K07729
dta:DYST_02567	ko:K07345
dta:DYST_02568	ko:K15540
dta:DYST_02569	ko:K07347
dta:DYST_02570	ko:K07345
dta:DYST_02573	ko:K01990
dta:DYST_02574	ko:K01992
dta:DYST_02575	ko:K06182
dta:DYST_02579	ko:K05591
dta:DYST_02580	ko:K22757
dta:DYST_02588	ko:K00799
dta:DYST_02592	ko:K07386
dta:DYST_02593	ko:K26731
dta:DYST_02596	ko:K00525
dta:DYST_02597	ko:K07461
dta:DYST_02598	ko:K00526
dta:DYST_02602	ko:K02172
dta:DYST_02604	ko:K02004
dta:DYST_02605	ko:K02004
dta:DYST_02607	ko:K11742
dta:DYST_02608	ko:K11743
dta:DYST_02610	ko:K00799
dta:DYST_02613	ko:K18900
dta:DYST_02619	ko:K02014
dta:DYST_02620	ko:K09474
dta:DYST_02621	ko:K07666
dta:DYST_02622	ko:K07645
dta:DYST_02624	ko:K02483
dta:DYST_02626	ko:K04063
dta:DYST_02638	ko:K03088
dta:DYST_02644	ko:K06182
dta:DYST_02652	ko:K01476
dta:DYST_02656	ko:K03543
dta:DYST_02657	ko:K03446
dta:DYST_02658	ko:K01201
dta:DYST_02659	ko:K02650
dta:DYST_02660	ko:K03325
dta:DYST_02661	ko:K03741
dta:DYST_02662	ko:K03892
dta:DYST_02663	ko:K11811
dta:DYST_02670	ko:K02477
dta:DYST_02686	ko:K07727
dta:DYST_02699	ko:K19577
dta:DYST_02701	ko:K09958
dta:DYST_02702	ko:K26601
dta:DYST_02705	ko:K14645
dta:DYST_02706	ko:K07116
dta:DYST_02708	ko:K06879
dta:DYST_02712	ko:K22042
dta:DYST_02714	ko:K07112
dta:DYST_02715	ko:K07112
dta:DYST_02716	ko:K14219
dta:DYST_02719	ko:K03294
dta:DYST_02722	ko:K02014
dta:DYST_02724	ko:K01126
dta:DYST_02725	ko:K06889
dta:DYST_02726	ko:K02014
dta:DYST_02727	ko:K01077
dta:DYST_02732	ko:K04080
dta:DYST_02736	ko:K06983
dta:DYST_02742	ko:K03762
dta:DYST_02745	ko:K05275
dta:DYST_02763	ko:K07223
dta:DYST_02774	ko:K14230
dta:DYST_02779	ko:K02014
dta:DYST_02782	ko:K01584
dta:DYST_02784	ko:K03759
dta:DYST_02785	ko:K06152
dta:DYST_02786	ko:K06151
dta:DYST_02787	ko:K06150
dta:DYST_02789	ko:K03446
dta:DYST_02790	ko:K03543
dta:DYST_02793	ko:K00845
dta:DYST_02798	ko:K00057
dta:DYST_02799	ko:K03071
dta:DYST_02800	ko:K02902
dta:DYST_02801	ko:K02913
dta:DYST_02804	ko:K00507
dta:DYST_02805	ko:K25152
dta:DYST_02809	ko:K00033
dta:DYST_02810	ko:K10563
dta:DYST_02812	ko:K00857
dta:DYST_02814	ko:K03656
dta:DYST_02816	ko:K02014
dta:DYST_02820	ko:K00631
dta:DYST_02822	ko:K03183
dta:DYST_02826	ko:K00799
dta:DYST_02828	ko:K03719
dta:DYST_02840	ko:K12373
dta:DYST_02843	ko:K00845
dta:DYST_02844	ko:K23123
dta:DYST_02845	ko:K23124
dta:DYST_02846	ko:K07160
dta:DYST_02849	ko:K01304
dta:DYST_02853	ko:K00845
dta:DYST_02856	ko:K02529
dta:DYST_02857	ko:K00820
dta:DYST_02858	ko:K01443
dta:DYST_02860	ko:K01119
dta:DYST_02862	ko:K00615
dta:DYST_02873	ko:K00003
dta:DYST_02874	ko:K00872
dta:DYST_02875	ko:K01733
dta:DYST_02877	ko:K05350
dta:DYST_02878	ko:K10112
dta:DYST_02879	ko:K02026
dta:DYST_02880	ko:K02025
dta:DYST_02881	ko:K02027
dta:DYST_02884	ko:K02529
dta:DYST_02889	ko:K01649
dta:DYST_02890	ko:K00826
dta:DYST_02892	ko:K01703
dta:DYST_02893	ko:K01704
dta:DYST_02894	ko:K00052
dta:DYST_02895	ko:K01687
dta:DYST_02896	ko:K00053
dta:DYST_02897	ko:K01652
dta:DYST_02898	ko:K01653
dta:DYST_02899	ko:K01754
dta:DYST_02902	ko:K21252
dta:DYST_02903	ko:K03179
dta:DYST_02905	ko:K04750
dta:DYST_02918	ko:K07178
dta:DYST_02930	ko:K01012
dta:DYST_02931	ko:K00652
dta:DYST_02932	ko:K07146
dta:DYST_02933	ko:K02170
dta:DYST_02934	ko:K02169
dta:DYST_02936	ko:K01246
dta:DYST_02939	ko:K06193
dta:DYST_02940	ko:K01754
dta:DYST_02941	ko:K01785
dta:DYST_02942	ko:K01256
dta:DYST_02945	ko:K03495
dta:DYST_02948	ko:K06959
dta:DYST_02949	ko:K12686
dta:DYST_02950	ko:K09914
dta:DYST_02951	ko:K02014
dta:DYST_02953	ko:K01879
dta:DYST_02954	ko:K01878
dta:DYST_02955	ko:K02454
dta:DYST_02956	ko:K01951
dta:DYST_02960	ko:K01985
dta:DYST_02961	ko:K01980
dta:DYST_02962	ko:K14218
dta:DYST_02963	ko:K14227
dta:DYST_02964	ko:K01977
dta:DYST_02965	ko:K01866
dta:DYST_02967	ko:K09001
dta:DYST_02969	ko:K08218
dta:DYST_02970	ko:K01142
dta:DYST_02972	ko:K00762
dta:DYST_02974	ko:K15778
dta:DYST_02975	ko:K01520
dta:DYST_02976	ko:K13038
dta:DYST_02978	ko:K00059
dta:DYST_02979	ko:K18900
dta:DYST_02980	ko:K03630
dta:DYST_02981	ko:K01887
dta:DYST_02986	ko:K00020
dta:DYST_02987	ko:K07001
dta:DYST_02988	ko:K01574
dta:DYST_02989	ko:K00019
dta:DYST_02990	ko:K01585
dta:DYST_02991	ko:K00797
dta:DYST_02994	ko:K03496
dta:DYST_02995	ko:K08296
dta:DYST_02997	ko:K06132
dta:DYST_02999	ko:K00626
dta:DYST_03003	ko:K07712
dta:DYST_03004	ko:K07708
dta:DYST_03010	ko:K07165
dta:DYST_03013	ko:K25184
dta:DYST_03014	ko:K25187
dta:DYST_03015	ko:K25188
dta:DYST_03016	ko:K25189
dta:DYST_03019	ko:K25190
dta:DYST_03022	ko:K01198
dta:DYST_03025	ko:K01915
dta:DYST_03027	ko:K06153
dta:DYST_03030	ko:K18900
dta:DYST_03031	ko:K18298
dta:DYST_03032	ko:K18299
dta:DYST_03033	ko:K18300
dta:DYST_03035	ko:K23256
dta:DYST_03037	ko:K02478
dta:DYST_03038	ko:K02477
dta:DYST_03042	ko:K01114
dta:DYST_03052	ko:K07019
dta:DYST_03054	ko:K03719
dta:DYST_03055	ko:K00500
dta:DYST_03056	ko:K07275
dta:DYST_03063	ko:K00799
dta:DYST_03067	ko:K03841
dta:DYST_03068	ko:K07001
dta:DYST_03077	ko:K01895
dta:DYST_03081	ko:K06133
dta:DYST_03082	ko:K03474
dta:DYST_03083	ko:K03559
dta:DYST_03084	ko:K03559
dta:DYST_03085	ko:K03561
dta:DYST_03086	ko:K03832
dta:DYST_03088	ko:K02470
dta:DYST_03089	ko:K03629
dta:DYST_03090	ko:K02338
dta:DYST_03091	ko:K02313
dta:DYST_03092	ko:K02914
dta:DYST_03093	ko:K03536
dta:DYST_03094	ko:K03217
dta:DYST_03095	ko:K03650
dta:DYST_03097	ko:K03466
dta:DYST_03098	ko:K00852
dta:DYST_03100	ko:K11209
dta:DYST_03102	ko:K01278
dta:DYST_03104	ko:K03667
dta:DYST_03105	ko:K01419
dta:DYST_03108	ko:K03733
dta:DYST_03109	ko:K09921
dta:DYST_03110	ko:K01778
dta:DYST_03113	ko:K03789
dta:DYST_03116	ko:K00014
dta:DYST_03117	ko:K06940
dta:DYST_03124	ko:K07001
dta:DYST_03125	ko:K01414
dta:DYST_03127	ko:K01142
dta:DYST_03128	ko:K07039
dta:DYST_03129	ko:K06911
dta:DYST_03131	ko:K03501
dta:DYST_03132	ko:K03496
dta:DYST_03133	ko:K03497
dta:DYST_03137	ko:K07001
dta:DYST_03140	ko:K07283
dta:DYST_03141	ko:K01749
dta:DYST_03143	ko:K08083
dta:DYST_03144	ko:K08082
dta:DYST_03145	ko:K06999
dta:DYST_03150	ko:K18139
dta:DYST_03151	ko:K03543
dta:DYST_03152	ko:K03446
dta:DYST_03154	ko:K08994
dta:DYST_03155	ko:K09965
dta:DYST_03156	ko:K26937
dta:DYST_03157	ko:K06324
dta:DYST_03164	ko:K07789
dta:DYST_03165	ko:K07789
dta:DYST_03169	ko:K07345
dta:DYST_03170	ko:K15540
dta:DYST_03171	ko:K07347
dta:DYST_03172	ko:K07345
dta:DYST_03173	ko:K07491
dta:DYST_03175	ko:K24967
dta:DYST_03176	ko:K00036
dta:DYST_03177	ko:K01057
dta:DYST_03178	ko:K01690
dta:DYST_03179	ko:K01625
dta:DYST_03185	ko:K14998
dta:DYST_03186	ko:K02300
dta:DYST_03187	ko:K02299
dta:DYST_03188	ko:K02298
dta:DYST_03189	ko:K02297
dta:DYST_03191	ko:K09984
dta:DYST_03194	ko:K13633
dta:DYST_03199	ko:K03086
dta:DYST_03200	ko:K07560
dta:DYST_03201	ko:K02517
dta:DYST_03208	ko:K01784
dta:DYST_03214	ko:K03500
dta:DYST_03215	ko:K00604
dta:DYST_03216	ko:K01462
dta:DYST_03218	ko:K04096
dta:DYST_03219	ko:K03168
dta:DYST_03220	ko:K07566
dta:DYST_03222	ko:K01945
dta:DYST_03226	ko:K03807
dta:DYST_03227	ko:K03426
dta:DYST_03228	ko:K15724
dta:DYST_03231	ko:K03594
dta:DYST_03232	ko:K02192
dta:DYST_03233	ko:K08311
dta:DYST_03234	ko:K14230
dta:DYST_03239	ko:K18425
dta:DYST_03241	ko:K26272
dta:DYST_03244	ko:K01737
dta:DYST_03247	ko:K02108
dta:DYST_03248	ko:K02110
dta:DYST_03249	ko:K02109
dta:DYST_03250	ko:K02113
dta:DYST_03251	ko:K02111
dta:DYST_03252	ko:K02115
dta:DYST_03253	ko:K02112
dta:DYST_03254	ko:K02114
dta:DYST_03256	ko:K04042
dta:DYST_03258	ko:K18240
dta:DYST_03259	ko:K02078
dta:DYST_03261	ko:K02372
dta:DYST_03267	ko:K00059
dta:DYST_03270	ko:K00647
dta:DYST_03272	ko:K00228
dta:DYST_03275	ko:K01834
dta:DYST_03277	ko:K04752
dta:DYST_03278	ko:K09806
dta:DYST_03279	ko:K07391
dta:DYST_03281	ko:K01637
dta:DYST_03282	ko:K01638
dta:DYST_03286	ko:K15034
dta:DYST_03287	ko:K06175
dta:DYST_03288	ko:K07733
dta:DYST_03290	ko:K03688
dta:DYST_03291	ko:K03690
dta:DYST_03292	ko:K03216
dta:DYST_03294	ko:K07263
dta:DYST_03296	ko:K15974
dta:DYST_03303	ko:K22479
dta:DYST_03305	ko:K14058
dta:DYST_03306	ko:K00832
dta:DYST_03307	ko:K03554
dta:DYST_03314	ko:K01254
dta:DYST_03323	ko:K27080
dta:DYST_03325	ko:K27079
dta:DYST_03326	ko:K12511
dta:DYST_03327	ko:K12510
dta:DYST_03328	ko:K02283
dta:DYST_03329	ko:K02282
dta:DYST_03330	ko:K02280
dta:DYST_03331	ko:K02279
dta:DYST_03332	ko:K12513
dta:DYST_03333	ko:K02278
dta:DYST_03334	ko:K02651
dta:DYST_03341	ko:K05999
dta:DYST_03345	ko:K14645
dta:DYST_03348	ko:K00666
dta:DYST_03351	ko:K06916
dta:DYST_03352	ko:K07018
dta:DYST_03353	ko:K08682
dta:DYST_03359	ko:K07799
dta:DYST_03360	ko:K07788
dta:DYST_03363	ko:K07789
dta:DYST_03364	ko:K00031
dta:DYST_03369	ko:K05349
dta:DYST_03371	ko:K03566
dta:DYST_03373	ko:K06181
dta:DYST_03375	ko:K03424
dta:DYST_03377	ko:K02454
dta:DYST_03378	ko:K02455
dta:DYST_03379	ko:K02456
dta:DYST_03380	ko:K02457
dta:DYST_03381	ko:K02458
dta:DYST_03382	ko:K02459
dta:DYST_03383	ko:K02460
dta:DYST_03384	ko:K02461
dta:DYST_03385	ko:K02462
dta:DYST_03386	ko:K02463
dta:DYST_03387	ko:K02453
dta:DYST_03388	ko:K03579
dta:DYST_03389	ko:K08137
dta:DYST_03390	ko:K13874
dta:DYST_03391	ko:K22185
dta:DYST_03392	ko:K01684
dta:DYST_03393	ko:K01631
dta:DYST_03394	ko:K00883
dta:DYST_03400	ko:K02529
dta:DYST_03401	ko:K05349
dta:DYST_03402	ko:K02014
dta:DYST_03403	ko:K14266
dta:DYST_03408	ko:K01259
dta:DYST_03412	ko:K13069
dta:DYST_03415	ko:K09930
dta:DYST_03417	ko:K15977
dta:DYST_03419	ko:K06196
dta:DYST_03420	ko:K05595
dta:DYST_03421	ko:K07502
dta:DYST_03422	ko:K06877
dta:DYST_03424	ko:K07666
dta:DYST_03425	ko:K07645
dta:DYST_03427	ko:K03585
dta:DYST_03428	ko:K18138
dta:DYST_03434	ko:K08677
dta:DYST_03435	ko:K01698
dta:DYST_03437	ko:K13639
dta:DYST_03440	ko:K01607
dta:DYST_03442	ko:K11747
dta:DYST_03444	ko:K06867
dta:DYST_03445	ko:K09902
dta:DYST_03446	ko:K06076
dta:DYST_03447	ko:K00154
dta:DYST_03448	ko:K02014
dta:DYST_03456	ko:K09474
dta:DYST_03458	ko:K13821
dta:DYST_03460	ko:K02275
dta:DYST_03461	ko:K02274
dta:DYST_03463	ko:K02276
dta:DYST_03465	ko:K14998
dta:DYST_03467	ko:K02259
dta:DYST_03468	ko:K02257
dta:DYST_03470	ko:K01531
dta:DYST_03471	ko:K03324
dta:DYST_03472	ko:K15727
dta:DYST_03473	ko:K15726
dta:DYST_03477	ko:K02316
dta:DYST_03481	ko:K09117
dta:DYST_03482	ko:K02970
dta:DYST_03483	ko:K25706
dta:DYST_03484	ko:K01633
dta:DYST_03485	ko:K00950
dta:DYST_03487	ko:K03793
dta:DYST_03492	ko:K00974
dta:DYST_03494	ko:K08309
dta:DYST_03498	ko:K03673
dta:DYST_03499	ko:K03673
dta:DYST_03501	ko:K03978
dta:DYST_03502	ko:K08968
dta:DYST_03503	ko:K01935
dta:DYST_03505	ko:K01284
dta:DYST_03518	ko:K07225
dta:DYST_03519	ko:K25132
dta:DYST_03520	ko:K25133
dta:DYST_03521	ko:K10834
dta:DYST_03522	ko:K01919
dta:DYST_03524	ko:K02483
dta:DYST_03525	ko:K07390
dta:DYST_03527	ko:K06223
dta:DYST_03577	ko:K07724
dta:DYST_03582	ko:K14260
dta:DYST_03583	ko:K06949
dta:DYST_03586	ko:K00029
dta:DYST_03587	ko:K11891
dta:DYST_03591	ko:K11910
dta:DYST_03592	ko:K11909
dta:DYST_03594	ko:K11907
dta:DYST_03595	ko:K11901
dta:DYST_03596	ko:K11900
dta:DYST_03597	ko:K11905
dta:DYST_03598	ko:K11896
dta:DYST_03599	ko:K11895
dta:DYST_03600	ko:K11894
dta:DYST_03602	ko:K11906
dta:DYST_03603	ko:K11893
dta:DYST_03604	ko:K11892
dta:DYST_03606	ko:K11903
dta:DYST_03608	ko:K00163
dta:DYST_03610	ko:K01607
dta:DYST_03622	ko:K03564
dta:DYST_03630	ko:K00077
dta:DYST_03631	ko:K07077
dta:DYST_03633	ko:K03442
dta:DYST_03634	ko:K00627
dta:DYST_03635	ko:K00382
dta:DYST_03641	ko:K02346
dta:DYST_03648	ko:K03297
dta:DYST_03649	ko:K01923
dta:DYST_03651	ko:K05801
dta:DYST_03652	ko:K01783
dta:DYST_03655	ko:K02483
dta:DYST_03657	ko:K14980
dta:DYST_03659	ko:K01657
dta:DYST_03665	ko:K08641
dta:DYST_03667	ko:K01586
dta:DYST_03671	ko:K19802
dta:DYST_03675	ko:K19746
dta:DYST_03676	ko:K01658
dta:DYST_03677	ko:K00766
dta:DYST_03678	ko:K01609
dta:DYST_03681	ko:K10914
dta:DYST_03682	ko:K01611
dta:DYST_03683	ko:K06134
dta:DYST_03684	ko:K11473
dta:DYST_03685	ko:K02871
dta:DYST_03686	ko:K02996
dta:DYST_03687	ko:K14223
dta:DYST_03691	ko:K01807
dta:DYST_03693	ko:K01934
dta:DYST_03694	ko:K28358
dta:DYST_03695	ko:K09888
dta:DYST_03696	ko:K09892
dta:DYST_03697	ko:K09895
dta:DYST_03698	ko:K01262
dta:DYST_03699	ko:K00424
dta:DYST_03700	ko:K00426
dta:DYST_03701	ko:K00425
dta:DYST_03703	ko:K01271
dta:DYST_03742	ko:K07486
dta:DYST_03760	ko:K18843
dta:DYST_03767	ko:K01519
dta:DYST_03768	ko:K00989
dta:DYST_03770	ko:K00942
dta:DYST_03771	ko:K02065
dta:DYST_03772	ko:K02066
dta:DYST_03773	ko:K02067
dta:DYST_03775	ko:K07323
dta:DYST_03776	ko:K07122
dta:DYST_03777	ko:K04754
dta:DYST_03778	ko:K03060
dta:DYST_03780	ko:K01139
dta:DYST_03782	ko:K03655
dta:DYST_03784	ko:K02909
dta:DYST_03785	ko:K01647
dta:DYST_03787	ko:K05366
dta:DYST_03788	ko:K02662
dta:DYST_03789	ko:K02663
dta:DYST_03790	ko:K23985
dta:DYST_03791	ko:K02666
dta:DYST_03792	ko:K03924
dta:DYST_03795	ko:K07114
dta:DYST_03797	ko:K07114
dta:DYST_03799	ko:K23518
dta:DYST_03801	ko:K07799
dta:DYST_03802	ko:K07788
dta:DYST_03804	ko:K03282
dta:DYST_03805	ko:K16165
dta:DYST_03807	ko:K02003
dta:DYST_03808	ko:K02004
dta:DYST_03809	ko:K02004
dta:DYST_03810	ko:K02106
dta:DYST_03812	ko:K10778
dta:DYST_03816	ko:K03439
dta:DYST_03817	ko:K03149
dta:DYST_03818	ko:K03154
dta:DYST_03820	ko:K14225
dta:DYST_03823	ko:K05844
dta:DYST_03827	ko:K00826
dta:DYST_03829	ko:K00297
dta:DYST_03830	ko:K00404
dta:DYST_03831	ko:K00405
dta:DYST_03832	ko:K00407
dta:DYST_03833	ko:K00406
dta:DYST_03837	ko:K01533
dta:DYST_03841	ko:K01251
dta:DYST_03844	ko:K01595
dta:DYST_03848	ko:K15738
dta:DYST_03849	ko:K07258
dta:DYST_03850	ko:K00789
dta:DYST_03857	ko:K05540
dta:DYST_03859	ko:K11537
dta:DYST_03860	ko:K05835
dta:DYST_03865	ko:K03205
dta:DYST_03871	ko:K03201
dta:DYST_03874	ko:K03199
dta:DYST_03875	ko:K03198
dta:DYST_03876	ko:K03197
dta:DYST_03877	ko:K03194
dta:DYST_03878	ko:K03196
dta:DYST_03879	ko:K03195
dta:DYST_03880	ko:K03204
dta:DYST_03881	ko:K03203
dta:DYST_03883	ko:K07460
dta:DYST_03884	ko:K07121
dta:DYST_03885	ko:K07056
dta:DYST_03886	ko:K01978
dta:DYST_03887	ko:K03925
dta:DYST_03888	ko:K03438
dta:DYST_03889	ko:K03586
dta:DYST_03890	ko:K03587
dta:DYST_03891	ko:K01928
dta:DYST_03892	ko:K01929
dta:DYST_03893	ko:K01000
dta:DYST_03894	ko:K03588
dta:DYST_03895	ko:K02563
dta:DYST_03896	ko:K01924
dta:DYST_03897	ko:K01921
dta:DYST_03898	ko:K03589
dta:DYST_03899	ko:K03590
dta:DYST_03900	ko:K03531
dta:DYST_03901	ko:K02535
dta:DYST_03904	ko:K03070
dta:DYST_03905	ko:K01525
dta:DYST_03906	ko:K06195
dta:DYST_03907	ko:K02528
dta:DYST_03908	ko:K00097
dta:DYST_03909	ko:K03771
dta:DYST_03910	ko:K04744
dta:DYST_03911	ko:K07305
dta:DYST_03913	ko:K00798
dta:DYST_03915	ko:K03185
dta:DYST_03916	ko:K18800
dta:DYST_03919	ko:K02523
dta:DYST_03923	ko:K01546
dta:DYST_03924	ko:K01547
dta:DYST_03927	ko:K01548
dta:DYST_03928	ko:K07646
dta:DYST_03929	ko:K07667
dta:DYST_03930	ko:K03111
dta:DYST_03935	ko:K04063
dta:DYST_03939	ko:K07345
dta:DYST_03940	ko:K03652
dta:DYST_03941	ko:K00851
dta:DYST_03943	ko:K09704
dta:DYST_03944	ko:K01192
dta:DYST_03945	ko:K02014
dta:DYST_03947	ko:K07667
dta:DYST_03955	ko:K01130
dta:DYST_03958	ko:K03924
dta:DYST_03961	ko:K07114
dta:DYST_03962	ko:K07114
dta:DYST_03965	ko:K15977
dta:DYST_03966	ko:K07124
dta:DYST_03968	ko:K29027
dta:DYST_03969	ko:K00847
dta:DYST_03970	ko:K02429
dta:DYST_03971	ko:K02529
dta:DYST_03976	ko:K02667
dta:DYST_03978	ko:K01194
dta:DYST_03984	ko:K02668
dta:DYST_03986	ko:K01903
dta:DYST_03987	ko:K01902
dta:DYST_03989	ko:K05596
dta:DYST_03990	ko:K06895
dta:DYST_03994	ko:K01950
dta:DYST_03995	ko:K05807
dta:DYST_03996	ko:K06180
dta:DYST_03997	ko:K05810
dta:DYST_03999	ko:K00697
dta:DYST_04001	ko:K01087
dta:DYST_04002	ko:K03695
dta:DYST_04004	ko:K16092
dta:DYST_04006	ko:K19221
dta:DYST_04007	ko:K02224
dta:DYST_04009	ko:K02227
dta:DYST_04010	ko:K02225
dta:DYST_04011	ko:K02232
dta:DYST_04012	ko:K02231
dta:DYST_04013	ko:K00768
dta:DYST_04014	ko:K02226
dta:DYST_04015	ko:K02233
dta:DYST_04018	ko:K01876
dta:DYST_04021	ko:K01159
dta:DYST_04022	ko:K03550
dta:DYST_04023	ko:K03549
dta:DYST_04024	ko:K03551
dta:DYST_04025	ko:K07107
dta:DYST_04026	ko:K03562
dta:DYST_04027	ko:K03560
dta:DYST_04028	ko:K03646
dta:DYST_04029	ko:K03641
dta:DYST_04030	ko:K03640
dta:DYST_04032	ko:K10026
dta:DYST_04033	ko:K06920
dta:DYST_04034	ko:K14229
dta:DYST_04037	ko:K02044
dta:DYST_04043	ko:K01886
dta:DYST_04045	ko:K00759
dta:DYST_04046	ko:K07304
dta:DYST_04048	ko:K04761
dta:DYST_04056	ko:K00249
dta:DYST_04061	ko:K02493
dta:DYST_04062	ko:K01662
dta:DYST_04068	ko:K20035
dta:DYST_04070	ko:K07117
dta:DYST_04072	ko:K02355
dta:DYST_04079	ko:K07001
dta:DYST_04080	ko:K07303
dta:DYST_04081	ko:K07302
dta:DYST_04082	ko:K03294
dta:DYST_04083	ko:K27078
dta:DYST_04086	ko:K07346
dta:DYST_04087	ko:K27078
dta:DYST_04091	ko:K01676
dta:DYST_04092	ko:K12526
dta:DYST_04093	ko:K23170
dta:DYST_04094	ko:K23169
dta:DYST_04096	ko:K03829
dta:DYST_04097	ko:K07386
dta:DYST_04099	ko:K09800
dta:DYST_04100	ko:K07278
dta:DYST_04102	ko:K04047
dta:DYST_04104	ko:K03578
dta:DYST_04107	ko:K00951
dta:DYST_04110	ko:K05365
dta:DYST_04113	ko:K03722
dta:DYST_04118	ko:K06143
dta:DYST_04119	ko:K14742
dta:DYST_04121	ko:K00059
dta:DYST_04126	ko:K08483
dta:DYST_04127	ko:K02784
dta:DYST_04128	ko:K02793
dta:DYST_04129	ko:K06958
dta:DYST_04130	ko:K06023
dta:DYST_04131	ko:K05808
dta:DYST_04132	ko:K03092
dta:DYST_04133	ko:K06861
dta:DYST_04135	ko:K11719
dta:DYST_04136	ko:K03270
dta:DYST_04137	ko:K06041
dta:DYST_04139	ko:K00790
dta:DYST_04141	ko:K11175
dta:DYST_04142	ko:K01933
dta:DYST_04143	ko:K09938
dta:DYST_04145	ko:K10763
dta:DYST_04146	ko:K01092
dta:DYST_04147	ko:K15396
dta:DYST_04148	ko:K03699
dta:DYST_04149	ko:K07220
dta:DYST_04150	ko:K03306
dta:DYST_04152	ko:K07443
dta:DYST_04153	ko:K03654
dta:DYST_04164	ko:K14231
dta:DYST_04166	ko:K03575
dta:DYST_04168	ko:K03110
dta:DYST_04169	ko:K08316
dta:DYST_04170	ko:K00954
dta:DYST_04173	ko:K00681
dta:DYST_04177	ko:K05973
dta:DYST_04180	ko:K04763
dta:DYST_04181	ko:K03981
dta:DYST_04182	ko:K01952
dta:DYST_04189	ko:K06200
dta:DYST_04193	ko:K01462
dta:DYST_04194	ko:K28868
dta:DYST_04195	ko:K14205
dta:DYST_04213	ko:K01591
dta:DYST_04215	ko:K06020
dta:DYST_04219	ko:K00600
dta:DYST_04220	ko:K07738
dta:DYST_04222	ko:K11752
dta:DYST_04227	ko:K00793
dta:DYST_04228	ko:K14652
dta:DYST_04229	ko:K01297
dta:DYST_04230	ko:K00794
dta:DYST_04231	ko:K03625
dta:DYST_04233	ko:K00946
dta:DYST_04234	ko:K01095
dta:DYST_04238	ko:K12957
dta:DYST_04240	ko:K17837
dta:DYST_04244	ko:K02005
dta:DYST_04245	ko:K02003
dta:DYST_04246	ko:K02004
dta:DYST_04247	ko:K02004
dta:DYST_04248	ko:K02004
dta:DYST_04249	ko:K02004
dta:DYST_04250	ko:K02004
dta:DYST_04251	ko:K02004
dta:DYST_04252	ko:K02004
dta:DYST_04253	ko:K02004
dta:DYST_04260	ko:K07340
dta:DYST_04263	ko:K03746
dta:DYST_04264	ko:K01881
dta:DYST_04266	ko:K17103
dta:DYST_04268	ko:K03789
dta:DYST_04269	ko:K01873
dta:DYST_04270	ko:K01599
dta:DYST_04273	ko:K01735
dta:DYST_04274	ko:K00891
dta:DYST_04277	ko:K15918
dta:DYST_04278	ko:K00275
dta:DYST_04280	ko:K02016
dta:DYST_04282	ko:K02399
dta:DYST_04283	ko:K02398
dta:DYST_04285	ko:K02386
dta:DYST_04286	ko:K03406
dta:DYST_04287	ko:K03415
dta:DYST_04288	ko:K02387
dta:DYST_04289	ko:K02388
dta:DYST_04290	ko:K02389
dta:DYST_04291	ko:K02390
dta:DYST_04292	ko:K02391
dta:DYST_04293	ko:K02392
dta:DYST_04294	ko:K02394
dta:DYST_04295	ko:K02395
dta:DYST_04296	ko:K02396
dta:DYST_04297	ko:K02397
dta:DYST_04298	ko:K02406
dta:DYST_04299	ko:K02407
dta:DYST_04300	ko:K02422
dta:DYST_04301	ko:K02423
dta:DYST_04303	ko:K10941
dta:DYST_04304	ko:K02408
dta:DYST_04305	ko:K02409
dta:DYST_04306	ko:K02410
dta:DYST_04307	ko:K02411
dta:DYST_04308	ko:K02412
dta:DYST_04309	ko:K02413
dta:DYST_04310	ko:K02414
dta:DYST_04312	ko:K02415
dta:DYST_04313	ko:K02416
dta:DYST_04314	ko:K02417
dta:DYST_04315	ko:K02418
dta:DYST_04316	ko:K02419
dta:DYST_04317	ko:K02420
dta:DYST_04318	ko:K02421
dta:DYST_04319	ko:K02401
dta:DYST_04320	ko:K02400
dta:DYST_04322	ko:K02404
dta:DYST_04323	ko:K04562
dta:DYST_04324	ko:K02405
dta:DYST_04325	ko:K03413
dta:DYST_04326	ko:K03414
dta:DYST_04327	ko:K03407
dta:DYST_04328	ko:K02556
dta:DYST_04329	ko:K02557
dta:DYST_04330	ko:K03408
dta:DYST_04335	ko:K04061
dta:DYST_04338	ko:K03413
dta:DYST_04339	ko:K03407
dta:DYST_04340	ko:K03406
dta:DYST_04341	ko:K03408
dta:DYST_04342	ko:K03406
dta:DYST_04343	ko:K00575
dta:DYST_04344	ko:K03411
dta:DYST_04345	ko:K03412
dta:DYST_04346	ko:K03406
dta:DYST_04347	ko:K20978
dta:DYST_04351	ko:K01515
dta:DYST_04356	ko:K01489
dta:DYST_04357	ko:K00324
dta:DYST_04363	ko:K00325
dta:DYST_04368	ko:K09794
dta:DYST_04370	ko:K05999
dta:DYST_04372	ko:K01424
dta:DYST_04378	ko:K00375
dta:DYST_04381	ko:K03809
dta:DYST_04382	ko:K07058
dta:DYST_04384	ko:K01512
dta:DYST_04387	ko:K22468
dta:DYST_04390	ko:K02835
dta:DYST_04391	ko:K02492
dta:DYST_04393	ko:K02494
dta:DYST_04394	ko:K00919
dta:DYST_04395	ko:K14223
dta:DYST_04396	ko:K00948
dta:DYST_04397	ko:K02897
dta:DYST_04398	ko:K01056
dta:DYST_04399	ko:K06942
dta:DYST_04402	ko:K14236
dta:DYST_04403	ko:K14225
dta:DYST_04404	ko:K14234
dta:DYST_04405	ko:K02358
dta:DYST_04406	ko:K14235
dta:DYST_04407	ko:K03073
dta:DYST_04408	ko:K02601
dta:DYST_04409	ko:K02867
dta:DYST_04410	ko:K02863
dta:DYST_04411	ko:K02864
dta:DYST_04412	ko:K02935
dta:DYST_04413	ko:K03043
dta:DYST_04414	ko:K03046
dta:DYST_04415	ko:K02950
dta:DYST_04416	ko:K02992
dta:DYST_04417	ko:K02355
dta:DYST_04418	ko:K02358
dta:DYST_04419	ko:K02946
dta:DYST_04420	ko:K02906
dta:DYST_04421	ko:K02926
dta:DYST_04422	ko:K02892
dta:DYST_04423	ko:K02886
dta:DYST_04424	ko:K02965
dta:DYST_04425	ko:K02890
dta:DYST_04426	ko:K02982
dta:DYST_04427	ko:K02878
dta:DYST_04428	ko:K02904
dta:DYST_04429	ko:K02961
dta:DYST_04430	ko:K02874
dta:DYST_04431	ko:K02895
dta:DYST_04432	ko:K02931
dta:DYST_04433	ko:K02954
dta:DYST_04434	ko:K02994
dta:DYST_04435	ko:K02933
dta:DYST_04436	ko:K02881
dta:DYST_04437	ko:K02988
dta:DYST_04438	ko:K02907
dta:DYST_04439	ko:K02876
dta:DYST_04440	ko:K03076
dta:DYST_04441	ko:K02952
dta:DYST_04442	ko:K02948
dta:DYST_04443	ko:K02986
dta:DYST_04444	ko:K03040
dta:DYST_04445	ko:K02879
dta:DYST_04447	ko:K03611
dta:DYST_04448	ko:K01626
dta:DYST_04454	ko:K03649
dta:DYST_04455	ko:K08301
dta:DYST_04458	ko:K03568
dta:DYST_04461	ko:K09889
dta:DYST_04464	ko:K03592
dta:DYST_04465	ko:K09940
dta:DYST_04467	ko:K00795
dta:DYST_04468	ko:K03602
dta:DYST_04469	ko:K04075
dta:DYST_04471	ko:K01962
dta:DYST_04472	ko:K02337
dta:DYST_04474	ko:K03294
dta:DYST_04476	ko:K03470
dta:DYST_04477	ko:K00748
dta:DYST_04478	ko:K00677
dta:DYST_04479	ko:K02372
dta:DYST_04480	ko:K02536
dta:DYST_04481	ko:K07277
dta:DYST_04482	ko:K11749
dta:DYST_04483	ko:K00099
dta:DYST_04484	ko:K00981
dta:DYST_04485	ko:K00806
dta:DYST_04486	ko:K02838
dta:DYST_04487	ko:K09903
dta:DYST_04488	ko:K02357
dta:DYST_04489	ko:K02967
dta:DYST_04491	ko:K01265
dta:DYST_04493	ko:K00990
dta:DYST_04494	ko:K00674
dta:DYST_04496	ko:K22736
dta:DYST_04497	ko:K01439
dta:DYST_04499	ko:K01434
dta:DYST_04502	ko:K03574
dta:DYST_04503	ko:K03574
dta:DYST_04504	ko:K14660
dta:DYST_04505	ko:K02078
dta:DYST_04508	ko:K07052
dta:DYST_04512	ko:K03928
dta:DYST_04514	ko:K02621
dta:DYST_04515	ko:K09973
dta:DYST_04516	ko:K00574
dta:DYST_04518	ko:K06199
dta:DYST_04520	ko:K07552
dta:DYST_04522	ko:K06177
dta:DYST_04523	ko:K00564
dta:DYST_04524	ko:K06183
dta:DYST_04527	ko:K08997
dta:DYST_04528	ko:K03672
dta:DYST_04532	ko:K03294
dta:DYST_04536	ko:K01626
dta:DYST_04540	ko:K09767
dta:DYST_04543	ko:K09768
dta:DYST_04551	ko:K00763
dta:DYST_04552	ko:K02073
dta:DYST_04553	ko:K02072
dta:DYST_04554	ko:K02071
dta:DYST_04555	ko:K00432
dta:DYST_04556	ko:K07259
dta:DYST_04557	ko:K03775
dta:DYST_04559	ko:K01058
dta:DYST_04561	ko:K09927
dta:DYST_04563	ko:K03704
dta:DYST_04564	ko:K03704
dta:DYST_04571	ko:K22132
dta:DYST_04572	ko:K00023
dta:DYST_04573	ko:K01894
dta:DYST_04574	ko:K03799
dta:DYST_04575	ko:K04079
dta:DYST_04576	ko:K24180
dta:DYST_04578	ko:K04762
dta:DYST_04581	ko:K03555
dta:DYST_04583	ko:K01273
dta:DYST_04584	ko:K03743
dta:DYST_04585	ko:K03553
dta:DYST_04588	ko:K03565
dta:DYST_04589	ko:K01872
dta:DYST_04590	ko:K03563
dta:DYST_04591	ko:K14233
dta:DYST_04594	ko:K03269
dta:DYST_04595	ko:K03767
dta:DYST_04596	ko:K01524
dta:DYST_04597	ko:K00937
dta:DYST_04598	ko:K07636
dta:DYST_04599	ko:K07657
dta:DYST_04600	ko:K01423
dta:DYST_04601	ko:K03676
dta:DYST_04603	ko:K00030
dta:DYST_04607	ko:K12979
dta:DYST_04608	ko:K00941
dta:DYST_04609	ko:K07175
dta:DYST_04610	ko:K03564
dta:DYST_04611	ko:K03567
dta:DYST_04612	ko:K01714
dta:DYST_04614	ko:K05524
dta:DYST_04615	ko:K14224
dta:DYST_04616	ko:K00970
dta:DYST_04617	ko:K00950
dta:DYST_04618	ko:K00606
dta:DYST_04619	ko:K01918
dta:DYST_04620	ko:K01579
dta:DYST_04621	ko:K01810
dta:DYST_04622	ko:K18979
dta:DYST_04623	ko:K23997
dta:DYST_04625	ko:K06925
dta:DYST_04626	ko:K01448
dta:DYST_04627	ko:K03572
dta:DYST_04628	ko:K09164
dta:DYST_04629	ko:K01715
dta:DYST_04630	ko:K03773
dta:DYST_04632	ko:K01011
dta:DYST_04635	ko:K07107
dta:DYST_04636	ko:K03701
dta:DYST_04638	ko:K02888
dta:DYST_04639	ko:K02899
dta:DYST_04641	ko:K03979
dta:DYST_04642	ko:K02968
dta:DYST_04643	ko:K03980
dta:DYST_04644	ko:K11753
dta:DYST_04645	ko:K01870
dta:DYST_04646	ko:K03101
dta:DYST_04647	ko:K03527
dta:DYST_04648	ko:K14234
dta:DYST_04653	ko:K03424
dta:DYST_04663	ko:K03657
dta:DYST_04678	ko:K08084
dta:DYST_04679	ko:K02671
dta:DYST_04680	ko:K02672
dta:DYST_04681	ko:K02673
dta:DYST_04682	ko:K02674
dta:DYST_04683	ko:K02655
dta:DYST_04684	ko:K02672
dta:DYST_04685	ko:K02673
dta:DYST_04686	ko:K03581
dta:DYST_04687	ko:K03582
dta:DYST_04688	ko:K03583
dta:DYST_04689	ko:K02014
dta:DYST_04691	ko:K06901
dta:DYST_04699	ko:K03824
dta:DYST_04716	ko:K09954
dta:DYST_04724	ko:K04750
dta:DYST_04728	ko:K01114
dta:DYST_04729	ko:K01301
dta:DYST_04730	ko:K07461
dta:DYST_04735	ko:K03559
dta:DYST_04739	ko:K01470
dta:DYST_04741	ko:K16080
dta:DYST_04750	ko:K07403
dta:DYST_04752	ko:K03608
dta:DYST_04753	ko:K03609
dta:DYST_04754	ko:K03610
dta:DYST_04755	ko:K06977
dta:DYST_04759	ko:K25152
dta:DYST_04760	ko:K25151
dta:DYST_04761	ko:K25153
dta:DYST_04762	ko:K02351
dta:DYST_04763	ko:K09796
dta:DYST_04764	ko:K07152
dta:DYST_04771	ko:K08289
dta:DYST_04774	ko:K13953
dta:DYST_04775	ko:K21420
dta:DYST_04777	ko:K10805
dta:DYST_04780	ko:K12297
dta:DYST_04784	ko:K18911
dta:DYST_04785	ko:K07300
dta:DYST_04787	ko:K06978
dta:DYST_04788	ko:K13652
dta:DYST_04790	ko:K19784
dta:DYST_04791	ko:K00937
dta:DYST_04793	ko:K08223
dta:DYST_04794	ko:K00075
dta:DYST_04795	ko:K00254
dta:DYST_04799	ko:K26061
dta:DYST_04800	ko:K14219
dta:DYST_04804	ko:K07687
dta:DYST_04806	ko:K03759
dta:DYST_04816	ko:K04763
dta:DYST_04825	ko:K04763
dta:DYST_04832	ko:K14228
dta:DYST_04833	ko:K24700
dta:DYST_04834	ko:K00641
dta:DYST_04835	ko:K02200
dta:DYST_04836	ko:K02200
dta:DYST_04837	ko:K02199
dta:DYST_04838	ko:K02198
dta:DYST_04839	ko:K02197
dta:DYST_04840	ko:K02196
dta:DYST_04841	ko:K02195
dta:DYST_04842	ko:K02194
dta:DYST_04843	ko:K02193
dta:DYST_04845	ko:K00486
dta:DYST_04846	ko:K00023
dta:DYST_04848	ko:K03446
dta:DYST_04849	ko:K03543
dta:DYST_04850	ko:K18139
dta:DYST_04851	ko:K15974
dta:DYST_04852	ko:K03424
dta:DYST_04859	ko:K00241
dta:DYST_04860	ko:K00242
dta:DYST_04861	ko:K00239
dta:DYST_04862	ko:K00240
dta:DYST_04863	ko:K09159
dta:DYST_04865	ko:K09808
dta:DYST_04866	ko:K09810
dta:DYST_04867	ko:K02238
dta:DYST_04868	ko:K03561
dta:DYST_04869	ko:K03559
dta:DYST_04870	ko:K11085
dta:DYST_04871	ko:K00912
dta:DYST_04874	ko:K12982
dta:DYST_04875	ko:K11211
dta:DYST_04878	ko:K14233
dta:DYST_04879	ko:K01983
dta:DYST_04880	ko:K02343
dta:DYST_04881	ko:K09747
dta:DYST_04882	ko:K06187
dta:DYST_04884	ko:K02503
dta:DYST_04885	ko:K07285
dta:DYST_04886	ko:K22452
dta:DYST_04888	ko:K03924
dta:DYST_04890	ko:K25422
dta:DYST_04892	ko:K07040
dta:DYST_04893	ko:K02911
dta:DYST_04894	ko:K00648
dta:DYST_04895	ko:K00645
dta:DYST_04896	ko:K00059
dta:DYST_04897	ko:K02078
dta:DYST_04898	ko:K09458
dta:DYST_04899	ko:K25578
dta:DYST_04900	ko:K02619
dta:DYST_04901	ko:K07082
dta:DYST_04902	ko:K00943
dta:DYST_04903	ko:K02341
dta:DYST_04906	ko:K02676
dta:DYST_04907	ko:K00330
dta:DYST_04908	ko:K00331
dta:DYST_04909	ko:K00332
dta:DYST_04910	ko:K00333
dta:DYST_04911	ko:K00334
dta:DYST_04912	ko:K00335
dta:DYST_04913	ko:K00336
dta:DYST_04914	ko:K00337
dta:DYST_04915	ko:K00338
dta:DYST_04916	ko:K00339
dta:DYST_04917	ko:K00340
dta:DYST_04918	ko:K00341
dta:DYST_04919	ko:K00342
dta:DYST_04920	ko:K00343
dta:DYST_04921	ko:K14230
dta:DYST_04922	ko:K09748
