eclc:ECR091_00015	ko:K02529
eclc:ECR091_00020	ko:K00852
eclc:ECR091_00025	ko:K10439
eclc:ECR091_00030	ko:K10440
eclc:ECR091_00035	ko:K10441
eclc:ECR091_00040	ko:K06726
eclc:ECR091_00045	ko:K03549
eclc:ECR091_00050	ko:K03924
eclc:ECR091_00060	ko:K01914
eclc:ECR091_00065	ko:K03718
eclc:ECR091_00070	ko:K06205
eclc:ECR091_00075	ko:K03495
eclc:ECR091_00080	ko:K03501
eclc:ECR091_00085	ko:K02116
eclc:ECR091_00090	ko:K02108
eclc:ECR091_00095	ko:K02110
eclc:ECR091_00100	ko:K02109
eclc:ECR091_00105	ko:K02113
eclc:ECR091_00110	ko:K02111
eclc:ECR091_00115	ko:K02115
eclc:ECR091_00120	ko:K02112
eclc:ECR091_00125	ko:K02114
eclc:ECR091_00130	ko:K04042
eclc:ECR091_00135	ko:K00820
eclc:ECR091_00140	ko:K02040
eclc:ECR091_00145	ko:K02037
eclc:ECR091_00150	ko:K02038
eclc:ECR091_00155	ko:K02036
eclc:ECR091_00160	ko:K02039
eclc:ECR091_00170	ko:K06901
eclc:ECR091_00175	ko:K19784
eclc:ECR091_00190	ko:K08163
eclc:ECR091_00195	ko:K03650
eclc:ECR091_00200	ko:K03217
eclc:ECR091_00205	ko:K03536
eclc:ECR091_00210	ko:K02313
eclc:ECR091_00215	ko:K02338
eclc:ECR091_00220	ko:K03629
eclc:ECR091_00225	ko:K02470
eclc:ECR091_00255	ko:K19776
eclc:ECR091_00260	ko:K00883
eclc:ECR091_00265	ko:K01631
eclc:ECR091_00270	ko:K01684
eclc:ECR091_00275	ko:K08194
eclc:ECR091_00290	ko:K04080
eclc:ECR091_00295	ko:K04081
eclc:ECR091_00300	ko:K07085
eclc:ECR091_00305	ko:K03482
eclc:ECR091_00310	ko:K02750
eclc:ECR091_00315	ko:K01232
eclc:ECR091_00320	ko:K00389
eclc:ECR091_00330	ko:K01753
eclc:ECR091_00340	ko:K08154
eclc:ECR091_00370	ko:K11903
eclc:ECR091_00375	ko:K01652
eclc:ECR091_00380	ko:K01653
eclc:ECR091_00385	ko:K07686
eclc:ECR091_00390	ko:K07675
eclc:ECR091_00395	ko:K07783
eclc:ECR091_00400	ko:K07784
eclc:ECR091_00420	ko:K03445
eclc:ECR091_00430	ko:K02024
eclc:ECR091_00435	ko:K02759
eclc:ECR091_00440	ko:K01223
eclc:ECR091_00445	ko:K02761
eclc:ECR091_00450	ko:K02760
eclc:ECR091_00465	ko:K18139
eclc:ECR091_00470	ko:K18138
eclc:ECR091_00475	ko:K03585
eclc:ECR091_00500	ko:K02073
eclc:ECR091_00510	ko:K22650
eclc:ECR091_00515	ko:K07687
eclc:ECR091_00525	ko:K07347
eclc:ECR091_00535	ko:K07345
eclc:ECR091_00550	ko:K21964
eclc:ECR091_00555	ko:K21965
eclc:ECR091_00560	ko:K21966
eclc:ECR091_00565	ko:K21967
eclc:ECR091_00570	ko:K21968
eclc:ECR091_00585	ko:K13409
eclc:ECR091_00595	ko:K13408
eclc:ECR091_00620	ko:K07127
eclc:ECR091_00630	ko:K03098
eclc:ECR091_00635	ko:K07345
eclc:ECR091_00645	ko:K07347
eclc:ECR091_00650	ko:K07346
eclc:ECR091_00655	ko:K07345
eclc:ECR091_00660	ko:K20264
eclc:ECR091_00695	ko:K19048
eclc:ECR091_00710	ko:K14238
eclc:ECR091_00715	ko:K03292
eclc:ECR091_00720	ko:K01811
eclc:ECR091_00730	ko:K16345
eclc:ECR091_00735	ko:K03312
eclc:ECR091_00740	ko:K03655
eclc:ECR091_00745	ko:K00556
eclc:ECR091_00750	ko:K01139
eclc:ECR091_00755	ko:K03060
eclc:ECR091_00760	ko:K00942
eclc:ECR091_00765	ko:K01972
eclc:ECR091_00780	ko:K00989
eclc:ECR091_00785	ko:K00762
eclc:ECR091_00790	ko:K05501
eclc:ECR091_00795	ko:K01520
eclc:ECR091_00800	ko:K13038
eclc:ECR091_00805	ko:K03630
eclc:ECR091_00810	ko:K02902
eclc:ECR091_00815	ko:K02913
eclc:ECR091_00820	ko:K10563
eclc:ECR091_00825	ko:K00954
eclc:ECR091_00830	ko:K12984
eclc:ECR091_00835	ko:K02527
eclc:ECR091_00840	ko:K19354
eclc:ECR091_00850	ko:K02844
eclc:ECR091_00855	ko:K02849
eclc:ECR091_00880	ko:K02841
eclc:ECR091_00885	ko:K02843
eclc:ECR091_00890	ko:K03274
eclc:ECR091_00895	ko:K00639
eclc:ECR091_00900	ko:K00060
eclc:ECR091_00920	ko:K09798
eclc:ECR091_00925	ko:K22719
eclc:ECR091_00930	ko:K15633
eclc:ECR091_00940	ko:K03676
eclc:ECR091_00945	ko:K03071
eclc:ECR091_00950	ko:K00057
eclc:ECR091_00955	ko:K00640
eclc:ECR091_00960	ko:K03769
eclc:ECR091_00965	ko:K03656
eclc:ECR091_00970	ko:K01524
eclc:ECR091_00975	ko:K03732
eclc:ECR091_00980	ko:K03671
eclc:ECR091_00985	ko:K03628
eclc:ECR091_00990	ko:K02851
eclc:ECR091_00995	ko:K05790
eclc:ECR091_01000	ko:K01791
eclc:ECR091_01005	ko:K02472
eclc:ECR091_01010	ko:K16704
eclc:ECR091_01015	ko:K02805
eclc:ECR091_01020	ko:K16693
eclc:ECR091_01025	ko:K12582
eclc:ECR091_01030	ko:K02853
eclc:ECR091_01035	ko:K02852
eclc:ECR091_01040	ko:K03293
eclc:ECR091_01045	ko:K14219
eclc:ECR091_01050	ko:K14226
eclc:ECR091_01055	ko:K14228
eclc:ECR091_01060	ko:K14232
eclc:ECR091_01065	ko:K02498
eclc:ECR091_01070	ko:K02496
eclc:ECR091_01075	ko:K01719
eclc:ECR091_01080	ko:K01749
eclc:ECR091_01085	ko:K05851
eclc:ECR091_01090	ko:K06202
eclc:ECR091_01095	ko:K01778
eclc:ECR091_01100	ko:K09921
eclc:ECR091_01105	ko:K03733
eclc:ECR091_01110	ko:K20862
eclc:ECR091_01115	ko:K03657
eclc:ECR091_01120	ko:K03284
eclc:ECR091_01125	ko:K05786
eclc:ECR091_01130	ko:K01073
eclc:ECR091_01135	ko:K01058
eclc:ECR091_01140	ko:K03654
eclc:ECR091_01145	ko:K05835
eclc:ECR091_01150	ko:K05834
eclc:ECR091_01155	ko:K01048
eclc:ECR091_01160	ko:K28854
eclc:ECR091_01170	ko:K03576
eclc:ECR091_01175	ko:K00549
eclc:ECR091_01180	ko:K01061
eclc:ECR091_01185	ko:K00757
eclc:ECR091_01190	ko:K09760
eclc:ECR091_01195	ko:K03183
eclc:ECR091_01200	ko:K03690
eclc:ECR091_01205	ko:K03688
eclc:ECR091_01210	ko:K03116
eclc:ECR091_01215	ko:K03117
eclc:ECR091_01220	ko:K03118
eclc:ECR091_01225	ko:K03424
eclc:ECR091_01230	ko:K05785
eclc:ECR091_01235	ko:K03182
eclc:ECR091_01240	ko:K05368
eclc:ECR091_01250	ko:K07726
eclc:ECR091_01260	ko:K03704
eclc:ECR091_01265	ko:K00090
eclc:ECR091_01275	ko:K00874
eclc:ECR091_01285	ko:K02525
eclc:ECR091_01295	ko:K08351
eclc:ECR091_01300	ko:K03826
eclc:ECR091_01305	ko:K01246
eclc:ECR091_01315	ko:K08177
eclc:ECR091_01320	ko:K12975
eclc:ECR091_01325	ko:K14232
eclc:ECR091_01330	ko:K12368
eclc:ECR091_01335	ko:K12369
eclc:ECR091_01340	ko:K12370
eclc:ECR091_01345	ko:K12371
eclc:ECR091_01350	ko:K12372
eclc:ECR091_01355	ko:K00867
eclc:ECR091_01360	ko:K14234
eclc:ECR091_01365	ko:K14236
eclc:ECR091_01370	ko:K14225
eclc:ECR091_01375	ko:K14234
eclc:ECR091_01380	ko:K02358
eclc:ECR091_01385	ko:K03073
eclc:ECR091_01390	ko:K02601
eclc:ECR091_01395	ko:K02867
eclc:ECR091_01400	ko:K02863
eclc:ECR091_01405	ko:K02864
eclc:ECR091_01410	ko:K02935
eclc:ECR091_01415	ko:K03043
eclc:ECR091_01420	ko:K03046
eclc:ECR091_01425	ko:K02759
eclc:ECR091_01430	ko:K02760
eclc:ECR091_01440	ko:K03150
eclc:ECR091_01445	ko:K03149
eclc:ECR091_01450	ko:K03154
eclc:ECR091_01455	ko:K03148
eclc:ECR091_01460	ko:K00788
eclc:ECR091_01465	ko:K03147
eclc:ECR091_01470	ko:K07740
eclc:ECR091_01475	ko:K03426
eclc:ECR091_01480	ko:K01599
eclc:ECR091_01485	ko:K05982
eclc:ECR091_01490	ko:K09891
eclc:ECR091_01495	ko:K05787
eclc:ECR091_01505	ko:K01945
eclc:ECR091_01510	ko:K00602
eclc:ECR091_01515	ko:K01977
eclc:ECR091_01520	ko:K01980
eclc:ECR091_01525	ko:K01985
eclc:ECR091_01530	ko:K00651
eclc:ECR091_01535	ko:K01638
eclc:ECR091_01540	ko:K01637
eclc:ECR091_01545	ko:K00906
eclc:ECR091_01550	ko:K13641
eclc:ECR091_01555	ko:K00548
eclc:ECR091_01560	ko:K03324
eclc:ECR091_01565	ko:K19164
eclc:ECR091_01575	ko:K06182
eclc:ECR091_01585	ko:K03453
eclc:ECR091_01590	ko:K00928
eclc:ECR091_01595	ko:K01810
eclc:ECR091_01620	ko:K13256
eclc:ECR091_01625	ko:K10110
eclc:ECR091_01630	ko:K10109
eclc:ECR091_01635	ko:K10108
eclc:ECR091_01640	ko:K10111
eclc:ECR091_01645	ko:K02024
eclc:ECR091_01650	ko:K05775
eclc:ECR091_01655	ko:K03181
eclc:ECR091_01660	ko:K03179
eclc:ECR091_01665	ko:K00631
eclc:ECR091_01670	ko:K00901
eclc:ECR091_01675	ko:K01356
eclc:ECR091_01680	ko:K26937
eclc:ECR091_01690	ko:K09823
eclc:ECR091_01705	ko:K05539
eclc:ECR091_01715	ko:K00344
eclc:ECR091_01720	ko:K02314
eclc:ECR091_01725	ko:K01775
eclc:ECR091_01730	ko:K03811
eclc:ECR091_01735	ko:K06211
eclc:ECR091_01740	ko:K00832
eclc:ECR091_01745	ko:K03788
eclc:ECR091_01760	ko:K03701
eclc:ECR091_01765	ko:K03111
eclc:ECR091_01780	ko:K26148
eclc:ECR091_01785	ko:K13631
eclc:ECR091_01790	ko:K13639
eclc:ECR091_01795	ko:K00799
eclc:ECR091_01800	ko:K06901
eclc:ECR091_01805	ko:K24163
eclc:ECR091_01815	ko:K06518
eclc:ECR091_01825	ko:K14393
eclc:ECR091_01835	ko:K01895
eclc:ECR091_01840	ko:K11102
eclc:ECR091_01845	ko:K07126
eclc:ECR091_01855	ko:K22015
eclc:ECR091_01860	ko:K22015
eclc:ECR091_01875	ko:K01624
eclc:ECR091_01880	ko:K09988
eclc:ECR091_01885	ko:K10439
eclc:ECR091_01890	ko:K10440
eclc:ECR091_01895	ko:K10441
eclc:ECR091_01910	ko:K06167
eclc:ECR091_01915	ko:K09994
eclc:ECR091_01920	ko:K05774
eclc:ECR091_01925	ko:K06162
eclc:ECR091_01930	ko:K05780
eclc:ECR091_01935	ko:K05781
eclc:ECR091_01940	ko:K06163
eclc:ECR091_01945	ko:K06164
eclc:ECR091_01950	ko:K06165
eclc:ECR091_01955	ko:K06166
eclc:ECR091_01960	ko:K02043
eclc:ECR091_01965	ko:K02042
eclc:ECR091_01970	ko:K02044
eclc:ECR091_01975	ko:K02041
eclc:ECR091_01980	ko:K04750
eclc:ECR091_01985	ko:K06193
eclc:ECR091_02000	ko:K02526
eclc:ECR091_02005	ko:K03762
eclc:ECR091_02010	ko:K08970
eclc:ECR091_02015	ko:K01977
eclc:ECR091_02020	ko:K14224
eclc:ECR091_02025	ko:K01980
eclc:ECR091_02030	ko:K01985
eclc:ECR091_02035	ko:K14231
eclc:ECR091_02055	ko:K04084
eclc:ECR091_02060	ko:K03926
eclc:ECR091_02065	ko:K07791
eclc:ECR091_02070	ko:K01744
eclc:ECR091_02075	ko:K07113
eclc:ECR091_02080	ko:K16263
eclc:ECR091_02085	ko:K04078
eclc:ECR091_02090	ko:K04077
eclc:ECR091_02110	ko:K19810
eclc:ECR091_02115	ko:K02356
eclc:ECR091_02120	ko:K16347
eclc:ECR091_02125	ko:K16348
eclc:ECR091_02135	ko:K11741
eclc:ECR091_02140	ko:K03098
eclc:ECR091_02150	ko:K19215
eclc:ECR091_02155	ko:K17850
eclc:ECR091_02160	ko:K00247
eclc:ECR091_02165	ko:K00246
eclc:ECR091_02170	ko:K00245
eclc:ECR091_02175	ko:K00244
eclc:ECR091_02180	ko:K04568
eclc:ECR091_02190	ko:K22051
eclc:ECR091_02195	ko:K01613
eclc:ECR091_02200	ko:K06949
eclc:ECR091_02205	ko:K13288
eclc:ECR091_02210	ko:K14225
eclc:ECR091_02215	ko:K14225
eclc:ECR091_02220	ko:K14225
eclc:ECR091_02225	ko:K18979
eclc:ECR091_02230	ko:K23997
eclc:ECR091_02235	ko:K06925
eclc:ECR091_02240	ko:K01448
eclc:ECR091_02245	ko:K03572
eclc:ECR091_02250	ko:K00791
eclc:ECR091_02255	ko:K03666
eclc:ECR091_02260	ko:K03665
eclc:ECR091_02265	ko:K04088
eclc:ECR091_02270	ko:K04087
eclc:ECR091_02275	ko:K09937
eclc:ECR091_02280	ko:K01939
eclc:ECR091_02285	ko:K13771
eclc:ECR091_02290	ko:K12573
eclc:ECR091_02295	ko:K03218
eclc:ECR091_02300	ko:K03762
eclc:ECR091_02305	ko:K09456
eclc:ECR091_02310	ko:K03406
eclc:ECR091_02325	ko:K06889
eclc:ECR091_02330	ko:K03477
eclc:ECR091_02335	ko:K03476
eclc:ECR091_02340	ko:K03475
eclc:ECR091_02345	ko:K02822
eclc:ECR091_02350	ko:K02821
eclc:ECR091_02355	ko:K03078
eclc:ECR091_02360	ko:K03079
eclc:ECR091_02365	ko:K03077
eclc:ECR091_02375	ko:K02990
eclc:ECR091_02380	ko:K02686
eclc:ECR091_02385	ko:K02963
eclc:ECR091_02390	ko:K02939
eclc:ECR091_02400	ko:K07269
eclc:ECR091_02405	ko:K03773
eclc:ECR091_02410	ko:K11737
eclc:ECR091_02415	ko:K07322
eclc:ECR091_02420	ko:K05874
eclc:ECR091_02435	ko:K19267
eclc:ECR091_02445	ko:K01119
eclc:ECR091_02450	ko:K01082
eclc:ECR091_02455	ko:K07109
eclc:ECR091_02470	ko:K03699
eclc:ECR091_02475	ko:K07304
eclc:ECR091_02480	ko:K07278
eclc:ECR091_02485	ko:K09800
eclc:ECR091_02495	ko:K01507
eclc:ECR091_02500	ko:K23508
eclc:ECR091_02505	ko:K10820
eclc:ECR091_02510	ko:K23509
eclc:ECR091_02515	ko:K23509
eclc:ECR091_02520	ko:K05874
eclc:ECR091_02525	ko:K03841
eclc:ECR091_02530	ko:K02558
eclc:ECR091_02535	ko:K09889
eclc:ECR091_02540	ko:K03592
eclc:ECR091_02545	ko:K15536
eclc:ECR091_02575	ko:K01465
eclc:ECR091_02580	ko:K01042
eclc:ECR091_02590	ko:K07404
eclc:ECR091_02600	ko:K04068
eclc:ECR091_02605	ko:K21636
eclc:ECR091_02610	ko:K01226
eclc:ECR091_02620	ko:K03485
eclc:ECR091_02625	ko:K01531
eclc:ECR091_02645	ko:K09022
eclc:ECR091_02650	ko:K00610
eclc:ECR091_02655	ko:K00609
eclc:ECR091_02670	ko:K00611
eclc:ECR091_02675	ko:K00926
eclc:ECR091_02680	ko:K01478
eclc:ECR091_02685	ko:K19334
eclc:ECR091_02690	ko:K22397
eclc:ECR091_02695	ko:K22396
eclc:ECR091_02705	ko:K01198
eclc:ECR091_02710	ko:K19333
eclc:ECR091_02725	ko:K00611
eclc:ECR091_02730	ko:K09893
eclc:ECR091_02735	ko:K06169
eclc:ECR091_02745	ko:K14228
eclc:ECR091_02765	ko:K07483
eclc:ECR091_02770	ko:K07497
eclc:ECR091_02780	ko:K01867
eclc:ECR091_02785	ko:K21264
eclc:ECR091_02790	ko:K02529
eclc:ECR091_02805	ko:K19147
eclc:ECR091_02810	ko:K07452
eclc:ECR091_02815	ko:K00433
eclc:ECR091_02825	ko:K15977
eclc:ECR091_02865	ko:K01358
eclc:ECR091_02870	ko:K18850
eclc:ECR091_02890	ko:K02014
eclc:ECR091_02905	ko:K00375
eclc:ECR091_02930	ko:K06075
eclc:ECR091_02950	ko:K05835
eclc:ECR091_02960	ko:K00135
eclc:ECR091_02990	ko:K23676
eclc:ECR091_03000	ko:K00484
eclc:ECR091_03005	ko:K00483
eclc:ECR091_03010	ko:K02508
eclc:ECR091_03015	ko:K02511
eclc:ECR091_03020	ko:K02510
eclc:ECR091_03025	ko:K02509
eclc:ECR091_03030	ko:K01826
eclc:ECR091_03035	ko:K00455
eclc:ECR091_03040	ko:K00151
eclc:ECR091_03045	ko:K05921
eclc:ECR091_03055	ko:K05874
eclc:ECR091_03065	ko:K01002
eclc:ECR091_03075	ko:K02315
eclc:ECR091_03080	ko:K02317
eclc:ECR091_03085	ko:K04063
eclc:ECR091_03090	ko:K23775
eclc:ECR091_03110	ko:K22650
eclc:ECR091_03120	ko:K02761
eclc:ECR091_03125	ko:K13255
eclc:ECR091_03140	ko:K14228
eclc:ECR091_03145	ko:K14228
eclc:ECR091_03150	ko:K14228
eclc:ECR091_03155	ko:K00564
eclc:ECR091_03160	ko:K02344
eclc:ECR091_03165	ko:K03789
eclc:ECR091_03170	ko:K08723
eclc:ECR091_03175	ko:K02837
eclc:ECR091_03180	ko:K04065
eclc:ECR091_03195	ko:K03424
eclc:ECR091_03210	ko:K01619
eclc:ECR091_03215	ko:K00758
eclc:ECR091_03220	ko:K01839
eclc:ECR091_03225	ko:K03784
eclc:ECR091_03230	ko:K03800
eclc:ECR091_03235	ko:K07186
eclc:ECR091_03240	ko:K01079
eclc:ECR091_03245	ko:K04485
eclc:ECR091_03250	ko:K06211
eclc:ECR091_03265	ko:K06020
eclc:ECR091_03270	ko:K08309
eclc:ECR091_03275	ko:K03720
eclc:ECR091_03280	ko:K01529
eclc:ECR091_03285	ko:K15634
eclc:ECR091_03290	ko:K05804
eclc:ECR091_03295	ko:K05805
eclc:ECR091_03300	ko:K07773
eclc:ECR091_03305	ko:K02533
eclc:ECR091_03310	ko:K12524
eclc:ECR091_03315	ko:K00872
eclc:ECR091_03320	ko:K01733
eclc:ECR091_03330	ko:K09861
eclc:ECR091_03335	ko:K03310
eclc:ECR091_03340	ko:K00616
eclc:ECR091_03345	ko:K03831
eclc:ECR091_03350	ko:K03762
eclc:ECR091_03355	ko:K07034
eclc:ECR091_03360	ko:K04043
eclc:ECR091_03365	ko:K03686
eclc:ECR091_03370	ko:K03313
eclc:ECR091_03375	ko:K03717
eclc:ECR091_03380	ko:K02968
eclc:ECR091_03385	ko:K11753
eclc:ECR091_03390	ko:K01870
eclc:ECR091_03395	ko:K03101
eclc:ECR091_03400	ko:K03774
eclc:ECR091_03405	ko:K03527
eclc:ECR091_03410	ko:K00215
eclc:ECR091_03415	ko:K01956
eclc:ECR091_03420	ko:K01955
eclc:ECR091_03435	ko:K11746
eclc:ECR091_03440	ko:K11745
eclc:ECR091_03445	ko:K00287
eclc:ECR091_03450	ko:K01525
eclc:ECR091_03455	ko:K06195
eclc:ECR091_03460	ko:K02528
eclc:ECR091_03465	ko:K00097
eclc:ECR091_03470	ko:K03771
eclc:ECR091_03475	ko:K04744
eclc:ECR091_03480	ko:K05801
eclc:ECR091_03485	ko:K06177
eclc:ECR091_03490	ko:K03580
eclc:ECR091_03495	ko:K02336
eclc:ECR091_03500	ko:K03077
eclc:ECR091_03505	ko:K01804
eclc:ECR091_03510	ko:K00853
eclc:ECR091_03515	ko:K02099
eclc:ECR091_03525	ko:K02062
eclc:ECR091_03530	ko:K02063
eclc:ECR091_03535	ko:K02064
eclc:ECR091_03540	ko:K11925
eclc:ECR091_03550	ko:K03291
eclc:ECR091_03555	ko:K18920
eclc:ECR091_03560	ko:K01704
eclc:ECR091_03565	ko:K01703
eclc:ECR091_03570	ko:K00052
eclc:ECR091_03575	ko:K01649
eclc:ECR091_03580	ko:K05798
eclc:ECR091_03585	ko:K01652
eclc:ECR091_03590	ko:K01653
eclc:ECR091_03595	ko:K03435
eclc:ECR091_03600	ko:K03925
eclc:ECR091_03605	ko:K03438
eclc:ECR091_03610	ko:K03586
eclc:ECR091_03615	ko:K03587
eclc:ECR091_03620	ko:K01928
eclc:ECR091_03625	ko:K01929
eclc:ECR091_03630	ko:K01000
eclc:ECR091_03635	ko:K01925
eclc:ECR091_03640	ko:K03588
eclc:ECR091_03645	ko:K02563
eclc:ECR091_03650	ko:K01924
eclc:ECR091_03655	ko:K01921
eclc:ECR091_03660	ko:K03589
eclc:ECR091_03665	ko:K03590
eclc:ECR091_03670	ko:K03531
eclc:ECR091_03675	ko:K02535
eclc:ECR091_03680	ko:K13301
eclc:ECR091_03685	ko:K03070
eclc:ECR091_03690	ko:K03574
eclc:ECR091_03695	ko:K09862
eclc:ECR091_03700	ko:K18778
eclc:ECR091_03705	ko:K00859
eclc:ECR091_03710	ko:K00364
eclc:ECR091_03715	ko:K02505
eclc:ECR091_03720	ko:K02504
eclc:ECR091_03725	ko:K02682
eclc:ECR091_03730	ko:K00767
eclc:ECR091_03735	ko:K03806
eclc:ECR091_03740	ko:K03807
eclc:ECR091_03750	ko:K03292
eclc:ECR091_03755	ko:K11734
eclc:ECR091_03760	ko:K05799
eclc:ECR091_03765	ko:K00163
eclc:ECR091_03770	ko:K00627
eclc:ECR091_03775	ko:K00382
eclc:ECR091_03790	ko:K01682
eclc:ECR091_03795	ko:K09910
eclc:ECR091_03800	ko:K01611
eclc:ECR091_03805	ko:K00797
eclc:ECR091_03815	ko:K14588
eclc:ECR091_03820	ko:K00117
eclc:ECR091_03825	ko:K00760
eclc:ECR091_03830	ko:K01673
eclc:ECR091_03835	ko:K01990
eclc:ECR091_03840	ko:K01992
eclc:ECR091_03875	ko:K07347
eclc:ECR091_03880	ko:K15540
eclc:ECR091_03885	ko:K07345
eclc:ECR091_03890	ko:K01579
eclc:ECR091_03895	ko:K01918
eclc:ECR091_03900	ko:K00606
eclc:ECR091_03905	ko:K00950
eclc:ECR091_03910	ko:K00970
eclc:ECR091_03915	ko:K01894
eclc:ECR091_03920	ko:K06204
eclc:ECR091_03925	ko:K06206
eclc:ECR091_03930	ko:K01975
eclc:ECR091_03935	ko:K03579
eclc:ECR091_03940	ko:K05365
eclc:ECR091_03945	ko:K02014
eclc:ECR091_03950	ko:K10829
eclc:ECR091_03955	ko:K23227
eclc:ECR091_03960	ko:K23228
eclc:ECR091_03965	ko:K01845
eclc:ECR091_03970	ko:K03281
eclc:ECR091_03975	ko:K15724
eclc:ECR091_03985	ko:K06858
eclc:ECR091_03990	ko:K01243
eclc:ECR091_03995	ko:K01129
eclc:ECR091_04000	ko:K04771
eclc:ECR091_04005	ko:K02647
eclc:ECR091_04015	ko:K00674
eclc:ECR091_04020	ko:K00990
eclc:ECR091_04025	ko:K01265
eclc:ECR091_04030	ko:K02967
eclc:ECR091_04035	ko:K02357
eclc:ECR091_04040	ko:K09903
eclc:ECR091_04045	ko:K02838
eclc:ECR091_04050	ko:K00099
eclc:ECR091_04055	ko:K00806
eclc:ECR091_04060	ko:K00981
eclc:ECR091_04065	ko:K11749
eclc:ECR091_04070	ko:K07277
eclc:ECR091_04075	ko:K06142
eclc:ECR091_04080	ko:K02536
eclc:ECR091_04085	ko:K02372
eclc:ECR091_04090	ko:K00677
eclc:ECR091_04095	ko:K00748
eclc:ECR091_04100	ko:K03470
eclc:ECR091_04105	ko:K02337
eclc:ECR091_04110	ko:K01962
eclc:ECR091_04115	ko:K01582
eclc:ECR091_04120	ko:K08234
eclc:ECR091_04125	ko:K04075
eclc:ECR091_04130	ko:K19000
eclc:ECR091_04145	ko:K15034
eclc:ECR091_04150	ko:K06079
eclc:ECR091_04155	ko:K01881
eclc:ECR091_04160	ko:K22900
eclc:ECR091_04165	ko:K06080
eclc:ECR091_04170	ko:K02073
eclc:ECR091_04175	ko:K02072
eclc:ECR091_04180	ko:K02071
eclc:ECR091_04185	ko:K03273
eclc:ECR091_04190	ko:K01977
eclc:ECR091_04195	ko:K14227
eclc:ECR091_04200	ko:K14218
eclc:ECR091_04205	ko:K01980
eclc:ECR091_04210	ko:K01985
eclc:ECR091_04215	ko:K14221
eclc:ECR091_04220	ko:K06222
eclc:ECR091_04230	ko:K19577
eclc:ECR091_04245	ko:K08307
eclc:ECR091_04250	ko:K01069
eclc:ECR091_04260	ko:K03469
eclc:ECR091_04265	ko:K02342
eclc:ECR091_04270	ko:K14221
eclc:ECR091_04280	ko:K02031
eclc:ECR091_04285	ko:K02032
eclc:ECR091_04290	ko:K02035
eclc:ECR091_04295	ko:K02033
eclc:ECR091_04300	ko:K02034
eclc:ECR091_04305	ko:K00681
eclc:ECR091_04310	ko:K13566
eclc:ECR091_04315	ko:K06445
eclc:ECR091_04320	ko:K03271
eclc:ECR091_04330	ko:K28919
eclc:ECR091_04335	ko:K00346
eclc:ECR091_04340	ko:K00347
eclc:ECR091_04345	ko:K00348
eclc:ECR091_04350	ko:K00349
eclc:ECR091_04355	ko:K00350
eclc:ECR091_04360	ko:K00351
eclc:ECR091_04365	ko:K05952
eclc:ECR091_04370	ko:K02346
eclc:ECR091_04375	ko:K01270
eclc:ECR091_04380	ko:K00769
eclc:ECR091_04385	ko:K11750
eclc:ECR091_04390	ko:K11926
eclc:ECR091_04395	ko:K11929
eclc:ECR091_04400	ko:K00931
eclc:ECR091_04405	ko:K00147
eclc:ECR091_04410	ko:K14234
eclc:ECR091_04465	ko:K20534
eclc:ECR091_04480	ko:K01185
eclc:ECR091_04510	ko:K07497
eclc:ECR091_04515	ko:K07497
eclc:ECR091_04520	ko:K07345
eclc:ECR091_04525	ko:K15540
eclc:ECR091_04535	ko:K07345
eclc:ECR091_04540	ko:K05839
eclc:ECR091_04560	ko:K09982
eclc:ECR091_04590	ko:K16235
eclc:ECR091_04595	ko:K00547
eclc:ECR091_04600	ko:K15551
eclc:ECR091_04605	ko:K10831
eclc:ECR091_04610	ko:K15552
eclc:ECR091_04615	ko:K03119
eclc:ECR091_04625	ko:K01698
eclc:ECR091_04645	ko:K18988
eclc:ECR091_04655	ko:K17938
eclc:ECR091_04675	ko:K01921
eclc:ECR091_04685	ko:K08161
eclc:ECR091_04700	ko:K18968
eclc:ECR091_04705	ko:K00286
eclc:ECR091_04710	ko:K09768
eclc:ECR091_04715	ko:K00891
eclc:ECR091_04725	ko:K14591
eclc:ECR091_04730	ko:K09913
eclc:ECR091_04735	ko:K03554
eclc:ECR091_04740	ko:K00847
eclc:ECR091_04745	ko:K03546
eclc:ECR091_04750	ko:K03547
eclc:ECR091_04760	ko:K07657
eclc:ECR091_04765	ko:K07636
eclc:ECR091_04770	ko:K03311
eclc:ECR091_04775	ko:K11736
eclc:ECR091_04780	ko:K01187
eclc:ECR091_04795	ko:K03386
eclc:ECR091_04800	ko:K08682
eclc:ECR091_04805	ko:K07568
eclc:ECR091_04810	ko:K00773
eclc:ECR091_04815	ko:K03210
eclc:ECR091_04820	ko:K03072
eclc:ECR091_04825	ko:K03074
eclc:ECR091_04830	ko:K05517
eclc:ECR091_04840	ko:K07738
eclc:ECR091_04845	ko:K11752
eclc:ECR091_04850	ko:K00794
eclc:ECR091_04855	ko:K03625
eclc:ECR091_04860	ko:K00946
eclc:ECR091_04865	ko:K23107
eclc:ECR091_04870	ko:K01662
eclc:ECR091_04875	ko:K00795
eclc:ECR091_04880	ko:K03602
eclc:ECR091_04885	ko:K03151
eclc:ECR091_04890	ko:K03152
eclc:ECR091_04895	ko:K00077
eclc:ECR091_04900	ko:K09767
eclc:ECR091_04910	ko:K01628
eclc:ECR091_04915	ko:K03484
eclc:ECR091_04920	ko:K00875
eclc:ECR091_04925	ko:K10439
eclc:ECR091_04930	ko:K10440
eclc:ECR091_04935	ko:K10441
eclc:ECR091_04940	ko:K01818
eclc:ECR091_04945	ko:K00879
eclc:ECR091_04950	ko:K02431
eclc:ECR091_04955	ko:K02257
eclc:ECR091_04960	ko:K02300
eclc:ECR091_04965	ko:K02299
eclc:ECR091_04970	ko:K02298
eclc:ECR091_04975	ko:K02297
eclc:ECR091_04980	ko:K08218
eclc:ECR091_04985	ko:K07286
eclc:ECR091_04990	ko:K05527
eclc:ECR091_04995	ko:K03545
eclc:ECR091_05000	ko:K01358
eclc:ECR091_05005	ko:K03544
eclc:ECR091_05010	ko:K01338
eclc:ECR091_05015	ko:K03530
eclc:ECR091_05020	ko:K03770
eclc:ECR091_05025	ko:K02237
eclc:ECR091_05030	ko:K12500
eclc:ECR091_05035	ko:K06920
eclc:ECR091_05045	ko:K11938
eclc:ECR091_05050	ko:K28981
eclc:ECR091_05055	ko:K05800
eclc:ECR091_05060	ko:K18889
eclc:ECR091_05065	ko:K18890
eclc:ECR091_05070	ko:K04752
eclc:ECR091_05075	ko:K03320
eclc:ECR091_05080	ko:K10805
eclc:ECR091_05085	ko:K09914
eclc:ECR091_05090	ko:K07443
eclc:ECR091_05115	ko:K27069
eclc:ECR091_05120	ko:K01190
eclc:ECR091_05125	ko:K26148
eclc:ECR091_05135	ko:K02909
eclc:ECR091_05145	ko:K00375
eclc:ECR091_05155	ko:K00661
eclc:ECR091_05160	ko:K05839
eclc:ECR091_05165	ko:K19162
eclc:ECR091_05170	ko:K18138
eclc:ECR091_05175	ko:K03585
eclc:ECR091_05180	ko:K03577
eclc:ECR091_05185	ko:K05802
eclc:ECR091_05195	ko:K04067
eclc:ECR091_05200	ko:K09790
eclc:ECR091_05205	ko:K00759
eclc:ECR091_05210	ko:K02343
eclc:ECR091_05215	ko:K09747
eclc:ECR091_05220	ko:K06187
eclc:ECR091_05225	ko:K04079
eclc:ECR091_05230	ko:K00939
eclc:ECR091_05235	ko:K01772
eclc:ECR091_05240	ko:K00892
eclc:ECR091_05245	ko:K26735
eclc:ECR091_05250	ko:K08223
eclc:ECR091_05255	ko:K11751
eclc:ECR091_05260	ko:K03976
eclc:ECR091_05265	ko:K09973
eclc:ECR091_05270	ko:K17686
eclc:ECR091_05275	ko:K19591
eclc:ECR091_05280	ko:K07340
eclc:ECR091_05295	ko:K02068
eclc:ECR091_05300	ko:K02069
eclc:ECR091_05305	ko:K05838
eclc:ECR091_05315	ko:K10804
eclc:ECR091_05320	ko:K02003
eclc:ECR091_05325	ko:K02004
eclc:ECR091_05335	ko:K06917
eclc:ECR091_05340	ko:K01589
eclc:ECR091_05345	ko:K01588
eclc:ECR091_05350	ko:K03269
eclc:ECR091_05355	ko:K03768
eclc:ECR091_05360	ko:K01883
eclc:ECR091_05365	ko:K07038
eclc:ECR091_05370	ko:K16136
eclc:ECR091_05375	ko:K20118
eclc:ECR091_05380	ko:K14761
eclc:ECR091_05385	ko:K01491
eclc:ECR091_05390	ko:K07352
eclc:ECR091_05395	ko:K07351
eclc:ECR091_05400	ko:K07353
eclc:ECR091_05405	ko:K07354
eclc:ECR091_05410	ko:K07356
eclc:ECR091_05415	ko:K07355
eclc:ECR091_05420	ko:K07688
eclc:ECR091_05430	ko:K08088
eclc:ECR091_05440	ko:K14219
eclc:ECR091_05450	ko:K06077
eclc:ECR091_05470	ko:K07093
eclc:ECR091_05475	ko:K11732
eclc:ECR091_05495	ko:K05499
eclc:ECR091_05500	ko:K16053
eclc:ECR091_05520	ko:K10679
eclc:ECR091_05540	ko:K18325
eclc:ECR091_05545	ko:K02014
eclc:ECR091_05570	ko:K03585
eclc:ECR091_05580	ko:K06048
eclc:ECR091_05585	ko:K00077
eclc:ECR091_05630	ko:K19166
eclc:ECR091_05645	ko:K03704
eclc:ECR091_05655	ko:K01575
eclc:ECR091_05660	ko:K01652
eclc:ECR091_05665	ko:K03366
eclc:ECR091_05680	ko:K01576
eclc:ECR091_05690	ko:K00108
eclc:ECR091_05695	ko:K00130
eclc:ECR091_05700	ko:K02167
eclc:ECR091_05705	ko:K02168
eclc:ECR091_05715	ko:K07726
eclc:ECR091_05720	ko:K11604
eclc:ECR091_05725	ko:K11607
eclc:ECR091_05730	ko:K11605
eclc:ECR091_05735	ko:K11606
eclc:ECR091_05740	ko:K02362
eclc:ECR091_05745	ko:K19611
eclc:ECR091_05750	ko:K07214
eclc:ECR091_05760	ko:K02364
eclc:ECR091_05765	ko:K23188
eclc:ECR091_05770	ko:K23187
eclc:ECR091_05775	ko:K23186
eclc:ECR091_05780	ko:K08225
eclc:ECR091_05785	ko:K23185
eclc:ECR091_05790	ko:K02361
eclc:ECR091_05795	ko:K02363
eclc:ECR091_05800	ko:K01252
eclc:ECR091_05805	ko:K00216
eclc:ECR091_05810	ko:K24147
eclc:ECR091_05815	ko:K01295
eclc:ECR091_05835	ko:K06200
eclc:ECR091_05855	ko:K00059
eclc:ECR091_05860	ko:K08317
eclc:ECR091_05865	ko:K02056
eclc:ECR091_05870	ko:K02057
eclc:ECR091_05875	ko:K02058
eclc:ECR091_05885	ko:K00899
eclc:ECR091_05890	ko:K08963
eclc:ECR091_05900	ko:K07724
eclc:ECR091_05910	ko:K08967
eclc:ECR091_05915	ko:K09880
eclc:ECR091_05920	ko:K08964
eclc:ECR091_05925	ko:K14287
eclc:ECR091_05945	ko:K24119
eclc:ECR091_05950	ko:K03387
eclc:ECR091_05955	ko:K11932
eclc:ECR091_05965	ko:K06140
eclc:ECR091_05975	ko:K01169
eclc:ECR091_05980	ko:K03326
eclc:ECR091_05990	ko:K07810
eclc:ECR091_05995	ko:K07796
eclc:ECR091_06000	ko:K07798
eclc:ECR091_06005	ko:K07787
eclc:ECR091_06010	ko:K12973
eclc:ECR091_06015	ko:K03704
eclc:ECR091_06020	ko:K06199
eclc:ECR091_06025	ko:K11206
eclc:ECR091_06030	ko:K03425
eclc:ECR091_06035	ko:K03644
eclc:ECR091_06045	ko:K03801
eclc:ECR091_06050	ko:K09158
eclc:ECR091_06055	ko:K07258
eclc:ECR091_06060	ko:K03642
eclc:ECR091_06065	ko:K05837
eclc:ECR091_06070	ko:K05515
eclc:ECR091_06075	ko:K00783
eclc:ECR091_06080	ko:K09710
eclc:ECR091_06085	ko:K00969
eclc:ECR091_06090	ko:K02340
eclc:ECR091_06095	ko:K03643
eclc:ECR091_06100	ko:K01869
eclc:ECR091_06110	ko:K01250
eclc:ECR091_06115	ko:K10004
eclc:ECR091_06120	ko:K10002
eclc:ECR091_06125	ko:K10003
eclc:ECR091_06130	ko:K10001
eclc:ECR091_06135	ko:K03820
eclc:ECR091_06140	ko:K06189
eclc:ECR091_06145	ko:K07042
eclc:ECR091_06150	ko:K06217
eclc:ECR091_06155	ko:K06168
eclc:ECR091_06160	ko:K03184
eclc:ECR091_06165	ko:K14223
eclc:ECR091_06170	ko:K14223
eclc:ECR091_06175	ko:K14230
eclc:ECR091_06180	ko:K14223
eclc:ECR091_06185	ko:K14223
eclc:ECR091_06190	ko:K14228
eclc:ECR091_06195	ko:K14230
eclc:ECR091_06205	ko:K01953
eclc:ECR091_06210	ko:K02566
eclc:ECR091_06215	ko:K02565
eclc:ECR091_06220	ko:K01443
eclc:ECR091_06225	ko:K02564
eclc:ECR091_06230	ko:K02804
eclc:ECR091_06235	ko:K01886
eclc:ECR091_06250	ko:K03711
eclc:ECR091_06255	ko:K03839
eclc:ECR091_06265	ko:K01175
eclc:ECR091_06270	ko:K03645
eclc:ECR091_06275	ko:K01835
eclc:ECR091_06280	ko:K03756
eclc:ECR091_06285	ko:K01581
eclc:ECR091_06290	ko:K07667
eclc:ECR091_06295	ko:K07646
eclc:ECR091_06300	ko:K01548
eclc:ECR091_06305	ko:K01547
eclc:ECR091_06310	ko:K01546
eclc:ECR091_06325	ko:K01669
eclc:ECR091_06335	ko:K23123
eclc:ECR091_06340	ko:K23124
eclc:ECR091_06345	ko:K07160
eclc:ECR091_06350	ko:K05522
eclc:ECR091_06355	ko:K01647
eclc:ECR091_06360	ko:K00241
eclc:ECR091_06365	ko:K00242
eclc:ECR091_06370	ko:K00239
eclc:ECR091_06375	ko:K00240
eclc:ECR091_06380	ko:K00164
eclc:ECR091_06385	ko:K00658
eclc:ECR091_06390	ko:K01903
eclc:ECR091_06395	ko:K01902
eclc:ECR091_06400	ko:K11922
eclc:ECR091_06405	ko:K11200
eclc:ECR091_06410	ko:K15524
eclc:ECR091_06415	ko:K00425
eclc:ECR091_06420	ko:K00426
eclc:ECR091_06435	ko:K07107
eclc:ECR091_06440	ko:K03562
eclc:ECR091_06445	ko:K03560
eclc:ECR091_06450	ko:K03646
eclc:ECR091_06455	ko:K03641
eclc:ECR091_06460	ko:K03640
eclc:ECR091_06470	ko:K14229
eclc:ECR091_06475	ko:K14237
eclc:ECR091_06480	ko:K14229
eclc:ECR091_06485	ko:K14229
eclc:ECR091_06490	ko:K14229
eclc:ECR091_06495	ko:K03517
eclc:ECR091_06500	ko:K03811
eclc:ECR091_06505	ko:K16264
eclc:ECR091_06515	ko:K01626
eclc:ECR091_06520	ko:K01834
eclc:ECR091_06525	ko:K01785
eclc:ECR091_06530	ko:K00849
eclc:ECR091_06535	ko:K00965
eclc:ECR091_06540	ko:K01784
eclc:ECR091_06545	ko:K05776
eclc:ECR091_06550	ko:K02019
eclc:ECR091_06555	ko:K25859
eclc:ECR091_06560	ko:K02020
eclc:ECR091_06565	ko:K02018
eclc:ECR091_06570	ko:K02017
eclc:ECR091_06575	ko:K28853
eclc:ECR091_06580	ko:K07404
eclc:ECR091_06585	ko:K01051
eclc:ECR091_06590	ko:K01468
eclc:ECR091_06595	ko:K01479
eclc:ECR091_06600	ko:K05836
eclc:ECR091_06605	ko:K01712
eclc:ECR091_06610	ko:K01745
eclc:ECR091_06620	ko:K00833
eclc:ECR091_06625	ko:K01012
eclc:ECR091_06630	ko:K00652
eclc:ECR091_06635	ko:K02169
eclc:ECR091_06640	ko:K01935
eclc:ECR091_06645	ko:K11963
eclc:ECR091_06650	ko:K03702
eclc:ECR091_06660	ko:K03639
eclc:ECR091_06665	ko:K03638
eclc:ECR091_06670	ko:K03637
eclc:ECR091_06675	ko:K03636
eclc:ECR091_06680	ko:K03635
eclc:ECR091_06685	ko:K06890
eclc:ECR091_06690	ko:K07027
eclc:ECR091_06695	ko:K06131
eclc:ECR091_06710	ko:K25180
eclc:ECR091_06715	ko:K25181
eclc:ECR091_06720	ko:K25182
eclc:ECR091_06725	ko:K25183
eclc:ECR091_06730	ko:K23777
eclc:ECR091_06735	ko:K11927
eclc:ECR091_06740	ko:K03722
eclc:ECR091_06745	ko:K07349
eclc:ECR091_06750	ko:K07345
eclc:ECR091_06755	ko:K07347
eclc:ECR091_06760	ko:K07346
eclc:ECR091_06765	ko:K07345
eclc:ECR091_06785	ko:K13650
eclc:ECR091_06790	ko:K06970
eclc:ECR091_06795	ko:K22044
eclc:ECR091_06800	ko:K10038
eclc:ECR091_06805	ko:K10037
eclc:ECR091_06810	ko:K10036
eclc:ECR091_06815	ko:K04047
eclc:ECR091_06820	ko:K11939
eclc:ECR091_06825	ko:K11934
eclc:ECR091_06840	ko:K11924
eclc:ECR091_06850	ko:K03543
eclc:ECR091_06855	ko:K03446
eclc:ECR091_06860	ko:K18904
eclc:ECR091_06870	ko:K01223
eclc:ECR091_06875	ko:K02761
eclc:ECR091_06880	ko:K03492
eclc:ECR091_06885	ko:K19236
eclc:ECR091_06895	ko:K01187
eclc:ECR091_06900	ko:K08191
eclc:ECR091_06915	ko:K07757
eclc:ECR091_06925	ko:K04069
eclc:ECR091_06930	ko:K08313
eclc:ECR091_06935	ko:K21029
eclc:ECR091_06940	ko:K03750
eclc:ECR091_06945	ko:K13051
eclc:ECR091_06950	ko:K13892
eclc:ECR091_06955	ko:K13889
eclc:ECR091_06960	ko:K13890
eclc:ECR091_06965	ko:K13891
eclc:ECR091_06970	ko:K14441
eclc:ECR091_06975	ko:K19688
eclc:ECR091_06980	ko:K21430
eclc:ECR091_06985	ko:K00799
eclc:ECR091_06990	ko:K07258
eclc:ECR091_06995	ko:K11534
eclc:ECR091_07000	ko:K19302
eclc:ECR091_07010	ko:K08160
eclc:ECR091_07015	ko:K20861
eclc:ECR091_07025	ko:K23778
eclc:ECR091_07030	ko:K00537
eclc:ECR091_07035	ko:K03893
eclc:ECR091_07040	ko:K03892
eclc:ECR091_07045	ko:K11903
eclc:ECR091_07075	ko:K07085
eclc:ECR091_07085	ko:K03674
eclc:ECR091_07090	ko:K10678
eclc:ECR091_07095	ko:K05844
eclc:ECR091_07105	ko:K11073
eclc:ECR091_07110	ko:K11076
eclc:ECR091_07115	ko:K11075
eclc:ECR091_07120	ko:K11074
eclc:ECR091_07130	ko:K03212
eclc:ECR091_07145	ko:K09996
eclc:ECR091_07150	ko:K09998
eclc:ECR091_07155	ko:K09999
eclc:ECR091_07160	ko:K09997
eclc:ECR091_07165	ko:K10000
eclc:ECR091_07180	ko:K11066
eclc:ECR091_07195	ko:K02450
eclc:ECR091_07200	ko:K02452
eclc:ECR091_07205	ko:K02453
eclc:ECR091_07210	ko:K02454
eclc:ECR091_07215	ko:K02455
eclc:ECR091_07220	ko:K02456
eclc:ECR091_07225	ko:K02457
eclc:ECR091_07230	ko:K02458
eclc:ECR091_07235	ko:K02459
eclc:ECR091_07240	ko:K02460
eclc:ECR091_07245	ko:K02461
eclc:ECR091_07250	ko:K02462
eclc:ECR091_07255	ko:K02464
eclc:ECR091_07260	ko:K01183
eclc:ECR091_07285	ko:K01620
eclc:ECR091_07290	ko:K00156
eclc:ECR091_07295	ko:K11933
eclc:ECR091_07300	ko:K05601
eclc:ECR091_07305	ko:K28370
eclc:ECR091_07310	ko:K06188
eclc:ECR091_07315	ko:K07459
eclc:ECR091_07320	ko:K09824
eclc:ECR091_07325	ko:K13888
eclc:ECR091_07330	ko:K05685
eclc:ECR091_07335	ko:K03704
eclc:ECR091_07340	ko:K06891
eclc:ECR091_07345	ko:K03694
eclc:ECR091_07355	ko:K02518
eclc:ECR091_07360	ko:K00684
eclc:ECR091_07365	ko:K16012
eclc:ECR091_07370	ko:K16013
eclc:ECR091_07375	ko:K00384
eclc:ECR091_07380	ko:K03719
eclc:ECR091_07385	ko:K03466
eclc:ECR091_07390	ko:K03634
eclc:ECR091_07395	ko:K07478
eclc:ECR091_07400	ko:K01875
eclc:ECR091_07405	ko:K07306
eclc:ECR091_07410	ko:K07307
eclc:ECR091_07415	ko:K07308
eclc:ECR091_07420	ko:K08219
eclc:ECR091_07430	ko:K04069
eclc:ECR091_07435	ko:K00656
eclc:ECR091_07440	ko:K06212
eclc:ECR091_07445	ko:K09136
eclc:ECR091_07455	ko:K00831
eclc:ECR091_07460	ko:K00800
eclc:ECR091_07465	ko:K00945
eclc:ECR091_07470	ko:K02945
eclc:ECR091_07475	ko:K05788
eclc:ECR091_07480	ko:K02238
eclc:ECR091_07485	ko:K11085
eclc:ECR091_07490	ko:K00912
eclc:ECR091_07495	ko:K09927
eclc:ECR091_07500	ko:K09791
eclc:ECR091_07505	ko:K00979
eclc:ECR091_07520	ko:K06219
eclc:ECR091_07525	ko:K03633
eclc:ECR091_07530	ko:K03804
eclc:ECR091_07535	ko:K03632
eclc:ECR091_07540	ko:K21470
eclc:ECR091_07550	ko:K01069
eclc:ECR091_07555	ko:K00813
eclc:ECR091_07560	ko:K09476
eclc:ECR091_07565	ko:K01893
eclc:ECR091_07570	ko:K00763
eclc:ECR091_07575	ko:K01256
eclc:ECR091_07580	ko:K15555
eclc:ECR091_07585	ko:K15554
eclc:ECR091_07590	ko:K04091
eclc:ECR091_07595	ko:K15553
eclc:ECR091_07600	ko:K00299
eclc:ECR091_07605	ko:K00254
eclc:ECR091_07610	ko:K18657
eclc:ECR091_07615	ko:K07140
eclc:ECR091_07620	ko:K12297
eclc:ECR091_07625	ko:K15738
eclc:ECR091_07630	ko:K03808
eclc:ECR091_07635	ko:K06192
eclc:ECR091_07640	ko:K09857
eclc:ECR091_07645	ko:K01716
eclc:ECR091_07650	ko:K04770
eclc:ECR091_07655	ko:K09911
eclc:ECR091_07660	ko:K03286
eclc:ECR091_07665	ko:K13053
eclc:ECR091_07670	ko:K07343
eclc:ECR091_07685	ko:K03658
eclc:ECR091_07690	ko:K01734
eclc:ECR091_07695	ko:K09909
eclc:ECR091_07705	ko:K06929
eclc:ECR091_07710	ko:K11940
eclc:ECR091_07715	ko:K06969
eclc:ECR091_07720	ko:K01512
eclc:ECR091_07725	ko:K11179
eclc:ECR091_07730	ko:K19416
eclc:ECR091_07735	ko:K15580
eclc:ECR091_07740	ko:K14233
eclc:ECR091_07750	ko:K02015
eclc:ECR091_07755	ko:K02016
eclc:ECR091_07775	ko:K14233
eclc:ECR091_07780	ko:K06213
eclc:ECR091_07790	ko:K01085
eclc:ECR091_07800	ko:K03809
eclc:ECR091_07805	ko:K06884
eclc:ECR091_07815	ko:K09016
eclc:ECR091_07820	ko:K09024
eclc:ECR091_07825	ko:K09019
eclc:ECR091_07830	ko:K09023
eclc:ECR091_07835	ko:K09021
eclc:ECR091_07840	ko:K09020
eclc:ECR091_07845	ko:K09018
eclc:ECR091_07850	ko:K09017
eclc:ECR091_07860	ko:K13821
eclc:ECR091_07865	ko:K11928
eclc:ECR091_07875	ko:K03317
eclc:ECR091_07880	ko:K07243
eclc:ECR091_07885	ko:K07224
eclc:ECR091_07890	ko:K16301
eclc:ECR091_07895	ko:K06217
eclc:ECR091_07900	ko:K03310
eclc:ECR091_07905	ko:K14233
eclc:ECR091_07915	ko:K06911
eclc:ECR091_07925	ko:K14233
eclc:ECR091_07930	ko:K12972
eclc:ECR091_07935	ko:K04477
eclc:ECR091_07950	ko:K06214
eclc:ECR091_07955	ko:K04338
eclc:ECR091_07960	ko:K04337
eclc:ECR091_07965	ko:K04333
eclc:ECR091_07970	ko:K04335
eclc:ECR091_07975	ko:K04334
eclc:ECR091_07980	ko:K04336
eclc:ECR091_07990	ko:K23518
eclc:ECR091_07995	ko:K11941
eclc:ECR091_08000	ko:K03670
eclc:ECR091_08005	ko:K03669
eclc:ECR091_08015	ko:K12147
eclc:ECR091_08020	ko:K08161
eclc:ECR091_08025	ko:K02517
eclc:ECR091_08030	ko:K07146
eclc:ECR091_08050	ko:K02846
eclc:ECR091_08055	ko:K12148
eclc:ECR091_08060	ko:K12149
eclc:ECR091_08065	ko:K01465
eclc:ECR091_08075	ko:K08162
eclc:ECR091_08080	ko:K03790
eclc:ECR091_08085	ko:K09915
eclc:ECR091_08090	ko:K03810
eclc:ECR091_08095	ko:K03980
eclc:ECR091_08100	ko:K02399
eclc:ECR091_08105	ko:K02398
eclc:ECR091_08110	ko:K02386
eclc:ECR091_08115	ko:K02387
eclc:ECR091_08120	ko:K02388
eclc:ECR091_08125	ko:K02389
eclc:ECR091_08130	ko:K02390
eclc:ECR091_08135	ko:K02391
eclc:ECR091_08140	ko:K02392
eclc:ECR091_08145	ko:K02393
eclc:ECR091_08150	ko:K02394
eclc:ECR091_08155	ko:K02395
eclc:ECR091_08160	ko:K02396
eclc:ECR091_08165	ko:K02397
eclc:ECR091_08180	ko:K08300
eclc:ECR091_08185	ko:K06179
eclc:ECR091_08190	ko:K25422
eclc:ECR091_08195	ko:K07040
eclc:ECR091_08200	ko:K02911
eclc:ECR091_08205	ko:K03621
eclc:ECR091_08210	ko:K00648
eclc:ECR091_08215	ko:K00645
eclc:ECR091_08220	ko:K00059
eclc:ECR091_08225	ko:K02078
eclc:ECR091_08230	ko:K09458
eclc:ECR091_08235	ko:K02619
eclc:ECR091_08240	ko:K07082
eclc:ECR091_08245	ko:K00943
eclc:ECR091_08250	ko:K02341
eclc:ECR091_08255	ko:K03424
eclc:ECR091_08260	ko:K02779
eclc:ECR091_08265	ko:K16088
eclc:ECR091_08270	ko:K02503
eclc:ECR091_08280	ko:K07337
eclc:ECR091_08285	ko:K07251
eclc:ECR091_08290	ko:K01207
eclc:ECR091_08295	ko:K07000
eclc:ECR091_08300	ko:K03885
eclc:ECR091_08310	ko:K22041
eclc:ECR091_08315	ko:K12151
eclc:ECR091_08320	ko:K19236
eclc:ECR091_08325	ko:K03723
eclc:ECR091_08335	ko:K09808
eclc:ECR091_08340	ko:K09810
eclc:ECR091_08345	ko:K09808
eclc:ECR091_08350	ko:K28207
eclc:ECR091_08355	ko:K12410
eclc:ECR091_08360	ko:K11069
eclc:ECR091_08365	ko:K11070
eclc:ECR091_08370	ko:K11071
eclc:ECR091_08375	ko:K11072
eclc:ECR091_08380	ko:K01258
eclc:ECR091_08385	ko:K07491
eclc:ECR091_08390	ko:K18850
eclc:ECR091_08395	ko:K07637
eclc:ECR091_08400	ko:K07660
eclc:ECR091_08410	ko:K21638
eclc:ECR091_08415	ko:K01756
eclc:ECR091_08420	ko:K07153
eclc:ECR091_08425	ko:K00566
eclc:ECR091_08430	ko:K12152
eclc:ECR091_08435	ko:K06181
eclc:ECR091_08440	ko:K00031
eclc:ECR091_08470	ko:K07483
eclc:ECR091_08480	ko:K07486
eclc:ECR091_08485	ko:K09712
eclc:ECR091_08505	ko:K25494
eclc:ECR091_08510	ko:K25495
eclc:ECR091_08520	ko:K01811
eclc:ECR091_08535	ko:K19055
eclc:ECR091_08540	ko:K09786
eclc:ECR091_08545	ko:K07180
eclc:ECR091_08550	ko:K07274
eclc:ECR091_08555	ko:K01792
eclc:ECR091_08560	ko:K00134
eclc:ECR091_08565	ko:K07305
eclc:ECR091_08570	ko:K09916
eclc:ECR091_08575	ko:K01183
eclc:ECR091_08580	ko:K08281
eclc:ECR091_08585	ko:K01424
eclc:ECR091_08590	ko:K04773
eclc:ECR091_08600	ko:K01008
eclc:ECR091_08605	ko:K03169
eclc:ECR091_08610	ko:K00262
eclc:ECR091_08620	ko:K08320
eclc:ECR091_08635	ko:K21028
eclc:ECR091_08640	ko:K05779
eclc:ECR091_08645	ko:K05778
eclc:ECR091_08650	ko:K05777
eclc:ECR091_08660	ko:K01142
eclc:ECR091_08665	ko:K00840
eclc:ECR091_08670	ko:K00673
eclc:ECR091_08675	ko:K06447
eclc:ECR091_08680	ko:K01484
eclc:ECR091_08685	ko:K05526
eclc:ECR091_08690	ko:K06006
eclc:ECR091_08695	ko:K09975
eclc:ECR091_08700	ko:K05984
eclc:ECR091_08705	ko:K01916
eclc:ECR091_08710	ko:K04064
eclc:ECR091_08715	ko:K02760
eclc:ECR091_08725	ko:K07486
eclc:ECR091_08735	ko:K07483
eclc:ECR091_08740	ko:K02759
eclc:ECR091_08745	ko:K03490
eclc:ECR091_08750	ko:K01222
eclc:ECR091_08755	ko:K03478
eclc:ECR091_08760	ko:K03781
eclc:ECR091_08765	ko:K15722
eclc:ECR091_08770	ko:K06956
eclc:ECR091_08775	ko:K07038
eclc:ECR091_08780	ko:K00065
eclc:ECR091_08785	ko:K24204
eclc:ECR091_08805	ko:K16370
eclc:ECR091_08815	ko:K07283
eclc:ECR091_08830	ko:K01868
eclc:ECR091_08835	ko:K02520
eclc:ECR091_08840	ko:K02916
eclc:ECR091_08845	ko:K02887
eclc:ECR091_08850	ko:K01889
eclc:ECR091_08855	ko:K01890
eclc:ECR091_08860	ko:K04764
eclc:ECR091_08865	ko:K06073
eclc:ECR091_08870	ko:K00432
eclc:ECR091_08875	ko:K06074
eclc:ECR091_08880	ko:K13695
eclc:ECR091_08890	ko:K08997
eclc:ECR091_08895	ko:K10834
eclc:ECR091_08900	ko:K25133
eclc:ECR091_08905	ko:K25132
eclc:ECR091_08910	ko:K07225
eclc:ECR091_08915	ko:K16087
eclc:ECR091_08925	ko:K01626
eclc:ECR091_08930	ko:K09773
eclc:ECR091_08935	ko:K01007
eclc:ECR091_08940	ko:K03292
eclc:ECR091_08945	ko:K17641
eclc:ECR091_08960	ko:K26063
eclc:ECR091_08965	ko:K19222
eclc:ECR091_08985	ko:K07345
eclc:ECR091_08990	ko:K07346
eclc:ECR091_08995	ko:K07347
eclc:ECR091_09000	ko:K07345
eclc:ECR091_09005	ko:K07349
eclc:ECR091_09015	ko:K22015
eclc:ECR091_09020	ko:K21976
eclc:ECR091_09025	ko:K21975
eclc:ECR091_09030	ko:K21974
eclc:ECR091_09035	ko:K21973
eclc:ECR091_09040	ko:K21972
eclc:ECR091_09050	ko:K05997
eclc:ECR091_09055	ko:K09014
eclc:ECR091_09060	ko:K09013
eclc:ECR091_09065	ko:K09015
eclc:ECR091_09070	ko:K11717
eclc:ECR091_09075	ko:K02426
eclc:ECR091_09080	ko:K19236
eclc:ECR091_09085	ko:K06078
eclc:ECR091_09090	ko:K00873
eclc:ECR091_09095	ko:K01758
eclc:ECR091_09100	ko:K01697
eclc:ECR091_09105	ko:K02071
eclc:ECR091_09110	ko:K02072
eclc:ECR091_09115	ko:K02073
eclc:ECR091_09120	ko:K01675
eclc:ECR091_09140	ko:K01673
eclc:ECR091_09150	ko:K11901
eclc:ECR091_09155	ko:K11900
eclc:ECR091_09160	ko:K11893
eclc:ECR091_09165	ko:K11892
eclc:ECR091_09175	ko:K11903
eclc:ECR091_09195	ko:K11904
eclc:ECR091_09225	ko:K11891
eclc:ECR091_09235	ko:K11896
eclc:ECR091_09240	ko:K11895
eclc:ECR091_09245	ko:K11906
eclc:ECR091_09250	ko:K11905
eclc:ECR091_09260	ko:K22720
eclc:ECR091_09265	ko:K04080
eclc:ECR091_09270	ko:K14237
eclc:ECR091_09275	ko:K14237
eclc:ECR091_09280	ko:K26939
eclc:ECR091_09285	ko:K00793
eclc:ECR091_09290	ko:K00574
eclc:ECR091_09295	ko:K28371
eclc:ECR091_09305	ko:K03604
eclc:ECR091_09315	ko:K19577
eclc:ECR091_09320	ko:K04564
eclc:ECR091_09325	ko:K19303
eclc:ECR091_09330	ko:K07390
eclc:ECR091_09335	ko:K03683
eclc:ECR091_09340	ko:K01759
eclc:ECR091_09345	ko:K10680
eclc:ECR091_09350	ko:K16137
eclc:ECR091_09355	ko:K03760
eclc:ECR091_09360	ko:K06938
eclc:ECR091_09370	ko:K04565
eclc:ECR091_09390	ko:K06075
eclc:ECR091_09400	ko:K06077
eclc:ECR091_09405	ko:K09001
eclc:ECR091_09415	ko:K00275
eclc:ECR091_09420	ko:K01866
eclc:ECR091_09425	ko:K00868
eclc:ECR091_09430	ko:K00799
eclc:ECR091_09435	ko:K03305
eclc:ECR091_09445	ko:K10773
eclc:ECR091_09450	ko:K03613
eclc:ECR091_09455	ko:K03612
eclc:ECR091_09460	ko:K03614
eclc:ECR091_09465	ko:K03615
eclc:ECR091_09470	ko:K03616
eclc:ECR091_09475	ko:K03617
eclc:ECR091_09495	ko:K01488
eclc:ECR091_09500	ko:K14155
eclc:ECR091_09505	ko:K02791
eclc:ECR091_09510	ko:K16136
eclc:ECR091_09520	ko:K01809
eclc:ECR091_09525	ko:K01676
eclc:ECR091_09530	ko:K01679
eclc:ECR091_09535	ko:K10748
eclc:ECR091_09540	ko:K07639
eclc:ECR091_09550	ko:K07661
eclc:ECR091_09560	ko:K13938
eclc:ECR091_09565	ko:K03758
eclc:ECR091_09575	ko:K00324
eclc:ECR091_09580	ko:K00325
eclc:ECR091_09590	ko:K14055
eclc:ECR091_09595	ko:K01420
eclc:ECR091_09600	ko:K00567
eclc:ECR091_09605	ko:K12942
eclc:ECR091_09610	ko:K12941
eclc:ECR091_09615	ko:K12940
eclc:ECR091_09620	ko:K14057
eclc:ECR091_09630	ko:K03406
eclc:ECR091_09635	ko:K05275
eclc:ECR091_09645	ko:K05358
eclc:ECR091_09655	ko:K06139
eclc:ECR091_09660	ko:K06138
eclc:ECR091_09665	ko:K06137
eclc:ECR091_09670	ko:K06136
eclc:ECR091_09675	ko:K01273
eclc:ECR091_09700	ko:K11744
eclc:ECR091_09705	ko:K11743
eclc:ECR091_09710	ko:K11742
eclc:ECR091_09715	ko:K04775
eclc:ECR091_09725	ko:K01299
eclc:ECR091_09730	ko:K08224
eclc:ECR091_09740	ko:K15545
eclc:ECR091_09745	ko:K01935
eclc:ECR091_09750	ko:K03281
eclc:ECR091_09755	ko:K05847
eclc:ECR091_09760	ko:K05846
eclc:ECR091_09765	ko:K05845
eclc:ECR091_09770	ko:K05846
eclc:ECR091_09780	ko:K06889
eclc:ECR091_09790	ko:K19271
eclc:ECR091_09795	ko:K09918
eclc:ECR091_09800	ko:K23349
eclc:ECR091_09805	ko:K07312
eclc:ECR091_09810	ko:K07307
eclc:ECR091_09825	ko:K00737
eclc:ECR091_09835	ko:K00657
eclc:ECR091_09845	ko:K09771
eclc:ECR091_09850	ko:K08323
eclc:ECR091_09855	ko:K08322
eclc:ECR091_09860	ko:K08173
eclc:ECR091_09865	ko:K00040
eclc:ECR091_09875	ko:K11932
eclc:ECR091_09880	ko:K22293
eclc:ECR091_09885	ko:K16066
eclc:ECR091_09890	ko:K01284
eclc:ECR091_09900	ko:K03704
eclc:ECR091_09920	ko:K07497
eclc:ECR091_09925	ko:K07483
eclc:ECR091_09930	ko:K03502
eclc:ECR091_09945	ko:K03284
eclc:ECR091_09960	ko:K00117
eclc:ECR091_09965	ko:K08995
eclc:ECR091_09980	ko:K00433
eclc:ECR091_09985	ko:K03778
eclc:ECR091_10000	ko:K09978
eclc:ECR091_10005	ko:K14063
eclc:ECR091_10010	ko:K00146
eclc:ECR091_10025	ko:K00276
eclc:ECR091_10030	ko:K02618
eclc:ECR091_10035	ko:K02609
eclc:ECR091_10040	ko:K02610
eclc:ECR091_10045	ko:K02611
eclc:ECR091_10050	ko:K02612
eclc:ECR091_10055	ko:K02613
eclc:ECR091_10060	ko:K01692
eclc:ECR091_10065	ko:K15866
eclc:ECR091_10070	ko:K00074
eclc:ECR091_10075	ko:K02614
eclc:ECR091_10080	ko:K02615
eclc:ECR091_10085	ko:K01912
eclc:ECR091_10090	ko:K02616
eclc:ECR091_10095	ko:K02617
eclc:ECR091_10100	ko:K02168
eclc:ECR091_10110	ko:K25227
eclc:ECR091_10135	ko:K06954
eclc:ECR091_10140	ko:K09701
eclc:ECR091_10145	ko:K00574
eclc:ECR091_10165	ko:K09936
eclc:ECR091_10170	ko:K09936
eclc:ECR091_10180	ko:K00549
eclc:ECR091_10190	ko:K09912
eclc:ECR091_10195	ko:K06177
eclc:ECR091_10200	ko:K01118
eclc:ECR091_10205	ko:K03578
eclc:ECR091_10215	ko:K18139
eclc:ECR091_10245	ko:K12262
eclc:ECR091_10255	ko:K02444
eclc:ECR091_10260	ko:K12543
eclc:ECR091_10265	ko:K20276
eclc:ECR091_10270	ko:K12541
eclc:ECR091_10275	ko:K12542
eclc:ECR091_10290	ko:K21976
eclc:ECR091_10295	ko:K21975
eclc:ECR091_10300	ko:K21974
eclc:ECR091_10315	ko:K23239
eclc:ECR091_10320	ko:K00121
eclc:ECR091_10325	ko:K05876
eclc:ECR091_10335	ko:K25986
eclc:ECR091_10340	ko:K03929
eclc:ECR091_10345	ko:K03566
eclc:ECR091_10350	ko:K14287
eclc:ECR091_10355	ko:K10013
eclc:ECR091_10365	ko:K03817
eclc:ECR091_10375	ko:K03304
eclc:ECR091_10380	ko:K16868
eclc:ECR091_10385	ko:K01258
eclc:ECR091_10390	ko:K12368
eclc:ECR091_10405	ko:K07506
eclc:ECR091_10410	ko:K05782
eclc:ECR091_10415	ko:K23779
eclc:ECR091_10420	ko:K24847
eclc:ECR091_10435	ko:K13633
eclc:ECR091_10450	ko:K11959
eclc:ECR091_10455	ko:K11960
eclc:ECR091_10460	ko:K11961
eclc:ECR091_10465	ko:K11962
eclc:ECR091_10470	ko:K11963
eclc:ECR091_10485	ko:K15268
eclc:ECR091_10490	ko:K13630
eclc:ECR091_10495	ko:K13632
eclc:ECR091_10500	ko:K03712
eclc:ECR091_10505	ko:K05595
eclc:ECR091_10510	ko:K08159
eclc:ECR091_10525	ko:K03829
eclc:ECR091_10535	ko:K08324
eclc:ECR091_10540	ko:K05874
eclc:ECR091_10545	ko:K01425
eclc:ECR091_10565	ko:K00041
eclc:ECR091_10570	ko:K08994
eclc:ECR091_10580	ko:K13408
eclc:ECR091_10585	ko:K13409
eclc:ECR091_10595	ko:K02483
eclc:ECR091_10610	ko:K00598
eclc:ECR091_10645	ko:K08169
eclc:ECR091_10655	ko:K07345
eclc:ECR091_10665	ko:K07347
eclc:ECR091_10670	ko:K07346
eclc:ECR091_10675	ko:K07345
eclc:ECR091_10680	ko:K07345
eclc:ECR091_10685	ko:K07346
eclc:ECR091_10690	ko:K07347
eclc:ECR091_10720	ko:K01214
eclc:ECR091_10725	ko:K06044
eclc:ECR091_10730	ko:K01236
eclc:ECR091_10760	ko:K22958
eclc:ECR091_10775	ko:K03805
eclc:ECR091_10790	ko:K05876
eclc:ECR091_10795	ko:K03484
eclc:ECR091_10800	ko:K01193
eclc:ECR091_10805	ko:K02810
eclc:ECR091_10810	ko:K16077
eclc:ECR091_10815	ko:K00847
eclc:ECR091_10820	ko:K21973
eclc:ECR091_10835	ko:K08641
eclc:ECR091_10840	ko:K02035
eclc:ECR091_10850	ko:K02034
eclc:ECR091_10855	ko:K02031
eclc:ECR091_10860	ko:K02032
eclc:ECR091_10865	ko:K04063
eclc:ECR091_10890	ko:K02972
eclc:ECR091_10895	ko:K00027
eclc:ECR091_10900	ko:K11903
eclc:ECR091_10925	ko:K13953
eclc:ECR091_10935	ko:K03885
eclc:ECR091_10940	ko:K08156
eclc:ECR091_10945	ko:K22468
eclc:ECR091_10950	ko:K08350
eclc:ECR091_10955	ko:K08349
eclc:ECR091_10960	ko:K08348
eclc:ECR091_10965	ko:K08348
eclc:ECR091_10975	ko:K16076
eclc:ECR091_10980	ko:K08167
eclc:ECR091_10990	ko:K02575
eclc:ECR091_10995	ko:K00370
eclc:ECR091_11000	ko:K00371
eclc:ECR091_11010	ko:K00374
eclc:ECR091_11015	ko:K00675
eclc:ECR091_11035	ko:K02355
eclc:ECR091_11060	ko:K02517
eclc:ECR091_11065	ko:K01821
eclc:ECR091_11070	ko:K11208
eclc:ECR091_11075	ko:K02030
eclc:ECR091_11080	ko:K02028
eclc:ECR091_11085	ko:K02029
eclc:ECR091_11095	ko:K02030
eclc:ECR091_11100	ko:K28525
eclc:ECR091_11125	ko:K11738
eclc:ECR091_11135	ko:K02014
eclc:ECR091_11140	ko:K13654
eclc:ECR091_11145	ko:K23256
eclc:ECR091_11155	ko:K24217
eclc:ECR091_11160	ko:K09936
eclc:ECR091_11170	ko:K12368
eclc:ECR091_11215	ko:K00137
eclc:ECR091_11230	ko:K00425
eclc:ECR091_11235	ko:K00426
eclc:ECR091_11245	ko:K03668
eclc:ECR091_11250	ko:K03737
eclc:ECR091_11260	ko:K14062
eclc:ECR091_11280	ko:K14058
eclc:ECR091_11285	ko:K05591
eclc:ECR091_11295	ko:K16074
eclc:ECR091_11310	ko:K11911
eclc:ECR091_11315	ko:K11905
eclc:ECR091_11320	ko:K11906
eclc:ECR091_11325	ko:K11895
eclc:ECR091_11330	ko:K11896
eclc:ECR091_11335	ko:K11910
eclc:ECR091_11340	ko:K11891
eclc:ECR091_11380	ko:K11904
eclc:ECR091_11385	ko:K11907
eclc:ECR091_11390	ko:K11903
eclc:ECR091_11400	ko:K11892
eclc:ECR091_11405	ko:K11893
eclc:ECR091_11410	ko:K11900
eclc:ECR091_11415	ko:K11901
eclc:ECR091_11420	ko:K15580
eclc:ECR091_11425	ko:K14054
eclc:ECR091_11430	ko:K19802
eclc:ECR091_11435	ko:K11065
eclc:ECR091_11440	ko:K03721
eclc:ECR091_11445	ko:K08990
eclc:ECR091_11450	ko:K06918
eclc:ECR091_11460	ko:K14053
eclc:ECR091_11465	ko:K10112
eclc:ECR091_11470	ko:K01838
eclc:ECR091_11475	ko:K10231
eclc:ECR091_11495	ko:K02026
eclc:ECR091_11500	ko:K02025
eclc:ECR091_11505	ko:K02027
eclc:ECR091_11510	ko:K22597
eclc:ECR091_11515	ko:K03971
eclc:ECR091_11520	ko:K03973
eclc:ECR091_11525	ko:K03970
eclc:ECR091_11530	ko:K03969
eclc:ECR091_11535	ko:K03974
eclc:ECR091_11540	ko:K19226
eclc:ECR091_11545	ko:K19227
eclc:ECR091_11550	ko:K19228
eclc:ECR091_11555	ko:K19229
eclc:ECR091_11560	ko:K19230
eclc:ECR091_11575	ko:K00208
eclc:ECR091_11585	ko:K01147
eclc:ECR091_11590	ko:K14051
eclc:ECR091_11595	ko:K13816
eclc:ECR091_11610	ko:K04062
eclc:ECR091_11615	ko:K03113
eclc:ECR091_11620	ko:K01591
eclc:ECR091_11625	ko:K19804
eclc:ECR091_11630	ko:K08992
eclc:ECR091_11635	ko:K01096
eclc:ECR091_11640	ko:K01497
eclc:ECR091_11645	ko:K27802
eclc:ECR091_11655	ko:K13634
eclc:ECR091_11660	ko:K03168
eclc:ECR091_11670	ko:K04774
eclc:ECR091_11680	ko:K19221
eclc:ECR091_11685	ko:K06178
eclc:ECR091_11695	ko:K07053
eclc:ECR091_11700	ko:K01657
eclc:ECR091_11705	ko:K13497
eclc:ECR091_11710	ko:K13498
eclc:ECR091_11715	ko:K01696
eclc:ECR091_11720	ko:K01695
eclc:ECR091_11725	ko:K07112
eclc:ECR091_11735	ko:K07275
eclc:ECR091_11745	ko:K06190
eclc:ECR091_11770	ko:K20534
eclc:ECR091_11810	ko:K07483
eclc:ECR091_11815	ko:K07497
eclc:ECR091_11820	ko:K19611
eclc:ECR091_11825	ko:K10806
eclc:ECR091_11830	ko:K03832
eclc:ECR091_11835	ko:K09780
eclc:ECR091_11840	ko:K11250
eclc:ECR091_11850	ko:K06131
eclc:ECR091_11855	ko:K09901
eclc:ECR091_11860	ko:K10716
eclc:ECR091_11865	ko:K10823
eclc:ECR091_11870	ko:K15583
eclc:ECR091_11875	ko:K15582
eclc:ECR091_11880	ko:K15581
eclc:ECR091_11885	ko:K15580
eclc:ECR091_11905	ko:K04072
eclc:ECR091_11910	ko:K00857
eclc:ECR091_11915	ko:K03746
eclc:ECR091_11920	ko:K00963
eclc:ECR091_11925	ko:K02485
eclc:ECR091_11930	ko:K07001
eclc:ECR091_11935	ko:K09858
eclc:ECR091_11940	ko:K01433
eclc:ECR091_11945	ko:K14236
eclc:ECR091_11950	ko:K14236
eclc:ECR091_11955	ko:K00374
eclc:ECR091_11960	ko:K00373
eclc:ECR091_11965	ko:K00371
eclc:ECR091_11970	ko:K00370
eclc:ECR091_11975	ko:K02575
eclc:ECR091_11980	ko:K07673
eclc:ECR091_11985	ko:K07684
eclc:ECR091_11995	ko:K00372
eclc:ECR091_12000	ko:K00361
eclc:ECR091_12005	ko:K15578
eclc:ECR091_12010	ko:K15577
eclc:ECR091_12015	ko:K15576
eclc:ECR091_12025	ko:K06039
eclc:ECR091_12030	ko:K03406
eclc:ECR091_12040	ko:K07232
eclc:ECR091_12045	ko:K06197
eclc:ECR091_12050	ko:K07300
eclc:ECR091_12055	ko:K01627
eclc:ECR091_12070	ko:K02493
eclc:ECR091_12075	ko:K02835
eclc:ECR091_12080	ko:K02492
eclc:ECR091_12085	ko:K02494
eclc:ECR091_12090	ko:K00919
eclc:ECR091_12095	ko:K00948
eclc:ECR091_12100	ko:K03321
eclc:ECR091_12115	ko:K01056
eclc:ECR091_12120	ko:K06942
eclc:ECR091_12130	ko:K07480
eclc:ECR091_12140	ko:K04763
eclc:ECR091_12145	ko:K03630
eclc:ECR091_12190	ko:K00558
eclc:ECR091_12200	ko:K07483
eclc:ECR091_12205	ko:K07497
eclc:ECR091_12370	ko:K11904
eclc:ECR091_12385	ko:K28299
eclc:ECR091_12395	ko:K11904
eclc:ECR091_12405	ko:K06867
eclc:ECR091_12420	ko:K11907
eclc:ECR091_12425	ko:K11895
eclc:ECR091_12430	ko:K11896
eclc:ECR091_12435	ko:K11897
eclc:ECR091_12440	ko:K11898
eclc:ECR091_12450	ko:K20074
eclc:ECR091_12455	ko:K07169
eclc:ECR091_12480	ko:K11903
eclc:ECR091_12500	ko:K11900
eclc:ECR091_12505	ko:K11901
eclc:ECR091_12510	ko:K11902
eclc:ECR091_12515	ko:K11890
eclc:ECR091_12520	ko:K11891
eclc:ECR091_12525	ko:K11892
eclc:ECR091_12530	ko:K11893
eclc:ECR091_12535	ko:K11906
eclc:ECR091_12550	ko:K00134
eclc:ECR091_12555	ko:K01194
eclc:ECR091_12570	ko:K08308
eclc:ECR091_12575	ko:K01297
eclc:ECR091_12580	ko:K11105
eclc:ECR091_12585	ko:K01775
eclc:ECR091_12590	ko:K00285
eclc:ECR091_12595	ko:K06415
eclc:ECR091_12600	ko:K03603
eclc:ECR091_12605	ko:K03314
eclc:ECR091_12610	ko:K03611
eclc:ECR091_12615	ko:K09160
eclc:ECR091_12620	ko:K29029
eclc:ECR091_12625	ko:K09902
eclc:ECR091_12630	ko:K03610
eclc:ECR091_12635	ko:K03609
eclc:ECR091_12640	ko:K03608
eclc:ECR091_12645	ko:K03684
eclc:ECR091_12650	ko:K01897
eclc:ECR091_12655	ko:K07285
eclc:ECR091_12660	ko:K14742
eclc:ECR091_12665	ko:K03722
eclc:ECR091_12675	ko:K09917
eclc:ECR091_12680	ko:K01665
eclc:ECR091_12690	ko:K01752
eclc:ECR091_12695	ko:K21090
eclc:ECR091_12705	ko:K02794
eclc:ECR091_12710	ko:K02795
eclc:ECR091_12715	ko:K02796
eclc:ECR091_12725	ko:K23242
eclc:ECR091_12730	ko:K00563
eclc:ECR091_12735	ko:K03587
eclc:ECR091_12740	ko:K03704
eclc:ECR091_12760	ko:K19333
eclc:ECR091_12765	ko:K08169
eclc:ECR091_12770	ko:K03799
eclc:ECR091_12775	ko:K03797
eclc:ECR091_12780	ko:K03607
eclc:ECR091_12785	ko:K08968
eclc:ECR091_12790	ko:K03808
eclc:ECR091_12795	ko:K06192
eclc:ECR091_12800	ko:K11392
eclc:ECR091_12810	ko:K07313
eclc:ECR091_12815	ko:K09824
eclc:ECR091_12825	ko:K07245
eclc:ECR091_12830	ko:K07156
eclc:ECR091_12835	ko:K02345
eclc:ECR091_12845	ko:K10857
eclc:ECR091_12850	ko:K01354
eclc:ECR091_12860	ko:K08289
eclc:ECR091_12885	ko:K11904
eclc:ECR091_12890	ko:K01625
eclc:ECR091_12895	ko:K01690
eclc:ECR091_12900	ko:K00036
eclc:ECR091_12905	ko:K19337
eclc:ECR091_12910	ko:K00873
eclc:ECR091_12915	ko:K02560
eclc:ECR091_12920	ko:K19304
eclc:ECR091_12925	ko:K09815
eclc:ECR091_12930	ko:K09817
eclc:ECR091_12935	ko:K09816
eclc:ECR091_12940	ko:K03551
eclc:ECR091_12945	ko:K03550
eclc:ECR091_12950	ko:K01159
eclc:ECR091_12960	ko:K08310
eclc:ECR091_12965	ko:K01876
eclc:ECR091_12980	ko:K07136
eclc:ECR091_12985	ko:K15256
eclc:ECR091_12990	ko:K15257
eclc:ECR091_12995	ko:K06201
eclc:ECR091_13000	ko:K09907
eclc:ECR091_13005	ko:K01887
eclc:ECR091_13020	ko:K15532
eclc:ECR091_13025	ko:K16210
eclc:ECR091_13030	ko:K03516
eclc:ECR091_13035	ko:K02400
eclc:ECR091_13040	ko:K02401
eclc:ECR091_13045	ko:K03414
eclc:ECR091_13050	ko:K03413
eclc:ECR091_13055	ko:K03412
eclc:ECR091_13060	ko:K00575
eclc:ECR091_13065	ko:K05877
eclc:ECR091_13070	ko:K05875
eclc:ECR091_13075	ko:K27078
eclc:ECR091_13080	ko:K07347
eclc:ECR091_13085	ko:K07346
eclc:ECR091_13090	ko:K27078
eclc:ECR091_13095	ko:K27078
eclc:ECR091_13105	ko:K03408
eclc:ECR091_13110	ko:K03407
eclc:ECR091_13115	ko:K02557
eclc:ECR091_13120	ko:K02556
eclc:ECR091_13125	ko:K02402
eclc:ECR091_13130	ko:K02403
eclc:ECR091_13135	ko:K14064
eclc:ECR091_13140	ko:K00697
eclc:ECR091_13145	ko:K01087
eclc:ECR091_13150	ko:K10538
eclc:ECR091_13155	ko:K10539
eclc:ECR091_13160	ko:K10537
eclc:ECR091_13170	ko:K02255
eclc:ECR091_13175	ko:K07792
eclc:ECR091_13205	ko:K02217
eclc:ECR091_13215	ko:K03834
eclc:ECR091_13220	ko:K07039
eclc:ECR091_13225	ko:K01999
eclc:ECR091_13230	ko:K01997
eclc:ECR091_13235	ko:K01998
eclc:ECR091_13240	ko:K01995
eclc:ECR091_13245	ko:K01996
eclc:ECR091_13255	ko:K03566
eclc:ECR091_13270	ko:K07483
eclc:ECR091_13285	ko:K07486
eclc:ECR091_13295	ko:K01426
eclc:ECR091_13315	ko:K07481
eclc:ECR091_13325	ko:K01153
eclc:ECR091_13335	ko:K07039
eclc:ECR091_13340	ko:K01154
eclc:ECR091_13345	ko:K03427
eclc:ECR091_13385	ko:K06946
eclc:ECR091_13425	ko:K14228
eclc:ECR091_13430	ko:K14222
eclc:ECR091_13435	ko:K14225
eclc:ECR091_13440	ko:K00995
eclc:ECR091_13445	ko:K03703
eclc:ECR091_13450	ko:K07689
eclc:ECR091_13460	ko:K07782
eclc:ECR091_13465	ko:K10010
eclc:ECR091_13470	ko:K10009
eclc:ECR091_13475	ko:K05396
eclc:ECR091_13480	ko:K02424
eclc:ECR091_13485	ko:K02425
eclc:ECR091_13490	ko:K02405
eclc:ECR091_13495	ko:K02406
eclc:ECR091_13505	ko:K02407
eclc:ECR091_13510	ko:K02422
eclc:ECR091_13515	ko:K02423
eclc:ECR091_13520	ko:K01176
eclc:ECR091_13530	ko:K02408
eclc:ECR091_13535	ko:K02409
eclc:ECR091_13540	ko:K02410
eclc:ECR091_13545	ko:K02411
eclc:ECR091_13550	ko:K02412
eclc:ECR091_13555	ko:K02413
eclc:ECR091_13560	ko:K02414
eclc:ECR091_13565	ko:K02415
eclc:ECR091_13570	ko:K02416
eclc:ECR091_13575	ko:K02417
eclc:ECR091_13580	ko:K02418
eclc:ECR091_13585	ko:K02419
eclc:ECR091_13590	ko:K02420
eclc:ECR091_13595	ko:K02421
eclc:ECR091_13600	ko:K07781
eclc:ECR091_13615	ko:K07026
eclc:ECR091_13620	ko:K21085
eclc:ECR091_13630	ko:K09781
eclc:ECR091_13640	ko:K07458
eclc:ECR091_13645	ko:K00558
eclc:ECR091_13650	ko:K06950
eclc:ECR091_13655	ko:K14062
eclc:ECR091_13660	ko:K07106
eclc:ECR091_13665	ko:K07701
eclc:ECR091_13670	ko:K07703
eclc:ECR091_13675	ko:K03734
eclc:ECR091_13680	ko:K28482
eclc:ECR091_13685	ko:K11106
eclc:ECR091_13690	ko:K01676
eclc:ECR091_13705	ko:K03288
eclc:ECR091_13710	ko:K02020
eclc:ECR091_13720	ko:K09933
eclc:ECR091_13730	ko:K03894
eclc:ECR091_13735	ko:K03896
eclc:ECR091_13740	ko:K03895
eclc:ECR091_13745	ko:K03897
eclc:ECR091_13750	ko:K02014
eclc:ECR091_13755	ko:K14220
eclc:ECR091_13760	ko:K13635
eclc:ECR091_13765	ko:K19338
eclc:ECR091_13775	ko:K14220
eclc:ECR091_13780	ko:K19236
eclc:ECR091_13790	ko:K11932
eclc:ECR091_13820	ko:K12973
eclc:ECR091_13825	ko:K08172
eclc:ECR091_13830	ko:K01241
eclc:ECR091_13835	ko:K01262
eclc:ECR091_13840	ko:K14220
eclc:ECR091_13845	ko:K26937
eclc:ECR091_13850	ko:K14220
eclc:ECR091_13855	ko:K09802
eclc:ECR091_13865	ko:K07470
eclc:ECR091_13875	ko:K01141
eclc:ECR091_13900	ko:K00765
eclc:ECR091_13905	ko:K00013
eclc:ECR091_13910	ko:K00817
eclc:ECR091_13915	ko:K01089
eclc:ECR091_13920	ko:K02501
eclc:ECR091_13925	ko:K01814
eclc:ECR091_13930	ko:K02500
eclc:ECR091_13935	ko:K11755
eclc:ECR091_13940	ko:K05789
eclc:ECR091_13945	ko:K08679
eclc:ECR091_13950	ko:K00012
eclc:ECR091_13955	ko:K00033
eclc:ECR091_13960	ko:K01790
eclc:ECR091_13965	ko:K00067
eclc:ECR091_13970	ko:K00973
eclc:ECR091_13975	ko:K01710
eclc:ECR091_14000	ko:K03980
eclc:ECR091_14020	ko:K01840
eclc:ECR091_14025	ko:K00971
eclc:ECR091_14030	ko:K00963
eclc:ECR091_14035	ko:K16711
eclc:ECR091_14040	ko:K16703
eclc:ECR091_14045	ko:K16710
eclc:ECR091_14050	ko:K16695
eclc:ECR091_14055	ko:K03606
eclc:ECR091_14060	ko:K01840
eclc:ECR091_14065	ko:K00971
eclc:ECR091_14070	ko:K03208
eclc:ECR091_14075	ko:K03207
eclc:ECR091_14080	ko:K02377
eclc:ECR091_14085	ko:K01711
eclc:ECR091_14090	ko:K03818
eclc:ECR091_14095	ko:K13683
eclc:ECR091_14100	ko:K13620
eclc:ECR091_14105	ko:K13684
eclc:ECR091_14110	ko:K03819
eclc:ECR091_14115	ko:K25875
eclc:ECR091_14120	ko:K16692
eclc:ECR091_14125	ko:K25307
eclc:ECR091_14130	ko:K01991
eclc:ECR091_14140	ko:K07289
eclc:ECR091_14145	ko:K01494
eclc:ECR091_14150	ko:K00876
eclc:ECR091_14155	ko:K21084
eclc:ECR091_14160	ko:K01247
eclc:ECR091_14165	ko:K04046
eclc:ECR091_14170	ko:K07799
eclc:ECR091_14175	ko:K07788
eclc:ECR091_14180	ko:K07789
eclc:ECR091_14185	ko:K18326
eclc:ECR091_14190	ko:K07642
eclc:ECR091_14195	ko:K07664
eclc:ECR091_14200	ko:K08303
eclc:ECR091_14220	ko:K11645
eclc:ECR091_14245	ko:K00941
eclc:ECR091_14250	ko:K00878
eclc:ECR091_14355	ko:K07497
eclc:ECR091_14360	ko:K07497
eclc:ECR091_14375	ko:K00836
eclc:ECR091_14380	ko:K13745
eclc:ECR091_14385	ko:K16692
eclc:ECR091_14390	ko:K25307
eclc:ECR091_14395	ko:K01991
eclc:ECR091_14400	ko:K23243
eclc:ECR091_14410	ko:K03593
eclc:ECR091_14415	ko:K01874
eclc:ECR091_14425	ko:K27883
eclc:ECR091_14430	ko:K27882
eclc:ECR091_14435	ko:K21089
eclc:ECR091_14445	ko:K05846
eclc:ECR091_14450	ko:K05847
eclc:ECR091_14455	ko:K05846
eclc:ECR091_14460	ko:K05845
eclc:ECR091_14465	ko:K05349
eclc:ECR091_14470	ko:K03777
eclc:ECR091_14480	ko:K07262
eclc:ECR091_14500	ko:K18139
eclc:ECR091_14510	ko:K05541
eclc:ECR091_14515	ko:K06518
eclc:ECR091_14525	ko:K01489
eclc:ECR091_14530	ko:K03748
eclc:ECR091_14535	ko:K10541
eclc:ECR091_14540	ko:K10542
eclc:ECR091_14545	ko:K10540
eclc:ECR091_14550	ko:K02529
eclc:ECR091_14555	ko:K07148
eclc:ECR091_14560	ko:K01495
eclc:ECR091_14570	ko:K01070
eclc:ECR091_14575	ko:K16089
eclc:ECR091_14580	ko:K11733
eclc:ECR091_14595	ko:K01151
eclc:ECR091_14600	ko:K02770
eclc:ECR091_14605	ko:K00882
eclc:ECR091_14610	ko:K11183
eclc:ECR091_14615	ko:K03291
eclc:ECR091_14620	ko:K06940
eclc:ECR091_14625	ko:K02356
eclc:ECR091_14630	ko:K01686
eclc:ECR091_14645	ko:K19803
eclc:ECR091_14650	ko:K13694
eclc:ECR091_14655	ko:K26148
eclc:ECR091_14660	ko:K13893
eclc:ECR091_14665	ko:K13894
eclc:ECR091_14670	ko:K13895
eclc:ECR091_14675	ko:K13896
eclc:ECR091_14685	ko:K07552
eclc:ECR091_14690	ko:K06183
eclc:ECR091_14695	ko:K19789
eclc:ECR091_14700	ko:K02897
eclc:ECR091_14705	ko:K06899
eclc:ECR091_14710	ko:K09904
eclc:ECR091_14715	ko:K07014
eclc:ECR091_14720	ko:K14232
eclc:ECR091_14730	ko:K08276
eclc:ECR091_14735	ko:K00116
eclc:ECR091_14740	ko:K03321
eclc:ECR091_14745	ko:K06213
eclc:ECR091_14750	ko:K06159
eclc:ECR091_14755	ko:K03919
eclc:ECR091_14760	ko:K10778
eclc:ECR091_14765	ko:K03734
eclc:ECR091_14770	ko:K09475
eclc:ECR091_14775	ko:K07676
eclc:ECR091_14780	ko:K07687
eclc:ECR091_14785	ko:K07677
eclc:ECR091_14790	ko:K02469
eclc:ECR091_14795	ko:K00568
eclc:ECR091_14800	ko:K00525
eclc:ECR091_14805	ko:K00526
eclc:ECR091_14810	ko:K11107
eclc:ECR091_14815	ko:K01126
eclc:ECR091_14820	ko:K02445
eclc:ECR091_14825	ko:K00111
eclc:ECR091_14830	ko:K00112
eclc:ECR091_14835	ko:K00113
eclc:ECR091_14850	ko:K07649
eclc:ECR091_14855	ko:K07774
eclc:ECR091_14860	ko:K07795
eclc:ECR091_14865	ko:K07794
eclc:ECR091_14870	ko:K07793
eclc:ECR091_14875	ko:K01911
eclc:ECR091_14880	ko:K02549
eclc:ECR091_14885	ko:K01661
eclc:ECR091_14890	ko:K08680
eclc:ECR091_14895	ko:K02551
eclc:ECR091_14900	ko:K02552
eclc:ECR091_14905	ko:K05594
eclc:ECR091_14910	ko:K02348
eclc:ECR091_14915	ko:K00784
eclc:ECR091_14920	ko:K03415
eclc:ECR091_14925	ko:K00343
eclc:ECR091_14930	ko:K00342
eclc:ECR091_14935	ko:K00341
eclc:ECR091_14940	ko:K00340
eclc:ECR091_14945	ko:K00339
eclc:ECR091_14950	ko:K00338
eclc:ECR091_14955	ko:K00337
eclc:ECR091_14960	ko:K00336
eclc:ECR091_14965	ko:K00335
eclc:ECR091_14970	ko:K00334
eclc:ECR091_14975	ko:K13378
eclc:ECR091_14980	ko:K00331
eclc:ECR091_14985	ko:K00330
eclc:ECR091_14995	ko:K14260
eclc:ECR091_15000	ko:K08722
eclc:ECR091_15010	ko:K19270
eclc:ECR091_15015	ko:K09161
eclc:ECR091_15020	ko:K09899
eclc:ECR091_15025	ko:K00925
eclc:ECR091_15030	ko:K13788
eclc:ECR091_15035	ko:K00615
eclc:ECR091_15040	ko:K00615
eclc:ECR091_15045	ko:K03475
eclc:ECR091_15050	ko:K02822
eclc:ECR091_15055	ko:K02821
eclc:ECR091_15070	ko:K07095
eclc:ECR091_15075	ko:K00799
eclc:ECR091_15080	ko:K11209
eclc:ECR091_15085	ko:K07589
eclc:ECR091_15090	ko:K07071
eclc:ECR091_15100	ko:K10017
eclc:ECR091_15105	ko:K10015
eclc:ECR091_15110	ko:K10016
eclc:ECR091_15115	ko:K10014
eclc:ECR091_15120	ko:K10013
eclc:ECR091_15125	ko:K03186
eclc:ECR091_15130	ko:K00764
eclc:ECR091_15135	ko:K03558
eclc:ECR091_15140	ko:K03749
eclc:ECR091_15145	ko:K11754
eclc:ECR091_15150	ko:K01963
eclc:ECR091_15155	ko:K03975
eclc:ECR091_15160	ko:K06173
eclc:ECR091_15170	ko:K03473
eclc:ECR091_15185	ko:K00647
eclc:ECR091_15190	ko:K15461
eclc:ECR091_15200	ko:K09906
eclc:ECR091_15205	ko:K07090
eclc:ECR091_15210	ko:K07261
eclc:ECR091_15215	ko:K01736
eclc:ECR091_15220	ko:K07320
eclc:ECR091_15230	ko:K08296
eclc:ECR091_15235	ko:K01782
eclc:ECR091_15240	ko:K00632
eclc:ECR091_15250	ko:K06076
eclc:ECR091_15255	ko:K04754
eclc:ECR091_15260	ko:K21990
eclc:ECR091_15265	ko:K14219
eclc:ECR091_15270	ko:K12974
eclc:ECR091_15275	ko:K14261
eclc:ECR091_15280	ko:K27884
eclc:ECR091_15285	ko:K27885
eclc:ECR091_15290	ko:K00845
eclc:ECR091_15295	ko:K03281
eclc:ECR091_15300	ko:K04103
eclc:ECR091_15305	ko:K19265
eclc:ECR091_15315	ko:K03322
eclc:ECR091_15320	ko:K11535
eclc:ECR091_15325	ko:K26149
eclc:ECR091_15330	ko:K14218
eclc:ECR091_15335	ko:K14218
eclc:ECR091_15350	ko:K01885
eclc:ECR091_15355	ko:K14237
eclc:ECR091_15360	ko:K14237
eclc:ECR091_15365	ko:K14237
eclc:ECR091_15370	ko:K14229
eclc:ECR091_15385	ko:K14347
eclc:ECR091_15390	ko:K09954
eclc:ECR091_15395	ko:K01972
eclc:ECR091_15400	ko:K03528
eclc:ECR091_15405	ko:K06203
eclc:ECR091_15410	ko:K01738
eclc:ECR091_15415	ko:K02784
eclc:ECR091_15420	ko:K08483
eclc:ECR091_15425	ko:K02777
eclc:ECR091_15430	ko:K00868
eclc:ECR091_15435	ko:K12339
eclc:ECR091_15440	ko:K02045
eclc:ECR091_15445	ko:K02047
eclc:ECR091_15450	ko:K02046
eclc:ECR091_15455	ko:K02048
eclc:ECR091_15460	ko:K07223
eclc:ECR091_15480	ko:K01448
eclc:ECR091_15485	ko:K00228
eclc:ECR091_15490	ko:K00029
eclc:ECR091_15495	ko:K00616
eclc:ECR091_15500	ko:K00615
eclc:ECR091_15510	ko:K12945
eclc:ECR091_15525	ko:K07674
eclc:ECR091_15530	ko:K18324
eclc:ECR091_15540	ko:K01439
eclc:ECR091_15550	ko:K06999
eclc:ECR091_15555	ko:K06957
eclc:ECR091_15560	ko:K07054
eclc:ECR091_15565	ko:K01923
eclc:ECR091_15570	ko:K07287
eclc:ECR091_15575	ko:K01714
eclc:ECR091_15580	ko:K03567
eclc:ECR091_15585	ko:K03564
eclc:ECR091_15590	ko:K03548
eclc:ECR091_15595	ko:K01423
eclc:ECR091_15600	ko:K00537
eclc:ECR091_15610	ko:K02761
eclc:ECR091_15615	ko:K01444
eclc:ECR091_15620	ko:K01255
eclc:ECR091_15625	ko:K10763
eclc:ECR091_15630	ko:K02824
eclc:ECR091_15635	ko:K00761
eclc:ECR091_15640	ko:K01223
eclc:ECR091_15650	ko:K01933
eclc:ECR091_15655	ko:K11175
eclc:ECR091_15660	ko:K00937
eclc:ECR091_15665	ko:K01524
eclc:ECR091_15695	ko:K02483
eclc:ECR091_15705	ko:K19587
eclc:ECR091_15710	ko:K19585
eclc:ECR091_15715	ko:K19586
eclc:ECR091_15720	ko:K05804
eclc:ECR091_15725	ko:K01951
eclc:ECR091_15730	ko:K00088
eclc:ECR091_15735	ko:K03601
eclc:ECR091_15755	ko:K03305
eclc:ECR091_15760	ko:K03977
eclc:ECR091_15765	ko:K17713
eclc:ECR091_15775	ko:K01892
eclc:ECR091_15780	ko:K03526
eclc:ECR091_15785	ko:K15539
eclc:ECR091_15790	ko:K06941
eclc:ECR091_15795	ko:K00940
eclc:ECR091_15820	ko:K05367
eclc:ECR091_15825	ko:K06894
eclc:ECR091_15830	ko:K02791
eclc:ECR091_15835	ko:K01232
eclc:ECR091_15840	ko:K01011
eclc:ECR091_15855	ko:K07751
eclc:ECR091_15865	ko:K04755
eclc:ECR091_15870	ko:K04044
eclc:ECR091_15875	ko:K04082
eclc:ECR091_15880	ko:K13628
eclc:ECR091_15885	ko:K04488
eclc:ECR091_15890	ko:K04487
eclc:ECR091_15895	ko:K13643
eclc:ECR091_15900	ko:K15396
eclc:ECR091_15905	ko:K01092
eclc:ECR091_15910	ko:K08970
eclc:ECR091_15925	ko:K05820
eclc:ECR091_15930	ko:K15977
eclc:ECR091_15935	ko:K00600
eclc:ECR091_15945	ko:K05916
eclc:ECR091_15950	ko:K04751
eclc:ECR091_15955	ko:K07715
eclc:ECR091_15965	ko:K07711
eclc:ECR091_15970	ko:K01952
eclc:ECR091_15975	ko:K18691
eclc:ECR091_15980	ko:K18697
eclc:ECR091_15985	ko:K02810
eclc:ECR091_15990	ko:K07106
eclc:ECR091_16005	ko:K00997
eclc:ECR091_16010	ko:K03474
eclc:ECR091_16015	ko:K03584
eclc:ECR091_16020	ko:K03595
eclc:ECR091_16025	ko:K03685
eclc:ECR091_16030	ko:K03100
eclc:ECR091_16035	ko:K03596
eclc:ECR091_16045	ko:K07496
eclc:ECR091_16050	ko:K02406
eclc:ECR091_16065	ko:K07483
eclc:ECR091_16070	ko:K07497
eclc:ECR091_16080	ko:K07483
eclc:ECR091_16090	ko:K07486
eclc:ECR091_16100	ko:K03803
eclc:ECR091_16105	ko:K03598
eclc:ECR091_16110	ko:K03597
eclc:ECR091_16115	ko:K03088
eclc:ECR091_16120	ko:K00278
eclc:ECR091_16125	ko:K15460
eclc:ECR091_16130	ko:K05590
eclc:ECR091_16135	ko:K06866
eclc:ECR091_16140	ko:K03648
eclc:ECR091_16145	ko:K03214
eclc:ECR091_16150	ko:K03672
eclc:ECR091_16155	ko:K05812
eclc:ECR091_16160	ko:K09181
eclc:ECR091_16165	ko:K00998
eclc:ECR091_16170	ko:K05811
eclc:ECR091_16175	ko:K03761
eclc:ECR091_16185	ko:K01985
eclc:ECR091_16190	ko:K01980
eclc:ECR091_16195	ko:K14224
eclc:ECR091_16200	ko:K01977
eclc:ECR091_16205	ko:K03695
eclc:ECR091_16210	ko:K05810
eclc:ECR091_16215	ko:K06180
eclc:ECR091_16220	ko:K05807
eclc:ECR091_16225	ko:K05809
eclc:ECR091_16230	ko:K14170
eclc:ECR091_16260	ko:K14187
eclc:ECR091_16265	ko:K01626
eclc:ECR091_16275	ko:K21021
eclc:ECR091_16295	ko:K02884
eclc:ECR091_16300	ko:K00554
eclc:ECR091_16305	ko:K02860
eclc:ECR091_16310	ko:K02959
eclc:ECR091_16315	ko:K03106
eclc:ECR091_16325	ko:K03699
eclc:ECR091_16330	ko:K03687
eclc:ECR091_16335	ko:K00858
eclc:ECR091_16340	ko:K03631
eclc:ECR091_16345	ko:K06186
eclc:ECR091_16350	ko:K09801
eclc:ECR091_16360	ko:K03664
eclc:ECR091_16385	ko:K07733
eclc:ECR091_16395	ko:K07459
eclc:ECR091_16405	ko:K03424
eclc:ECR091_16425	ko:K06946
eclc:ECR091_16465	ko:K03630
eclc:ECR091_16475	ko:K18838
eclc:ECR091_16485	ko:K07497
eclc:ECR091_16490	ko:K07483
eclc:ECR091_16500	ko:K06901
eclc:ECR091_16515	ko:K06867
eclc:ECR091_16540	ko:K11685
eclc:ECR091_16545	ko:K28156
eclc:ECR091_16560	ko:K06191
eclc:ECR091_16565	ko:K03647
eclc:ECR091_16570	ko:K00525
eclc:ECR091_16575	ko:K00526
eclc:ECR091_16580	ko:K02000
eclc:ECR091_16585	ko:K02001
eclc:ECR091_16590	ko:K02002
eclc:ECR091_16600	ko:K15974
eclc:ECR091_16605	ko:K03543
eclc:ECR091_16610	ko:K03446
eclc:ECR091_16620	ko:K07173
eclc:ECR091_16625	ko:K01919
eclc:ECR091_16640	ko:K14219
eclc:ECR091_16645	ko:K14219
eclc:ECR091_16650	ko:K14219
eclc:ECR091_16655	ko:K14219
eclc:ECR091_16660	ko:K14233
eclc:ECR091_16665	ko:K03563
eclc:ECR091_16670	ko:K01872
eclc:ECR091_16675	ko:K03565
eclc:ECR091_16680	ko:K03553
eclc:ECR091_16685	ko:K03743
eclc:ECR091_16690	ko:K02077
eclc:ECR091_16695	ko:K02075
eclc:ECR091_16700	ko:K02074
eclc:ECR091_16710	ko:K08305
eclc:ECR091_16715	ko:K02783
eclc:ECR091_16720	ko:K02782
eclc:ECR091_16725	ko:K02781
eclc:ECR091_16730	ko:K00068
eclc:ECR091_16735	ko:K02466
eclc:ECR091_16740	ko:K02468
eclc:ECR091_16745	ko:K02467
eclc:ECR091_16750	ko:K12266
eclc:ECR091_16755	ko:K12264
eclc:ECR091_16760	ko:K12265
eclc:ECR091_16765	ko:K07241
eclc:ECR091_16770	ko:K04656
eclc:ECR091_16775	ko:K05796
eclc:ECR091_16780	ko:K03487
eclc:ECR091_16785	ko:K02753
eclc:ECR091_16790	ko:K01223
eclc:ECR091_16795	ko:K08315
eclc:ECR091_16800	ko:K15834
eclc:ECR091_16805	ko:K15832
eclc:ECR091_16810	ko:K15831
eclc:ECR091_16815	ko:K15830
eclc:ECR091_16820	ko:K15829
eclc:ECR091_16825	ko:K15828
eclc:ECR091_16830	ko:K15827
eclc:ECR091_16835	ko:K15833
eclc:ECR091_16840	ko:K04651
eclc:ECR091_16845	ko:K04652
eclc:ECR091_16850	ko:K04653
eclc:ECR091_16855	ko:K04654
eclc:ECR091_16860	ko:K04655
eclc:ECR091_16865	ko:K15836
eclc:ECR091_16875	ko:K19048
eclc:ECR091_16880	ko:K03555
eclc:ECR091_16885	ko:K21759
eclc:ECR091_16890	ko:K01612
eclc:ECR091_16895	ko:K03186
eclc:ECR091_16900	ko:K22489
eclc:ECR091_16920	ko:K03087
eclc:ECR091_16925	ko:K06194
eclc:ECR091_16930	ko:K00573
eclc:ECR091_16935	ko:K03787
eclc:ECR091_16940	ko:K06176
eclc:ECR091_16945	ko:K01770
eclc:ECR091_16950	ko:K00991
eclc:ECR091_16955	ko:K05589
eclc:ECR091_16965	ko:K00860
eclc:ECR091_16970	ko:K00956
eclc:ECR091_16975	ko:K00957
eclc:ECR091_16980	ko:K02302
eclc:ECR091_16985	ko:K09612
eclc:ECR091_16990	ko:K00390
eclc:ECR091_16995	ko:K00381
eclc:ECR091_17000	ko:K00380
eclc:ECR091_17005	ko:K01737
eclc:ECR091_17015	ko:K01451
eclc:ECR091_17020	ko:K08170
eclc:ECR091_17025	ko:K10026
eclc:ECR091_17030	ko:K01788
eclc:ECR091_17035	ko:K02791
eclc:ECR091_17045	ko:K01689
eclc:ECR091_17050	ko:K01937
eclc:ECR091_17055	ko:K04765
eclc:ECR091_17060	ko:K00951
eclc:ECR091_17065	ko:K03215
eclc:ECR091_17070	ko:K07678
eclc:ECR091_17080	ko:K00865
eclc:ECR091_17085	ko:K01706
eclc:ECR091_17090	ko:K13918
eclc:ECR091_17095	ko:K03535
eclc:ECR091_17110	ko:K06175
eclc:ECR091_17120	ko:K15723
eclc:ECR091_17125	ko:K06879
eclc:ECR091_17130	ko:K06966
eclc:ECR091_17135	ko:K03837
eclc:ECR091_17140	ko:K01752
eclc:ECR091_17145	ko:K01146
eclc:ECR091_17150	ko:K06968
eclc:ECR091_17160	ko:K03566
eclc:ECR091_17170	ko:K01766
eclc:ECR091_17175	ko:K02426
eclc:ECR091_17180	ko:K22132
eclc:ECR091_17185	ko:K08304
eclc:ECR091_17190	ko:K14230
eclc:ECR091_17195	ko:K14230
eclc:ECR091_17200	ko:K14230
eclc:ECR091_17205	ko:K01448
eclc:ECR091_17210	ko:K14682
eclc:ECR091_17215	ko:K03581
eclc:ECR091_17220	ko:K03582
eclc:ECR091_17225	ko:K01407
eclc:ECR091_17230	ko:K03583
eclc:ECR091_17235	ko:K02681
eclc:ECR091_17245	ko:K02680
eclc:ECR091_17250	ko:K02679
eclc:ECR091_17255	ko:K00560
eclc:ECR091_17260	ko:K13292
eclc:ECR091_17265	ko:K08484
eclc:ECR091_17270	ko:K08311
eclc:ECR091_17275	ko:K03573
eclc:ECR091_17290	ko:K08227
eclc:ECR091_17295	ko:K05939
eclc:ECR091_17300	ko:K02529
eclc:ECR091_17310	ko:K13637
eclc:ECR091_17315	ko:K01223
eclc:ECR091_17320	ko:K02761
eclc:ECR091_17330	ko:K01586
eclc:ECR091_17340	ko:K25316
eclc:ECR091_17345	ko:K26933
eclc:ECR091_17355	ko:K10193
eclc:ECR091_17360	ko:K10194
eclc:ECR091_17365	ko:K10195
eclc:ECR091_17370	ko:K10192
eclc:ECR091_17375	ko:K02100
eclc:ECR091_17380	ko:K00065
eclc:ECR091_17385	ko:K01815
eclc:ECR091_17390	ko:K01730
eclc:ECR091_17400	ko:K22110
eclc:ECR091_17405	ko:K00626
eclc:ECR091_17425	ko:K06975
eclc:ECR091_17435	ko:K06884
eclc:ECR091_17450	ko:K07217
eclc:ECR091_17455	ko:K00425
eclc:ECR091_17460	ko:K00426
eclc:ECR091_17465	ko:K05343
eclc:ECR091_17500	ko:K25227
eclc:ECR091_17510	ko:K03286
eclc:ECR091_17520	ko:K06076
eclc:ECR091_17565	ko:K00209
eclc:ECR091_17645	ko:K14225
eclc:ECR091_17650	ko:K12943
eclc:ECR091_17655	ko:K01823
eclc:ECR091_17660	ko:K04567
eclc:ECR091_17665	ko:K02836
eclc:ECR091_17675	ko:K07462
eclc:ECR091_17680	ko:K03981
eclc:ECR091_17685	ko:K04763
eclc:ECR091_17690	ko:K03840
eclc:ECR091_17695	ko:K19168
eclc:ECR091_17700	ko:K09159
eclc:ECR091_17705	ko:K06980
eclc:ECR091_17710	ko:K11068
eclc:ECR091_17720	ko:K01223
eclc:ECR091_17730	ko:K08344
eclc:ECR091_17750	ko:K00281
eclc:ECR091_17755	ko:K02437
eclc:ECR091_17760	ko:K00605
eclc:ECR091_17765	ko:K18800
eclc:ECR091_17770	ko:K03185
eclc:ECR091_17775	ko:K01262
eclc:ECR091_17780	ko:K09895
eclc:ECR091_17785	ko:K09888
eclc:ECR091_17790	ko:K01934
eclc:ECR091_17795	ko:K00058
eclc:ECR091_17800	ko:K01807
eclc:ECR091_17805	ko:K05596
eclc:ECR091_17810	ko:K09807
eclc:ECR091_17815	ko:K06895
eclc:ECR091_17820	ko:K03442
eclc:ECR091_17825	ko:K01624
eclc:ECR091_17830	ko:K00927
eclc:ECR091_17835	ko:K03472
eclc:ECR091_17840	ko:K02173
eclc:ECR091_17845	ko:K01774
eclc:ECR091_17850	ko:K02446
eclc:ECR091_17855	ko:K19956
eclc:ECR091_17860	ko:K02800
eclc:ECR091_17865	ko:K02798
eclc:ECR091_17870	ko:K00615
eclc:ECR091_17875	ko:K07387
eclc:ECR091_17880	ko:K01652
eclc:ECR091_17890	ko:K06989
eclc:ECR091_17915	ko:K00529
eclc:ECR091_17950	ko:K01480
eclc:ECR091_17955	ko:K01585
eclc:ECR091_17960	ko:K00789
eclc:ECR091_17965	ko:K08137
eclc:ECR091_17970	ko:K02742
eclc:ECR091_17975	ko:K01150
eclc:ECR091_17980	ko:K09761
eclc:ECR091_17985	ko:K01920
eclc:ECR091_17990	ko:K07735
eclc:ECR091_17995	ko:K07447
eclc:ECR091_18000	ko:K02669
eclc:ECR091_18005	ko:K06997
eclc:ECR091_18010	ko:K02221
eclc:ECR091_18015	ko:K09131
eclc:ECR091_18020	ko:K01519
eclc:ECR091_18040	ko:K09923
eclc:ECR091_18045	ko:K03439
eclc:ECR091_18050	ko:K03575
eclc:ECR091_18060	ko:K08306
eclc:ECR091_18065	ko:K03289
eclc:ECR091_18070	ko:K05966
eclc:ECR091_18075	ko:K05964
eclc:ECR091_18080	ko:K01643
eclc:ECR091_18085	ko:K01644
eclc:ECR091_18090	ko:K01646
eclc:ECR091_18095	ko:K01910
eclc:ECR091_18110	ko:K07700
eclc:ECR091_18115	ko:K07702
eclc:ECR091_18120	ko:K01581
eclc:ECR091_18125	ko:K07150
eclc:ECR091_18130	ko:K14231
eclc:ECR091_18175	ko:K11935
eclc:ECR091_18180	ko:K11931
eclc:ECR091_18185	ko:K11936
eclc:ECR091_18190	ko:K11937
eclc:ECR091_18195	ko:K01460
eclc:ECR091_18200	ko:K11209
eclc:ECR091_18205	ko:K02430
eclc:ECR091_18210	ko:K03406
eclc:ECR091_18220	ko:K19265
eclc:ECR091_18245	ko:K03559
eclc:ECR091_18250	ko:K03561
eclc:ECR091_18255	ko:K01760
eclc:ECR091_18270	ko:K08325
eclc:ECR091_18275	ko:K06221
eclc:ECR091_18295	ko:K07497
eclc:ECR091_18300	ko:K07483
eclc:ECR091_18310	ko:K15773
eclc:ECR091_18315	ko:K16137
eclc:ECR091_18320	ko:K19745
eclc:ECR091_18325	ko:K07480
eclc:ECR091_18330	ko:K23239
eclc:ECR091_18335	ko:K00121
eclc:ECR091_18345	ko:K01070
eclc:ECR091_18355	ko:K07497
eclc:ECR091_18360	ko:K23239
eclc:ECR091_18365	ko:K03701
eclc:ECR091_18375	ko:K00148
eclc:ECR091_18415	ko:K10680
eclc:ECR091_18425	ko:K07483
eclc:ECR091_18460	ko:K04753
eclc:ECR091_18465	ko:K00655
eclc:ECR091_18470	ko:K02621
eclc:ECR091_18480	ko:K07666
eclc:ECR091_18485	ko:K07645
eclc:ECR091_18490	ko:K03923
eclc:ECR091_18510	ko:K18581
eclc:ECR091_18515	ko:K02532
eclc:ECR091_18535	ko:K02016
eclc:ECR091_18540	ko:K02015
eclc:ECR091_18545	ko:K02015
eclc:ECR091_18550	ko:K02013
eclc:ECR091_18555	ko:K02014
eclc:ECR091_18560	ko:K02622
eclc:ECR091_18565	ko:K07000
eclc:ECR091_18570	ko:K03651
eclc:ECR091_18575	ko:K09920
eclc:ECR091_18580	ko:K01515
eclc:ECR091_18585	ko:K12340
eclc:ECR091_18600	ko:K15777
eclc:ECR091_18605	ko:K07238
eclc:ECR091_18630	ko:K02858
eclc:ECR091_18635	ko:K09806
eclc:ECR091_18640	ko:K03272
eclc:ECR091_18645	ko:K00982
eclc:ECR091_18650	ko:K18446
eclc:ECR091_18655	ko:K07184
eclc:ECR091_18660	ko:K00974
eclc:ECR091_18665	ko:K06153
eclc:ECR091_18670	ko:K01633
eclc:ECR091_18675	ko:K08591
eclc:ECR091_18685	ko:K03190
eclc:ECR091_18690	ko:K01430
eclc:ECR091_18695	ko:K01429
eclc:ECR091_18700	ko:K01428
eclc:ECR091_18705	ko:K03187
eclc:ECR091_18710	ko:K03192
eclc:ECR091_18715	ko:K03188
eclc:ECR091_18720	ko:K03189
eclc:ECR091_18725	ko:K25706
eclc:ECR091_18730	ko:K02970
eclc:ECR091_18735	ko:K02316
eclc:ECR091_18740	ko:K03086
eclc:ECR091_18745	ko:K03649
eclc:ECR091_18750	ko:K14230
eclc:ECR091_18780	ko:K07229
eclc:ECR091_18790	ko:K05875
eclc:ECR091_18795	ko:K03776
eclc:ECR091_18800	ko:K09251
eclc:ECR091_18815	ko:K11530
eclc:ECR091_18820	ko:K08321
eclc:ECR091_18825	ko:K10555
eclc:ECR091_18830	ko:K10557
eclc:ECR091_18835	ko:K10556
eclc:ECR091_18840	ko:K10558
eclc:ECR091_18845	ko:K11531
eclc:ECR091_18850	ko:K11216
eclc:ECR091_18855	ko:K00219
eclc:ECR091_18860	ko:K11391
eclc:ECR091_18865	ko:K07043
eclc:ECR091_18880	ko:K07862
eclc:ECR091_18885	ko:K01685
eclc:ECR091_18890	ko:K01812
eclc:ECR091_18895	ko:K08191
eclc:ECR091_18900	ko:K19775
eclc:ECR091_18910	ko:K25864
eclc:ECR091_18935	ko:K15977
eclc:ECR091_18960	ko:K07481
eclc:ECR091_19015	ko:K07393
eclc:ECR091_19035	ko:K26607
eclc:ECR091_19040	ko:K26604
eclc:ECR091_19050	ko:K00656
eclc:ECR091_19055	ko:K00932
eclc:ECR091_19060	ko:K03838
eclc:ECR091_19065	ko:K01754
eclc:ECR091_19070	ko:K07592
eclc:ECR091_19075	ko:K00865
eclc:ECR091_19080	ko:K00042
eclc:ECR091_19085	ko:K01630
eclc:ECR091_19090	ko:K01708
eclc:ECR091_19095	ko:K02081
eclc:ECR091_19100	ko:K16371
eclc:ECR091_19105	ko:K02745
eclc:ECR091_19110	ko:K02746
eclc:ECR091_19115	ko:K02747
eclc:ECR091_19120	ko:K02744
eclc:ECR091_19125	ko:K02079
eclc:ECR091_19130	ko:K02082
eclc:ECR091_19135	ko:K08302
eclc:ECR091_19140	ko:K02791
eclc:ECR091_19145	ko:K14155
eclc:ECR091_19155	ko:K07056
eclc:ECR091_19160	ko:K07121
eclc:ECR091_19165	ko:K07460
eclc:ECR091_19170	ko:K12961
eclc:ECR091_19175	ko:K28369
eclc:ECR091_19180	ko:K07089
eclc:ECR091_19190	ko:K05520
eclc:ECR091_19195	ko:K09979
eclc:ECR091_19200	ko:K07461
eclc:ECR091_19205	ko:K03824
eclc:ECR091_19210	ko:K24843
eclc:ECR091_19215	ko:K24844
eclc:ECR091_19220	ko:K24845
eclc:ECR091_19235	ko:K03835
eclc:ECR091_19240	ko:K05592
eclc:ECR091_19245	ko:K05803
eclc:ECR091_19250	ko:K00962
eclc:ECR091_19255	ko:K02956
eclc:ECR091_19260	ko:K03177
eclc:ECR091_19265	ko:K02834
eclc:ECR091_19270	ko:K02519
eclc:ECR091_19275	ko:K02600
eclc:ECR091_19280	ko:K09748
eclc:ECR091_19285	ko:K14230
eclc:ECR091_19290	ko:K01940
eclc:ECR091_19295	ko:K14228
eclc:ECR091_19300	ko:K03075
eclc:ECR091_19305	ko:K03431
eclc:ECR091_19310	ko:K00796
eclc:ECR091_19315	ko:K03798
eclc:ECR091_19320	ko:K02427
eclc:ECR091_19325	ko:K07574
eclc:ECR091_19330	ko:K03624
eclc:ECR091_19335	ko:K07259
eclc:ECR091_19340	ko:K07771
eclc:ECR091_19345	ko:K07643
eclc:ECR091_19350	ko:K03979
eclc:ECR091_19360	ko:K02899
eclc:ECR091_19365	ko:K02888
eclc:ECR091_19370	ko:K02523
eclc:ECR091_19375	ko:K07724
eclc:ECR091_19380	ko:K00790
eclc:ECR091_19390	ko:K07122
eclc:ECR091_19395	ko:K07323
eclc:ECR091_19400	ko:K02067
eclc:ECR091_19405	ko:K02066
eclc:ECR091_19410	ko:K02065
eclc:ECR091_19415	ko:K07301
eclc:ECR091_19420	ko:K06041
eclc:ECR091_19425	ko:K03270
eclc:ECR091_19430	ko:K11719
eclc:ECR091_19435	ko:K09774
eclc:ECR091_19440	ko:K06861
eclc:ECR091_19445	ko:K03092
eclc:ECR091_19450	ko:K05808
eclc:ECR091_19455	ko:K02806
eclc:ECR091_19460	ko:K06958
eclc:ECR091_19465	ko:K08485
eclc:ECR091_19470	ko:K03814
eclc:ECR091_19480	ko:K07648
eclc:ECR091_19485	ko:K11720
eclc:ECR091_19490	ko:K07091
eclc:ECR091_19495	ko:K01255
eclc:ECR091_19500	ko:K02339
eclc:ECR091_19505	ko:K01873
eclc:ECR091_19510	ko:K03828
eclc:ECR091_19515	ko:K12957
eclc:ECR091_19520	ko:K28825
eclc:ECR091_19525	ko:K06915
eclc:ECR091_19530	ko:K07139
eclc:ECR091_19540	ko:K00265
eclc:ECR091_19545	ko:K00266
eclc:ECR091_19550	ko:K10974
eclc:ECR091_19555	ko:K01485
eclc:ECR091_19590	ko:K03600
eclc:ECR091_19595	ko:K03599
eclc:ECR091_19600	ko:K02996
eclc:ECR091_19605	ko:K02871
eclc:ECR091_19610	ko:K06916
eclc:ECR091_19615	ko:K09908
eclc:ECR091_19620	ko:K04772
eclc:ECR091_19625	ko:K04691
eclc:ECR091_19630	ko:K00024
eclc:ECR091_19635	ko:K03402
eclc:ECR091_19645	ko:K03623
eclc:ECR091_19650	ko:K00135
eclc:ECR091_19655	ko:K03468
eclc:ECR091_19660	ko:K15548
eclc:ECR091_19665	ko:K21695
eclc:ECR091_19670	ko:K21698
eclc:ECR091_19675	ko:K03568
eclc:ECR091_19685	ko:K08301
eclc:ECR091_19690	ko:K06287
eclc:ECR091_19695	ko:K03571
eclc:ECR091_19700	ko:K03570
eclc:ECR091_19705	ko:K03569
eclc:ECR091_19710	ko:K18765
eclc:ECR091_19715	ko:K19745
eclc:ECR091_19720	ko:K07147
eclc:ECR091_19725	ko:K17247
eclc:ECR091_19730	ko:K03786
eclc:ECR091_19735	ko:K02160
eclc:ECR091_19740	ko:K01961
eclc:ECR091_19750	ko:K14392
eclc:ECR091_19755	ko:K02687
eclc:ECR091_19760	ko:K01674
eclc:ECR091_19765	ko:K05540
eclc:ECR091_19770	ko:K03557
eclc:ECR091_19785	ko:K18140
eclc:ECR091_19790	ko:K18141
eclc:ECR091_19795	ko:K18142
eclc:ECR091_19805	ko:K01985
eclc:ECR091_19810	ko:K14234
eclc:ECR091_19815	ko:K01985
eclc:ECR091_19820	ko:K01980
eclc:ECR091_19825	ko:K14224
eclc:ECR091_19830	ko:K01977
eclc:ECR091_19850	ko:K00014
eclc:ECR091_19855	ko:K07566
eclc:ECR091_19860	ko:K07479
eclc:ECR091_19865	ko:K03747
eclc:ECR091_19870	ko:K04096
eclc:ECR091_19875	ko:K01462
eclc:ECR091_19880	ko:K00604
eclc:ECR091_19885	ko:K03500
eclc:ECR091_19890	ko:K03499
eclc:ECR091_19895	ko:K03282
eclc:ECR091_19900	ko:K09890
eclc:ECR091_19905	ko:K13638
eclc:ECR091_19915	ko:K02879
eclc:ECR091_19920	ko:K03040
eclc:ECR091_19925	ko:K02986
eclc:ECR091_19930	ko:K02948
eclc:ECR091_19935	ko:K02952
eclc:ECR091_19940	ko:K02919
eclc:ECR091_19945	ko:K03076
eclc:ECR091_19950	ko:K02876
eclc:ECR091_19955	ko:K02907
eclc:ECR091_19960	ko:K02988
eclc:ECR091_19965	ko:K02881
eclc:ECR091_19970	ko:K02933
eclc:ECR091_19975	ko:K02994
eclc:ECR091_19980	ko:K02954
eclc:ECR091_19985	ko:K02931
eclc:ECR091_19990	ko:K02895
eclc:ECR091_19995	ko:K02874
eclc:ECR091_20000	ko:K02961
eclc:ECR091_20005	ko:K02904
eclc:ECR091_20010	ko:K02878
eclc:ECR091_20015	ko:K02982
eclc:ECR091_20020	ko:K02890
eclc:ECR091_20025	ko:K02965
eclc:ECR091_20030	ko:K02886
eclc:ECR091_20035	ko:K02892
eclc:ECR091_20040	ko:K02926
eclc:ECR091_20045	ko:K02906
eclc:ECR091_20050	ko:K02946
eclc:ECR091_20055	ko:K02506
eclc:ECR091_20060	ko:K03594
eclc:ECR091_20065	ko:K02192
eclc:ECR091_20070	ko:K02358
eclc:ECR091_20075	ko:K02355
eclc:ECR091_20080	ko:K02992
eclc:ECR091_20085	ko:K02950
eclc:ECR091_20090	ko:K07237
eclc:ECR091_20095	ko:K07236
eclc:ECR091_20100	ko:K07235
eclc:ECR091_20110	ko:K03772
eclc:ECR091_20115	ko:K03745
eclc:ECR091_20120	ko:K03775
eclc:ECR091_20125	ko:K07070
eclc:ECR091_20130	ko:K11747
eclc:ECR091_20135	ko:K11748
eclc:ECR091_20140	ko:K06158
eclc:ECR091_20145	ko:K13928
eclc:ECR091_20150	ko:K13935
eclc:ECR091_20155	ko:K13934
eclc:ECR091_20160	ko:K13936
eclc:ECR091_20165	ko:K13933
eclc:ECR091_20170	ko:K13932
eclc:ECR091_20175	ko:K13931
eclc:ECR091_20180	ko:K13930
eclc:ECR091_20185	ko:K13929
eclc:ECR091_20190	ko:K07019
eclc:ECR091_20195	ko:K09898
eclc:ECR091_20200	ko:K28462
eclc:ECR091_20205	ko:K07397
eclc:ECR091_20210	ko:K10914
eclc:ECR091_20220	ko:K00821
eclc:ECR091_20225	ko:K01664
eclc:ECR091_20230	ko:K04095
eclc:ECR091_20235	ko:K03767
eclc:ECR091_20245	ko:K06141
eclc:ECR091_20250	ko:K00362
eclc:ECR091_20255	ko:K00363
eclc:ECR091_20260	ko:K02302
eclc:ECR091_20270	ko:K01867
eclc:ECR091_20275	ko:K01091
eclc:ECR091_20280	ko:K01783
eclc:ECR091_20285	ko:K06223
eclc:ECR091_20290	ko:K03112
eclc:ECR091_20295	ko:K01735
eclc:ECR091_20300	ko:K00891
eclc:ECR091_20310	ko:K02507
eclc:ECR091_20315	ko:K12290
eclc:ECR091_20320	ko:K12289
eclc:ECR091_20325	ko:K12288
eclc:ECR091_20330	ko:K05366
eclc:ECR091_20335	ko:K08312
eclc:ECR091_20350	ko:K20881
eclc:ECR091_20355	ko:K04762
eclc:ECR091_20360	ko:K04083
eclc:ECR091_20370	ko:K01610
eclc:ECR091_20375	ko:K07638
eclc:ECR091_20380	ko:K07659
eclc:ECR091_20385	ko:K04760
eclc:ECR091_20390	ko:K06959
eclc:ECR091_20395	ko:K04758
eclc:ECR091_20400	ko:K04759
eclc:ECR091_20405	ko:K07490
eclc:ECR091_20410	ko:K02170
eclc:ECR091_20420	ko:K07400
eclc:ECR091_20425	ko:K06155
eclc:ECR091_20430	ko:K00705
eclc:ECR091_20435	ko:K00688
eclc:ECR091_20440	ko:K03556
eclc:ECR091_20445	ko:K02444
eclc:ECR091_20450	ko:K02441
eclc:ECR091_20455	ko:K02439
eclc:ECR091_20460	ko:K00111
eclc:ECR091_20465	ko:K00688
eclc:ECR091_20470	ko:K00703
eclc:ECR091_20475	ko:K00975
eclc:ECR091_20480	ko:K02438
eclc:ECR091_20485	ko:K00700
eclc:ECR091_20490	ko:K00133
eclc:ECR091_20500	ko:K06156
eclc:ECR091_20505	ko:K00851
eclc:ECR091_20510	ko:K06145
eclc:ECR091_20515	ko:K06911
eclc:ECR091_20525	ko:K03825
eclc:ECR091_20530	ko:K00681
eclc:ECR091_20540	ko:K01126
eclc:ECR091_20545	ko:K05816
eclc:ECR091_20550	ko:K05815
eclc:ECR091_20555	ko:K05814
eclc:ECR091_20560	ko:K05813
eclc:ECR091_20565	ko:K01996
eclc:ECR091_20570	ko:K01995
eclc:ECR091_20575	ko:K01998
eclc:ECR091_20580	ko:K01997
eclc:ECR091_20585	ko:K01999
eclc:ECR091_20595	ko:K01999
eclc:ECR091_20600	ko:K00823
eclc:ECR091_20605	ko:K03089
eclc:ECR091_20610	ko:K09811
eclc:ECR091_20615	ko:K09812
eclc:ECR091_20620	ko:K03110
eclc:ECR091_20625	ko:K08316
eclc:ECR091_20630	ko:K08993
eclc:ECR091_20645	ko:K01534
eclc:ECR091_20650	ko:K11690
eclc:ECR091_20655	ko:K11689
eclc:ECR091_20660	ko:K11688
eclc:ECR091_20665	ko:K04085
eclc:ECR091_20670	ko:K09125
eclc:ECR091_20675	ko:K27311
eclc:ECR091_20700	ko:K02078
eclc:ECR091_20705	ko:K02078
eclc:ECR091_20730	ko:K07107
eclc:ECR091_20750	ko:K00647
eclc:ECR091_20760	ko:K00059
eclc:ECR091_20765	ko:K09458
eclc:ECR091_20770	ko:K06133
eclc:ECR091_20775	ko:K13727
eclc:ECR091_20800	ko:K05794
eclc:ECR091_20805	ko:K13021
eclc:ECR091_20820	ko:K00058
eclc:ECR091_20830	ko:K16322
eclc:ECR091_20835	ko:K06144
eclc:ECR091_20840	ko:K06149
eclc:ECR091_20845	ko:K15984
eclc:ECR091_20850	ko:K01414
eclc:ECR091_20855	ko:K07115
eclc:ECR091_20860	ko:K00383
eclc:ECR091_20865	ko:K01194
eclc:ECR091_20880	ko:K01185
eclc:ECR091_20900	ko:K07058
eclc:ECR091_20910	ko:K07290
eclc:ECR091_20915	ko:K21086
eclc:ECR091_20920	ko:K00874
eclc:ECR091_20930	ko:K11103
eclc:ECR091_20935	ko:K26149
eclc:ECR091_20940	ko:K20543
eclc:ECR091_20945	ko:K20542
eclc:ECR091_20950	ko:K20541
eclc:ECR091_20955	ko:K00694
eclc:ECR091_20985	ko:K03524
eclc:ECR091_20990	ko:K00075
eclc:ECR091_20995	ko:K01985
eclc:ECR091_21000	ko:K01980
eclc:ECR091_21005	ko:K14218
eclc:ECR091_21010	ko:K14227
eclc:ECR091_21015	ko:K01977
eclc:ECR091_21020	ko:K00230
eclc:ECR091_21025	ko:K03498
eclc:ECR091_21035	ko:K01271
eclc:ECR091_21040	ko:K01825
eclc:ECR091_21045	ko:K00632
eclc:ECR091_21050	ko:K01879
eclc:ECR091_21055	ko:K01878
eclc:ECR091_21070	ko:K00854
eclc:ECR091_21075	ko:K01805
eclc:ECR091_21080	ko:K10543
eclc:ECR091_21085	ko:K10545
eclc:ECR091_21090	ko:K10544
eclc:ECR091_21095	ko:K02529
eclc:ECR091_21100	ko:K03796
eclc:ECR091_21105	ko:K01176
eclc:ECR091_21110	ko:K00835
eclc:ECR091_21120	ko:K21602
eclc:ECR091_21125	ko:K08092
eclc:ECR091_21145	ko:K00880
eclc:ECR091_21150	ko:K03078
eclc:ECR091_21155	ko:K03079
eclc:ECR091_21160	ko:K03077
eclc:ECR091_21175	ko:K09955
eclc:ECR091_21180	ko:K00138
eclc:ECR091_21185	ko:K18673
eclc:ECR091_21190	ko:K03833
eclc:ECR091_21195	ko:K01042
eclc:ECR091_21205	ko:K02800
eclc:ECR091_21210	ko:K00009
eclc:ECR091_21215	ko:K02562
eclc:ECR091_21220	ko:K14762
eclc:ECR091_21225	ko:K07345
eclc:ECR091_21230	ko:K07347
eclc:ECR091_21235	ko:K07346
eclc:ECR091_21240	ko:K07345
eclc:ECR091_21245	ko:K00427
eclc:ECR091_21250	ko:K14348
eclc:ECR091_21255	ko:K29125
eclc:ECR091_21260	ko:K08195
eclc:ECR091_21265	ko:K03216
eclc:ECR091_21270	ko:K00053
eclc:ECR091_21275	ko:K02521
eclc:ECR091_21280	ko:K01754
eclc:ECR091_21285	ko:K01687
eclc:ECR091_21290	ko:K00826
eclc:ECR091_21295	ko:K11258
eclc:ECR091_21300	ko:K01652
eclc:ECR091_21310	ko:K09897
eclc:ECR091_21315	ko:K23773
eclc:ECR091_21320	ko:K14235
eclc:ECR091_21325	ko:K14221
eclc:ECR091_21330	ko:K01985
eclc:ECR091_21335	ko:K01980
eclc:ECR091_21340	ko:K14218
eclc:ECR091_21345	ko:K14227
eclc:ECR091_21350	ko:K01977
eclc:ECR091_21355	ko:K01776
eclc:ECR091_21360	ko:K16092
eclc:ECR091_21365	ko:K00557
eclc:ECR091_21375	ko:K22105
eclc:ECR091_21380	ko:K00322
eclc:ECR091_21385	ko:K04761
eclc:ECR091_21390	ko:K01755
eclc:ECR091_21395	ko:K00930
eclc:ECR091_21400	ko:K00145
eclc:ECR091_21405	ko:K01438
eclc:ECR091_21410	ko:K01595
eclc:ECR091_21420	ko:K08314
eclc:ECR091_21425	ko:K00005
eclc:ECR091_21430	ko:K03782
eclc:ECR091_21435	ko:K00297
eclc:ECR091_21440	ko:K12525
eclc:ECR091_21445	ko:K01739
eclc:ECR091_21450	ko:K03764
eclc:ECR091_21455	ko:K02909
eclc:ECR091_21460	ko:K04066
eclc:ECR091_21465	ko:K05499
eclc:ECR091_21470	ko:K03591
eclc:ECR091_21475	ko:K01419
eclc:ECR091_21480	ko:K03667
eclc:ECR091_21485	ko:K02548
eclc:ECR091_21490	ko:K02553
eclc:ECR091_21495	ko:K09892
eclc:ECR091_21500	ko:K02440
eclc:ECR091_21505	ko:K00864
eclc:ECR091_21510	ko:K02446
eclc:ECR091_21515	ko:K00528
eclc:ECR091_21530	ko:K01803
eclc:ECR091_21540	ko:K01521
eclc:ECR091_21545	ko:K23163
eclc:ECR091_21550	ko:K00850
eclc:ECR091_21555	ko:K13283
eclc:ECR091_21560	ko:K06006
eclc:ECR091_21565	ko:K07662
eclc:ECR091_21570	ko:K07640
eclc:ECR091_21580	ko:K04564
eclc:ECR091_21585	ko:K02856
eclc:ECR091_21590	ko:K02854
eclc:ECR091_21595	ko:K02855
eclc:ECR091_21600	ko:K00848
eclc:ECR091_21605	ko:K01813
eclc:ECR091_21610	ko:K01629
eclc:ECR091_21615	ko:K10559
eclc:ECR091_21620	ko:K10562
eclc:ECR091_21625	ko:K10560
eclc:ECR091_21630	ko:K10561
eclc:ECR091_21635	ko:K13954
eclc:ECR091_21640	ko:K03534
eclc:ECR091_21655	ko:K07347
eclc:ECR091_21660	ko:K15540
eclc:ECR091_21665	ko:K07345
eclc:ECR091_21675	ko:K26605
eclc:ECR091_21680	ko:K26606
eclc:ECR091_21690	ko:K02379
eclc:ECR091_21695	ko:K00123
eclc:ECR091_21700	ko:K00123
eclc:ECR091_21705	ko:K00124
eclc:ECR091_21710	ko:K00127
eclc:ECR091_21715	ko:K02380
eclc:ECR091_21740	ko:K07560
eclc:ECR091_21745	ko:K07058
eclc:ECR091_21750	ko:K20866
eclc:ECR091_21755	ko:K27243
eclc:ECR091_21760	ko:K18478
eclc:ECR091_21765	ko:K08318
eclc:ECR091_21770	ko:K01671
eclc:ECR091_21775	ko:K18479
eclc:ECR091_21780	ko:K15922
eclc:ECR091_21785	ko:K03292
eclc:ECR091_21790	ko:K03292
eclc:ECR091_21795	ko:K22110
eclc:ECR091_21800	ko:K06207
eclc:ECR091_21805	ko:K01915
eclc:ECR091_21810	ko:K07708
eclc:ECR091_21815	ko:K07712
eclc:ECR091_21820	ko:K02495
eclc:ECR091_21825	ko:K09894
eclc:ECR091_21835	ko:K03978
eclc:ECR091_21840	ko:K02335
eclc:ECR091_21850	ko:K03673
eclc:ECR091_21860	ko:K09896
eclc:ECR091_21865	ko:K03752
eclc:ECR091_21870	ko:K03753
eclc:ECR091_21875	ko:K01985
eclc:ECR091_21880	ko:K01980
eclc:ECR091_21885	ko:K14224
eclc:ECR091_21890	ko:K01977
eclc:ECR091_21895	ko:K01978
eclc:ECR091_21915	ko:K12068
eclc:ECR091_21920	ko:K12067
eclc:ECR091_21925	ko:K12066
eclc:ECR091_21935	ko:K12065
eclc:ECR091_21950	ko:K12064
eclc:ECR091_21955	ko:K12063
eclc:ECR091_21960	ko:K03496
eclc:ECR091_21965	ko:K03497
eclc:ECR091_21990	ko:K18640
eclc:ECR091_22025	ko:K12062
eclc:ECR091_22030	ko:K12061
eclc:ECR091_22040	ko:K12060
eclc:ECR091_22045	ko:K12058
eclc:ECR091_22075	ko:K09882
eclc:ECR091_22150	ko:K10748
eclc:ECR091_22170	ko:K05839
eclc:ECR091_22245	ko:K05791
eclc:ECR091_22250	ko:K05792
eclc:ECR091_22255	ko:K05793
eclc:ECR091_22260	ko:K05794
eclc:ECR091_22265	ko:K05795
eclc:ECR091_22270	ko:K05795
eclc:ECR091_22280	ko:K18320
eclc:ECR091_22355	ko:K07483
eclc:ECR091_22360	ko:K07497
eclc:ECR091_22385	ko:K18918
eclc:ECR091_22390	ko:K06218
eclc:ECR091_22480	ko:K04773
eclc:ECR091_22495	ko:K12071
eclc:ECR091_22500	ko:K12070
eclc:ECR091_22525	ko:K12057
eclc:ECR091_22530	ko:K12072
eclc:ECR091_22535	ko:K12056
eclc:ECR091_22560	ko:K03981
eclc:ECR091_22585	ko:K03502
eclc:ECR091_22590	ko:K03503
eclc:ECR091_22595	ko:K00986
eclc:ECR091_22600	ko:K07480
eclc:ECR091_22755	ko:K06223
eclc:ECR091_22780	ko:K23182
eclc:ECR091_22785	ko:K23183
eclc:ECR091_22790	ko:K23181
eclc:ECR091_22795	ko:K16091
eclc:ECR091_22800	ko:K07165
eclc:ECR091_22805	ko:K23514
eclc:ECR091_22820	ko:K07497
eclc:ECR091_22825	ko:K07483
eclc:ECR091_22835	ko:K07486
eclc:ECR091_22850	ko:K03799
eclc:ECR091_22860	ko:K03455
eclc:ECR091_22865	ko:K03672
eclc:ECR091_22890	ko:K13993
eclc:ECR091_22910	ko:K03696
eclc:ECR091_22915	ko:K13993
eclc:ECR091_22930	ko:K07483
eclc:ECR091_22935	ko:K07483
eclc:ECR091_22945	ko:K07486
eclc:ECR091_23005	ko:K07746
eclc:ECR091_23010	ko:K19092
eclc:ECR091_23020	ko:K07644
eclc:ECR091_23025	ko:K07665
eclc:ECR091_23030	ko:K07245
eclc:ECR091_23035	ko:K07156
eclc:ECR091_23040	ko:K07233
eclc:ECR091_23065	ko:K23254
eclc:ECR091_23075	ko:K07787
eclc:ECR091_23080	ko:K07798
eclc:ECR091_23085	ko:K07810
eclc:ECR091_23090	ko:K07796
eclc:ECR091_23095	ko:K07665
eclc:ECR091_23100	ko:K07644
eclc:ECR091_23115	ko:K07451
eclc:ECR091_23130	ko:K18828
eclc:ECR091_23135	ko:K18829
eclc:ECR091_23185	ko:K03496
eclc:ECR091_23190	ko:K03497
eclc:ECR091_23195	ko:K03502
eclc:ECR091_23200	ko:K03503
eclc:ECR091_23205	ko:K18640
eclc:ECR091_23230	ko:K07319
eclc:ECR091_23295	ko:K12068
eclc:ECR091_23310	ko:K07480
eclc:ECR091_23315	ko:K02532
eclc:ECR091_23320	ko:K01190
eclc:ECR091_23325	ko:K27069
eclc:ECR091_23335	ko:K07484
eclc:ECR091_23340	ko:K23184
eclc:ECR091_23360	ko:K18589
eclc:ECR091_23370	ko:K18320
eclc:ECR091_23380	ko:K00558
eclc:ECR091_23385	ko:K07480
eclc:ECR091_23390	ko:K07448
eclc:ECR091_23410	ko:K03746
eclc:ECR091_23415	ko:K03194
eclc:ECR091_23425	ko:K03197
eclc:ECR091_23430	ko:K03198
eclc:ECR091_23435	ko:K03199
eclc:ECR091_23440	ko:K03200
eclc:ECR091_23450	ko:K03201
eclc:ECR091_23455	ko:K03203
eclc:ECR091_23460	ko:K03204
eclc:ECR091_23465	ko:K03195
eclc:ECR091_23470	ko:K03196
eclc:ECR091_23505	ko:K18768
eclc:ECR091_23515	ko:K18320
eclc:ECR091_23625	ko:K03503
eclc:ECR091_23630	ko:K03502
