epi:Q3V30_00005	ko:K02313
epi:Q3V30_00010	ko:K02338
epi:Q3V30_00015	ko:K03629
epi:Q3V30_00020	ko:K02470
epi:Q3V30_00035	ko:K19776
epi:Q3V30_00040	ko:K00883
epi:Q3V30_00045	ko:K01631
epi:Q3V30_00050	ko:K01684
epi:Q3V30_00075	ko:K04080
epi:Q3V30_00080	ko:K00835
epi:Q3V30_00085	ko:K00090
epi:Q3V30_00095	ko:K00874
epi:Q3V30_00105	ko:K02525
epi:Q3V30_00115	ko:K01246
epi:Q3V30_00120	ko:K12686
epi:Q3V30_00130	ko:K02380
epi:Q3V30_00135	ko:K00127
epi:Q3V30_00140	ko:K00124
epi:Q3V30_00150	ko:K02379
epi:Q3V30_00165	ko:K04564
epi:Q3V30_00180	ko:K02056
epi:Q3V30_00185	ko:K02057
epi:Q3V30_00190	ko:K02058
epi:Q3V30_00195	ko:K14762
epi:Q3V30_00200	ko:K02562
epi:Q3V30_00205	ko:K00009
epi:Q3V30_00210	ko:K02800
epi:Q3V30_00215	ko:K19092
epi:Q3V30_00230	ko:K00681
epi:Q3V30_00235	ko:K02034
epi:Q3V30_00240	ko:K02033
epi:Q3V30_00245	ko:K02035
epi:Q3V30_00250	ko:K02032
epi:Q3V30_00255	ko:K02031
epi:Q3V30_00265	ko:K07726
epi:Q3V30_00270	ko:K01879
epi:Q3V30_00275	ko:K01878
epi:Q3V30_00295	ko:K09022
epi:Q3V30_00305	ko:K02030
epi:Q3V30_00310	ko:K02028
epi:Q3V30_00310	ko:K02029
epi:Q3V30_00315	ko:K16422
epi:Q3V30_00320	ko:K02051
epi:Q3V30_00325	ko:K01466
epi:Q3V30_00355	ko:K03556
epi:Q3V30_00360	ko:K00688
epi:Q3V30_00365	ko:K00705
epi:Q3V30_00370	ko:K02351
epi:Q3V30_00380	ko:K10110
epi:Q3V30_00385	ko:K10109
epi:Q3V30_00390	ko:K10108
epi:Q3V30_00395	ko:K10111
epi:Q3V30_00400	ko:K02024
epi:Q3V30_00405	ko:K05775
epi:Q3V30_00430	ko:K01821
epi:Q3V30_00445	ko:K01607
epi:Q3V30_00450	ko:K00626
epi:Q3V30_00490	ko:K01703
epi:Q3V30_00495	ko:K01704
epi:Q3V30_00560	ko:K06998
epi:Q3V30_00595	ko:K00117
epi:Q3V30_00605	ko:K03297
epi:Q3V30_00610	ko:K11192
epi:Q3V30_00615	ko:K07106
epi:Q3V30_00620	ko:K23243
epi:Q3V30_00635	ko:K23775
epi:Q3V30_00640	ko:K04063
epi:Q3V30_00660	ko:K12975
epi:Q3V30_00665	ko:K12368
epi:Q3V30_00670	ko:K12369
epi:Q3V30_00675	ko:K12370
epi:Q3V30_00680	ko:K12371
epi:Q3V30_00685	ko:K12372
epi:Q3V30_00705	ko:K20541
epi:Q3V30_00710	ko:K20543
epi:Q3V30_00720	ko:K20542
epi:Q3V30_00750	ko:K00694
epi:Q3V30_00755	ko:K20541
epi:Q3V30_00760	ko:K20543
epi:Q3V30_00765	ko:K26149
epi:Q3V30_00770	ko:K11103
epi:Q3V30_00785	ko:K00874
epi:Q3V30_00795	ko:K21086
epi:Q3V30_00800	ko:K07290
epi:Q3V30_00820	ko:K23242
epi:Q3V30_00825	ko:K00059
epi:Q3V30_00830	ko:K05516
epi:Q3V30_00835	ko:K18997
epi:Q3V30_00860	ko:K00065
epi:Q3V30_00865	ko:K15532
epi:Q3V30_00870	ko:K16210
epi:Q3V30_00895	ko:K07006
epi:Q3V30_00930	ko:K02016
epi:Q3V30_00935	ko:K02014
epi:Q3V30_00940	ko:K26272
epi:Q3V30_00945	ko:K19802
epi:Q3V30_00950	ko:K13892
epi:Q3V30_00955	ko:K13889
epi:Q3V30_00960	ko:K13890
epi:Q3V30_00965	ko:K13891
epi:Q3V30_00975	ko:K16203
epi:Q3V30_00985	ko:K18831
epi:Q3V30_00995	ko:K02032
epi:Q3V30_01000	ko:K02031
epi:Q3V30_01005	ko:K02034
epi:Q3V30_01010	ko:K02033
epi:Q3V30_01015	ko:K02035
epi:Q3V30_01020	ko:K01273
epi:Q3V30_01045	ko:K23007
epi:Q3V30_01050	ko:K23015
epi:Q3V30_01055	ko:K23016
epi:Q3V30_01065	ko:K06911
epi:Q3V30_01070	ko:K00433
epi:Q3V30_01080	ko:K15977
epi:Q3V30_01120	ko:K01545
epi:Q3V30_01125	ko:K01546
epi:Q3V30_01130	ko:K01547
epi:Q3V30_01135	ko:K01548
epi:Q3V30_01140	ko:K07646
epi:Q3V30_01150	ko:K06999
epi:Q3V30_01155	ko:K10112
epi:Q3V30_01160	ko:K02026
epi:Q3V30_01165	ko:K02025
epi:Q3V30_01170	ko:K02027
epi:Q3V30_01175	ko:K25026
epi:Q3V30_01190	ko:K18893
epi:Q3V30_01195	ko:K09919
epi:Q3V30_01200	ko:K03535
epi:Q3V30_01235	ko:K25285
epi:Q3V30_01240	ko:K25283
epi:Q3V30_01245	ko:K25284
epi:Q3V30_01250	ko:K25282
epi:Q3V30_01260	ko:K00383
epi:Q3V30_01265	ko:K00784
epi:Q3V30_01270	ko:K07115
epi:Q3V30_01275	ko:K07052
epi:Q3V30_01285	ko:K01414
epi:Q3V30_01290	ko:K15984
epi:Q3V30_01295	ko:K06149
epi:Q3V30_01300	ko:K06144
epi:Q3V30_01305	ko:K16322
epi:Q3V30_01315	ko:K01092
epi:Q3V30_01320	ko:K02010
epi:Q3V30_01325	ko:K02011
epi:Q3V30_01330	ko:K02012
epi:Q3V30_01345	ko:K03762
epi:Q3V30_01350	ko:K26148
epi:Q3V30_01355	ko:K00010
epi:Q3V30_01360	ko:K02529
epi:Q3V30_01370	ko:K01686
epi:Q3V30_01380	ko:K02011
epi:Q3V30_01385	ko:K02012
epi:Q3V30_01390	ko:K02010
epi:Q3V30_01400	ko:K06606
epi:Q3V30_01405	ko:K00140
epi:Q3V30_01410	ko:K03337
epi:Q3V30_01420	ko:K03338
epi:Q3V30_01425	ko:K03336
epi:Q3V30_01430	ko:K00010
epi:Q3V30_01435	ko:K06605
epi:Q3V30_01440	ko:K03335
epi:Q3V30_01445	ko:K27311
epi:Q3V30_01450	ko:K09125
epi:Q3V30_01455	ko:K04085
epi:Q3V30_01465	ko:K01534
epi:Q3V30_01480	ko:K08993
epi:Q3V30_01485	ko:K08316
epi:Q3V30_01490	ko:K03110
epi:Q3V30_01495	ko:K09812
epi:Q3V30_01500	ko:K09811
epi:Q3V30_01505	ko:K03089
epi:Q3V30_01515	ko:K01999
epi:Q3V30_01520	ko:K01997
epi:Q3V30_01525	ko:K01998
epi:Q3V30_01530	ko:K01995
epi:Q3V30_01535	ko:K01996
epi:Q3V30_01540	ko:K05813
epi:Q3V30_01545	ko:K05814
epi:Q3V30_01550	ko:K05815
epi:Q3V30_01555	ko:K05816
epi:Q3V30_01560	ko:K01126
epi:Q3V30_01570	ko:K00681
epi:Q3V30_01575	ko:K03825
epi:Q3V30_01580	ko:K06911
epi:Q3V30_01585	ko:K06145
epi:Q3V30_01590	ko:K00851
epi:Q3V30_01595	ko:K06156
epi:Q3V30_01605	ko:K00133
epi:Q3V30_01615	ko:K00700
epi:Q3V30_01620	ko:K02438
epi:Q3V30_01625	ko:K00975
epi:Q3V30_01630	ko:K00703
epi:Q3V30_01635	ko:K00688
epi:Q3V30_01640	ko:K00111
epi:Q3V30_01645	ko:K02439
epi:Q3V30_01650	ko:K02441
epi:Q3V30_01655	ko:K02444
epi:Q3V30_01660	ko:K00688
epi:Q3V30_01665	ko:K00705
epi:Q3V30_01670	ko:K07400
epi:Q3V30_01680	ko:K02170
epi:Q3V30_01690	ko:K22597
epi:Q3V30_01695	ko:K04759
epi:Q3V30_01700	ko:K04758
epi:Q3V30_01705	ko:K06959
epi:Q3V30_01710	ko:K04760
epi:Q3V30_01715	ko:K07659
epi:Q3V30_01720	ko:K07638
epi:Q3V30_01725	ko:K01610
epi:Q3V30_01730	ko:K04083
epi:Q3V30_01735	ko:K04762
epi:Q3V30_01745	ko:K08312
epi:Q3V30_01750	ko:K05366
epi:Q3V30_01755	ko:K12288
epi:Q3V30_01760	ko:K12289
epi:Q3V30_01765	ko:K12290
epi:Q3V30_01770	ko:K12291
epi:Q3V30_01775	ko:K02507
epi:Q3V30_01780	ko:K00891
epi:Q3V30_01785	ko:K01735
epi:Q3V30_01790	ko:K03112
epi:Q3V30_01795	ko:K06223
epi:Q3V30_01800	ko:K01783
epi:Q3V30_01805	ko:K01091
epi:Q3V30_01810	ko:K01867
epi:Q3V30_01815	ko:K02302
epi:Q3V30_01820	ko:K00363
epi:Q3V30_01825	ko:K00362
epi:Q3V30_01830	ko:K01485
epi:Q3V30_01835	ko:K06141
epi:Q3V30_01840	ko:K03767
epi:Q3V30_01845	ko:K04095
epi:Q3V30_01850	ko:K01664
epi:Q3V30_01855	ko:K00821
epi:Q3V30_01865	ko:K10914
epi:Q3V30_01870	ko:K07397
epi:Q3V30_01875	ko:K28462
epi:Q3V30_01880	ko:K09898
epi:Q3V30_01885	ko:K07019
epi:Q3V30_01895	ko:K15551
epi:Q3V30_01900	ko:K10831
epi:Q3V30_01905	ko:K15552
epi:Q3V30_01910	ko:K03119
epi:Q3V30_01915	ko:K06158
epi:Q3V30_01920	ko:K11748
epi:Q3V30_01925	ko:K11747
epi:Q3V30_01930	ko:K07070
epi:Q3V30_01935	ko:K03775
epi:Q3V30_01940	ko:K03745
epi:Q3V30_01945	ko:K03772
epi:Q3V30_01955	ko:K07235
epi:Q3V30_01960	ko:K07236
epi:Q3V30_01965	ko:K07237
epi:Q3V30_01970	ko:K02950
epi:Q3V30_01975	ko:K02992
epi:Q3V30_01980	ko:K02355
epi:Q3V30_01985	ko:K02358
epi:Q3V30_01990	ko:K02192
epi:Q3V30_01995	ko:K03594
epi:Q3V30_02000	ko:K02946
epi:Q3V30_02005	ko:K02906
epi:Q3V30_02010	ko:K02926
epi:Q3V30_02015	ko:K02892
epi:Q3V30_02020	ko:K02886
epi:Q3V30_02025	ko:K02965
epi:Q3V30_02030	ko:K02890
epi:Q3V30_02035	ko:K02982
epi:Q3V30_02040	ko:K02878
epi:Q3V30_02045	ko:K02904
epi:Q3V30_02050	ko:K02961
epi:Q3V30_02055	ko:K02874
epi:Q3V30_02060	ko:K02895
epi:Q3V30_02065	ko:K02931
epi:Q3V30_02070	ko:K02954
epi:Q3V30_02075	ko:K02994
epi:Q3V30_02080	ko:K02933
epi:Q3V30_02085	ko:K02881
epi:Q3V30_02090	ko:K02988
epi:Q3V30_02095	ko:K02907
epi:Q3V30_02100	ko:K02876
epi:Q3V30_02105	ko:K03076
epi:Q3V30_02110	ko:K02919
epi:Q3V30_02115	ko:K02952
epi:Q3V30_02120	ko:K02948
epi:Q3V30_02125	ko:K02986
epi:Q3V30_02130	ko:K03040
epi:Q3V30_02135	ko:K02879
epi:Q3V30_02145	ko:K13638
epi:Q3V30_02150	ko:K09890
epi:Q3V30_02155	ko:K10440
epi:Q3V30_02160	ko:K10441
epi:Q3V30_02165	ko:K10439
epi:Q3V30_02170	ko:K00007
epi:Q3V30_02180	ko:K03282
epi:Q3V30_02185	ko:K03499
epi:Q3V30_02190	ko:K03500
epi:Q3V30_02195	ko:K00604
epi:Q3V30_02200	ko:K01462
epi:Q3V30_02205	ko:K04096
epi:Q3V30_02210	ko:K03747
epi:Q3V30_02215	ko:K07479
epi:Q3V30_02220	ko:K07566
epi:Q3V30_02225	ko:K00014
epi:Q3V30_02235	ko:K01977
epi:Q3V30_02240	ko:K14227
epi:Q3V30_02245	ko:K14218
epi:Q3V30_02250	ko:K01980
epi:Q3V30_02255	ko:K01985
epi:Q3V30_02260	ko:K09972
epi:Q3V30_02265	ko:K09971
epi:Q3V30_02270	ko:K09970
epi:Q3V30_02275	ko:K09969
epi:Q3V30_02280	ko:K12974
epi:Q3V30_02285	ko:K03557
epi:Q3V30_02295	ko:K01674
epi:Q3V30_02300	ko:K02687
epi:Q3V30_02305	ko:K14392
epi:Q3V30_02315	ko:K01961
epi:Q3V30_02320	ko:K02160
epi:Q3V30_02325	ko:K03786
epi:Q3V30_02330	ko:K17247
epi:Q3V30_02335	ko:K07147
epi:Q3V30_02340	ko:K19745
epi:Q3V30_02345	ko:K18765
epi:Q3V30_02350	ko:K03569
epi:Q3V30_02355	ko:K03570
epi:Q3V30_02360	ko:K03571
epi:Q3V30_02365	ko:K06287
epi:Q3V30_02370	ko:K08301
epi:Q3V30_02380	ko:K03568
epi:Q3V30_02385	ko:K21698
epi:Q3V30_02390	ko:K21695
epi:Q3V30_02395	ko:K15548
epi:Q3V30_02400	ko:K03468
epi:Q3V30_02405	ko:K00135
epi:Q3V30_02410	ko:K03623
epi:Q3V30_02430	ko:K03402
epi:Q3V30_02435	ko:K00024
epi:Q3V30_02440	ko:K04691
epi:Q3V30_02445	ko:K04772
epi:Q3V30_02450	ko:K09908
epi:Q3V30_02455	ko:K06916
epi:Q3V30_02460	ko:K02871
epi:Q3V30_02465	ko:K02996
epi:Q3V30_02470	ko:K03599
epi:Q3V30_02475	ko:K03600
epi:Q3V30_02480	ko:K00380
epi:Q3V30_02485	ko:K00265
epi:Q3V30_02490	ko:K07648
epi:Q3V30_02500	ko:K03814
epi:Q3V30_02505	ko:K08485
epi:Q3V30_02510	ko:K06958
epi:Q3V30_02515	ko:K02806
epi:Q3V30_02520	ko:K05808
epi:Q3V30_02525	ko:K03092
epi:Q3V30_02530	ko:K06861
epi:Q3V30_02535	ko:K09774
epi:Q3V30_02540	ko:K11719
epi:Q3V30_02545	ko:K03270
epi:Q3V30_02550	ko:K06041
epi:Q3V30_02555	ko:K07301
epi:Q3V30_02560	ko:K02065
epi:Q3V30_02565	ko:K02066
epi:Q3V30_02570	ko:K02067
epi:Q3V30_02575	ko:K07323
epi:Q3V30_02580	ko:K07122
epi:Q3V30_02590	ko:K00790
epi:Q3V30_02595	ko:K07724
epi:Q3V30_02600	ko:K02523
epi:Q3V30_02605	ko:K02888
epi:Q3V30_02610	ko:K02899
epi:Q3V30_02615	ko:K03979
epi:Q3V30_02620	ko:K07643
epi:Q3V30_02625	ko:K07771
epi:Q3V30_02630	ko:K07259
epi:Q3V30_02635	ko:K03624
epi:Q3V30_02640	ko:K07574
epi:Q3V30_02645	ko:K02427
epi:Q3V30_02650	ko:K03798
epi:Q3V30_02655	ko:K00796
epi:Q3V30_02660	ko:K03431
epi:Q3V30_02665	ko:K03075
epi:Q3V30_02670	ko:K14228
epi:Q3V30_02675	ko:K14230
epi:Q3V30_02680	ko:K09748
epi:Q3V30_02685	ko:K02600
epi:Q3V30_02690	ko:K02519
epi:Q3V30_02695	ko:K02834
epi:Q3V30_02700	ko:K03177
epi:Q3V30_02705	ko:K02956
epi:Q3V30_02710	ko:K00962
epi:Q3V30_02715	ko:K05803
epi:Q3V30_02720	ko:K05592
epi:Q3V30_02730	ko:K24845
epi:Q3V30_02735	ko:K24844
epi:Q3V30_02740	ko:K24843
epi:Q3V30_02745	ko:K03824
epi:Q3V30_02750	ko:K07461
epi:Q3V30_02755	ko:K09979
epi:Q3V30_02760	ko:K05520
epi:Q3V30_02770	ko:K04068
epi:Q3V30_02775	ko:K21636
epi:Q3V30_02785	ko:K01226
epi:Q3V30_02790	ko:K12373
epi:Q3V30_02795	ko:K09022
epi:Q3V30_02800	ko:K00610
epi:Q3V30_02805	ko:K00609
epi:Q3V30_02815	ko:K00611
epi:Q3V30_02820	ko:K09893
epi:Q3V30_02825	ko:K06169
epi:Q3V30_02840	ko:K03828
epi:Q3V30_02845	ko:K01873
epi:Q3V30_02850	ko:K02339
epi:Q3V30_02855	ko:K01255
epi:Q3V30_02860	ko:K07091
epi:Q3V30_02865	ko:K11720
epi:Q3V30_02885	ko:K05835
epi:Q3V30_02895	ko:K14228
epi:Q3V30_02910	ko:K06919
epi:Q3V30_02935	ko:K07733
epi:Q3V30_02995	ko:K14414
epi:Q3V30_03000	ko:K14415
epi:Q3V30_03005	ko:K07074
epi:Q3V30_03030	ko:K15773
epi:Q3V30_03035	ko:K19048
epi:Q3V30_03040	ko:K03835
epi:Q3V30_03080	ko:K03785
epi:Q3V30_03085	ko:K00046
epi:Q3V30_03090	ko:K02030
epi:Q3V30_03095	ko:K02029
epi:Q3V30_03100	ko:K02028
epi:Q3V30_03105	ko:K08351
epi:Q3V30_03120	ko:K24117
epi:Q3V30_03135	ko:K25952
epi:Q3V30_03140	ko:K02028
epi:Q3V30_03145	ko:K02029
epi:Q3V30_03150	ko:K02030
epi:Q3V30_03155	ko:K02529
epi:Q3V30_03160	ko:K00048
epi:Q3V30_03170	ko:K18988
epi:Q3V30_03175	ko:K03406
epi:Q3V30_03180	ko:K01002
epi:Q3V30_03185	ko:K00111
epi:Q3V30_03205	ko:K03649
epi:Q3V30_03210	ko:K03086
epi:Q3V30_03215	ko:K02316
epi:Q3V30_03220	ko:K02970
epi:Q3V30_03225	ko:K25706
epi:Q3V30_03230	ko:K08591
epi:Q3V30_03235	ko:K01633
epi:Q3V30_03240	ko:K06153
epi:Q3V30_03245	ko:K00974
epi:Q3V30_03250	ko:K07184
epi:Q3V30_03255	ko:K18446
epi:Q3V30_03260	ko:K00982
epi:Q3V30_03265	ko:K03272
epi:Q3V30_03270	ko:K09806
epi:Q3V30_03275	ko:K02858
epi:Q3V30_03280	ko:K07238
epi:Q3V30_03285	ko:K15777
epi:Q3V30_03300	ko:K12340
epi:Q3V30_03305	ko:K01515
epi:Q3V30_03310	ko:K09920
epi:Q3V30_03315	ko:K03651
epi:Q3V30_03320	ko:K07000
epi:Q3V30_03325	ko:K02622
epi:Q3V30_03330	ko:K23239
epi:Q3V30_03335	ko:K00121
epi:Q3V30_03345	ko:K02168
epi:Q3V30_03350	ko:K07222
epi:Q3V30_03365	ko:K01438
epi:Q3V30_03375	ko:K02030
epi:Q3V30_03385	ko:K02028
epi:Q3V30_03385	ko:K02029
epi:Q3V30_03395	ko:K12972
epi:Q3V30_03405	ko:K03923
epi:Q3V30_03410	ko:K01713
epi:Q3V30_03415	ko:K02621
epi:Q3V30_03420	ko:K00655
epi:Q3V30_03425	ko:K04753
epi:Q3V30_03430	ko:K09803
epi:Q3V30_03440	ko:K06221
epi:Q3V30_03455	ko:K01760
epi:Q3V30_03460	ko:K03561
epi:Q3V30_03465	ko:K03559
epi:Q3V30_03475	ko:K27078
epi:Q3V30_03480	ko:K07347
epi:Q3V30_03485	ko:K07346
epi:Q3V30_03490	ko:K27078
epi:Q3V30_03495	ko:K27078
epi:Q3V30_03500	ko:K21023
epi:Q3V30_03535	ko:K07395
epi:Q3V30_03550	ko:K13929
epi:Q3V30_03555	ko:K13930
epi:Q3V30_03560	ko:K13931
epi:Q3V30_03565	ko:K13932
epi:Q3V30_03570	ko:K13933
epi:Q3V30_03575	ko:K13936
epi:Q3V30_03580	ko:K13934
epi:Q3V30_03585	ko:K13935
epi:Q3V30_03590	ko:K13928
epi:Q3V30_03595	ko:K02010
epi:Q3V30_03600	ko:K02012
epi:Q3V30_03605	ko:K02011
epi:Q3V30_03620	ko:K12942
epi:Q3V30_03630	ko:K12940
epi:Q3V30_03635	ko:K14057
epi:Q3V30_03645	ko:K02217
epi:Q3V30_03655	ko:K07724
epi:Q3V30_03670	ko:K03406
epi:Q3V30_03680	ko:K06139
epi:Q3V30_03685	ko:K06138
epi:Q3V30_03690	ko:K06137
epi:Q3V30_03695	ko:K06136
epi:Q3V30_03700	ko:K06135
epi:Q3V30_03705	ko:K01273
epi:Q3V30_03715	ko:K15495
epi:Q3V30_03720	ko:K15496
epi:Q3V30_03735	ko:K07401
epi:Q3V30_03745	ko:K05515
epi:Q3V30_03755	ko:K22209
epi:Q3V30_03760	ko:K11103
epi:Q3V30_03765	ko:K21645
epi:Q3V30_03770	ko:K07246
epi:Q3V30_03795	ko:K11895
epi:Q3V30_03800	ko:K11906
epi:Q3V30_03805	ko:K11905
epi:Q3V30_03815	ko:K03488
epi:Q3V30_03825	ko:K01223
epi:Q3V30_03835	ko:K07217
epi:Q3V30_03840	ko:K03782
epi:Q3V30_03850	ko:K14231
epi:Q3V30_03860	ko:K02028
epi:Q3V30_03865	ko:K02029
epi:Q3V30_03870	ko:K02029
epi:Q3V30_03875	ko:K02030
epi:Q3V30_03895	ko:K01581
epi:Q3V30_03915	ko:K08306
epi:Q3V30_03925	ko:K03575
epi:Q3V30_03930	ko:K03439
epi:Q3V30_03935	ko:K09923
epi:Q3V30_03950	ko:K01519
epi:Q3V30_03955	ko:K02221
epi:Q3V30_03960	ko:K06997
epi:Q3V30_03965	ko:K02669
epi:Q3V30_03970	ko:K07447
epi:Q3V30_03975	ko:K07735
epi:Q3V30_03980	ko:K01920
epi:Q3V30_03985	ko:K09761
epi:Q3V30_03990	ko:K01150
epi:Q3V30_03995	ko:K02742
epi:Q3V30_04000	ko:K08137
epi:Q3V30_04005	ko:K00789
epi:Q3V30_04010	ko:K01585
epi:Q3V30_04015	ko:K01480
epi:Q3V30_04020	ko:K07387
epi:Q3V30_04025	ko:K00615
epi:Q3V30_04030	ko:K03472
epi:Q3V30_04035	ko:K00927
epi:Q3V30_04040	ko:K01624
epi:Q3V30_04045	ko:K03442
epi:Q3V30_04050	ko:K06895
epi:Q3V30_04055	ko:K09807
epi:Q3V30_04060	ko:K05596
epi:Q3V30_04065	ko:K01807
epi:Q3V30_04070	ko:K00058
epi:Q3V30_04075	ko:K01934
epi:Q3V30_04085	ko:K09888
epi:Q3V30_04090	ko:K09895
epi:Q3V30_04095	ko:K01262
epi:Q3V30_04100	ko:K03185
epi:Q3V30_04105	ko:K18800
epi:Q3V30_04115	ko:K00605
epi:Q3V30_04120	ko:K02437
epi:Q3V30_04125	ko:K00281
epi:Q3V30_04145	ko:K11068
epi:Q3V30_04150	ko:K06980
epi:Q3V30_04155	ko:K09159
epi:Q3V30_04160	ko:K19168
epi:Q3V30_04165	ko:K03840
epi:Q3V30_04210	ko:K06223
epi:Q3V30_04255	ko:K06906
epi:Q3V30_04260	ko:K06905
epi:Q3V30_04270	ko:K04763
epi:Q3V30_04275	ko:K03981
epi:Q3V30_04280	ko:K07462
epi:Q3V30_04285	ko:K02836
epi:Q3V30_04290	ko:K04567
epi:Q3V30_04295	ko:K22956
epi:Q3V30_04300	ko:K19734
epi:Q3V30_04315	ko:K19577
epi:Q3V30_04325	ko:K01586
epi:Q3V30_04330	ko:K02759
epi:Q3V30_04335	ko:K02761
epi:Q3V30_04340	ko:K01223
epi:Q3V30_04345	ko:K02760
epi:Q3V30_04350	ko:K13637
epi:Q3V30_04360	ko:K02529
epi:Q3V30_04365	ko:K08351
epi:Q3V30_04370	ko:K03587
epi:Q3V30_04375	ko:K07799
epi:Q3V30_04380	ko:K07788
epi:Q3V30_04385	ko:K07789
epi:Q3V30_04390	ko:K18139
epi:Q3V30_04395	ko:K05939
epi:Q3V30_04400	ko:K08227
epi:Q3V30_04420	ko:K03573
epi:Q3V30_04425	ko:K08311
epi:Q3V30_04430	ko:K08484
epi:Q3V30_04435	ko:K13292
epi:Q3V30_04440	ko:K00560
epi:Q3V30_04445	ko:K02679
epi:Q3V30_04450	ko:K02680
epi:Q3V30_04460	ko:K02681
epi:Q3V30_04465	ko:K03583
epi:Q3V30_04470	ko:K01407
epi:Q3V30_04475	ko:K03582
epi:Q3V30_04480	ko:K03581
epi:Q3V30_04485	ko:K14682
epi:Q3V30_04495	ko:K01448
epi:Q3V30_04500	ko:K14230
epi:Q3V30_04505	ko:K14230
epi:Q3V30_04510	ko:K14230
epi:Q3V30_04515	ko:K08304
epi:Q3V30_04520	ko:K22132
epi:Q3V30_04525	ko:K02426
epi:Q3V30_04530	ko:K01766
epi:Q3V30_04540	ko:K03566
epi:Q3V30_04550	ko:K06968
epi:Q3V30_04555	ko:K01146
epi:Q3V30_04560	ko:K06966
epi:Q3V30_04565	ko:K06879
epi:Q3V30_04570	ko:K15723
epi:Q3V30_04580	ko:K06175
epi:Q3V30_04590	ko:K01708
epi:Q3V30_04595	ko:K03535
epi:Q3V30_04600	ko:K13918
epi:Q3V30_04605	ko:K01706
epi:Q3V30_04610	ko:K01630
epi:Q3V30_04615	ko:K00042
epi:Q3V30_04620	ko:K00865
epi:Q3V30_04625	ko:K07678
epi:Q3V30_04630	ko:K03215
epi:Q3V30_04635	ko:K00951
epi:Q3V30_04640	ko:K04765
epi:Q3V30_04645	ko:K01937
epi:Q3V30_04650	ko:K01689
epi:Q3V30_04665	ko:K10026
epi:Q3V30_04670	ko:K01507
epi:Q3V30_04675	ko:K01737
epi:Q3V30_04680	ko:K00380
epi:Q3V30_04685	ko:K00381
epi:Q3V30_04690	ko:K00390
epi:Q3V30_04700	ko:K09612
epi:Q3V30_04705	ko:K02302
epi:Q3V30_04710	ko:K00957
epi:Q3V30_04715	ko:K00956
epi:Q3V30_04720	ko:K00860
epi:Q3V30_04730	ko:K05589
epi:Q3V30_04735	ko:K00991
epi:Q3V30_04740	ko:K01770
epi:Q3V30_04745	ko:K06176
epi:Q3V30_04750	ko:K03787
epi:Q3V30_04755	ko:K00573
epi:Q3V30_04760	ko:K06194
epi:Q3V30_04765	ko:K03087
epi:Q3V30_04775	ko:K23359
epi:Q3V30_04780	ko:K10974
epi:Q3V30_04785	ko:K02433
epi:Q3V30_04790	ko:K03555
epi:Q3V30_04835	ko:K03497
epi:Q3V30_04855	ko:K01738
epi:Q3V30_04860	ko:K00759
epi:Q3V30_04865	ko:K06997
epi:Q3V30_04890	ko:K01091
epi:Q3V30_04895	ko:K15269
epi:Q3V30_04900	ko:K00761
epi:Q3V30_04915	ko:K02100
epi:Q3V30_04930	ko:K07684
epi:Q3V30_04935	ko:K02575
epi:Q3V30_04940	ko:K00370
epi:Q3V30_04945	ko:K00371
epi:Q3V30_04950	ko:K00373
epi:Q3V30_04955	ko:K00374
epi:Q3V30_04965	ko:K18335
epi:Q3V30_04970	ko:K18336
epi:Q3V30_04975	ko:K18334
epi:Q3V30_04980	ko:K07046
epi:Q3V30_04985	ko:K18333
epi:Q3V30_04990	ko:K29028
epi:Q3V30_04995	ko:K02429
epi:Q3V30_05000	ko:K08305
epi:Q3V30_05005	ko:K00598
epi:Q3V30_05010	ko:K03743
epi:Q3V30_05015	ko:K03553
epi:Q3V30_05020	ko:K03565
epi:Q3V30_05025	ko:K01872
epi:Q3V30_05030	ko:K03563
epi:Q3V30_05035	ko:K14233
epi:Q3V30_05040	ko:K14219
epi:Q3V30_05045	ko:K14219
epi:Q3V30_05050	ko:K14219
epi:Q3V30_05055	ko:K14219
epi:Q3V30_05070	ko:K01919
epi:Q3V30_05075	ko:K07173
epi:Q3V30_05080	ko:K03699
epi:Q3V30_05090	ko:K03106
epi:Q3V30_05095	ko:K02959
epi:Q3V30_05100	ko:K02860
epi:Q3V30_05105	ko:K00554
epi:Q3V30_05110	ko:K02884
epi:Q3V30_05125	ko:K01626
epi:Q3V30_05130	ko:K14187
epi:Q3V30_05135	ko:K02020
epi:Q3V30_05140	ko:K02016
epi:Q3V30_05145	ko:K14170
epi:Q3V30_05150	ko:K05809
epi:Q3V30_05155	ko:K05807
epi:Q3V30_05160	ko:K06180
epi:Q3V30_05165	ko:K05810
epi:Q3V30_05170	ko:K03695
epi:Q3V30_05175	ko:K01977
epi:Q3V30_05180	ko:K14224
epi:Q3V30_05185	ko:K01980
epi:Q3V30_05190	ko:K01985
epi:Q3V30_05195	ko:K03761
epi:Q3V30_05200	ko:K05811
epi:Q3V30_05205	ko:K00998
epi:Q3V30_05210	ko:K09181
epi:Q3V30_05215	ko:K05812
epi:Q3V30_05220	ko:K03672
epi:Q3V30_05225	ko:K03214
epi:Q3V30_05230	ko:K03446
epi:Q3V30_05235	ko:K03543
epi:Q3V30_05240	ko:K15974
epi:Q3V30_05250	ko:K02002
epi:Q3V30_05255	ko:K02001
epi:Q3V30_05260	ko:K02000
epi:Q3V30_05265	ko:K00526
epi:Q3V30_05270	ko:K00525
epi:Q3V30_05275	ko:K03647
epi:Q3V30_05280	ko:K06191
epi:Q3V30_05295	ko:K16235
epi:Q3V30_05300	ko:K00547
epi:Q3V30_05310	ko:K00657
epi:Q3V30_05315	ko:K05517
epi:Q3V30_05320	ko:K09712
epi:Q3V30_05325	ko:K07178
epi:Q3V30_05375	ko:K15035
epi:Q3V30_05380	ko:K03664
epi:Q3V30_05390	ko:K09801
epi:Q3V30_05395	ko:K06186
epi:Q3V30_05400	ko:K03631
epi:Q3V30_05405	ko:K00858
epi:Q3V30_05410	ko:K03687
epi:Q3V30_05415	ko:K03648
epi:Q3V30_05420	ko:K06866
epi:Q3V30_05425	ko:K05590
epi:Q3V30_05430	ko:K15460
epi:Q3V30_05435	ko:K00278
epi:Q3V30_05440	ko:K03088
epi:Q3V30_05445	ko:K03597
epi:Q3V30_05450	ko:K03598
epi:Q3V30_05455	ko:K03803
epi:Q3V30_05460	ko:K03596
epi:Q3V30_05465	ko:K03100
epi:Q3V30_05470	ko:K03685
epi:Q3V30_05475	ko:K03595
epi:Q3V30_05480	ko:K03584
epi:Q3V30_05485	ko:K03474
epi:Q3V30_05490	ko:K00997
epi:Q3V30_05505	ko:K18697
epi:Q3V30_05510	ko:K11991
epi:Q3V30_05515	ko:K18691
epi:Q3V30_05520	ko:K01952
epi:Q3V30_05525	ko:K09765
epi:Q3V30_05530	ko:K07711
epi:Q3V30_05540	ko:K07715
epi:Q3V30_05545	ko:K04751
epi:Q3V30_05550	ko:K05916
epi:Q3V30_05555	ko:K00600
epi:Q3V30_05560	ko:K05820
epi:Q3V30_05575	ko:K08970
epi:Q3V30_05580	ko:K01092
epi:Q3V30_05585	ko:K15396
epi:Q3V30_05590	ko:K13643
epi:Q3V30_05595	ko:K04487
epi:Q3V30_05600	ko:K07751
epi:Q3V30_05610	ko:K01011
epi:Q3V30_05615	ko:K00940
epi:Q3V30_05620	ko:K06941
epi:Q3V30_05625	ko:K02656
epi:Q3V30_05630	ko:K15539
epi:Q3V30_05635	ko:K03526
epi:Q3V30_05640	ko:K01892
epi:Q3V30_05650	ko:K17713
epi:Q3V30_05655	ko:K03977
epi:Q3V30_05665	ko:K05358
epi:Q3V30_05675	ko:K07389
epi:Q3V30_05695	ko:K07804
epi:Q3V30_05710	ko:K03601
epi:Q3V30_05715	ko:K00088
epi:Q3V30_05720	ko:K01951
epi:Q3V30_05730	ko:K06213
epi:Q3V30_05740	ko:K26149
epi:Q3V30_05745	ko:K16868
epi:Q3V30_05750	ko:K01524
epi:Q3V30_05755	ko:K00937
epi:Q3V30_05760	ko:K02037
epi:Q3V30_05765	ko:K02038
epi:Q3V30_05770	ko:K02036
epi:Q3V30_05775	ko:K11175
epi:Q3V30_05780	ko:K01933
epi:Q3V30_05785	ko:K00761
epi:Q3V30_05790	ko:K02824
epi:Q3V30_05795	ko:K10763
epi:Q3V30_05800	ko:K00537
epi:Q3V30_05805	ko:K01423
epi:Q3V30_05825	ko:K02055
epi:Q3V30_05830	ko:K02053
epi:Q3V30_05835	ko:K02053
epi:Q3V30_05840	ko:K02052
epi:Q3V30_05845	ko:K03651
epi:Q3V30_05855	ko:K03548
epi:Q3V30_05860	ko:K03564
epi:Q3V30_05865	ko:K03567
epi:Q3V30_05870	ko:K01714
epi:Q3V30_05875	ko:K07287
epi:Q3V30_05880	ko:K01923
epi:Q3V30_05885	ko:K07054
epi:Q3V30_05890	ko:K06957
epi:Q3V30_05900	ko:K01439
epi:Q3V30_05925	ko:K18324
epi:Q3V30_05930	ko:K07674
epi:Q3V30_05940	ko:K11738
epi:Q3V30_05945	ko:K12945
epi:Q3V30_05955	ko:K00615
epi:Q3V30_05960	ko:K00616
epi:Q3V30_05965	ko:K00228
epi:Q3V30_05970	ko:K01448
epi:Q3V30_05990	ko:K07223
epi:Q3V30_06000	ko:K02048
epi:Q3V30_06005	ko:K02046
epi:Q3V30_06010	ko:K02047
epi:Q3V30_06015	ko:K02045
epi:Q3V30_06020	ko:K12339
epi:Q3V30_06025	ko:K02483
epi:Q3V30_06030	ko:K02484
epi:Q3V30_06040	ko:K02777
epi:Q3V30_06045	ko:K08483
epi:Q3V30_06050	ko:K02784
epi:Q3V30_06055	ko:K01738
epi:Q3V30_06060	ko:K06203
epi:Q3V30_06065	ko:K03528
epi:Q3V30_06070	ko:K01972
epi:Q3V30_06075	ko:K09954
epi:Q3V30_06080	ko:K14347
epi:Q3V30_06100	ko:K14229
epi:Q3V30_06105	ko:K14237
epi:Q3V30_06110	ko:K14237
epi:Q3V30_06115	ko:K14237
epi:Q3V30_06120	ko:K01885
epi:Q3V30_06130	ko:K21993
epi:Q3V30_06135	ko:K14218
epi:Q3V30_06140	ko:K14218
epi:Q3V30_06150	ko:K24700
epi:Q3V30_06155	ko:K15553
epi:Q3V30_06160	ko:K04091
epi:Q3V30_06165	ko:K15553
epi:Q3V30_06170	ko:K11535
epi:Q3V30_06175	ko:K03322
epi:Q3V30_06185	ko:K19265
epi:Q3V30_06190	ko:K04103
epi:Q3V30_06195	ko:K00845
epi:Q3V30_06200	ko:K27885
epi:Q3V30_06205	ko:K27884
epi:Q3V30_06215	ko:K14261
epi:Q3V30_06220	ko:K03543
epi:Q3V30_06225	ko:K03446
epi:Q3V30_06260	ko:K08177
epi:Q3V30_06265	ko:K16053
epi:Q3V30_06315	ko:K11911
epi:Q3V30_06345	ko:K14219
epi:Q3V30_06350	ko:K21990
epi:Q3V30_06355	ko:K02193
epi:Q3V30_06360	ko:K02194
epi:Q3V30_06365	ko:K02195
epi:Q3V30_06370	ko:K02196
epi:Q3V30_06375	ko:K02197
epi:Q3V30_06380	ko:K02198
epi:Q3V30_06385	ko:K02199
epi:Q3V30_06390	ko:K02200
epi:Q3V30_06400	ko:K04754
epi:Q3V30_06405	ko:K06076
epi:Q3V30_06415	ko:K00632
epi:Q3V30_06420	ko:K01782
epi:Q3V30_06425	ko:K08296
epi:Q3V30_06435	ko:K07320
epi:Q3V30_06440	ko:K01736
epi:Q3V30_06445	ko:K07261
epi:Q3V30_06450	ko:K07090
epi:Q3V30_06455	ko:K09906
epi:Q3V30_06465	ko:K15461
epi:Q3V30_06470	ko:K00647
epi:Q3V30_06480	ko:K00875
epi:Q3V30_06485	ko:K02057
epi:Q3V30_06490	ko:K02057
epi:Q3V30_06495	ko:K02056
epi:Q3V30_06500	ko:K02058
epi:Q3V30_06510	ko:K00375
epi:Q3V30_06525	ko:K07793
epi:Q3V30_06530	ko:K07794
epi:Q3V30_06535	ko:K07795
epi:Q3V30_06540	ko:K07774
epi:Q3V30_06545	ko:K07649
epi:Q3V30_06555	ko:K03473
epi:Q3V30_06565	ko:K06173
epi:Q3V30_06570	ko:K03975
epi:Q3V30_06575	ko:K01963
epi:Q3V30_06580	ko:K11754
epi:Q3V30_06585	ko:K03749
epi:Q3V30_06590	ko:K03558
epi:Q3V30_06595	ko:K00764
epi:Q3V30_06600	ko:K03186
epi:Q3V30_06605	ko:K10014
epi:Q3V30_06610	ko:K10016
epi:Q3V30_06615	ko:K10015
epi:Q3V30_06620	ko:K10017
epi:Q3V30_06625	ko:K07071
epi:Q3V30_06630	ko:K00799
epi:Q3V30_06645	ko:K13788
epi:Q3V30_06650	ko:K00925
epi:Q3V30_06655	ko:K09899
epi:Q3V30_06660	ko:K09161
epi:Q3V30_06665	ko:K19270
epi:Q3V30_06675	ko:K08722
epi:Q3V30_06680	ko:K14260
epi:Q3V30_06690	ko:K00330
epi:Q3V30_06695	ko:K00331
epi:Q3V30_06700	ko:K13378
epi:Q3V30_06705	ko:K00334
epi:Q3V30_06710	ko:K00335
epi:Q3V30_06715	ko:K00336
epi:Q3V30_06720	ko:K00337
epi:Q3V30_06725	ko:K00338
epi:Q3V30_06730	ko:K00339
epi:Q3V30_06735	ko:K00340
epi:Q3V30_06740	ko:K00341
epi:Q3V30_06745	ko:K00342
epi:Q3V30_06750	ko:K00343
epi:Q3V30_06755	ko:K02348
epi:Q3V30_06770	ko:K06991
epi:Q3V30_06775	ko:K05594
epi:Q3V30_06780	ko:K02552
epi:Q3V30_06785	ko:K02551
epi:Q3V30_06790	ko:K08680
epi:Q3V30_06795	ko:K01661
epi:Q3V30_06800	ko:K02549
epi:Q3V30_06805	ko:K01911
epi:Q3V30_06820	ko:K11107
epi:Q3V30_06825	ko:K00526
epi:Q3V30_06830	ko:K00525
epi:Q3V30_06835	ko:K00568
epi:Q3V30_06840	ko:K02469
epi:Q3V30_06845	ko:K07677
epi:Q3V30_06850	ko:K07687
epi:Q3V30_06855	ko:K07676
epi:Q3V30_06870	ko:K12543
epi:Q3V30_06875	ko:K12541
epi:Q3V30_06880	ko:K12542
epi:Q3V30_06885	ko:K09475
epi:Q3V30_06895	ko:K03734
epi:Q3V30_06900	ko:K03919
epi:Q3V30_06905	ko:K06159
epi:Q3V30_06910	ko:K02362
epi:Q3V30_06925	ko:K14232
epi:Q3V30_06930	ko:K07014
epi:Q3V30_06935	ko:K09904
epi:Q3V30_06940	ko:K06899
epi:Q3V30_06945	ko:K02897
epi:Q3V30_06955	ko:K07726
epi:Q3V30_06960	ko:K19789
epi:Q3V30_06965	ko:K06183
epi:Q3V30_06970	ko:K07552
epi:Q3V30_06980	ko:K13896
epi:Q3V30_06985	ko:K13895
epi:Q3V30_06990	ko:K13894
epi:Q3V30_06995	ko:K13893
epi:Q3V30_07000	ko:K13694
epi:Q3V30_07005	ko:K19803
epi:Q3V30_07020	ko:K02356
epi:Q3V30_07025	ko:K06940
epi:Q3V30_07030	ko:K11183
epi:Q3V30_07035	ko:K00882
epi:Q3V30_07040	ko:K02770
epi:Q3V30_07045	ko:K01151
epi:Q3V30_07065	ko:K11733
epi:Q3V30_07070	ko:K02015
epi:Q3V30_07075	ko:K02013
epi:Q3V30_07080	ko:K16089
epi:Q3V30_07085	ko:K01070
epi:Q3V30_07090	ko:K00121
epi:Q3V30_07105	ko:K01495
epi:Q3V30_07110	ko:K07148
epi:Q3V30_07115	ko:K02529
epi:Q3V30_07120	ko:K10540
epi:Q3V30_07125	ko:K10542
epi:Q3V30_07130	ko:K10541
epi:Q3V30_07135	ko:K09955
epi:Q3V30_07150	ko:K03748
epi:Q3V30_07155	ko:K00027
epi:Q3V30_07160	ko:K01489
epi:Q3V30_07170	ko:K06518
epi:Q3V30_07175	ko:K01874
epi:Q3V30_07180	ko:K03593
epi:Q3V30_07205	ko:K11903
epi:Q3V30_07210	ko:K00878
epi:Q3V30_07215	ko:K00941
epi:Q3V30_07225	ko:K22293
epi:Q3V30_07230	ko:K00040
epi:Q3V30_07235	ko:K08191
epi:Q3V30_07240	ko:K08322
epi:Q3V30_07245	ko:K08323
epi:Q3V30_07255	ko:K08303
epi:Q3V30_07260	ko:K07664
epi:Q3V30_07265	ko:K07642
epi:Q3V30_07270	ko:K18326
epi:Q3V30_07275	ko:K07789
epi:Q3V30_07280	ko:K07788
epi:Q3V30_07285	ko:K07799
epi:Q3V30_07295	ko:K04046
epi:Q3V30_07300	ko:K21084
epi:Q3V30_07310	ko:K00876
epi:Q3V30_07315	ko:K01494
epi:Q3V30_07320	ko:K07289
epi:Q3V30_07330	ko:K16707
epi:Q3V30_07335	ko:K01991
epi:Q3V30_07340	ko:K25307
epi:Q3V30_07345	ko:K16692
epi:Q3V30_07350	ko:K16700
epi:Q3V30_07355	ko:K16708
epi:Q3V30_07360	ko:K25958
epi:Q3V30_07365	ko:K25957
epi:Q3V30_07370	ko:K16709
epi:Q3V30_07375	ko:K16710
epi:Q3V30_07380	ko:K16703
epi:Q3V30_07385	ko:K16696
epi:Q3V30_07390	ko:K00963
epi:Q3V30_07395	ko:K01784
epi:Q3V30_07400	ko:K24336
epi:Q3V30_07405	ko:K24280
epi:Q3V30_07410	ko:K24282
epi:Q3V30_07415	ko:K24284
epi:Q3V30_07420	ko:K24281
epi:Q3V30_07425	ko:K24283
epi:Q3V30_07450	ko:K01854
epi:Q3V30_07460	ko:K00033
epi:Q3V30_07465	ko:K05789
epi:Q3V30_07470	ko:K19055
epi:Q3V30_07475	ko:K11755
epi:Q3V30_07480	ko:K02500
epi:Q3V30_07485	ko:K01814
epi:Q3V30_07490	ko:K02501
epi:Q3V30_07495	ko:K01089
epi:Q3V30_07500	ko:K00817
epi:Q3V30_07505	ko:K00013
epi:Q3V30_07510	ko:K00765
epi:Q3V30_07525	ko:K09471
epi:Q3V30_07530	ko:K14056
epi:Q3V30_07535	ko:K09473
epi:Q3V30_07540	ko:K09470
epi:Q3V30_07545	ko:K07250
epi:Q3V30_07560	ko:K01141
epi:Q3V30_07570	ko:K07258
epi:Q3V30_07580	ko:K06151
epi:Q3V30_07585	ko:K06152
epi:Q3V30_07595	ko:K09802
epi:Q3V30_07600	ko:K27069
epi:Q3V30_07605	ko:K26937
epi:Q3V30_07650	ko:K01173
epi:Q3V30_07655	ko:K14220
epi:Q3V30_07670	ko:K02821
epi:Q3V30_07675	ko:K02822
epi:Q3V30_07680	ko:K03475
epi:Q3V30_07685	ko:K08313
epi:Q3V30_07695	ko:K02355
epi:Q3V30_07700	ko:K01999
epi:Q3V30_07705	ko:K01997
epi:Q3V30_07710	ko:K01998
epi:Q3V30_07715	ko:K01995
epi:Q3V30_07720	ko:K01996
epi:Q3V30_07725	ko:K01241
epi:Q3V30_07740	ko:K19163
epi:Q3V30_07745	ko:K19164
epi:Q3V30_07765	ko:K13918
epi:Q3V30_07770	ko:K07404
epi:Q3V30_07785	ko:K02760
epi:Q3V30_07790	ko:K02761
epi:Q3V30_07795	ko:K01223
epi:Q3V30_07800	ko:K02759
epi:Q3V30_07805	ko:K02024
epi:Q3V30_07810	ko:K16137
epi:Q3V30_07815	ko:K02433
epi:Q3V30_07840	ko:K00481
epi:Q3V30_07880	ko:K00344
epi:Q3V30_07900	ko:K18199
epi:Q3V30_07950	ko:K00799
epi:Q3V30_07955	ko:K09912
epi:Q3V30_07960	ko:K06177
epi:Q3V30_07995	ko:K09458
epi:Q3V30_08005	ko:K18842
epi:Q3V30_08010	ko:K18841
epi:Q3V30_08015	ko:K14220
epi:Q3V30_08020	ko:K17213
epi:Q3V30_08025	ko:K17215
epi:Q3V30_08030	ko:K17214
epi:Q3V30_08035	ko:K19338
epi:Q3V30_08040	ko:K13635
epi:Q3V30_08045	ko:K00135
epi:Q3V30_08050	ko:K00128
epi:Q3V30_08055	ko:K01560
epi:Q3V30_08065	ko:K02035
epi:Q3V30_08070	ko:K02033
epi:Q3V30_08075	ko:K02034
epi:Q3V30_08080	ko:K02031
epi:Q3V30_08080	ko:K02032
epi:Q3V30_08095	ko:K12972
epi:Q3V30_08100	ko:K07250
epi:Q3V30_08115	ko:K01473
epi:Q3V30_08120	ko:K01474
epi:Q3V30_08125	ko:K00156
epi:Q3V30_08135	ko:K02043
epi:Q3V30_08140	ko:K06166
epi:Q3V30_08145	ko:K06165
epi:Q3V30_08150	ko:K06164
epi:Q3V30_08155	ko:K06163
epi:Q3V30_08160	ko:K05781
epi:Q3V30_08165	ko:K05780
epi:Q3V30_08170	ko:K06162
epi:Q3V30_08175	ko:K05774
epi:Q3V30_08180	ko:K06167
epi:Q3V30_08185	ko:K02041
epi:Q3V30_08190	ko:K02044
epi:Q3V30_08195	ko:K02042
epi:Q3V30_08200	ko:K02042
epi:Q3V30_08205	ko:K25422
epi:Q3V30_08210	ko:K07040
epi:Q3V30_08215	ko:K02911
epi:Q3V30_08220	ko:K03621
epi:Q3V30_08225	ko:K00648
epi:Q3V30_08230	ko:K00645
epi:Q3V30_08235	ko:K00059
epi:Q3V30_08240	ko:K02078
epi:Q3V30_08245	ko:K09458
epi:Q3V30_08250	ko:K02619
epi:Q3V30_08255	ko:K07082
epi:Q3V30_08260	ko:K00943
epi:Q3V30_08265	ko:K02341
epi:Q3V30_08270	ko:K03424
epi:Q3V30_08275	ko:K02779
epi:Q3V30_08280	ko:K02503
epi:Q3V30_08290	ko:K07337
epi:Q3V30_08295	ko:K07251
epi:Q3V30_08300	ko:K01207
epi:Q3V30_08305	ko:K07000
epi:Q3V30_08310	ko:K03885
epi:Q3V30_08320	ko:K11903
epi:Q3V30_08340	ko:K03723
epi:Q3V30_08350	ko:K09808
epi:Q3V30_08355	ko:K09810
epi:Q3V30_08360	ko:K09808
epi:Q3V30_08365	ko:K28207
epi:Q3V30_08370	ko:K12410
epi:Q3V30_08375	ko:K05782
epi:Q3V30_08380	ko:K23779
epi:Q3V30_08385	ko:K01258
epi:Q3V30_08390	ko:K18850
epi:Q3V30_08395	ko:K07637
epi:Q3V30_08400	ko:K07660
epi:Q3V30_08405	ko:K01756
epi:Q3V30_08410	ko:K07153
epi:Q3V30_08415	ko:K00566
epi:Q3V30_08420	ko:K12152
epi:Q3V30_08425	ko:K06181
epi:Q3V30_08430	ko:K00031
epi:Q3V30_08440	ko:K00433
epi:Q3V30_08505	ko:K01297
epi:Q3V30_08510	ko:K08308
epi:Q3V30_08515	ko:K21087
epi:Q3V30_08525	ko:K02014
epi:Q3V30_08530	ko:K01194
epi:Q3V30_08535	ko:K03487
epi:Q3V30_08540	ko:K02753
epi:Q3V30_08545	ko:K01223
epi:Q3V30_08550	ko:K01676
epi:Q3V30_08555	ko:K11106
epi:Q3V30_08560	ko:K28482
epi:Q3V30_08565	ko:K03734
epi:Q3V30_08570	ko:K07703
epi:Q3V30_08575	ko:K07701
epi:Q3V30_08580	ko:K03316
epi:Q3V30_08595	ko:K05876
epi:Q3V30_08605	ko:K12151
epi:Q3V30_08625	ko:K19813
epi:Q3V30_08630	ko:K23274
epi:Q3V30_08635	ko:K23275
epi:Q3V30_08640	ko:K23273
epi:Q3V30_08645	ko:K23274
epi:Q3V30_08675	ko:K03300
epi:Q3V30_08680	ko:K22130
epi:Q3V30_08685	ko:K21948
epi:Q3V30_08690	ko:K00052
epi:Q3V30_08705	ko:K03535
epi:Q3V30_08710	ko:K02030
epi:Q3V30_08715	ko:K27802
epi:Q3V30_08730	ko:K00023
epi:Q3V30_08735	ko:K03300
epi:Q3V30_08765	ko:K00799
epi:Q3V30_08770	ko:K06942
epi:Q3V30_08775	ko:K03321
epi:Q3V30_08805	ko:K01056
epi:Q3V30_08820	ko:K00948
epi:Q3V30_08825	ko:K00919
epi:Q3V30_08830	ko:K02494
epi:Q3V30_08835	ko:K02492
epi:Q3V30_08840	ko:K02835
epi:Q3V30_08845	ko:K02493
epi:Q3V30_08860	ko:K01627
epi:Q3V30_08865	ko:K03668
epi:Q3V30_08870	ko:K07300
epi:Q3V30_08875	ko:K06197
epi:Q3V30_08880	ko:K07232
epi:Q3V30_08895	ko:K20074
epi:Q3V30_08905	ko:K11890
epi:Q3V30_08910	ko:K11891
epi:Q3V30_08915	ko:K11892
epi:Q3V30_08930	ko:K15576
epi:Q3V30_08935	ko:K15577
epi:Q3V30_08940	ko:K15578
epi:Q3V30_08945	ko:K00361
epi:Q3V30_08950	ko:K00372
epi:Q3V30_08955	ko:K02303
epi:Q3V30_08965	ko:K00615
epi:Q3V30_08970	ko:K00615
epi:Q3V30_08980	ko:K17202
epi:Q3V30_08990	ko:K17204
epi:Q3V30_08995	ko:K17203
epi:Q3V30_09000	ko:K00864
epi:Q3V30_09020	ko:K00840
epi:Q3V30_09025	ko:K00673
epi:Q3V30_09030	ko:K06447
epi:Q3V30_09035	ko:K01484
epi:Q3V30_09040	ko:K05526
epi:Q3V30_09045	ko:K06006
epi:Q3V30_09050	ko:K05984
epi:Q3V30_09060	ko:K01916
epi:Q3V30_09065	ko:K07552
epi:Q3V30_09070	ko:K04064
epi:Q3V30_09085	ko:K03781
epi:Q3V30_09090	ko:K06956
epi:Q3V30_09095	ko:K07038
epi:Q3V30_09100	ko:K24204
epi:Q3V30_09120	ko:K02016
epi:Q3V30_09125	ko:K07283
epi:Q3V30_09130	ko:K01868
epi:Q3V30_09135	ko:K02520
epi:Q3V30_09140	ko:K02916
epi:Q3V30_09145	ko:K02887
epi:Q3V30_09155	ko:K01889
epi:Q3V30_09160	ko:K01890
epi:Q3V30_09165	ko:K04764
epi:Q3V30_09170	ko:K06073
epi:Q3V30_09175	ko:K00432
epi:Q3V30_09180	ko:K06074
epi:Q3V30_09185	ko:K13695
epi:Q3V30_09195	ko:K08997
epi:Q3V30_09215	ko:K01626
epi:Q3V30_09220	ko:K09773
epi:Q3V30_09225	ko:K01007
epi:Q3V30_09230	ko:K18518
epi:Q3V30_09240	ko:K26063
epi:Q3V30_09245	ko:K19222
epi:Q3V30_09250	ko:K05997
epi:Q3V30_09255	ko:K09014
epi:Q3V30_09260	ko:K09013
epi:Q3V30_09265	ko:K09015
epi:Q3V30_09270	ko:K11717
epi:Q3V30_09275	ko:K02426
epi:Q3V30_09280	ko:K19236
epi:Q3V30_09285	ko:K06078
epi:Q3V30_09290	ko:K00873
epi:Q3V30_09295	ko:K14237
epi:Q3V30_09300	ko:K14237
epi:Q3V30_09305	ko:K14237
epi:Q3V30_09310	ko:K26939
epi:Q3V30_09315	ko:K00793
epi:Q3V30_09320	ko:K00574
epi:Q3V30_09325	ko:K28371
epi:Q3V30_09335	ko:K03604
epi:Q3V30_09345	ko:K19303
epi:Q3V30_09350	ko:K07390
epi:Q3V30_09355	ko:K03683
epi:Q3V30_09360	ko:K01759
epi:Q3V30_09365	ko:K10680
epi:Q3V30_09370	ko:K03760
epi:Q3V30_09375	ko:K06938
epi:Q3V30_09380	ko:K04565
epi:Q3V30_09400	ko:K06075
epi:Q3V30_09405	ko:K06077
epi:Q3V30_09410	ko:K09001
epi:Q3V30_09420	ko:K00275
epi:Q3V30_09425	ko:K01866
epi:Q3V30_09430	ko:K00868
epi:Q3V30_09435	ko:K00799
epi:Q3V30_09445	ko:K00799
epi:Q3V30_09450	ko:K07006
epi:Q3V30_09455	ko:K03305
epi:Q3V30_09460	ko:K02167
epi:Q3V30_09465	ko:K00130
epi:Q3V30_09470	ko:K00108
epi:Q3V30_09475	ko:K10773
epi:Q3V30_09480	ko:K03613
epi:Q3V30_09485	ko:K03612
epi:Q3V30_09490	ko:K03614
epi:Q3V30_09495	ko:K03615
epi:Q3V30_09500	ko:K03616
epi:Q3V30_09505	ko:K03617
epi:Q3V30_09520	ko:K23508
epi:Q3V30_09525	ko:K10820
epi:Q3V30_09530	ko:K23509
epi:Q3V30_09535	ko:K23509
epi:Q3V30_09550	ko:K01804
epi:Q3V30_09555	ko:K00853
epi:Q3V30_09565	ko:K10537
epi:Q3V30_09570	ko:K10539
epi:Q3V30_09575	ko:K10538
epi:Q3V30_09580	ko:K02099
epi:Q3V30_09590	ko:K01488
epi:Q3V30_09595	ko:K14155
epi:Q3V30_09600	ko:K02791
epi:Q3V30_09605	ko:K16136
epi:Q3V30_09615	ko:K01809
epi:Q3V30_09620	ko:K01679
epi:Q3V30_09625	ko:K10748
epi:Q3V30_09630	ko:K03746
epi:Q3V30_09635	ko:K07120
epi:Q3V30_09640	ko:K02168
epi:Q3V30_09645	ko:K12151
epi:Q3V30_09650	ko:K12151
epi:Q3V30_09655	ko:K22041
epi:Q3V30_09660	ko:K07304
epi:Q3V30_09665	ko:K08224
epi:Q3V30_09675	ko:K15545
epi:Q3V30_09680	ko:K01935
epi:Q3V30_09685	ko:K05847
epi:Q3V30_09690	ko:K05846
epi:Q3V30_09695	ko:K05845
epi:Q3V30_09700	ko:K05846
epi:Q3V30_09720	ko:K09771
epi:Q3V30_09725	ko:K16066
epi:Q3V30_09730	ko:K01487
epi:Q3V30_09735	ko:K13481
epi:Q3V30_09740	ko:K13482
epi:Q3V30_09745	ko:K07402
epi:Q3V30_09750	ko:K03406
epi:Q3V30_09780	ko:K00058
epi:Q3V30_09785	ko:K01053
epi:Q3V30_09790	ko:K13021
epi:Q3V30_09795	ko:K13021
epi:Q3V30_09800	ko:K01284
epi:Q3V30_09805	ko:K16839
epi:Q3V30_09820	ko:K03335
epi:Q3V30_09825	ko:K02529
epi:Q3V30_09835	ko:K00261
epi:Q3V30_09840	ko:K12975
epi:Q3V30_09845	ko:K00209
epi:Q3V30_09855	ko:K08324
epi:Q3V30_09885	ko:K07229
epi:Q3V30_09905	ko:K00117
epi:Q3V30_09915	ko:K03704
epi:Q3V30_09925	ko:K19813
epi:Q3V30_09930	ko:K23274
epi:Q3V30_09935	ko:K23275
epi:Q3V30_09945	ko:K07404
epi:Q3V30_09950	ko:K22130
epi:Q3V30_09960	ko:K02529
epi:Q3V30_09970	ko:K29125
epi:Q3V30_09980	ko:K21948
epi:Q3V30_09985	ko:K01816
epi:Q3V30_09995	ko:K00098
epi:Q3V30_10010	ko:K12265
epi:Q3V30_10015	ko:K12264
epi:Q3V30_10030	ko:K12266
epi:Q3V30_10045	ko:K00799
epi:Q3V30_10055	ko:K01788
epi:Q3V30_10110	ko:K13745
epi:Q3V30_10115	ko:K00836
epi:Q3V30_10135	ko:K00426
epi:Q3V30_10140	ko:K00425
epi:Q3V30_10150	ko:K00123
epi:Q3V30_10160	ko:K17202
epi:Q3V30_10170	ko:K17204
epi:Q3V30_10175	ko:K17203
epi:Q3V30_10180	ko:K00615
epi:Q3V30_10185	ko:K00615
epi:Q3V30_10190	ko:K24672
epi:Q3V30_10200	ko:K16137
epi:Q3V30_10205	ko:K19286
epi:Q3V30_10210	ko:K03406
epi:Q3V30_10220	ko:K09702
epi:Q3V30_10225	ko:K19336
epi:Q3V30_10230	ko:K19335
epi:Q3V30_10240	ko:K00549
epi:Q3V30_10250	ko:K03701
epi:Q3V30_10255	ko:K17205
epi:Q3V30_10260	ko:K17206
epi:Q3V30_10265	ko:K17207
epi:Q3V30_10270	ko:K00854
epi:Q3V30_10275	ko:K05351
epi:Q3V30_10280	ko:K09988
epi:Q3V30_10285	ko:K02529
epi:Q3V30_10305	ko:K01476
epi:Q3V30_10310	ko:K02016
epi:Q3V30_10315	ko:K02014
epi:Q3V30_10330	ko:K21974
epi:Q3V30_10335	ko:K21975
epi:Q3V30_10345	ko:K21973
epi:Q3V30_10360	ko:K13281
epi:Q3V30_10365	ko:K13695
epi:Q3V30_10395	ko:K06016
epi:Q3V30_10400	ko:K02444
epi:Q3V30_10405	ko:K02433
epi:Q3V30_10430	ko:K16088
epi:Q3V30_10445	ko:K12957
epi:Q3V30_10450	ko:K03406
epi:Q3V30_10475	ko:K03623
epi:Q3V30_10485	ko:K17213
epi:Q3V30_10490	ko:K13936
epi:Q3V30_10495	ko:K03406
epi:Q3V30_10505	ko:K05804
epi:Q3V30_10510	ko:K19586
epi:Q3V30_10515	ko:K19585
epi:Q3V30_10520	ko:K19587
epi:Q3V30_10525	ko:K11208
epi:Q3V30_10530	ko:K00020
epi:Q3V30_10545	ko:K08159
epi:Q3V30_10550	ko:K03534
epi:Q3V30_10555	ko:K01629
epi:Q3V30_10560	ko:K01813
epi:Q3V30_10565	ko:K00848
epi:Q3V30_10570	ko:K02855
epi:Q3V30_10575	ko:K02854
epi:Q3V30_10580	ko:K02856
epi:Q3V30_10585	ko:K07248
epi:Q3V30_10615	ko:K02795
epi:Q3V30_10625	ko:K02793
epi:Q3V30_10635	ko:K02529
epi:Q3V30_10640	ko:K12368
epi:Q3V30_10645	ko:K04063
epi:Q3V30_10650	ko:K01258
epi:Q3V30_10655	ko:K10013
epi:Q3V30_10660	ko:K14287
epi:Q3V30_10665	ko:K03566
epi:Q3V30_10670	ko:K03406
epi:Q3V30_10675	ko:K03929
epi:Q3V30_10680	ko:K15977
epi:Q3V30_10685	ko:K25986
epi:Q3V30_10690	ko:K08195
epi:Q3V30_10710	ko:K00007
epi:Q3V30_10715	ko:K00854
epi:Q3V30_10725	ko:K01420
epi:Q3V30_10730	ko:K14055
epi:Q3V30_10735	ko:K00325
epi:Q3V30_10740	ko:K00324
epi:Q3V30_10750	ko:K03758
epi:Q3V30_10760	ko:K07661
epi:Q3V30_10765	ko:K07639
epi:Q3V30_10770	ko:K01299
epi:Q3V30_10780	ko:K04775
epi:Q3V30_10785	ko:K03578
epi:Q3V30_10790	ko:K01118
epi:Q3V30_10795	ko:K09978
epi:Q3V30_10810	ko:K03778
epi:Q3V30_10825	ko:K05591
epi:Q3V30_10830	ko:K14058
epi:Q3V30_10840	ko:K16074
epi:Q3V30_10855	ko:K15580
epi:Q3V30_10860	ko:K14054
epi:Q3V30_10865	ko:K19802
epi:Q3V30_10870	ko:K11065
epi:Q3V30_10875	ko:K03721
epi:Q3V30_10880	ko:K08990
epi:Q3V30_10885	ko:K06918
epi:Q3V30_10890	ko:K03971
epi:Q3V30_10895	ko:K03973
epi:Q3V30_10900	ko:K03970
epi:Q3V30_10905	ko:K03969
epi:Q3V30_10910	ko:K03974
epi:Q3V30_10915	ko:K19226
epi:Q3V30_10920	ko:K19227
epi:Q3V30_10925	ko:K19228
epi:Q3V30_10930	ko:K19229
epi:Q3V30_10935	ko:K19230
epi:Q3V30_10950	ko:K02791
epi:Q3V30_10960	ko:K01147
epi:Q3V30_10965	ko:K06200
epi:Q3V30_10975	ko:K14051
epi:Q3V30_10980	ko:K13816
epi:Q3V30_10985	ko:K03077
epi:Q3V30_10990	ko:K04062
epi:Q3V30_10995	ko:K03113
epi:Q3V30_11000	ko:K01591
epi:Q3V30_11005	ko:K19804
epi:Q3V30_11010	ko:K08992
epi:Q3V30_11015	ko:K01096
epi:Q3V30_11020	ko:K01497
epi:Q3V30_11025	ko:K27802
epi:Q3V30_11040	ko:K13634
epi:Q3V30_11045	ko:K03168
epi:Q3V30_11055	ko:K04774
epi:Q3V30_11065	ko:K19221
epi:Q3V30_11070	ko:K06178
epi:Q3V30_11085	ko:K07053
epi:Q3V30_11090	ko:K01657
epi:Q3V30_11100	ko:K13498
epi:Q3V30_11105	ko:K01696
epi:Q3V30_11110	ko:K01695
epi:Q3V30_11120	ko:K07275
epi:Q3V30_11130	ko:K06190
epi:Q3V30_11145	ko:K10806
epi:Q3V30_11150	ko:K03832
epi:Q3V30_11155	ko:K09780
epi:Q3V30_11175	ko:K06131
epi:Q3V30_11180	ko:K09901
epi:Q3V30_11185	ko:K10823
epi:Q3V30_11190	ko:K15583
epi:Q3V30_11195	ko:K15582
epi:Q3V30_11200	ko:K15581
epi:Q3V30_11205	ko:K15580
epi:Q3V30_11210	ko:K15580
epi:Q3V30_11220	ko:K04072
epi:Q3V30_11225	ko:K00857
epi:Q3V30_11230	ko:K03746
epi:Q3V30_11235	ko:K08679
epi:Q3V30_11240	ko:K00012
epi:Q3V30_11245	ko:K00963
epi:Q3V30_11250	ko:K02485
epi:Q3V30_11255	ko:K07001
epi:Q3V30_11260	ko:K09858
epi:Q3V30_11265	ko:K01433
epi:Q3V30_11270	ko:K14236
epi:Q3V30_11295	ko:K01142
epi:Q3V30_11305	ko:K03169
epi:Q3V30_11315	ko:K04773
epi:Q3V30_11320	ko:K01424
epi:Q3V30_11325	ko:K08281
epi:Q3V30_11330	ko:K09916
epi:Q3V30_11335	ko:K07305
epi:Q3V30_11340	ko:K00134
epi:Q3V30_11345	ko:K01792
epi:Q3V30_11355	ko:K07274
epi:Q3V30_11360	ko:K07180
epi:Q3V30_11365	ko:K09786
epi:Q3V30_11370	ko:K11105
epi:Q3V30_11385	ko:K07552
epi:Q3V30_11390	ko:K01775
epi:Q3V30_11395	ko:K00285
epi:Q3V30_11405	ko:K06415
epi:Q3V30_11410	ko:K03603
epi:Q3V30_11415	ko:K03611
epi:Q3V30_11425	ko:K09160
epi:Q3V30_11430	ko:K29029
epi:Q3V30_11435	ko:K08305
epi:Q3V30_11440	ko:K09902
epi:Q3V30_11445	ko:K03610
epi:Q3V30_11450	ko:K03609
epi:Q3V30_11455	ko:K03608
epi:Q3V30_11460	ko:K03684
epi:Q3V30_11465	ko:K01897
epi:Q3V30_11470	ko:K07285
epi:Q3V30_11475	ko:K14742
epi:Q3V30_11480	ko:K03722
epi:Q3V30_11505	ko:K09917
epi:Q3V30_11510	ko:K01665
epi:Q3V30_11520	ko:K01752
epi:Q3V30_11525	ko:K21090
epi:Q3V30_11535	ko:K02794
epi:Q3V30_11540	ko:K02795
epi:Q3V30_11545	ko:K02796
epi:Q3V30_11555	ko:K00563
epi:Q3V30_11560	ko:K03704
epi:Q3V30_11590	ko:K19333
epi:Q3V30_11595	ko:K08169
epi:Q3V30_11600	ko:K03799
epi:Q3V30_11605	ko:K03797
epi:Q3V30_11610	ko:K03607
epi:Q3V30_11615	ko:K08968
epi:Q3V30_11620	ko:K03808
epi:Q3V30_11625	ko:K06192
epi:Q3V30_11630	ko:K11392
epi:Q3V30_11635	ko:K07313
epi:Q3V30_11700	ko:K06903
epi:Q3V30_11715	ko:K07245
epi:Q3V30_11720	ko:K07156
epi:Q3V30_11725	ko:K02345
epi:Q3V30_11735	ko:K10857
epi:Q3V30_11740	ko:K01354
epi:Q3V30_11755	ko:K09918
epi:Q3V30_11760	ko:K08289
epi:Q3V30_11765	ko:K01625
epi:Q3V30_11770	ko:K00036
epi:Q3V30_11775	ko:K19337
epi:Q3V30_11780	ko:K00873
epi:Q3V30_11785	ko:K28682
epi:Q3V30_11790	ko:K27501
epi:Q3V30_11800	ko:K08160
epi:Q3V30_11805	ko:K02560
epi:Q3V30_11810	ko:K19304
epi:Q3V30_11815	ko:K09815
epi:Q3V30_11820	ko:K09817
epi:Q3V30_11825	ko:K09816
epi:Q3V30_11830	ko:K03551
epi:Q3V30_11835	ko:K03550
epi:Q3V30_11840	ko:K01159
epi:Q3V30_11850	ko:K08310
epi:Q3V30_11855	ko:K01876
epi:Q3V30_11870	ko:K07136
epi:Q3V30_11875	ko:K15256
epi:Q3V30_11880	ko:K15257
epi:Q3V30_11890	ko:K00005
epi:Q3V30_11915	ko:K03502
epi:Q3V30_11920	ko:K03503
epi:Q3V30_12075	ko:K14744
epi:Q3V30_12080	ko:K03791
epi:Q3V30_12125	ko:K01160
epi:Q3V30_12215	ko:K06201
epi:Q3V30_12220	ko:K14155
epi:Q3V30_12225	ko:K09907
epi:Q3V30_12230	ko:K01887
epi:Q3V30_12235	ko:K03516
epi:Q3V30_12240	ko:K02400
epi:Q3V30_12245	ko:K02401
epi:Q3V30_12250	ko:K03414
epi:Q3V30_12255	ko:K03413
epi:Q3V30_12260	ko:K03412
epi:Q3V30_12265	ko:K00575
epi:Q3V30_12270	ko:K05877
epi:Q3V30_12275	ko:K05874
epi:Q3V30_12280	ko:K05874
epi:Q3V30_12285	ko:K03408
epi:Q3V30_12290	ko:K03407
epi:Q3V30_12295	ko:K02557
epi:Q3V30_12300	ko:K02556
epi:Q3V30_12305	ko:K02402
epi:Q3V30_12310	ko:K02403
epi:Q3V30_12315	ko:K00697
epi:Q3V30_12320	ko:K01087
epi:Q3V30_12325	ko:K25135
epi:Q3V30_12330	ko:K03503
epi:Q3V30_12380	ko:K03502
epi:Q3V30_12410	ko:K10680
epi:Q3V30_12415	ko:K00148
epi:Q3V30_12435	ko:K01698
epi:Q3V30_12440	ko:K19784
epi:Q3V30_12445	ko:K24160
epi:Q3V30_12470	ko:K00138
epi:Q3V30_12475	ko:K01951
epi:Q3V30_12480	ko:K15268
epi:Q3V30_12495	ko:K04477
epi:Q3V30_12500	ko:K12972
epi:Q3V30_12505	ko:K03305
epi:Q3V30_12510	ko:K14233
epi:Q3V30_12535	ko:K15125
epi:Q3V30_12540	ko:K07326
epi:Q3V30_12545	ko:K01077
epi:Q3V30_12550	ko:K14233
epi:Q3V30_12555	ko:K06217
epi:Q3V30_12560	ko:K16301
epi:Q3V30_12565	ko:K07224
epi:Q3V30_12570	ko:K07243
epi:Q3V30_12575	ko:K11928
epi:Q3V30_12580	ko:K13821
epi:Q3V30_12595	ko:K10010
epi:Q3V30_12600	ko:K10009
epi:Q3V30_12605	ko:K02424
epi:Q3V30_12610	ko:K05396
epi:Q3V30_12615	ko:K02425
epi:Q3V30_12620	ko:K02405
epi:Q3V30_12630	ko:K02406
epi:Q3V30_12635	ko:K02407
epi:Q3V30_12640	ko:K02422
epi:Q3V30_12645	ko:K02423
epi:Q3V30_12650	ko:K01176
epi:Q3V30_12690	ko:K01185
epi:Q3V30_12720	ko:K03502
epi:Q3V30_12725	ko:K03503
epi:Q3V30_12760	ko:K26977
epi:Q3V30_12765	ko:K26976
epi:Q3V30_12770	ko:K26975
epi:Q3V30_12775	ko:K26974
epi:Q3V30_12780	ko:K26973
epi:Q3V30_12795	ko:K07474
epi:Q3V30_12815	ko:K03791
epi:Q3V30_12870	ko:K09125
epi:Q3V30_12890	ko:K03497
epi:Q3V30_12900	ko:K22302
epi:Q3V30_12920	ko:K01675
epi:Q3V30_12990	ko:K14059
epi:Q3V30_12995	ko:K02408
epi:Q3V30_13000	ko:K02409
epi:Q3V30_13005	ko:K02410
epi:Q3V30_13010	ko:K02411
epi:Q3V30_13015	ko:K02412
epi:Q3V30_13020	ko:K02413
epi:Q3V30_13025	ko:K02414
epi:Q3V30_13030	ko:K02415
epi:Q3V30_13035	ko:K02416
epi:Q3V30_13040	ko:K02417
epi:Q3V30_13045	ko:K02418
epi:Q3V30_13050	ko:K02419
epi:Q3V30_13055	ko:K02420
epi:Q3V30_13060	ko:K02421
epi:Q3V30_13065	ko:K07781
epi:Q3V30_13070	ko:K05876
epi:Q3V30_13090	ko:K07026
epi:Q3V30_13095	ko:K13693
epi:Q3V30_13100	ko:K21085
epi:Q3V30_13115	ko:K09781
epi:Q3V30_13130	ko:K07458
epi:Q3V30_13135	ko:K00558
epi:Q3V30_13140	ko:K05874
epi:Q3V30_13155	ko:K06950
epi:Q3V30_13165	ko:K09933
epi:Q3V30_13170	ko:K14220
epi:Q3V30_13175	ko:K03704
epi:Q3V30_13205	ko:K02051
epi:Q3V30_13220	ko:K01485
epi:Q3V30_13225	ko:K09022
epi:Q3V30_13230	ko:K01470
epi:Q3V30_13235	ko:K02051
epi:Q3V30_13240	ko:K02049
epi:Q3V30_13245	ko:K02050
epi:Q3V30_13295	ko:K06179
epi:Q3V30_13300	ko:K08300
epi:Q3V30_13305	ko:K02397
epi:Q3V30_13310	ko:K02396
epi:Q3V30_13315	ko:K02395
epi:Q3V30_13320	ko:K02394
epi:Q3V30_13325	ko:K02393
epi:Q3V30_13330	ko:K02392
epi:Q3V30_13335	ko:K02391
epi:Q3V30_13340	ko:K02390
epi:Q3V30_13345	ko:K02389
epi:Q3V30_13350	ko:K02388
epi:Q3V30_13355	ko:K02387
epi:Q3V30_13360	ko:K02386
epi:Q3V30_13365	ko:K02398
epi:Q3V30_13370	ko:K02399
epi:Q3V30_13375	ko:K03980
epi:Q3V30_13380	ko:K03810
epi:Q3V30_13385	ko:K03790
epi:Q3V30_13390	ko:K03675
epi:Q3V30_13400	ko:K01465
epi:Q3V30_13405	ko:K12149
epi:Q3V30_13415	ko:K12148
epi:Q3V30_13420	ko:K02846
epi:Q3V30_13425	ko:K03762
epi:Q3V30_13440	ko:K07146
epi:Q3V30_13450	ko:K02517
epi:Q3V30_13455	ko:K12147
epi:Q3V30_13465	ko:K03669
epi:Q3V30_13470	ko:K03670
epi:Q3V30_13475	ko:K11941
epi:Q3V30_13480	ko:K06132
epi:Q3V30_13495	ko:K09458
epi:Q3V30_13500	ko:K00059
epi:Q3V30_13510	ko:K00647
epi:Q3V30_13530	ko:K07107
epi:Q3V30_13555	ko:K02078
epi:Q3V30_13560	ko:K02078
epi:Q3V30_13575	ko:K18139
epi:Q3V30_13590	ko:K06075
epi:Q3V30_13610	ko:K11903
epi:Q3V30_13615	ko:K14228
epi:Q3V30_13620	ko:K14222
epi:Q3V30_13625	ko:K14225
epi:Q3V30_13630	ko:K00995
epi:Q3V30_13635	ko:K03703
epi:Q3V30_13640	ko:K07689
epi:Q3V30_13655	ko:K13061
epi:Q3V30_13660	ko:K07782
epi:Q3V30_13670	ko:K11737
epi:Q3V30_13675	ko:K09017
epi:Q3V30_13680	ko:K09018
epi:Q3V30_13685	ko:K09020
epi:Q3V30_13690	ko:K09021
epi:Q3V30_13695	ko:K09023
epi:Q3V30_13700	ko:K09024
epi:Q3V30_13705	ko:K09016
epi:Q3V30_13715	ko:K06884
epi:Q3V30_13720	ko:K03809
epi:Q3V30_13730	ko:K00135
epi:Q3V30_13740	ko:K03561
epi:Q3V30_13745	ko:K02014
epi:Q3V30_13750	ko:K03832
epi:Q3V30_13755	ko:K03559
epi:Q3V30_13760	ko:K01085
epi:Q3V30_13765	ko:K14233
epi:Q3V30_13770	ko:K14233
epi:Q3V30_13775	ko:K19416
epi:Q3V30_13780	ko:K11179
epi:Q3V30_13785	ko:K01512
epi:Q3V30_13790	ko:K06969
epi:Q3V30_13795	ko:K11940
epi:Q3V30_13800	ko:K06929
epi:Q3V30_13805	ko:K09909
epi:Q3V30_13810	ko:K01734
epi:Q3V30_13815	ko:K03658
epi:Q3V30_13830	ko:K07343
epi:Q3V30_13835	ko:K13053
epi:Q3V30_13840	ko:K03286
epi:Q3V30_13845	ko:K09911
epi:Q3V30_13850	ko:K04770
epi:Q3V30_13855	ko:K01716
epi:Q3V30_13860	ko:K03812
epi:Q3V30_13865	ko:K09857
epi:Q3V30_13870	ko:K06192
epi:Q3V30_13875	ko:K03808
epi:Q3V30_13880	ko:K15738
epi:Q3V30_13885	ko:K12297
epi:Q3V30_13890	ko:K07140
epi:Q3V30_13895	ko:K18657
epi:Q3V30_13900	ko:K00254
epi:Q3V30_13905	ko:K00299
epi:Q3V30_13910	ko:K15553
epi:Q3V30_13915	ko:K04091
epi:Q3V30_13920	ko:K15554
epi:Q3V30_13925	ko:K15555
epi:Q3V30_13930	ko:K01256
epi:Q3V30_13935	ko:K00763
epi:Q3V30_13940	ko:K01893
epi:Q3V30_13945	ko:K09476
epi:Q3V30_13950	ko:K00813
epi:Q3V30_13955	ko:K01069
epi:Q3V30_13965	ko:K21470
epi:Q3V30_13970	ko:K03632
epi:Q3V30_13975	ko:K03804
epi:Q3V30_13980	ko:K03633
epi:Q3V30_13985	ko:K06219
epi:Q3V30_14000	ko:K00979
epi:Q3V30_14005	ko:K09791
epi:Q3V30_14010	ko:K09927
epi:Q3V30_14015	ko:K00912
epi:Q3V30_14020	ko:K11085
epi:Q3V30_14025	ko:K02238
epi:Q3V30_14030	ko:K05788
epi:Q3V30_14035	ko:K02945
epi:Q3V30_14040	ko:K00945
epi:Q3V30_14045	ko:K00800
epi:Q3V30_14050	ko:K00831
epi:Q3V30_14055	ko:K09136
epi:Q3V30_14060	ko:K06212
epi:Q3V30_14065	ko:K00656
epi:Q3V30_14070	ko:K04069
epi:Q3V30_14075	ko:K08219
epi:Q3V30_14080	ko:K01875
epi:Q3V30_14085	ko:K07478
epi:Q3V30_14090	ko:K03634
epi:Q3V30_14095	ko:K03466
epi:Q3V30_14100	ko:K03719
epi:Q3V30_14105	ko:K00384
epi:Q3V30_14110	ko:K16013
epi:Q3V30_14115	ko:K16012
epi:Q3V30_14120	ko:K00684
epi:Q3V30_14125	ko:K02518
epi:Q3V30_14130	ko:K03694
epi:Q3V30_14135	ko:K06891
epi:Q3V30_14140	ko:K03704
epi:Q3V30_14145	ko:K28370
epi:Q3V30_14150	ko:K00156
epi:Q3V30_14155	ko:K01620
epi:Q3V30_14160	ko:K11066
epi:Q3V30_14175	ko:K10000
epi:Q3V30_14180	ko:K09997
epi:Q3V30_14185	ko:K09999
epi:Q3V30_14190	ko:K09998
epi:Q3V30_14195	ko:K09996
epi:Q3V30_14200	ko:K03212
epi:Q3V30_14220	ko:K14665
epi:Q3V30_14225	ko:K11074
epi:Q3V30_14230	ko:K11075
epi:Q3V30_14235	ko:K11076
epi:Q3V30_14240	ko:K11073
epi:Q3V30_14250	ko:K05844
epi:Q3V30_14255	ko:K10678
epi:Q3V30_14265	ko:K03674
epi:Q3V30_14280	ko:K19302
epi:Q3V30_14285	ko:K03837
epi:Q3V30_14290	ko:K07258
epi:Q3V30_14295	ko:K28842
epi:Q3V30_14300	ko:K21430
epi:Q3V30_14315	ko:K09936
epi:Q3V30_14320	ko:K09936
epi:Q3V30_14325	ko:K14441
epi:Q3V30_14335	ko:K13891
epi:Q3V30_14340	ko:K13890
epi:Q3V30_14345	ko:K13889
epi:Q3V30_14350	ko:K13892
epi:Q3V30_14355	ko:K13051
epi:Q3V30_14360	ko:K03750
epi:Q3V30_14365	ko:K21029
epi:Q3V30_14380	ko:K06609
epi:Q3V30_14385	ko:K18904
epi:Q3V30_14390	ko:K03446
epi:Q3V30_14395	ko:K03543
epi:Q3V30_14405	ko:K11924
epi:Q3V30_14410	ko:K11934
epi:Q3V30_14415	ko:K11939
epi:Q3V30_14420	ko:K04047
epi:Q3V30_14430	ko:K10036
epi:Q3V30_14435	ko:K10037
epi:Q3V30_14440	ko:K10038
epi:Q3V30_14445	ko:K06970
epi:Q3V30_14455	ko:K01458
epi:Q3V30_14460	ko:K01468
epi:Q3V30_14465	ko:K05603
epi:Q3V30_14470	ko:K09975
epi:Q3V30_14475	ko:K05836
epi:Q3V30_14480	ko:K01745
epi:Q3V30_14485	ko:K01712
epi:Q3V30_14500	ko:K03722
epi:Q3V30_14530	ko:K21972
epi:Q3V30_14550	ko:K05846
epi:Q3V30_14555	ko:K05847
epi:Q3V30_14560	ko:K05846
epi:Q3V30_14565	ko:K05845
epi:Q3V30_14575	ko:K01823
epi:Q3V30_14580	ko:K03406
epi:Q3V30_14595	ko:K05349
epi:Q3V30_14600	ko:K03777
epi:Q3V30_14605	ko:K05802
epi:Q3V30_14610	ko:K07262
epi:Q3V30_14635	ko:K19236
epi:Q3V30_14645	ko:K03306
epi:Q3V30_14650	ko:K22468
epi:Q3V30_14660	ko:K05541
epi:Q3V30_14665	ko:K11927
epi:Q3V30_14700	ko:K06131
epi:Q3V30_14705	ko:K07027
epi:Q3V30_14710	ko:K06890
epi:Q3V30_14715	ko:K03406
epi:Q3V30_14725	ko:K03635
epi:Q3V30_14730	ko:K03636
epi:Q3V30_14735	ko:K03637
epi:Q3V30_14740	ko:K03638
epi:Q3V30_14745	ko:K03639
epi:Q3V30_14755	ko:K03702
epi:Q3V30_14765	ko:K11963
epi:Q3V30_14770	ko:K01935
epi:Q3V30_14775	ko:K02169
epi:Q3V30_14780	ko:K00652
epi:Q3V30_14785	ko:K01012
epi:Q3V30_14790	ko:K00833
epi:Q3V30_14795	ko:K23256
epi:Q3V30_14810	ko:K07404
epi:Q3V30_14815	ko:K28853
epi:Q3V30_14820	ko:K02017
epi:Q3V30_14825	ko:K02018
epi:Q3V30_14830	ko:K02020
epi:Q3V30_14835	ko:K25859
epi:Q3V30_14840	ko:K02019
epi:Q3V30_14845	ko:K05776
epi:Q3V30_14850	ko:K00965
epi:Q3V30_14855	ko:K00849
epi:Q3V30_14860	ko:K01785
epi:Q3V30_14865	ko:K01834
epi:Q3V30_14870	ko:K01626
epi:Q3V30_14880	ko:K07688
epi:Q3V30_14885	ko:K07679
epi:Q3V30_14890	ko:K16264
epi:Q3V30_14895	ko:K03811
epi:Q3V30_14900	ko:K03517
epi:Q3V30_14905	ko:K00567
epi:Q3V30_14910	ko:K13529
epi:Q3V30_14915	ko:K14229
epi:Q3V30_14925	ko:K14229
epi:Q3V30_14930	ko:K14229
epi:Q3V30_14940	ko:K03640
epi:Q3V30_14945	ko:K03641
epi:Q3V30_14950	ko:K03646
epi:Q3V30_14955	ko:K03560
epi:Q3V30_14960	ko:K03562
epi:Q3V30_14965	ko:K07107
epi:Q3V30_14975	ko:K00424
epi:Q3V30_14980	ko:K00426
epi:Q3V30_14985	ko:K00425
epi:Q3V30_14990	ko:K01902
epi:Q3V30_14995	ko:K01903
epi:Q3V30_15000	ko:K00658
epi:Q3V30_15005	ko:K00164
epi:Q3V30_15010	ko:K00240
epi:Q3V30_15015	ko:K00239
epi:Q3V30_15020	ko:K00242
epi:Q3V30_15025	ko:K00241
epi:Q3V30_15030	ko:K01647
epi:Q3V30_15035	ko:K05522
epi:Q3V30_15040	ko:K01304
epi:Q3V30_15055	ko:K07160
epi:Q3V30_15060	ko:K23124
epi:Q3V30_15065	ko:K23123
epi:Q3V30_15075	ko:K01669
epi:Q3V30_15090	ko:K07667
epi:Q3V30_15095	ko:K01835
epi:Q3V30_15100	ko:K03645
epi:Q3V30_15105	ko:K01175
epi:Q3V30_15115	ko:K03839
epi:Q3V30_15120	ko:K03711
epi:Q3V30_15125	ko:K01886
epi:Q3V30_15130	ko:K02804
epi:Q3V30_15135	ko:K02564
epi:Q3V30_15140	ko:K01443
epi:Q3V30_15145	ko:K02565
epi:Q3V30_15150	ko:K02566
epi:Q3V30_15155	ko:K01953
epi:Q3V30_15160	ko:K14230
epi:Q3V30_15165	ko:K14228
epi:Q3V30_15170	ko:K14223
epi:Q3V30_15175	ko:K14223
epi:Q3V30_15180	ko:K14230
epi:Q3V30_15185	ko:K14223
epi:Q3V30_15190	ko:K14223
epi:Q3V30_15195	ko:K03184
epi:Q3V30_15200	ko:K06168
epi:Q3V30_15205	ko:K06217
epi:Q3V30_15210	ko:K07042
epi:Q3V30_15215	ko:K06189
epi:Q3V30_15220	ko:K03820
epi:Q3V30_15225	ko:K10001
epi:Q3V30_15230	ko:K10003
epi:Q3V30_15235	ko:K10002
epi:Q3V30_15240	ko:K10004
epi:Q3V30_15250	ko:K01869
epi:Q3V30_15255	ko:K03643
epi:Q3V30_15260	ko:K02340
epi:Q3V30_15265	ko:K00969
epi:Q3V30_15270	ko:K09710
epi:Q3V30_15275	ko:K00783
epi:Q3V30_15280	ko:K05515
epi:Q3V30_15285	ko:K05837
epi:Q3V30_15290	ko:K03642
epi:Q3V30_15295	ko:K07258
epi:Q3V30_15300	ko:K09158
epi:Q3V30_15305	ko:K03801
epi:Q3V30_15310	ko:K03644
epi:Q3V30_15315	ko:K03425
epi:Q3V30_15320	ko:K02028
epi:Q3V30_15325	ko:K02029
epi:Q3V30_15330	ko:K02030
epi:Q3V30_15335	ko:K11206
epi:Q3V30_15355	ko:K03704
epi:Q3V30_15360	ko:K12973
epi:Q3V30_15380	ko:K04053
epi:Q3V30_15385	ko:K03222
epi:Q3V30_15395	ko:K03223
epi:Q3V30_15410	ko:K03219
epi:Q3V30_15435	ko:K07025
epi:Q3V30_15440	ko:K22463
epi:Q3V30_15460	ko:K03229
epi:Q3V30_15465	ko:K03228
epi:Q3V30_15470	ko:K03227
epi:Q3V30_15475	ko:K03226
epi:Q3V30_15480	ko:K03225
epi:Q3V30_15490	ko:K04056
epi:Q3V30_15495	ko:K03224
epi:Q3V30_15500	ko:K03220
epi:Q3V30_15505	ko:K03230
epi:Q3V30_15510	ko:K04058
epi:Q3V30_15535	ko:K13574
epi:Q3V30_15540	ko:K06155
epi:Q3V30_15545	ko:K05835
epi:Q3V30_15550	ko:K00425
epi:Q3V30_15555	ko:K00426
epi:Q3V30_15570	ko:K07267
epi:Q3V30_15575	ko:K02069
epi:Q3V30_15580	ko:K02068
epi:Q3V30_15585	ko:K00117
epi:Q3V30_15590	ko:K02014
epi:Q3V30_15605	ko:K05275
epi:Q3V30_15640	ko:K06151
epi:Q3V30_15645	ko:K06152
epi:Q3V30_15655	ko:K07506
epi:Q3V30_15665	ko:K03415
epi:Q3V30_15670	ko:K29125
epi:Q3V30_15675	ko:K14348
epi:Q3V30_15680	ko:K00794
epi:Q3V30_15690	ko:K18009
epi:Q3V30_15710	ko:K00116
epi:Q3V30_15730	ko:K21975
epi:Q3V30_15735	ko:K21974
epi:Q3V30_15755	ko:K06884
epi:Q3V30_15770	ko:K07217
epi:Q3V30_15780	ko:K07109
epi:Q3V30_15785	ko:K00795
epi:Q3V30_15790	ko:K01823
epi:Q3V30_15795	ko:K14596
epi:Q3V30_15800	ko:K06443
epi:Q3V30_15805	ko:K10027
epi:Q3V30_15810	ko:K02291
epi:Q3V30_15815	ko:K15746
epi:Q3V30_15860	ko:K14219
epi:Q3V30_15865	ko:K01491
epi:Q3V30_15870	ko:K14761
epi:Q3V30_15875	ko:K20118
epi:Q3V30_15880	ko:K16136
epi:Q3V30_15885	ko:K01883
epi:Q3V30_15900	ko:K03768
epi:Q3V30_15905	ko:K03269
epi:Q3V30_15910	ko:K01588
epi:Q3V30_15915	ko:K01589
epi:Q3V30_15920	ko:K19734
epi:Q3V30_15925	ko:K22956
epi:Q3V30_15930	ko:K02004
epi:Q3V30_15935	ko:K02003
epi:Q3V30_15940	ko:K10804
epi:Q3V30_15950	ko:K05838
epi:Q3V30_15960	ko:K07340
epi:Q3V30_15965	ko:K02055
epi:Q3V30_15975	ko:K19591
epi:Q3V30_15980	ko:K17686
epi:Q3V30_15985	ko:K09973
epi:Q3V30_15990	ko:K03976
epi:Q3V30_16005	ko:K11751
epi:Q3V30_16010	ko:K08223
epi:Q3V30_16015	ko:K26735
epi:Q3V30_16020	ko:K00892
epi:Q3V30_16025	ko:K01772
epi:Q3V30_16030	ko:K00939
epi:Q3V30_16045	ko:K03574
epi:Q3V30_16060	ko:K04079
epi:Q3V30_16065	ko:K06187
epi:Q3V30_16070	ko:K09747
epi:Q3V30_16075	ko:K02343
epi:Q3V30_16080	ko:K00759
epi:Q3V30_16085	ko:K09790
epi:Q3V30_16090	ko:K04067
epi:Q3V30_16105	ko:K03577
epi:Q3V30_16110	ko:K03585
epi:Q3V30_16115	ko:K18138
epi:Q3V30_16120	ko:K02909
epi:Q3V30_16125	ko:K02919
epi:Q3V30_16130	ko:K02077
epi:Q3V30_16135	ko:K02075
epi:Q3V30_16140	ko:K02074
epi:Q3V30_16155	ko:K19162
epi:Q3V30_16160	ko:K05839
epi:Q3V30_16165	ko:K01983
epi:Q3V30_16170	ko:K07443
epi:Q3V30_16175	ko:K09914
epi:Q3V30_16180	ko:K10805
epi:Q3V30_16185	ko:K03320
epi:Q3V30_16190	ko:K04752
epi:Q3V30_16195	ko:K18890
epi:Q3V30_16200	ko:K18889
epi:Q3V30_16205	ko:K05800
epi:Q3V30_16210	ko:K28981
epi:Q3V30_16215	ko:K11938
epi:Q3V30_16225	ko:K06920
epi:Q3V30_16230	ko:K12500
epi:Q3V30_16235	ko:K02237
epi:Q3V30_16240	ko:K03770
epi:Q3V30_16245	ko:K03530
epi:Q3V30_16250	ko:K01338
epi:Q3V30_16255	ko:K03544
epi:Q3V30_16260	ko:K01358
epi:Q3V30_16265	ko:K03545
epi:Q3V30_16270	ko:K05527
epi:Q3V30_16280	ko:K07286
epi:Q3V30_16285	ko:K08218
epi:Q3V30_16290	ko:K02297
epi:Q3V30_16295	ko:K02298
epi:Q3V30_16300	ko:K02299
epi:Q3V30_16305	ko:K02300
epi:Q3V30_16310	ko:K02257
epi:Q3V30_16320	ko:K09767
epi:Q3V30_16325	ko:K00077
epi:Q3V30_16330	ko:K03152
epi:Q3V30_16335	ko:K03151
epi:Q3V30_16340	ko:K03602
epi:Q3V30_16345	ko:K00795
epi:Q3V30_16350	ko:K01662
epi:Q3V30_16365	ko:K23107
epi:Q3V30_16370	ko:K01095
epi:Q3V30_16375	ko:K00946
epi:Q3V30_16380	ko:K03625
epi:Q3V30_16385	ko:K00794
epi:Q3V30_16390	ko:K11752
epi:Q3V30_16395	ko:K07738
epi:Q3V30_16410	ko:K03074
epi:Q3V30_16415	ko:K03072
epi:Q3V30_16420	ko:K03210
epi:Q3V30_16425	ko:K00773
epi:Q3V30_16430	ko:K07568
epi:Q3V30_16435	ko:K08682
epi:Q3V30_16440	ko:K03386
epi:Q3V30_16445	ko:K01093
epi:Q3V30_16450	ko:K11736
epi:Q3V30_16455	ko:K03311
epi:Q3V30_16465	ko:K02040
epi:Q3V30_16470	ko:K07636
epi:Q3V30_16475	ko:K07657
epi:Q3V30_16480	ko:K03547
epi:Q3V30_16485	ko:K03546
epi:Q3V30_16520	ko:K16238
epi:Q3V30_16525	ko:K00847
epi:Q3V30_16530	ko:K03554
epi:Q3V30_16535	ko:K09913
epi:Q3V30_16540	ko:K14591
epi:Q3V30_16550	ko:K00891
epi:Q3V30_16555	ko:K09945
epi:Q3V30_16560	ko:K09768
epi:Q3V30_16575	ko:K00286
epi:Q3V30_16595	ko:K01190
epi:Q3V30_16600	ko:K08161
epi:Q3V30_16605	ko:K03704
epi:Q3V30_16610	ko:K05595
epi:Q3V30_16630	ko:K07052
epi:Q3V30_16635	ko:K02035
epi:Q3V30_16640	ko:K02033
epi:Q3V30_16645	ko:K02034
epi:Q3V30_16650	ko:K02031
epi:Q3V30_16655	ko:K02032
epi:Q3V30_16695	ko:K01714
epi:Q3V30_16705	ko:K18138
epi:Q3V30_16710	ko:K01569
epi:Q3V30_16715	ko:K09958
epi:Q3V30_16730	ko:K06609
epi:Q3V30_16745	ko:K06199
epi:Q3V30_16770	ko:K26606
epi:Q3V30_16775	ko:K26605
epi:Q3V30_16785	ko:K01214
epi:Q3V30_16790	ko:K06044
epi:Q3V30_16795	ko:K01236
epi:Q3V30_16810	ko:K00147
epi:Q3V30_16815	ko:K00931
epi:Q3V30_16820	ko:K11929
epi:Q3V30_16825	ko:K11926
epi:Q3V30_16830	ko:K11750
epi:Q3V30_16835	ko:K00769
epi:Q3V30_16840	ko:K01270
epi:Q3V30_16845	ko:K02346
epi:Q3V30_16850	ko:K28919
epi:Q3V30_16860	ko:K03271
epi:Q3V30_16865	ko:K06445
epi:Q3V30_16875	ko:K00899
epi:Q3V30_16880	ko:K08963
epi:Q3V30_16890	ko:K03406
epi:Q3V30_16900	ko:K08967
epi:Q3V30_16905	ko:K09880
epi:Q3V30_16910	ko:K08964
epi:Q3V30_16915	ko:K14287
epi:Q3V30_16920	ko:K13566
epi:Q3V30_16925	ko:K24206
epi:Q3V30_16930	ko:K07127
epi:Q3V30_16935	ko:K16840
epi:Q3V30_16940	ko:K02083
epi:Q3V30_16945	ko:K00839
epi:Q3V30_16950	ko:K02028
epi:Q3V30_16955	ko:K02029
epi:Q3V30_16960	ko:K02029
epi:Q3V30_16965	ko:K02030
epi:Q3V30_16980	ko:K22602
epi:Q3V30_16990	ko:K22601
epi:Q3V30_17000	ko:K16842
epi:Q3V30_17005	ko:K16841
epi:Q3V30_17015	ko:K03457
epi:Q3V30_17020	ko:K14221
epi:Q3V30_17025	ko:K02342
epi:Q3V30_17030	ko:K07402
epi:Q3V30_17035	ko:K07141
epi:Q3V30_17040	ko:K11177
epi:Q3V30_17045	ko:K11178
epi:Q3V30_17050	ko:K13483
epi:Q3V30_17055	ko:K03469
epi:Q3V30_17065	ko:K01069
epi:Q3V30_17070	ko:K08307
epi:Q3V30_17100	ko:K14221
epi:Q3V30_17105	ko:K01985
epi:Q3V30_17110	ko:K01980
epi:Q3V30_17115	ko:K14218
epi:Q3V30_17120	ko:K14227
epi:Q3V30_17125	ko:K01977
epi:Q3V30_17130	ko:K03273
epi:Q3V30_17135	ko:K02071
epi:Q3V30_17140	ko:K02072
epi:Q3V30_17145	ko:K02073
epi:Q3V30_17150	ko:K06080
epi:Q3V30_17155	ko:K22900
epi:Q3V30_17160	ko:K01881
epi:Q3V30_17165	ko:K06079
epi:Q3V30_17170	ko:K15034
epi:Q3V30_17185	ko:K19000
epi:Q3V30_17195	ko:K04075
epi:Q3V30_17200	ko:K08234
epi:Q3V30_17205	ko:K01582
epi:Q3V30_17210	ko:K02654
epi:Q3V30_17215	ko:K01962
epi:Q3V30_17220	ko:K02337
epi:Q3V30_17225	ko:K03470
epi:Q3V30_17230	ko:K00748
epi:Q3V30_17235	ko:K00677
epi:Q3V30_17240	ko:K02372
epi:Q3V30_17245	ko:K02536
epi:Q3V30_17250	ko:K06142
epi:Q3V30_17255	ko:K07277
epi:Q3V30_17260	ko:K11749
epi:Q3V30_17265	ko:K00981
epi:Q3V30_17270	ko:K00806
epi:Q3V30_17275	ko:K00099
epi:Q3V30_17280	ko:K02838
epi:Q3V30_17285	ko:K09903
epi:Q3V30_17290	ko:K02357
epi:Q3V30_17295	ko:K02967
epi:Q3V30_17300	ko:K01265
epi:Q3V30_17305	ko:K00990
epi:Q3V30_17310	ko:K00674
epi:Q3V30_17320	ko:K02647
epi:Q3V30_17325	ko:K04771
epi:Q3V30_17330	ko:K01129
epi:Q3V30_17335	ko:K01243
epi:Q3V30_17340	ko:K06858
epi:Q3V30_17350	ko:K15724
epi:Q3V30_17355	ko:K03281
epi:Q3V30_17360	ko:K01845
epi:Q3V30_17365	ko:K23228
epi:Q3V30_17370	ko:K23227
epi:Q3V30_17375	ko:K10829
epi:Q3V30_17380	ko:K02014
epi:Q3V30_17385	ko:K05365
epi:Q3V30_17390	ko:K03579
epi:Q3V30_17395	ko:K01975
epi:Q3V30_17400	ko:K06206
epi:Q3V30_17405	ko:K06204
epi:Q3V30_17410	ko:K01894
epi:Q3V30_17415	ko:K00970
epi:Q3V30_17420	ko:K00950
epi:Q3V30_17425	ko:K00606
epi:Q3V30_17430	ko:K01918
epi:Q3V30_17435	ko:K01579
epi:Q3V30_17450	ko:K01992
epi:Q3V30_17455	ko:K01990
epi:Q3V30_17460	ko:K01673
epi:Q3V30_17465	ko:K00760
epi:Q3V30_17470	ko:K01761
epi:Q3V30_17480	ko:K14588
epi:Q3V30_17490	ko:K00797
epi:Q3V30_17495	ko:K01611
epi:Q3V30_17505	ko:K22024
epi:Q3V30_17510	ko:K22129
epi:Q3V30_17520	ko:K01714
epi:Q3V30_17525	ko:K00058
epi:Q3V30_17540	ko:K09910
epi:Q3V30_17545	ko:K21645
epi:Q3V30_17550	ko:K12941
epi:Q3V30_17555	ko:K02035
epi:Q3V30_17560	ko:K02033
epi:Q3V30_17565	ko:K02034
epi:Q3V30_17570	ko:K02031
epi:Q3V30_17575	ko:K02032
epi:Q3V30_17585	ko:K01682
epi:Q3V30_17590	ko:K13727
epi:Q3V30_17610	ko:K00382
epi:Q3V30_17615	ko:K00627
epi:Q3V30_17620	ko:K00163
epi:Q3V30_17625	ko:K05799
epi:Q3V30_17630	ko:K11734
epi:Q3V30_17635	ko:K03292
epi:Q3V30_17645	ko:K03807
epi:Q3V30_17650	ko:K03806
epi:Q3V30_17655	ko:K00767
epi:Q3V30_17660	ko:K02682
epi:Q3V30_17665	ko:K02504
epi:Q3V30_17670	ko:K02505
epi:Q3V30_17675	ko:K00364
epi:Q3V30_17680	ko:K00859
epi:Q3V30_17685	ko:K18778
epi:Q3V30_17690	ko:K09862
epi:Q3V30_17695	ko:K03574
epi:Q3V30_17700	ko:K03070
epi:Q3V30_17705	ko:K13301
epi:Q3V30_17715	ko:K02535
epi:Q3V30_17720	ko:K03531
epi:Q3V30_17725	ko:K03590
epi:Q3V30_17730	ko:K03589
epi:Q3V30_17735	ko:K01921
epi:Q3V30_17740	ko:K01924
epi:Q3V30_17745	ko:K02563
epi:Q3V30_17750	ko:K03588
epi:Q3V30_17755	ko:K01925
epi:Q3V30_17760	ko:K01000
epi:Q3V30_17765	ko:K01929
epi:Q3V30_17770	ko:K01928
epi:Q3V30_17775	ko:K03587
epi:Q3V30_17780	ko:K03586
epi:Q3V30_17785	ko:K03438
epi:Q3V30_17790	ko:K03925
epi:Q3V30_17795	ko:K03435
epi:Q3V30_17800	ko:K01653
epi:Q3V30_17805	ko:K01652
epi:Q3V30_17810	ko:K01649
epi:Q3V30_17815	ko:K00052
epi:Q3V30_17820	ko:K01703
epi:Q3V30_17825	ko:K01704
epi:Q3V30_17830	ko:K03291
epi:Q3V30_17835	ko:K11925
epi:Q3V30_17840	ko:K02064
epi:Q3V30_17845	ko:K02063
epi:Q3V30_17850	ko:K02062
epi:Q3V30_17860	ko:K02336
epi:Q3V30_17865	ko:K03580
epi:Q3V30_17870	ko:K06177
epi:Q3V30_17875	ko:K05801
epi:Q3V30_17880	ko:K04744
epi:Q3V30_17885	ko:K03771
epi:Q3V30_17890	ko:K00097
epi:Q3V30_17895	ko:K02528
epi:Q3V30_17900	ko:K06195
epi:Q3V30_17905	ko:K01525
epi:Q3V30_17910	ko:K00287
epi:Q3V30_17915	ko:K05835
epi:Q3V30_17920	ko:K09474
epi:Q3V30_17925	ko:K01955
epi:Q3V30_17930	ko:K01956
epi:Q3V30_17935	ko:K00215
epi:Q3V30_17940	ko:K03527
epi:Q3V30_17945	ko:K03774
epi:Q3V30_17950	ko:K03101
epi:Q3V30_17955	ko:K01870
epi:Q3V30_17960	ko:K11753
epi:Q3V30_17965	ko:K02968
epi:Q3V30_17970	ko:K03717
epi:Q3V30_17975	ko:K03313
epi:Q3V30_17980	ko:K03686
epi:Q3V30_17985	ko:K04043
epi:Q3V30_17990	ko:K03762
epi:Q3V30_17995	ko:K03831
epi:Q3V30_18000	ko:K00616
epi:Q3V30_18005	ko:K09861
epi:Q3V30_18020	ko:K01733
epi:Q3V30_18025	ko:K00872
epi:Q3V30_18030	ko:K12524
epi:Q3V30_18035	ko:K02533
epi:Q3V30_18040	ko:K07773
epi:Q3V30_18045	ko:K05805
epi:Q3V30_18050	ko:K05804
epi:Q3V30_18055	ko:K15634
epi:Q3V30_18060	ko:K01529
epi:Q3V30_18065	ko:K03720
epi:Q3V30_18070	ko:K08309
epi:Q3V30_18075	ko:K01457
epi:Q3V30_18080	ko:K01941
epi:Q3V30_18090	ko:K11959
epi:Q3V30_18095	ko:K11960
epi:Q3V30_18100	ko:K11961
epi:Q3V30_18105	ko:K11962
epi:Q3V30_18110	ko:K11963
epi:Q3V30_18115	ko:K21405
epi:Q3V30_18120	ko:K01816
epi:Q3V30_18125	ko:K10439
epi:Q3V30_18135	ko:K02429
epi:Q3V30_18140	ko:K28747
epi:Q3V30_18145	ko:K01619
epi:Q3V30_18150	ko:K11534
epi:Q3V30_18160	ko:K06020
epi:Q3V30_18200	ko:K08191
epi:Q3V30_18205	ko:K06211
epi:Q3V30_18210	ko:K04485
epi:Q3V30_18215	ko:K01079
epi:Q3V30_18220	ko:K07186
epi:Q3V30_18225	ko:K03784
epi:Q3V30_18230	ko:K01839
epi:Q3V30_18235	ko:K00758
epi:Q3V30_18240	ko:K01619
epi:Q3V30_18245	ko:K03424
epi:Q3V30_18260	ko:K04065
epi:Q3V30_18265	ko:K02837
epi:Q3V30_18270	ko:K01246
epi:Q3V30_18275	ko:K11209
epi:Q3V30_18280	ko:K08723
epi:Q3V30_18285	ko:K03789
epi:Q3V30_18290	ko:K02344
epi:Q3V30_18295	ko:K00564
epi:Q3V30_18300	ko:K14228
epi:Q3V30_18305	ko:K14228
epi:Q3V30_18310	ko:K14228
epi:Q3V30_18325	ko:K13255
epi:Q3V30_18350	ko:K03781
epi:Q3V30_18370	ko:K02529
epi:Q3V30_18375	ko:K08173
epi:Q3V30_18405	ko:K16137
epi:Q3V30_18415	ko:K07124
epi:Q3V30_18420	ko:K14230
epi:Q3V30_18425	ko:K01560
epi:Q3V30_18435	ko:K18919
epi:Q3V30_18445	ko:K05979
epi:Q3V30_18455	ko:K01673
epi:Q3V30_18460	ko:K06157
epi:Q3V30_18465	ko:K00219
epi:Q3V30_18475	ko:K05810
epi:Q3V30_18480	ko:K11391
epi:Q3V30_18485	ko:K07043
epi:Q3V30_18490	ko:K03281
epi:Q3V30_18505	ko:K07862
epi:Q3V30_18510	ko:K01685
epi:Q3V30_18515	ko:K00041
epi:Q3V30_18525	ko:K25864
epi:Q3V30_18550	ko:K15977
epi:Q3V30_18555	ko:K07393
epi:Q3V30_18570	ko:K07039
epi:Q3V30_18575	ko:K01978
epi:Q3V30_18580	ko:K07056
epi:Q3V30_18585	ko:K07121
epi:Q3V30_18590	ko:K07460
epi:Q3V30_18595	ko:K12961
epi:Q3V30_18600	ko:K28369
epi:Q3V30_18610	ko:K07404
epi:Q3V30_18620	ko:K01042
epi:Q3V30_18625	ko:K01465
epi:Q3V30_18655	ko:K15536
epi:Q3V30_18660	ko:K03592
epi:Q3V30_18665	ko:K09889
epi:Q3V30_18670	ko:K02558
epi:Q3V30_18675	ko:K03841
epi:Q3V30_18680	ko:K05874
epi:Q3V30_18690	ko:K01507
epi:Q3V30_18705	ko:K09800
epi:Q3V30_18710	ko:K07278
epi:Q3V30_18715	ko:K03699
epi:Q3V30_18725	ko:K07109
epi:Q3V30_18730	ko:K01082
epi:Q3V30_18735	ko:K01119
epi:Q3V30_18740	ko:K03773
epi:Q3V30_18750	ko:K07269
epi:Q3V30_18755	ko:K02939
epi:Q3V30_18760	ko:K02963
epi:Q3V30_18765	ko:K02686
epi:Q3V30_18770	ko:K02990
epi:Q3V30_18780	ko:K06889
epi:Q3V30_18785	ko:K03406
epi:Q3V30_18795	ko:K09456
epi:Q3V30_18800	ko:K03218
epi:Q3V30_18805	ko:K12573
epi:Q3V30_18810	ko:K13771
epi:Q3V30_18815	ko:K01939
epi:Q3V30_18820	ko:K09937
epi:Q3V30_18825	ko:K04087
epi:Q3V30_18830	ko:K04088
epi:Q3V30_18835	ko:K03665
epi:Q3V30_18840	ko:K03666
epi:Q3V30_18845	ko:K00791
epi:Q3V30_18850	ko:K03572
epi:Q3V30_18855	ko:K01448
epi:Q3V30_18860	ko:K06925
epi:Q3V30_18865	ko:K23997
epi:Q3V30_18870	ko:K18979
epi:Q3V30_18875	ko:K14225
epi:Q3V30_18880	ko:K14225
epi:Q3V30_18885	ko:K14225
epi:Q3V30_18890	ko:K13288
epi:Q3V30_18895	ko:K06949
epi:Q3V30_18900	ko:K01613
epi:Q3V30_18905	ko:K22051
epi:Q3V30_18910	ko:K04568
epi:Q3V30_18915	ko:K00244
epi:Q3V30_18920	ko:K00245
epi:Q3V30_18925	ko:K00246
epi:Q3V30_18930	ko:K00247
epi:Q3V30_18935	ko:K03098
epi:Q3V30_18940	ko:K16348
epi:Q3V30_18945	ko:K16347
epi:Q3V30_18950	ko:K02356
epi:Q3V30_18955	ko:K19810
epi:Q3V30_18965	ko:K04077
epi:Q3V30_18970	ko:K04078
epi:Q3V30_18975	ko:K07113
epi:Q3V30_18980	ko:K01744
epi:Q3V30_18985	ko:K07791
epi:Q3V30_18990	ko:K04084
epi:Q3V30_19000	ko:K14231
epi:Q3V30_19010	ko:K03503
epi:Q3V30_19020	ko:K03777
epi:Q3V30_19030	ko:K19267
epi:Q3V30_19040	ko:K03574
epi:Q3V30_19055	ko:K28868
epi:Q3V30_19065	ko:K14591
epi:Q3V30_19070	ko:K05995
epi:Q3V30_19075	ko:K18831
epi:Q3V30_19090	ko:K10013
epi:Q3V30_19095	ko:K01194
epi:Q3V30_19100	ko:K08224
epi:Q3V30_19130	ko:K04750
epi:Q3V30_19135	ko:K06150
epi:Q3V30_19140	ko:K06151
epi:Q3V30_19145	ko:K06152
epi:Q3V30_19150	ko:K08369
epi:Q3V30_19160	ko:K17938
epi:Q3V30_19165	ko:K24087
epi:Q3V30_19170	ko:K28825
epi:Q3V30_19175	ko:K03776
epi:Q3V30_19180	ko:K11102
epi:Q3V30_19185	ko:K01895
epi:Q3V30_19195	ko:K14393
epi:Q3V30_19210	ko:K06518
epi:Q3V30_19225	ko:K24163
epi:Q3V30_19230	ko:K06901
epi:Q3V30_19235	ko:K00799
epi:Q3V30_19240	ko:K13639
epi:Q3V30_19245	ko:K13631
epi:Q3V30_19250	ko:K21021
epi:Q3V30_19275	ko:K07497
epi:Q3V30_19290	ko:K09824
epi:Q3V30_19305	ko:K10680
epi:Q3V30_19320	ko:K08324
epi:Q3V30_19335	ko:K01561
epi:Q3V30_19345	ko:K00432
epi:Q3V30_19355	ko:K19577
epi:Q3V30_19360	ko:K07118
epi:Q3V30_19370	ko:K07644
epi:Q3V30_19375	ko:K07665
epi:Q3V30_19385	ko:K08995
epi:Q3V30_19395	ko:K03111
epi:Q3V30_19400	ko:K03701
epi:Q3V30_19405	ko:K13979
epi:Q3V30_19410	ko:K03707
epi:Q3V30_19415	ko:K06971
epi:Q3V30_19420	ko:K00852
epi:Q3V30_19425	ko:K10439
epi:Q3V30_19430	ko:K02529
epi:Q3V30_19435	ko:K10441
epi:Q3V30_19440	ko:K10440
epi:Q3V30_19445	ko:K07048
epi:Q3V30_19455	ko:K01439
epi:Q3V30_19470	ko:K23775
epi:Q3V30_19480	ko:K00832
epi:Q3V30_19495	ko:K02314
epi:Q3V30_19500	ko:K00344
epi:Q3V30_19515	ko:K09023
epi:Q3V30_19520	ko:K09018
epi:Q3V30_19525	ko:K07335
epi:Q3V30_19530	ko:K23537
epi:Q3V30_19535	ko:K23535
epi:Q3V30_19540	ko:K23536
epi:Q3V30_19545	ko:K09021
epi:Q3V30_19560	ko:K09019
epi:Q3V30_19570	ko:K05539
epi:Q3V30_19580	ko:K09823
epi:Q3V30_19590	ko:K26937
epi:Q3V30_19595	ko:K01356
epi:Q3V30_19600	ko:K00901
epi:Q3V30_19605	ko:K00631
epi:Q3V30_19610	ko:K03179
epi:Q3V30_19615	ko:K03181
epi:Q3V30_19620	ko:K13256
epi:Q3V30_19675	ko:K02433
epi:Q3V30_19690	ko:K01810
epi:Q3V30_19700	ko:K00928
epi:Q3V30_19705	ko:K06188
epi:Q3V30_19710	ko:K03453
epi:Q3V30_19715	ko:K03324
epi:Q3V30_19720	ko:K02052
epi:Q3V30_19725	ko:K02053
epi:Q3V30_19730	ko:K02054
epi:Q3V30_19740	ko:K02055
epi:Q3V30_19750	ko:K00548
epi:Q3V30_19755	ko:K13641
epi:Q3V30_19760	ko:K00851
epi:Q3V30_19765	ko:K01690
epi:Q3V30_19770	ko:K01625
epi:Q3V30_19775	ko:K00906
epi:Q3V30_19780	ko:K01637
epi:Q3V30_19785	ko:K01638
epi:Q3V30_19790	ko:K00651
epi:Q3V30_19805	ko:K10013
epi:Q3V30_19815	ko:K01985
epi:Q3V30_19820	ko:K14234
epi:Q3V30_19825	ko:K01985
epi:Q3V30_19830	ko:K01980
epi:Q3V30_19835	ko:K14224
epi:Q3V30_19840	ko:K01977
epi:Q3V30_19845	ko:K00602
epi:Q3V30_19850	ko:K01945
epi:Q3V30_19860	ko:K05787
epi:Q3V30_19865	ko:K09891
epi:Q3V30_19870	ko:K05982
epi:Q3V30_19875	ko:K01599
epi:Q3V30_19880	ko:K03426
epi:Q3V30_19885	ko:K07740
epi:Q3V30_19890	ko:K03147
epi:Q3V30_19895	ko:K00788
epi:Q3V30_19900	ko:K03148
epi:Q3V30_19905	ko:K03154
epi:Q3V30_19910	ko:K03149
epi:Q3V30_19915	ko:K03150
epi:Q3V30_19930	ko:K07127
epi:Q3V30_19935	ko:K03046
epi:Q3V30_19940	ko:K03043
epi:Q3V30_19945	ko:K02935
epi:Q3V30_19950	ko:K02864
epi:Q3V30_19955	ko:K02863
epi:Q3V30_19960	ko:K02867
epi:Q3V30_19965	ko:K02601
epi:Q3V30_19970	ko:K03073
epi:Q3V30_19975	ko:K02358
epi:Q3V30_19980	ko:K14234
epi:Q3V30_19985	ko:K14225
epi:Q3V30_19990	ko:K14236
epi:Q3V30_19995	ko:K14234
epi:Q3V30_20000	ko:K00867
epi:Q3V30_20005	ko:K03524
epi:Q3V30_20010	ko:K00075
epi:Q3V30_20015	ko:K01985
epi:Q3V30_20020	ko:K01980
epi:Q3V30_20025	ko:K14224
epi:Q3V30_20030	ko:K01977
epi:Q3V30_20035	ko:K00230
epi:Q3V30_20040	ko:K03498
epi:Q3V30_20050	ko:K01271
epi:Q3V30_20055	ko:K01825
epi:Q3V30_20060	ko:K00632
epi:Q3V30_20065	ko:K05368
epi:Q3V30_20070	ko:K03182
epi:Q3V30_20075	ko:K05785
epi:Q3V30_20080	ko:K03424
epi:Q3V30_20085	ko:K03118
epi:Q3V30_20090	ko:K03117
epi:Q3V30_20095	ko:K03116
epi:Q3V30_20100	ko:K03688
epi:Q3V30_20105	ko:K03690
epi:Q3V30_20110	ko:K03183
epi:Q3V30_20115	ko:K09760
epi:Q3V30_20120	ko:K00757
epi:Q3V30_20125	ko:K01061
epi:Q3V30_20130	ko:K00549
epi:Q3V30_20135	ko:K03576
epi:Q3V30_20150	ko:K02445
epi:Q3V30_20155	ko:K01126
epi:Q3V30_20160	ko:K28854
epi:Q3V30_20165	ko:K01048
epi:Q3V30_20170	ko:K05834
epi:Q3V30_20175	ko:K05835
epi:Q3V30_20180	ko:K03654
epi:Q3V30_20185	ko:K01058
epi:Q3V30_20190	ko:K01073
epi:Q3V30_20195	ko:K05786
epi:Q3V30_20200	ko:K03284
epi:Q3V30_20205	ko:K03657
epi:Q3V30_20210	ko:K20862
epi:Q3V30_20215	ko:K03733
epi:Q3V30_20220	ko:K09921
epi:Q3V30_20225	ko:K01778
epi:Q3V30_20235	ko:K05851
epi:Q3V30_20240	ko:K01749
epi:Q3V30_20245	ko:K01719
epi:Q3V30_20250	ko:K02496
epi:Q3V30_20255	ko:K02498
epi:Q3V30_20260	ko:K14232
epi:Q3V30_20265	ko:K14232
epi:Q3V30_20270	ko:K14228
epi:Q3V30_20275	ko:K14226
epi:Q3V30_20280	ko:K14219
epi:Q3V30_20285	ko:K02852
epi:Q3V30_20290	ko:K02853
epi:Q3V30_20295	ko:K12582
epi:Q3V30_20300	ko:K16693
epi:Q3V30_20305	ko:K02805
epi:Q3V30_20310	ko:K16704
epi:Q3V30_20315	ko:K00973
epi:Q3V30_20320	ko:K01710
epi:Q3V30_20325	ko:K02472
epi:Q3V30_20330	ko:K01791
epi:Q3V30_20335	ko:K05790
epi:Q3V30_20340	ko:K02851
epi:Q3V30_20345	ko:K03628
epi:Q3V30_20350	ko:K03671
epi:Q3V30_20355	ko:K03732
epi:Q3V30_20360	ko:K01524
epi:Q3V30_20365	ko:K03656
epi:Q3V30_20370	ko:K03769
epi:Q3V30_20375	ko:K00053
epi:Q3V30_20380	ko:K02521
epi:Q3V30_20385	ko:K01754
epi:Q3V30_20390	ko:K01687
epi:Q3V30_20395	ko:K00826
epi:Q3V30_20400	ko:K11258
epi:Q3V30_20405	ko:K01652
epi:Q3V30_20415	ko:K07391
epi:Q3V30_20420	ko:K09897
epi:Q3V30_20425	ko:K23773
epi:Q3V30_20430	ko:K14235
epi:Q3V30_20435	ko:K14221
epi:Q3V30_20440	ko:K01985
epi:Q3V30_20445	ko:K01980
epi:Q3V30_20450	ko:K14218
epi:Q3V30_20455	ko:K14227
epi:Q3V30_20460	ko:K01977
epi:Q3V30_20465	ko:K01776
epi:Q3V30_20470	ko:K16092
epi:Q3V30_20475	ko:K00557
epi:Q3V30_20485	ko:K22105
epi:Q3V30_20490	ko:K00322
epi:Q3V30_20495	ko:K04761
epi:Q3V30_20500	ko:K24136
epi:Q3V30_20505	ko:K01755
epi:Q3V30_20510	ko:K01940
epi:Q3V30_20515	ko:K00930
epi:Q3V30_20520	ko:K00145
epi:Q3V30_20525	ko:K01438
epi:Q3V30_20530	ko:K01595
epi:Q3V30_20535	ko:K00297
epi:Q3V30_20540	ko:K12525
epi:Q3V30_20545	ko:K01739
epi:Q3V30_20550	ko:K03764
epi:Q3V30_20555	ko:K02909
epi:Q3V30_20560	ko:K04066
epi:Q3V30_20565	ko:K05499
epi:Q3V30_20570	ko:K03591
epi:Q3V30_20575	ko:K01419
epi:Q3V30_20580	ko:K03667
epi:Q3V30_20585	ko:K02548
epi:Q3V30_20590	ko:K02553
epi:Q3V30_20595	ko:K09892
epi:Q3V30_20600	ko:K02440
epi:Q3V30_20605	ko:K00864
epi:Q3V30_20610	ko:K02446
epi:Q3V30_20615	ko:K08154
epi:Q3V30_20620	ko:K00528
epi:Q3V30_20635	ko:K01803
epi:Q3V30_20640	ko:K00116
epi:Q3V30_20645	ko:K01621
epi:Q3V30_20660	ko:K00799
epi:Q3V30_20680	ko:K07058
epi:Q3V30_20685	ko:K01521
epi:Q3V30_20690	ko:K23163
epi:Q3V30_20695	ko:K00850
epi:Q3V30_20700	ko:K13283
epi:Q3V30_20715	ko:K06905
epi:Q3V30_20720	ko:K06907
epi:Q3V30_20750	ko:K06223
epi:Q3V30_20820	ko:K06006
epi:Q3V30_20825	ko:K07662
epi:Q3V30_20830	ko:K07640
epi:Q3V30_20835	ko:K03216
epi:Q3V30_20840	ko:K00640
epi:Q3V30_20845	ko:K00057
epi:Q3V30_20850	ko:K03071
epi:Q3V30_20855	ko:K03676
epi:Q3V30_20865	ko:K22719
epi:Q3V30_20870	ko:K09798
epi:Q3V30_20885	ko:K00060
epi:Q3V30_20890	ko:K00639
epi:Q3V30_20895	ko:K03274
epi:Q3V30_20900	ko:K02843
epi:Q3V30_20905	ko:K02841
epi:Q3V30_20935	ko:K19354
epi:Q3V30_20940	ko:K02849
epi:Q3V30_20945	ko:K02844
epi:Q3V30_20950	ko:K02527
epi:Q3V30_20955	ko:K12984
epi:Q3V30_20960	ko:K00954
epi:Q3V30_20965	ko:K10563
epi:Q3V30_20970	ko:K02913
epi:Q3V30_20975	ko:K02902
epi:Q3V30_20980	ko:K03630
epi:Q3V30_20985	ko:K13038
epi:Q3V30_20990	ko:K01520
epi:Q3V30_20995	ko:K05501
epi:Q3V30_21000	ko:K00762
epi:Q3V30_21005	ko:K00989
epi:Q3V30_21010	ko:K03317
epi:Q3V30_21025	ko:K06193
epi:Q3V30_21040	ko:K01972
epi:Q3V30_21045	ko:K00942
epi:Q3V30_21050	ko:K03060
epi:Q3V30_21055	ko:K01139
epi:Q3V30_21060	ko:K00556
epi:Q3V30_21065	ko:K03655
epi:Q3V30_21075	ko:K16345
epi:Q3V30_21085	ko:K06182
epi:Q3V30_21095	ko:K07560
epi:Q3V30_21100	ko:K07058
epi:Q3V30_21105	ko:K20866
epi:Q3V30_21110	ko:K06207
epi:Q3V30_21115	ko:K01915
epi:Q3V30_21120	ko:K07708
epi:Q3V30_21125	ko:K07712
epi:Q3V30_21130	ko:K02495
epi:Q3V30_21135	ko:K09894
epi:Q3V30_21140	ko:K03978
epi:Q3V30_21145	ko:K02335
epi:Q3V30_21150	ko:K03673
epi:Q3V30_21160	ko:K09896
epi:Q3V30_21165	ko:K03752
epi:Q3V30_21170	ko:K01985
epi:Q3V30_21175	ko:K01980
epi:Q3V30_21180	ko:K14224
epi:Q3V30_21185	ko:K01977
epi:Q3V30_21195	ko:K02529
epi:Q3V30_21200	ko:K00852
epi:Q3V30_21205	ko:K10439
epi:Q3V30_21210	ko:K10440
epi:Q3V30_21215	ko:K10441
epi:Q3V30_21220	ko:K06726
epi:Q3V30_21225	ko:K03366
epi:Q3V30_21230	ko:K01652
epi:Q3V30_21235	ko:K01575
epi:Q3V30_21250	ko:K07666
epi:Q3V30_21255	ko:K07645
epi:Q3V30_21260	ko:K03549
epi:Q3V30_21265	ko:K03924
epi:Q3V30_21280	ko:K03718
epi:Q3V30_21285	ko:K06205
epi:Q3V30_21290	ko:K03495
epi:Q3V30_21295	ko:K03501
epi:Q3V30_21300	ko:K02116
epi:Q3V30_21305	ko:K02108
epi:Q3V30_21310	ko:K02110
epi:Q3V30_21315	ko:K02109
epi:Q3V30_21320	ko:K02113
epi:Q3V30_21325	ko:K02111
epi:Q3V30_21330	ko:K02115
epi:Q3V30_21335	ko:K02112
epi:Q3V30_21340	ko:K02114
epi:Q3V30_21345	ko:K04042
epi:Q3V30_21350	ko:K00820
epi:Q3V30_21355	ko:K02040
epi:Q3V30_21360	ko:K02037
epi:Q3V30_21365	ko:K02038
epi:Q3V30_21370	ko:K02036
epi:Q3V30_21375	ko:K02039
epi:Q3V30_21390	ko:K06901
epi:Q3V30_21400	ko:K03650
epi:Q3V30_21405	ko:K03217
epi:Q3V30_21415	ko:K03536
epi:Q3V30_21420	ko:K02914
epi:Q3V30_21445	ko:K03496
epi:Q3V30_21450	ko:K03497
epi:Q3V30_21460	ko:K24087
epi:Q3V30_21515	ko:K19267
epi:Q3V30_21590	ko:K19166
epi:Q3V30_21635	ko:K07482
epi:Q3V30_21650	ko:K07493
epi:Q3V30_21660	ko:K09022
epi:Q3V30_21665	ko:K11103
epi:Q3V30_21685	ko:K09022
epi:Q3V30_21700	ko:K07497
epi:Q3V30_21705	ko:K07171
epi:Q3V30_21710	ko:K07172
epi:Q3V30_21720	ko:K24206
epi:Q3V30_21800	ko:K05875
epi:Q3V30_21805	ko:K25494
epi:Q3V30_21855	ko:K19335
epi:Q3V30_21865	ko:K08166
epi:Q3V30_21895	ko:K07232
epi:Q3V30_21905	ko:K03675
epi:Q3V30_21915	ko:K01821
epi:Q3V30_21925	ko:K23239
epi:Q3V30_21930	ko:K00121
epi:Q3V30_21935	ko:K03396
epi:Q3V30_21945	ko:K15977
epi:Q3V30_21950	ko:K07393
epi:Q3V30_21955	ko:K06999
epi:Q3V30_21980	ko:K03503
epi:Q3V30_22035	ko:K02783
epi:Q3V30_22040	ko:K02782
epi:Q3V30_22045	ko:K02781
epi:Q3V30_22050	ko:K00068
epi:Q3V30_22055	ko:K02466
epi:Q3V30_22060	ko:K02468
epi:Q3V30_22065	ko:K02467
epi:Q3V30_22090	ko:K06978
epi:Q3V30_22100	ko:K05350
epi:Q3V30_22130	ko:K03496
epi:Q3V30_22170	ko:K03502
epi:Q3V30_22185	ko:K02345
epi:Q3V30_22195	ko:K21498
epi:Q3V30_22200	ko:K07334
epi:Q3V30_22305	ko:K03424
epi:Q3V30_22335	ko:K01534
epi:Q3V30_22350	ko:K07497
epi:Q3V30_22380	ko:K11685
epi:Q3V30_22385	ko:K05839
epi:Q3V30_22390	ko:K03169
epi:Q3V30_22410	ko:K01174
epi:Q3V30_22430	ko:K03205
epi:Q3V30_22435	ko:K03196
epi:Q3V30_22445	ko:K03195
epi:Q3V30_22450	ko:K03204
epi:Q3V30_22455	ko:K03203
epi:Q3V30_22460	ko:K03201
epi:Q3V30_22470	ko:K03200
epi:Q3V30_22475	ko:K03199
epi:Q3V30_22485	ko:K03194
epi:Q3V30_22490	ko:K05785
epi:Q3V30_22565	ko:K03496
epi:Q3V30_22590	ko:K18199
