hco:LOKO_00001	ko:K01985
hco:LOKO_00003	ko:K00262
hco:LOKO_00005	ko:K01985
hco:LOKO_00007	ko:K01980
hco:LOKO_00011	ko:K19200
hco:LOKO_00012	ko:K01999
hco:LOKO_00013	ko:K01998
hco:LOKO_00014	ko:K01997
hco:LOKO_00015	ko:K01996
hco:LOKO_00016	ko:K01995
hco:LOKO_00017	ko:K03308
hco:LOKO_00020	ko:K07793
hco:LOKO_00022	ko:K01915
hco:LOKO_00024	ko:K07708
hco:LOKO_00025	ko:K07712
hco:LOKO_00026	ko:K01129
hco:LOKO_00030	ko:K03113
hco:LOKO_00036	ko:K01624
hco:LOKO_00037	ko:K00927
hco:LOKO_00038	ko:K03472
hco:LOKO_00040	ko:K06518
hco:LOKO_00041	ko:K13993
hco:LOKO_00042	ko:K13993
hco:LOKO_00043	ko:K11645
hco:LOKO_00044	ko:K00615
hco:LOKO_00045	ko:K00789
hco:LOKO_00046	ko:K01251
hco:LOKO_00049	ko:K24180
hco:LOKO_00050	ko:K00297
hco:LOKO_00051	ko:K04565
hco:LOKO_00052	ko:K07080
hco:LOKO_00054	ko:K07080
hco:LOKO_00055	ko:K03324
hco:LOKO_00056	ko:K07070
hco:LOKO_00057	ko:K01414
hco:LOKO_00058	ko:K03308
hco:LOKO_00061	ko:K10126
hco:LOKO_00062	ko:K10125
hco:LOKO_00063	ko:K05799
hco:LOKO_00064	ko:K18928
hco:LOKO_00065	ko:K18929
hco:LOKO_00066	ko:K00782
hco:LOKO_00067	ko:K18930
hco:LOKO_00068	ko:K07113
hco:LOKO_00069	ko:K00059
hco:LOKO_00070	ko:K02237
hco:LOKO_00071	ko:K01724
hco:LOKO_00072	ko:K00500
hco:LOKO_00073	ko:K03721
hco:LOKO_00074	ko:K03654
hco:LOKO_00080	ko:K00457
hco:LOKO_00082	ko:K08084
hco:LOKO_00083	ko:K06950
hco:LOKO_00084	ko:K01950
hco:LOKO_00085	ko:K05807
hco:LOKO_00086	ko:K06180
hco:LOKO_00088	ko:K05810
hco:LOKO_00089	ko:K03695
hco:LOKO_00090	ko:K01652
hco:LOKO_00091	ko:K01653
hco:LOKO_00092	ko:K02521
hco:LOKO_00093	ko:K00053
hco:LOKO_00094	ko:K17103
hco:LOKO_00095	ko:K01977
hco:LOKO_00097	ko:K01985
hco:LOKO_00098	ko:K03524
hco:LOKO_00099	ko:K03525
hco:LOKO_00100	ko:K14236
hco:LOKO_00101	ko:K14225
hco:LOKO_00102	ko:K14234
hco:LOKO_00103	ko:K14235
hco:LOKO_00104	ko:K03073
hco:LOKO_00105	ko:K02601
hco:LOKO_00106	ko:K02867
hco:LOKO_00107	ko:K02863
hco:LOKO_00108	ko:K02864
hco:LOKO_00109	ko:K02935
hco:LOKO_00110	ko:K03043
hco:LOKO_00111	ko:K03046
hco:LOKO_00112	ko:K02950
hco:LOKO_00113	ko:K02992
hco:LOKO_00114	ko:K02355
hco:LOKO_00115	ko:K02358
hco:LOKO_00116	ko:K02946
hco:LOKO_00117	ko:K02906
hco:LOKO_00118	ko:K02926
hco:LOKO_00119	ko:K02892
hco:LOKO_00120	ko:K02886
hco:LOKO_00121	ko:K02965
hco:LOKO_00122	ko:K02890
hco:LOKO_00123	ko:K02982
hco:LOKO_00124	ko:K02878
hco:LOKO_00125	ko:K02904
hco:LOKO_00126	ko:K02961
hco:LOKO_00127	ko:K02874
hco:LOKO_00128	ko:K02895
hco:LOKO_00129	ko:K02931
hco:LOKO_00130	ko:K02954
hco:LOKO_00131	ko:K02994
hco:LOKO_00132	ko:K02933
hco:LOKO_00133	ko:K02881
hco:LOKO_00134	ko:K02988
hco:LOKO_00135	ko:K02907
hco:LOKO_00136	ko:K02876
hco:LOKO_00137	ko:K03076
hco:LOKO_00138	ko:K02952
hco:LOKO_00139	ko:K02948
hco:LOKO_00140	ko:K02986
hco:LOKO_00141	ko:K03040
hco:LOKO_00142	ko:K02879
hco:LOKO_00143	ko:K03701
hco:LOKO_00145	ko:K03111
hco:LOKO_00146	ko:K00067
hco:LOKO_00147	ko:K00655
hco:LOKO_00148	ko:K00647
hco:LOKO_00149	ko:K01716
hco:LOKO_00151	ko:K00574
hco:LOKO_00152	ko:K09701
hco:LOKO_00153	ko:K06954
hco:LOKO_00156	ko:K01669
hco:LOKO_00157	ko:K22491
hco:LOKO_00158	ko:K18208
hco:LOKO_00159	ko:K07071
hco:LOKO_00160	ko:K03580
hco:LOKO_00163	ko:K06132
hco:LOKO_00164	ko:K14445
hco:LOKO_00166	ko:K14232
hco:LOKO_00167	ko:K02523
hco:LOKO_00168	ko:K02888
hco:LOKO_00169	ko:K02899
hco:LOKO_00170	ko:K03979
hco:LOKO_00171	ko:K00931
hco:LOKO_00172	ko:K02968
hco:LOKO_00173	ko:K03980
hco:LOKO_00174	ko:K11753
hco:LOKO_00175	ko:K01870
hco:LOKO_00176	ko:K03101
hco:LOKO_00177	ko:K03774
hco:LOKO_00178	ko:K03527
hco:LOKO_00179	ko:K02655
hco:LOKO_00180	ko:K02671
hco:LOKO_00183	ko:K16137
hco:LOKO_00184	ko:K09458
hco:LOKO_00186	ko:K00799
hco:LOKO_00190	ko:K09136
hco:LOKO_00191	ko:K18159
hco:LOKO_00197	ko:K03672
hco:LOKO_00201	ko:K03769
hco:LOKO_00202	ko:K01990
hco:LOKO_00203	ko:K01992
hco:LOKO_00205	ko:K06899
hco:LOKO_00206	ko:K01951
hco:LOKO_00207	ko:K06147
hco:LOKO_00209	ko:K03406
hco:LOKO_00210	ko:K07484
hco:LOKO_00212	ko:K09165
hco:LOKO_00213	ko:K03500
hco:LOKO_00214	ko:K00604
hco:LOKO_00215	ko:K01462
hco:LOKO_00217	ko:K04096
hco:LOKO_00218	ko:K07566
hco:LOKO_00219	ko:K00228
hco:LOKO_00220	ko:K00014
hco:LOKO_00221	ko:K02035
hco:LOKO_00222	ko:K02033
hco:LOKO_00223	ko:K02034
hco:LOKO_00224	ko:K02031
hco:LOKO_00224	ko:K02032
hco:LOKO_00228	ko:K06923
hco:LOKO_00230	ko:K03977
hco:LOKO_00231	ko:K17713
hco:LOKO_00233	ko:K01892
hco:LOKO_00234	ko:K03526
hco:LOKO_00235	ko:K15539
hco:LOKO_00236	ko:K02656
hco:LOKO_00237	ko:K06941
hco:LOKO_00238	ko:K00940
hco:LOKO_00239	ko:K13628
hco:LOKO_00240	ko:K04487
hco:LOKO_00241	ko:K13643
hco:LOKO_00242	ko:K00640
hco:LOKO_00243	ko:K15396
hco:LOKO_00244	ko:K01092
hco:LOKO_00245	ko:K03074
hco:LOKO_00246	ko:K03072
hco:LOKO_00247	ko:K03210
hco:LOKO_00248	ko:K00773
hco:LOKO_00249	ko:K07568
hco:LOKO_00250	ko:K14228
hco:LOKO_00256	ko:K06919
hco:LOKO_00257	ko:K06919
hco:LOKO_00268	ko:K06140
hco:LOKO_00269	ko:K05835
hco:LOKO_00271	ko:K09456
hco:LOKO_00273	ko:K03924
hco:LOKO_00275	ko:K22452
hco:LOKO_00276	ko:K00432
hco:LOKO_00278	ko:K00209
hco:LOKO_00281	ko:K00570
hco:LOKO_00282	ko:K00821
hco:LOKO_00283	ko:K00673
hco:LOKO_00284	ko:K00673
hco:LOKO_00285	ko:K06447
hco:LOKO_00286	ko:K01484
hco:LOKO_00292	ko:K16302
hco:LOKO_00293	ko:K00639
hco:LOKO_00294	ko:K00060
hco:LOKO_00302	ko:K09800
hco:LOKO_00309	ko:K08676
hco:LOKO_00314	ko:K22548
hco:LOKO_00321	ko:K11690
hco:LOKO_00322	ko:K11689
hco:LOKO_00323	ko:K11688
hco:LOKO_00324	ko:K00058
hco:LOKO_00327	ko:K21898
hco:LOKO_00330	ko:K03594
hco:LOKO_00334	ko:K07095
hco:LOKO_00336	ko:K05874
hco:LOKO_00343	ko:K00154
hco:LOKO_00346	ko:K07075
hco:LOKO_00348	ko:K01243
hco:LOKO_00351	ko:K07154
hco:LOKO_00354	ko:K11688
hco:LOKO_00355	ko:K11689
hco:LOKO_00356	ko:K11690
hco:LOKO_00357	ko:K08641
hco:LOKO_00358	ko:K06998
hco:LOKO_00364	ko:K10716
hco:LOKO_00370	ko:K03581
hco:LOKO_00371	ko:K03582
hco:LOKO_00372	ko:K03583
hco:LOKO_00373	ko:K01081
hco:LOKO_00375	ko:K01426
hco:LOKO_00378	ko:K18661
hco:LOKO_00380	ko:K07793
hco:LOKO_00382	ko:K00058
hco:LOKO_00383	ko:K01560
hco:LOKO_00385	ko:K08997
hco:LOKO_00386	ko:K00304
hco:LOKO_00387	ko:K00303
hco:LOKO_00388	ko:K00600
hco:LOKO_00391	ko:K01470
hco:LOKO_00393	ko:K08688
hco:LOKO_00397	ko:K07793
hco:LOKO_00399	ko:K01464
hco:LOKO_00400	ko:K01799
hco:LOKO_00402	ko:K16841
hco:LOKO_00403	ko:K12960
hco:LOKO_00404	ko:K11690
hco:LOKO_00405	ko:K11689
hco:LOKO_00406	ko:K11688
hco:LOKO_00410	ko:K14219
hco:LOKO_00413	ko:K15736
hco:LOKO_00415	ko:K03656
hco:LOKO_00416	ko:K03216
hco:LOKO_00422	ko:K01082
hco:LOKO_00425	ko:K01868
hco:LOKO_00426	ko:K02520
hco:LOKO_00427	ko:K02916
hco:LOKO_00428	ko:K02887
hco:LOKO_00429	ko:K01889
hco:LOKO_00430	ko:K01890
hco:LOKO_00431	ko:K04764
hco:LOKO_00435	ko:K06966
hco:LOKO_00437	ko:K00281
hco:LOKO_00438	ko:K02437
hco:LOKO_00439	ko:K03310
hco:LOKO_00440	ko:K00605
hco:LOKO_00442	ko:K06194
hco:LOKO_00444	ko:K17737
hco:LOKO_00445	ko:K01028
hco:LOKO_00446	ko:K01029
hco:LOKO_00448	ko:K03674
hco:LOKO_00449	ko:K01092
hco:LOKO_00451	ko:K15012
hco:LOKO_00452	ko:K15011
hco:LOKO_00453	ko:K21826
hco:LOKO_00454	ko:K01273
hco:LOKO_00456	ko:K21833
hco:LOKO_00457	ko:K21834
hco:LOKO_00458	ko:K25960
hco:LOKO_00459	ko:K25961
hco:LOKO_00460	ko:K00148
hco:LOKO_00461	ko:K22515
hco:LOKO_00462	ko:K00123
hco:LOKO_00464	ko:K00479
hco:LOKO_00465	ko:K21832
hco:LOKO_00466	ko:K03451
hco:LOKO_00467	ko:K02837
hco:LOKO_00468	ko:K03424
hco:LOKO_00469	ko:K06980
hco:LOKO_00471	ko:K15782
hco:LOKO_00472	ko:K15784
hco:LOKO_00473	ko:K15783
hco:LOKO_00476	ko:K12972
hco:LOKO_00477	ko:K08281
hco:LOKO_00478	ko:K00763
hco:LOKO_00480	ko:K28370
hco:LOKO_00481	ko:K10236
hco:LOKO_00482	ko:K10237
hco:LOKO_00483	ko:K10238
hco:LOKO_00484	ko:K01187
hco:LOKO_00485	ko:K10111
hco:LOKO_00489	ko:K07642
hco:LOKO_00490	ko:K07664
hco:LOKO_00492	ko:K02168
hco:LOKO_00493	ko:K00411
hco:LOKO_00494	ko:K00412
hco:LOKO_00495	ko:K00413
hco:LOKO_00496	ko:K03599
hco:LOKO_00497	ko:K03600
hco:LOKO_00498	ko:K28369
hco:LOKO_00499	ko:K03271
hco:LOKO_00500	ko:K07460
hco:LOKO_00501	ko:K07121
hco:LOKO_00502	ko:K07056
hco:LOKO_00503	ko:K03438
hco:LOKO_00504	ko:K03586
hco:LOKO_00505	ko:K03587
hco:LOKO_00506	ko:K01928
hco:LOKO_00507	ko:K01929
hco:LOKO_00508	ko:K01000
hco:LOKO_00509	ko:K01925
hco:LOKO_00510	ko:K03588
hco:LOKO_00511	ko:K02563
hco:LOKO_00512	ko:K01924
hco:LOKO_00513	ko:K01921
hco:LOKO_00514	ko:K03589
hco:LOKO_00515	ko:K03590
hco:LOKO_00516	ko:K03531
hco:LOKO_00517	ko:K02535
hco:LOKO_00518	ko:K00833
hco:LOKO_00519	ko:K14228
hco:LOKO_00520	ko:K01935
hco:LOKO_00521	ko:K02169
hco:LOKO_00522	ko:K02170
hco:LOKO_00523	ko:K20035
hco:LOKO_00524	ko:K23775
hco:LOKO_00526	ko:K01895
hco:LOKO_00527	ko:K22108
hco:LOKO_00529	ko:K00302
hco:LOKO_00530	ko:K00305
hco:LOKO_00531	ko:K01433
hco:LOKO_00535	ko:K14682
hco:LOKO_00536	ko:K07711
hco:LOKO_00537	ko:K00560
hco:LOKO_00538	ko:K00287
hco:LOKO_00539	ko:K03607
hco:LOKO_00541	ko:K01420
hco:LOKO_00544	ko:K14234
hco:LOKO_00545	ko:K14227
hco:LOKO_00546	ko:K14218
hco:LOKO_00547	ko:K24180
hco:LOKO_00549	ko:K04485
hco:LOKO_00550	ko:K01008
hco:LOKO_00551	ko:K06917
hco:LOKO_00553	ko:K07443
hco:LOKO_00554	ko:K09891
hco:LOKO_00556	ko:K02500
hco:LOKO_00557	ko:K01814
hco:LOKO_00558	ko:K02501
hco:LOKO_00559	ko:K01693
hco:LOKO_00561	ko:K07289
hco:LOKO_00562	ko:K03575
hco:LOKO_00564	ko:K14231
hco:LOKO_00565	ko:K14223
hco:LOKO_00566	ko:K14234
hco:LOKO_00567	ko:K10674
hco:LOKO_00568	ko:K29029
hco:LOKO_00569	ko:K01585
hco:LOKO_00570	ko:K02204
hco:LOKO_00572	ko:K02335
hco:LOKO_00573	ko:K02010
hco:LOKO_00574	ko:K02011
hco:LOKO_00575	ko:K06207
hco:LOKO_00581	ko:K18313
hco:LOKO_00582	ko:K01640
hco:LOKO_00584	ko:K02035
hco:LOKO_00588	ko:K00925
hco:LOKO_00589	ko:K00625
hco:LOKO_00590	ko:K09022
hco:LOKO_00591	ko:K06145
hco:LOKO_00592	ko:K00851
hco:LOKO_00593	ko:K02055
hco:LOKO_00594	ko:K02054
hco:LOKO_00595	ko:K02053
hco:LOKO_00596	ko:K03153
hco:LOKO_00597	ko:K13788
hco:LOKO_00598	ko:K00925
hco:LOKO_00602	ko:K03147
hco:LOKO_00603	ko:K01952
hco:LOKO_00606	ko:K19789
hco:LOKO_00607	ko:K05896
hco:LOKO_00608	ko:K06024
hco:LOKO_00609	ko:K06178
hco:LOKO_00610	ko:K14229
hco:LOKO_00611	ko:K14229
hco:LOKO_00619	ko:K13924
hco:LOKO_00627	ko:K06131
hco:LOKO_00630	ko:K03517
hco:LOKO_00631	ko:K01423
hco:LOKO_00632	ko:K04085
hco:LOKO_00633	ko:K03548
hco:LOKO_00634	ko:K03564
hco:LOKO_00635	ko:K01714
hco:LOKO_00636	ko:K07287
hco:LOKO_00638	ko:K01923
hco:LOKO_00639	ko:K22900
hco:LOKO_00640	ko:K03830
hco:LOKO_00641	ko:K00767
hco:LOKO_00642	ko:K03806
hco:LOKO_00643	ko:K00163
hco:LOKO_00644	ko:K00627
hco:LOKO_00645	ko:K00939
hco:LOKO_00646	ko:K14742
hco:LOKO_00647	ko:K15984
hco:LOKO_00648	ko:K00631
hco:LOKO_00649	ko:K06131
hco:LOKO_00650	ko:K07039
hco:LOKO_00651	ko:K02742
hco:LOKO_00652	ko:K01895
hco:LOKO_00653	ko:K10979
hco:LOKO_00654	ko:K10979
hco:LOKO_00656	ko:K01971
hco:LOKO_00659	ko:K06978
hco:LOKO_00663	ko:K14393
hco:LOKO_00665	ko:K07182
hco:LOKO_00666	ko:K02342
hco:LOKO_00667	ko:K14058
hco:LOKO_00668	ko:K01420
hco:LOKO_00669	ko:K02495
hco:LOKO_00670	ko:K09792
hco:LOKO_00672	ko:K01533
hco:LOKO_00673	ko:K09926
hco:LOKO_00675	ko:K00406
hco:LOKO_00676	ko:K00407
hco:LOKO_00677	ko:K00405
hco:LOKO_00678	ko:K00404
hco:LOKO_00679	ko:K07020
hco:LOKO_00680	ko:K14237
hco:LOKO_00681	ko:K14221
hco:LOKO_00682	ko:K14221
hco:LOKO_00683	ko:K14237
hco:LOKO_00684	ko:K14221
hco:LOKO_00685	ko:K00219
hco:LOKO_00689	ko:K03565
hco:LOKO_00690	ko:K03553
hco:LOKO_00691	ko:K03743
hco:LOKO_00693	ko:K13292
hco:LOKO_00696	ko:K08484
hco:LOKO_00697	ko:K08311
hco:LOKO_00698	ko:K28842
hco:LOKO_00699	ko:K00024
hco:LOKO_00700	ko:K18990
hco:LOKO_00701	ko:K18989
hco:LOKO_00702	ko:K07740
hco:LOKO_00703	ko:K09461
hco:LOKO_00707	ko:K00573
hco:LOKO_00708	ko:K08974
hco:LOKO_00709	ko:K06194
hco:LOKO_00710	ko:K03087
hco:LOKO_00711	ko:K12340
hco:LOKO_00712	ko:K01775
hco:LOKO_00713	ko:K02517
hco:LOKO_00717	ko:K06020
hco:LOKO_00721	ko:K07401
hco:LOKO_00723	ko:K10804
hco:LOKO_00724	ko:K02003
hco:LOKO_00725	ko:K02004
hco:LOKO_00727	ko:K00600
hco:LOKO_00728	ko:K07026
hco:LOKO_00729	ko:K07576
hco:LOKO_00734	ko:K03321
hco:LOKO_00735	ko:K07112
hco:LOKO_00736	ko:K07112
hco:LOKO_00737	ko:K03805
hco:LOKO_00739	ko:K09796
hco:LOKO_00740	ko:K07738
hco:LOKO_00741	ko:K11752
hco:LOKO_00742	ko:K14652
hco:LOKO_00743	ko:K00794
hco:LOKO_00744	ko:K03625
hco:LOKO_00745	ko:K00946
hco:LOKO_00746	ko:K01095
hco:LOKO_00748	ko:K01338
hco:LOKO_00749	ko:K00059
hco:LOKO_00750	ko:K07080
hco:LOKO_00753	ko:K01687
hco:LOKO_00755	ko:K08312
hco:LOKO_00756	ko:K20881
hco:LOKO_00757	ko:K04762
hco:LOKO_00758	ko:K04083
hco:LOKO_00759	ko:K01610
hco:LOKO_00760	ko:K07305
hco:LOKO_00761	ko:K06959
hco:LOKO_00762	ko:K01919
hco:LOKO_00763	ko:K03611
hco:LOKO_00765	ko:K06867
hco:LOKO_00766	ko:K11904
hco:LOKO_00768	ko:K06219
hco:LOKO_00769	ko:K00564
hco:LOKO_00772	ko:K04760
hco:LOKO_00774	ko:K01515
hco:LOKO_00775	ko:K09920
hco:LOKO_00776	ko:K03651
hco:LOKO_00777	ko:K00957
hco:LOKO_00778	ko:K00956
hco:LOKO_00779	ko:K07240
hco:LOKO_00781	ko:K06973
hco:LOKO_00782	ko:K15257
hco:LOKO_00783	ko:K15256
hco:LOKO_00784	ko:K01810
hco:LOKO_00785	ko:K07000
hco:LOKO_00786	ko:K02622
hco:LOKO_00787	ko:K02621
hco:LOKO_00788	ko:K01079
hco:LOKO_00791	ko:K08714
hco:LOKO_00794	ko:K01706
hco:LOKO_00795	ko:K07793
hco:LOKO_00796	ko:K07794
hco:LOKO_00797	ko:K07795
hco:LOKO_00798	ko:K01707
hco:LOKO_00799	ko:K09761
hco:LOKO_00802	ko:K01551
hco:LOKO_00807	ko:K10773
hco:LOKO_00808	ko:K03616
hco:LOKO_00812	ko:K03503
hco:LOKO_00813	ko:K03502
hco:LOKO_00815	ko:K03821
hco:LOKO_00819	ko:K00135
hco:LOKO_00823	ko:K08714
hco:LOKO_00826	ko:K01649
hco:LOKO_00827	ko:K19810
hco:LOKO_00828	ko:K02356
hco:LOKO_00829	ko:K04568
hco:LOKO_00830	ko:K01613
hco:LOKO_00831	ko:K01011
hco:LOKO_00832	ko:K06949
hco:LOKO_00833	ko:K13288
hco:LOKO_00834	ko:K18979
hco:LOKO_00835	ko:K23997
hco:LOKO_00836	ko:K06925
hco:LOKO_00837	ko:K01448
hco:LOKO_00838	ko:K03572
hco:LOKO_00839	ko:K00791
hco:LOKO_00840	ko:K03666
hco:LOKO_00841	ko:K03665
hco:LOKO_00842	ko:K04088
hco:LOKO_00843	ko:K04087
hco:LOKO_00844	ko:K02502
hco:LOKO_00845	ko:K01939
hco:LOKO_00848	ko:K09767
hco:LOKO_00849	ko:K13993
hco:LOKO_00850	ko:K09790
hco:LOKO_00851	ko:K01256
hco:LOKO_00856	ko:K03744
hco:LOKO_00859	ko:K03704
hco:LOKO_00861	ko:K08309
hco:LOKO_00864	ko:K04079
hco:LOKO_00865	ko:K00324
hco:LOKO_00866	ko:K00325
hco:LOKO_00867	ko:K00057
hco:LOKO_00868	ko:K08296
hco:LOKO_00870	ko:K24180
hco:LOKO_00875	ko:K07001
hco:LOKO_00877	ko:K07320
hco:LOKO_00878	ko:K01736
hco:LOKO_00881	ko:K03821
hco:LOKO_00882	ko:K03820
hco:LOKO_00883	ko:K06189
hco:LOKO_00884	ko:K07042
hco:LOKO_00885	ko:K06217
hco:LOKO_00886	ko:K06168
hco:LOKO_00888	ko:K07184
hco:LOKO_00889	ko:K00569
hco:LOKO_00890	ko:K07286
hco:LOKO_00891	ko:K03826
hco:LOKO_00892	ko:K02045
hco:LOKO_00893	ko:K02047
hco:LOKO_00894	ko:K02046
hco:LOKO_00895	ko:K02048
hco:LOKO_00896	ko:K01783
hco:LOKO_00897	ko:K07461
hco:LOKO_00898	ko:K01091
hco:LOKO_00899	ko:K01657
hco:LOKO_00900	ko:K09818
hco:LOKO_00901	ko:K01658
hco:LOKO_00902	ko:K00766
hco:LOKO_00903	ko:K02362
hco:LOKO_00904	ko:K01609
hco:LOKO_00907	ko:K26063
hco:LOKO_00908	ko:K01875
hco:LOKO_00909	ko:K09807
hco:LOKO_00913	ko:K00574
hco:LOKO_00914	ko:K01591
hco:LOKO_00915	ko:K19804
hco:LOKO_00916	ko:K08992
hco:LOKO_00917	ko:K05788
hco:LOKO_00918	ko:K09159
hco:LOKO_00919	ko:K19168
hco:LOKO_00920	ko:K00278
hco:LOKO_00921	ko:K14228
hco:LOKO_00922	ko:K14222
hco:LOKO_00923	ko:K14225
hco:LOKO_00924	ko:K14225
hco:LOKO_00925	ko:K00995
hco:LOKO_00926	ko:K03703
hco:LOKO_00927	ko:K07689
hco:LOKO_00928	ko:K14218
hco:LOKO_00929	ko:K03723
hco:LOKO_00930	ko:K00134
hco:LOKO_00931	ko:K00346
hco:LOKO_00932	ko:K00347
hco:LOKO_00933	ko:K00348
hco:LOKO_00934	ko:K00349
hco:LOKO_00935	ko:K00350
hco:LOKO_00936	ko:K00351
hco:LOKO_00938	ko:K05952
hco:LOKO_00939	ko:K00322
hco:LOKO_00945	ko:K02340
hco:LOKO_00946	ko:K03643
hco:LOKO_00947	ko:K01869
hco:LOKO_00948	ko:K24300
hco:LOKO_00949	ko:K01991
hco:LOKO_00950	ko:K25307
hco:LOKO_00951	ko:K16692
hco:LOKO_00952	ko:K08679
hco:LOKO_00953	ko:K03802
hco:LOKO_00954	ko:K01305
hco:LOKO_00958	ko:K03657
hco:LOKO_00960	ko:K01662
hco:LOKO_00961	ko:K13789
hco:LOKO_00962	ko:K03602
hco:LOKO_00963	ko:K00058
hco:LOKO_00967	ko:K13641
hco:LOKO_00970	ko:K11690
hco:LOKO_00971	ko:K11689
hco:LOKO_00972	ko:K11688
hco:LOKO_00974	ko:K05712
hco:LOKO_00976	ko:K00451
hco:LOKO_00977	ko:K16171
hco:LOKO_00978	ko:K01800
hco:LOKO_00979	ko:K07552
hco:LOKO_00984	ko:K05712
hco:LOKO_00986	ko:K26065
hco:LOKO_00987	ko:K26061
hco:LOKO_00988	ko:K03566
hco:LOKO_00990	ko:K11688
hco:LOKO_00993	ko:K00609
hco:LOKO_00995	ko:K01995
hco:LOKO_00996	ko:K01996
hco:LOKO_00998	ko:K01999
hco:LOKO_00999	ko:K01997
hco:LOKO_01000	ko:K01998
hco:LOKO_01003	ko:K01996
hco:LOKO_01004	ko:K01995
hco:LOKO_01005	ko:K01999
hco:LOKO_01006	ko:K01998
hco:LOKO_01007	ko:K01997
hco:LOKO_01012	ko:K07447
hco:LOKO_01013	ko:K07735
hco:LOKO_01014	ko:K03832
hco:LOKO_01015	ko:K01920
hco:LOKO_01017	ko:K00243
hco:LOKO_01022	ko:K25903
hco:LOKO_01023	ko:K25904
hco:LOKO_01033	ko:K01424
hco:LOKO_01034	ko:K02005
hco:LOKO_01035	ko:K02004
hco:LOKO_01036	ko:K02003
hco:LOKO_01038	ko:K03449
hco:LOKO_01040	ko:K11927
hco:LOKO_01042	ko:K09857
hco:LOKO_01043	ko:K06192
hco:LOKO_01044	ko:K03808
hco:LOKO_01045	ko:K07301
hco:LOKO_01046	ko:K00425
hco:LOKO_01047	ko:K00426
hco:LOKO_01048	ko:K16013
hco:LOKO_01049	ko:K16012
hco:LOKO_01050	ko:K21053
hco:LOKO_01051	ko:K00428
hco:LOKO_01052	ko:K07147
hco:LOKO_01053	ko:K17247
hco:LOKO_01054	ko:K06901
hco:LOKO_01056	ko:K03071
hco:LOKO_01058	ko:K15633
hco:LOKO_01059	ko:K22719
hco:LOKO_01060	ko:K03797
hco:LOKO_01061	ko:K18800
hco:LOKO_01062	ko:K03185
hco:LOKO_01063	ko:K01262
hco:LOKO_01064	ko:K09895
hco:LOKO_01065	ko:K09888
hco:LOKO_01066	ko:K01934
hco:LOKO_01068	ko:K01754
hco:LOKO_01069	ko:K01807
hco:LOKO_01070	ko:K02527
hco:LOKO_01071	ko:K03272
hco:LOKO_01072	ko:K12982
hco:LOKO_01073	ko:K11211
hco:LOKO_01076	ko:K12984
hco:LOKO_01077	ko:K01002
hco:LOKO_01078	ko:K02843
hco:LOKO_01079	ko:K03274
hco:LOKO_01080	ko:K01878
hco:LOKO_01081	ko:K01879
hco:LOKO_01082	ko:K03273
hco:LOKO_01083	ko:K02470
hco:LOKO_01084	ko:K03629
hco:LOKO_01085	ko:K02338
hco:LOKO_01086	ko:K02313
hco:LOKO_01087	ko:K02914
hco:LOKO_01088	ko:K03536
hco:LOKO_01089	ko:K03217
hco:LOKO_01090	ko:K03650
hco:LOKO_01091	ko:K07115
hco:LOKO_01094	ko:K01519
hco:LOKO_01095	ko:K20918
hco:LOKO_01096	ko:K07028
hco:LOKO_01097	ko:K01845
hco:LOKO_01098	ko:K08973
hco:LOKO_01099	ko:K03281
hco:LOKO_01100	ko:K00145
hco:LOKO_01101	ko:K15724
hco:LOKO_01102	ko:K10036
hco:LOKO_01103	ko:K11688
hco:LOKO_01104	ko:K11689
hco:LOKO_01105	ko:K11690
hco:LOKO_01107	ko:K26064
hco:LOKO_01109	ko:K01465
hco:LOKO_01111	ko:K01243
hco:LOKO_01112	ko:K01491
hco:LOKO_01113	ko:K14232
hco:LOKO_01114	ko:K14219
hco:LOKO_01115	ko:K14226
hco:LOKO_01116	ko:K14226
hco:LOKO_01117	ko:K03545
hco:LOKO_01120	ko:K01897
hco:LOKO_01121	ko:K06446
hco:LOKO_01122	ko:K00074
hco:LOKO_01125	ko:K02066
hco:LOKO_01126	ko:K02065
hco:LOKO_01127	ko:K02067
hco:LOKO_01128	ko:K18480
hco:LOKO_01129	ko:K15735
hco:LOKO_01130	ko:K03671
hco:LOKO_01131	ko:K13634
hco:LOKO_01132	ko:K00390
hco:LOKO_01133	ko:K01665
hco:LOKO_01134	ko:K00919
hco:LOKO_01135	ko:K02494
hco:LOKO_01137	ko:K02492
hco:LOKO_01138	ko:K02835
hco:LOKO_01139	ko:K03719
hco:LOKO_01140	ko:K21029
hco:LOKO_01141	ko:K21699
hco:LOKO_01142	ko:K09471
hco:LOKO_01143	ko:K01915
hco:LOKO_01144	ko:K11073
hco:LOKO_01145	ko:K11076
hco:LOKO_01146	ko:K03592
hco:LOKO_01147	ko:K08485
hco:LOKO_01148	ko:K06958
hco:LOKO_01149	ko:K02806
hco:LOKO_01150	ko:K05808
hco:LOKO_01151	ko:K03092
hco:LOKO_01152	ko:K06861
hco:LOKO_01153	ko:K09774
hco:LOKO_01154	ko:K11719
hco:LOKO_01155	ko:K03270
hco:LOKO_01156	ko:K06041
hco:LOKO_01157	ko:K07301
hco:LOKO_01158	ko:K02065
hco:LOKO_01159	ko:K02066
hco:LOKO_01160	ko:K02067
hco:LOKO_01161	ko:K03782
hco:LOKO_01162	ko:K06886
hco:LOKO_01164	ko:K04691
hco:LOKO_01166	ko:K09908
hco:LOKO_01167	ko:K06916
hco:LOKO_01168	ko:K02871
hco:LOKO_01169	ko:K02996
hco:LOKO_01175	ko:K03070
hco:LOKO_01176	ko:K00620
hco:LOKO_01177	ko:K07323
hco:LOKO_01178	ko:K07122
hco:LOKO_01180	ko:K00790
hco:LOKO_01181	ko:K00765
hco:LOKO_01182	ko:K00013
hco:LOKO_01183	ko:K00912
hco:LOKO_01184	ko:K09791
hco:LOKO_01185	ko:K00979
hco:LOKO_01186	ko:K25307
hco:LOKO_01187	ko:K00075
hco:LOKO_01188	ko:K08300
hco:LOKO_01190	ko:K06179
hco:LOKO_01191	ko:K01091
hco:LOKO_01192	ko:K04773
hco:LOKO_01193	ko:K25422
hco:LOKO_01194	ko:K07040
hco:LOKO_01195	ko:K02911
hco:LOKO_01196	ko:K03621
hco:LOKO_01197	ko:K00645
hco:LOKO_01199	ko:K02078
hco:LOKO_01200	ko:K09458
hco:LOKO_01201	ko:K02619
hco:LOKO_01206	ko:K00652
hco:LOKO_01207	ko:K01012
hco:LOKO_01211	ko:K01495
hco:LOKO_01212	ko:K07589
hco:LOKO_01214	ko:K00135
hco:LOKO_01215	ko:K00602
hco:LOKO_01216	ko:K03557
hco:LOKO_01217	ko:K05540
hco:LOKO_01218	ko:K02687
hco:LOKO_01220	ko:K00130
hco:LOKO_01221	ko:K02167
hco:LOKO_01222	ko:K14230
hco:LOKO_01223	ko:K14220
hco:LOKO_01224	ko:K14220
hco:LOKO_01226	ko:K14220
hco:LOKO_01227	ko:K01011
hco:LOKO_01232	ko:K03797
hco:LOKO_01234	ko:K14230
hco:LOKO_01235	ko:K06942
hco:LOKO_01236	ko:K01056
hco:LOKO_01237	ko:K02897
hco:LOKO_01238	ko:K00948
hco:LOKO_01241	ko:K01961
hco:LOKO_01242	ko:K02160
hco:LOKO_01243	ko:K04084
hco:LOKO_01244	ko:K01507
hco:LOKO_01246	ko:K21071
hco:LOKO_01247	ko:K02558
hco:LOKO_01248	ko:K03186
hco:LOKO_01249	ko:K05834
hco:LOKO_01253	ko:K00147
hco:LOKO_01254	ko:K00969
hco:LOKO_01255	ko:K09710
hco:LOKO_01256	ko:K00783
hco:LOKO_01257	ko:K05515
hco:LOKO_01258	ko:K05837
hco:LOKO_01259	ko:K08305
hco:LOKO_01260	ko:K03642
hco:LOKO_01261	ko:K07258
hco:LOKO_01262	ko:K09158
hco:LOKO_01263	ko:K03801
hco:LOKO_01264	ko:K03644
hco:LOKO_01265	ko:K21711
hco:LOKO_01266	ko:K01959
hco:LOKO_01268	ko:K03168
hco:LOKO_01277	ko:K19236
hco:LOKO_01280	ko:K01703
hco:LOKO_01281	ko:K01704
hco:LOKO_01282	ko:K00052
hco:LOKO_01283	ko:K00133
hco:LOKO_01284	ko:K08086
hco:LOKO_01285	ko:K06173
hco:LOKO_01286	ko:K01953
hco:LOKO_01287	ko:K00620
hco:LOKO_01288	ko:K03574
hco:LOKO_01289	ko:K12251
hco:LOKO_01291	ko:K09808
hco:LOKO_01292	ko:K09810
hco:LOKO_01293	ko:K09928
hco:LOKO_01295	ko:K02238
hco:LOKO_01296	ko:K03561
hco:LOKO_01297	ko:K03559
hco:LOKO_01298	ko:K11085
hco:LOKO_01299	ko:K00912
hco:LOKO_01302	ko:K01817
hco:LOKO_01303	ko:K01696
hco:LOKO_01305	ko:K01695
hco:LOKO_01306	ko:K01963
hco:LOKO_01307	ko:K11754
hco:LOKO_01308	ko:K03749
hco:LOKO_01309	ko:K03558
hco:LOKO_01310	ko:K00764
hco:LOKO_01311	ko:K10764
hco:LOKO_01314	ko:K26937
hco:LOKO_01315	ko:K06006
hco:LOKO_01316	ko:K06901
hco:LOKO_01318	ko:K00813
hco:LOKO_01319	ko:K01724
hco:LOKO_01326	ko:K07001
hco:LOKO_01329	ko:K09882
hco:LOKO_01331	ko:K06147
hco:LOKO_01336	ko:K07058
hco:LOKO_01338	ko:K07657
hco:LOKO_01345	ko:K15034
hco:LOKO_01346	ko:K06182
hco:LOKO_01348	ko:K03593
hco:LOKO_01349	ko:K01494
hco:LOKO_01350	ko:K11175
hco:LOKO_01351	ko:K01933
hco:LOKO_01353	ko:K10763
hco:LOKO_01357	ko:K00077
hco:LOKO_01358	ko:K03169
hco:LOKO_01361	ko:K08218
hco:LOKO_01362	ko:K05785
hco:LOKO_01363	ko:K03775
hco:LOKO_01368	ko:K06886
hco:LOKO_01373	ko:K01881
hco:LOKO_01376	ko:K11066
hco:LOKO_01379	ko:K09989
hco:LOKO_01384	ko:K07483
hco:LOKO_01385	ko:K07497
hco:LOKO_01392	ko:K08679
hco:LOKO_01394	ko:K07576
hco:LOKO_01397	ko:K00012
hco:LOKO_01398	ko:K01791
hco:LOKO_01399	ko:K01358
hco:LOKO_01400	ko:K03544
hco:LOKO_01401	ko:K01338
hco:LOKO_01402	ko:K03530
hco:LOKO_01403	ko:K03770
hco:LOKO_01405	ko:K03269
hco:LOKO_01406	ko:K03768
hco:LOKO_01407	ko:K01886
hco:LOKO_01408	ko:K01883
hco:LOKO_01409	ko:K09977
hco:LOKO_01410	ko:K05845
hco:LOKO_01411	ko:K05846
hco:LOKO_01412	ko:K05847
hco:LOKO_01413	ko:K05846
hco:LOKO_01414	ko:K00166
hco:LOKO_01415	ko:K00167
hco:LOKO_01416	ko:K09699
hco:LOKO_01418	ko:K11690
hco:LOKO_01419	ko:K11689
hco:LOKO_01420	ko:K11688
hco:LOKO_01422	ko:K06991
hco:LOKO_01423	ko:K07160
hco:LOKO_01424	ko:K23123
hco:LOKO_01425	ko:K23124
hco:LOKO_01428	ko:K00020
hco:LOKO_01429	ko:K26937
hco:LOKO_01430	ko:K00252
hco:LOKO_01434	ko:K09773
hco:LOKO_01439	ko:K01126
hco:LOKO_01441	ko:K02336
hco:LOKO_01442	ko:K07301
hco:LOKO_01446	ko:K01874
hco:LOKO_01448	ko:K11690
hco:LOKO_01449	ko:K11689
hco:LOKO_01450	ko:K11688
hco:LOKO_01451	ko:K17836
hco:LOKO_01455	ko:K10036
hco:LOKO_01456	ko:K10037
hco:LOKO_01457	ko:K10038
hco:LOKO_01458	ko:K11071
hco:LOKO_01459	ko:K11072
hco:LOKO_01460	ko:K11069
hco:LOKO_01461	ko:K28615
hco:LOKO_01468	ko:K26605
hco:LOKO_01469	ko:K26606
hco:LOKO_01470	ko:K07004
hco:LOKO_01471	ko:K28280
hco:LOKO_01472	ko:K28279
hco:LOKO_01474	ko:K07133
hco:LOKO_01482	ko:K03583
hco:LOKO_01483	ko:K03582
hco:LOKO_01484	ko:K02342
hco:LOKO_01487	ko:K03406
hco:LOKO_01492	ko:K06911
hco:LOKO_01494	ko:K10774
hco:LOKO_01498	ko:K00675
hco:LOKO_01500	ko:K03885
hco:LOKO_01504	ko:K10947
hco:LOKO_01506	ko:K11811
hco:LOKO_01511	ko:K04750
hco:LOKO_01513	ko:K10778
hco:LOKO_01514	ko:K03719
hco:LOKO_01518	ko:K08167
hco:LOKO_01521	ko:K07684
hco:LOKO_01522	ko:K01151
hco:LOKO_01526	ko:K00375
hco:LOKO_01528	ko:K07734
hco:LOKO_01530	ko:K01247
hco:LOKO_01531	ko:K00567
hco:LOKO_01535	ko:K03088
hco:LOKO_01537	ko:K01026
hco:LOKO_01538	ko:K08999
hco:LOKO_01539	ko:K10805
hco:LOKO_01540	ko:K11991
hco:LOKO_01541	ko:K18691
hco:LOKO_01543	ko:K11741
hco:LOKO_01544	ko:K13069
hco:LOKO_01547	ko:K28519
hco:LOKO_01550	ko:K14445
hco:LOKO_01551	ko:K00382
hco:LOKO_01552	ko:K00627
hco:LOKO_01553	ko:K00163
hco:LOKO_01554	ko:K00029
hco:LOKO_01558	ko:K01487
hco:LOKO_01559	ko:K07402
hco:LOKO_01560	ko:K13482
hco:LOKO_01561	ko:K13481
hco:LOKO_01564	ko:K07491
hco:LOKO_01567	ko:K09858
hco:LOKO_01568	ko:K01745
hco:LOKO_01569	ko:K01712
hco:LOKO_01570	ko:K01479
hco:LOKO_01571	ko:K01468
hco:LOKO_01573	ko:K05836
hco:LOKO_01574	ko:K06182
hco:LOKO_01580	ko:K02652
hco:LOKO_01581	ko:K02653
hco:LOKO_01583	ko:K02654
hco:LOKO_01584	ko:K00859
hco:LOKO_01585	ko:K09862
hco:LOKO_01587	ko:K08303
hco:LOKO_01588	ko:K06920
hco:LOKO_01589	ko:K10026
hco:LOKO_01591	ko:K06940
hco:LOKO_01594	ko:K05522
hco:LOKO_01595	ko:K00156
hco:LOKO_01596	ko:K01676
hco:LOKO_01597	ko:K06131
hco:LOKO_01598	ko:K21645
hco:LOKO_01599	ko:K13522
hco:LOKO_01600	ko:K07058
hco:LOKO_01601	ko:K00263
hco:LOKO_01602	ko:K01512
hco:LOKO_01604	ko:K00852
hco:LOKO_01606	ko:K04078
hco:LOKO_01607	ko:K04077
hco:LOKO_01608	ko:K15396
hco:LOKO_01611	ko:K00951
hco:LOKO_01613	ko:K02945
hco:LOKO_01614	ko:K00945
hco:LOKO_01615	ko:K24018
hco:LOKO_01616	ko:K14170
hco:LOKO_01617	ko:K00831
hco:LOKO_01619	ko:K02469
hco:LOKO_01620	ko:K12500
hco:LOKO_01621	ko:K03554
hco:LOKO_01631	ko:K02033
hco:LOKO_01632	ko:K02034
hco:LOKO_01633	ko:K02031
hco:LOKO_01633	ko:K02032
hco:LOKO_01636	ko:K00817
hco:LOKO_01638	ko:K12255
hco:LOKO_01640	ko:K01652
hco:LOKO_01641	ko:K00130
hco:LOKO_01643	ko:K11688
hco:LOKO_01644	ko:K11689
hco:LOKO_01645	ko:K11690
hco:LOKO_01649	ko:K01998
hco:LOKO_01650	ko:K01997
hco:LOKO_01651	ko:K01999
hco:LOKO_01652	ko:K01999
hco:LOKO_01655	ko:K11068
hco:LOKO_01656	ko:K01497
hco:LOKO_01657	ko:K01599
hco:LOKO_01659	ko:K03768
hco:LOKO_01660	ko:K02198
hco:LOKO_01661	ko:K02199
hco:LOKO_01662	ko:K02200
hco:LOKO_01663	ko:K02200
hco:LOKO_01665	ko:K15864
hco:LOKO_01667	ko:K02638
hco:LOKO_01673	ko:K19342
hco:LOKO_01674	ko:K19341
hco:LOKO_01675	ko:K19340
hco:LOKO_01676	ko:K07218
hco:LOKO_01677	ko:K00376
hco:LOKO_01678	ko:K19339
hco:LOKO_01680	ko:K13771
hco:LOKO_01681	ko:K09790
hco:LOKO_01682	ko:K07234
hco:LOKO_01683	ko:K02495
hco:LOKO_01684	ko:K07322
hco:LOKO_01685	ko:K12266
hco:LOKO_01686	ko:K24843
hco:LOKO_01687	ko:K00525
hco:LOKO_01690	ko:K11534
hco:LOKO_01691	ko:K03317
hco:LOKO_01692	ko:K01619
hco:LOKO_01693	ko:K00758
hco:LOKO_01694	ko:K01839
hco:LOKO_01695	ko:K03784
hco:LOKO_01696	ko:K01489
hco:LOKO_01698	ko:K04069
hco:LOKO_01700	ko:K21636
hco:LOKO_01701	ko:K24845
hco:LOKO_01702	ko:K24844
hco:LOKO_01703	ko:K05916
hco:LOKO_01704	ko:K19345
hco:LOKO_01705	ko:K19344
hco:LOKO_01706	ko:K22225
hco:LOKO_01707	ko:K22225
hco:LOKO_01708	ko:K22225
hco:LOKO_01709	ko:K22225
hco:LOKO_01710	ko:K24868
hco:LOKO_01711	ko:K02302
hco:LOKO_01712	ko:K24867
hco:LOKO_01713	ko:K07234
hco:LOKO_01716	ko:K02305
hco:LOKO_01717	ko:K04561
hco:LOKO_01718	ko:K04748
hco:LOKO_01719	ko:K02448
hco:LOKO_01722	ko:K02164
hco:LOKO_01725	ko:K02575
hco:LOKO_01726	ko:K02575
hco:LOKO_01728	ko:K02575
hco:LOKO_01729	ko:K07684
hco:LOKO_01730	ko:K07673
hco:LOKO_01731	ko:K02575
hco:LOKO_01732	ko:K00370
hco:LOKO_01733	ko:K00371
hco:LOKO_01734	ko:K00373
hco:LOKO_01735	ko:K00374
hco:LOKO_01736	ko:K03769
hco:LOKO_01737	ko:K03638
hco:LOKO_01738	ko:K03750
hco:LOKO_01741	ko:K03639
hco:LOKO_01742	ko:K01322
hco:LOKO_01744	ko:K22551
hco:LOKO_01745	ko:K27492
hco:LOKO_01746	ko:K02035
hco:LOKO_01747	ko:K02033
hco:LOKO_01748	ko:K02034
hco:LOKO_01749	ko:K02031
hco:LOKO_01750	ko:K02032
hco:LOKO_01751	ko:K07090
hco:LOKO_01752	ko:K16089
hco:LOKO_01753	ko:K02013
hco:LOKO_01763	ko:K03628
hco:LOKO_01766	ko:K00363
hco:LOKO_01767	ko:K00362
hco:LOKO_01768	ko:K26139
hco:LOKO_01769	ko:K22067
hco:LOKO_01770	ko:K07183
hco:LOKO_01771	ko:K00372
hco:LOKO_01772	ko:K02302
hco:LOKO_01773	ko:K09890
hco:LOKO_01776	ko:K00453
hco:LOKO_01777	ko:K01556
hco:LOKO_01781	ko:K02482
hco:LOKO_01783	ko:K24138
hco:LOKO_01786	ko:K17737
hco:LOKO_01787	ko:K07080
hco:LOKO_01791	ko:K24138
hco:LOKO_01792	ko:K07793
hco:LOKO_01794	ko:K29029
hco:LOKO_01796	ko:K06131
hco:LOKO_01797	ko:K02575
hco:LOKO_01799	ko:K21470
hco:LOKO_01800	ko:K06147
hco:LOKO_01801	ko:K19304
hco:LOKO_01802	ko:K06911
hco:LOKO_01804	ko:K07393
hco:LOKO_01805	ko:K09768
hco:LOKO_01806	ko:K05592
hco:LOKO_01812	ko:K07755
hco:LOKO_01815	ko:K07755
hco:LOKO_01817	ko:K13953
hco:LOKO_01818	ko:K00138
hco:LOKO_01820	ko:K21430
hco:LOKO_01821	ko:K20975
hco:LOKO_01826	ko:K11529
hco:LOKO_01827	ko:K00042
hco:LOKO_01828	ko:K01816
hco:LOKO_01829	ko:K01608
hco:LOKO_01830	ko:K01483
hco:LOKO_01831	ko:K14977
hco:LOKO_01832	ko:K16842
hco:LOKO_01833	ko:K16841
hco:LOKO_01834	ko:K03457
hco:LOKO_01837	ko:K07127
hco:LOKO_01838	ko:K13485
hco:LOKO_01840	ko:K07100
hco:LOKO_01843	ko:K03303
hco:LOKO_01846	ko:K11073
hco:LOKO_01848	ko:K00018
hco:LOKO_01850	ko:K01876
hco:LOKO_01851	ko:K01159
hco:LOKO_01852	ko:K03550
hco:LOKO_01853	ko:K03551
hco:LOKO_01854	ko:K01075
hco:LOKO_01855	ko:K03562
hco:LOKO_01856	ko:K03560
hco:LOKO_01857	ko:K03646
hco:LOKO_01858	ko:K03641
hco:LOKO_01859	ko:K03640
hco:LOKO_01862	ko:K22292
hco:LOKO_01863	ko:K00568
hco:LOKO_01864	ko:K00963
hco:LOKO_01865	ko:K00012
hco:LOKO_01867	ko:K03702
hco:LOKO_01868	ko:K02433
hco:LOKO_01871	ko:K02399
hco:LOKO_01872	ko:K02398
hco:LOKO_01873	ko:K02386
hco:LOKO_01874	ko:K02387
hco:LOKO_01875	ko:K02388
hco:LOKO_01876	ko:K02389
hco:LOKO_01877	ko:K02390
hco:LOKO_01878	ko:K02391
hco:LOKO_01879	ko:K02392
hco:LOKO_01880	ko:K02393
hco:LOKO_01881	ko:K02394
hco:LOKO_01882	ko:K02395
hco:LOKO_01883	ko:K02396
hco:LOKO_01890	ko:K00799
hco:LOKO_01891	ko:K03325
hco:LOKO_01893	ko:K07278
hco:LOKO_01894	ko:K09800
hco:LOKO_01895	ko:K07304
hco:LOKO_01896	ko:K07019
hco:LOKO_01897	ko:K01271
hco:LOKO_01898	ko:K01673
hco:LOKO_01899	ko:K00383
hco:LOKO_01900	ko:K06718
hco:LOKO_01901	ko:K00836
hco:LOKO_01902	ko:K06720
hco:LOKO_01904	ko:K05571
hco:LOKO_01905	ko:K05570
hco:LOKO_01906	ko:K05569
hco:LOKO_01910	ko:K07400
hco:LOKO_01911	ko:K00548
hco:LOKO_01912	ko:K26937
hco:LOKO_01913	ko:K00381
hco:LOKO_01917	ko:K00537
hco:LOKO_01918	ko:K03809
hco:LOKO_01920	ko:K00275
hco:LOKO_01932	ko:K09954
hco:LOKO_01934	ko:K07175
hco:LOKO_01935	ko:K12137
hco:LOKO_01936	ko:K05568
hco:LOKO_01940	ko:K01696
hco:LOKO_01941	ko:K02548
hco:LOKO_01942	ko:K06999
hco:LOKO_01944	ko:K03704
hco:LOKO_01945	ko:K03704
hco:LOKO_01946	ko:K28060
hco:LOKO_01947	ko:K00140
hco:LOKO_01951	ko:K09823
hco:LOKO_01952	ko:K01496
hco:LOKO_01953	ko:K08998
hco:LOKO_01954	ko:K05520
hco:LOKO_01956	ko:K02426
hco:LOKO_01959	ko:K07684
hco:LOKO_01960	ko:K12542
hco:LOKO_01961	ko:K12541
hco:LOKO_01962	ko:K12543
hco:LOKO_01964	ko:K03151
hco:LOKO_01967	ko:K06200
hco:LOKO_01972	ko:K01768
hco:LOKO_01974	ko:K00826
hco:LOKO_01983	ko:K01420
hco:LOKO_01985	ko:K11903
hco:LOKO_01986	ko:K06204
hco:LOKO_01988	ko:K03284
hco:LOKO_01989	ko:K03312
hco:LOKO_01990	ko:K07001
hco:LOKO_01991	ko:K05773
hco:LOKO_01992	ko:K06857
hco:LOKO_01993	ko:K05772
hco:LOKO_01994	ko:K21703
hco:LOKO_01995	ko:K07086
hco:LOKO_01996	ko:K00253
hco:LOKO_01997	ko:K01969
hco:LOKO_01998	ko:K13766
hco:LOKO_01999	ko:K01968
hco:LOKO_02000	ko:K01640
hco:LOKO_02007	ko:K01754
hco:LOKO_02009	ko:K09456
hco:LOKO_02011	ko:K06169
hco:LOKO_02012	ko:K01682
hco:LOKO_02014	ko:K02553
hco:LOKO_02015	ko:K01126
hco:LOKO_02016	ko:K00681
hco:LOKO_02017	ko:K01007
hco:LOKO_02019	ko:K07258
hco:LOKO_02022	ko:K09819
hco:LOKO_02023	ko:K09820
hco:LOKO_02024	ko:K11924
hco:LOKO_02025	ko:K00788
hco:LOKO_02027	ko:K01759
hco:LOKO_02028	ko:K15777
hco:LOKO_02032	ko:K00666
hco:LOKO_02034	ko:K00760
hco:LOKO_02035	ko:K01207
hco:LOKO_02038	ko:K01356
hco:LOKO_02039	ko:K02346
hco:LOKO_02041	ko:K01433
hco:LOKO_02042	ko:K12574
hco:LOKO_02043	ko:K03746
hco:LOKO_02044	ko:K03639
hco:LOKO_02045	ko:K03635
hco:LOKO_02046	ko:K03637
hco:LOKO_02047	ko:K03750
hco:LOKO_02048	ko:K03753
hco:LOKO_02049	ko:K03752
hco:LOKO_02051	ko:K02824
hco:LOKO_02052	ko:K00761
hco:LOKO_02053	ko:K03648
hco:LOKO_02054	ko:K00769
hco:LOKO_02055	ko:K00759
hco:LOKO_02056	ko:K06901
hco:LOKO_02057	ko:K00793
hco:LOKO_02058	ko:K02071
hco:LOKO_02059	ko:K02072
hco:LOKO_02060	ko:K02073
hco:LOKO_02061	ko:K08968
hco:LOKO_02062	ko:K14237
hco:LOKO_02063	ko:K00864
hco:LOKO_02064	ko:K02444
hco:LOKO_02065	ko:K00111
hco:LOKO_02066	ko:K01679
hco:LOKO_02068	ko:K01420
hco:LOKO_02073	ko:K01595
hco:LOKO_02074	ko:K04765
hco:LOKO_02076	ko:K03474
hco:LOKO_02077	ko:K03584
hco:LOKO_02078	ko:K03595
hco:LOKO_02079	ko:K03685
hco:LOKO_02080	ko:K03100
hco:LOKO_02081	ko:K03596
hco:LOKO_02083	ko:K03598
hco:LOKO_02084	ko:K03597
hco:LOKO_02085	ko:K03088
hco:LOKO_02086	ko:K01626
hco:LOKO_02087	ko:K03722
hco:LOKO_02088	ko:K03732
hco:LOKO_02090	ko:K01142
hco:LOKO_02091	ko:K03832
hco:LOKO_02092	ko:K03559
hco:LOKO_02093	ko:K03561
hco:LOKO_02094	ko:K03561
hco:LOKO_02096	ko:K04564
hco:LOKO_02097	ko:K09181
hco:LOKO_02100	ko:K02379
hco:LOKO_02101	ko:K09948
hco:LOKO_02102	ko:K03638
hco:LOKO_02103	ko:K03750
hco:LOKO_02104	ko:K08682
hco:LOKO_02105	ko:K11179
hco:LOKO_02106	ko:K07237
hco:LOKO_02107	ko:K07236
hco:LOKO_02108	ko:K07235
hco:LOKO_02109	ko:K19416
hco:LOKO_02110	ko:K03574
hco:LOKO_02111	ko:K14233
hco:LOKO_02114	ko:K11105
hco:LOKO_02115	ko:K15598
hco:LOKO_02116	ko:K01175
hco:LOKO_02117	ko:K09125
hco:LOKO_02118	ko:K01908
hco:LOKO_02120	ko:K04774
hco:LOKO_02122	ko:K03426
hco:LOKO_02123	ko:K02342
hco:LOKO_02124	ko:K03469
hco:LOKO_02126	ko:K01069
hco:LOKO_02127	ko:K08307
hco:LOKO_02128	ko:K13893
hco:LOKO_02129	ko:K13894
hco:LOKO_02130	ko:K13895
hco:LOKO_02131	ko:K13896
hco:LOKO_02132	ko:K06183
hco:LOKO_02133	ko:K13566
hco:LOKO_02134	ko:K05786
hco:LOKO_02135	ko:K03406
hco:LOKO_02136	ko:K07496
hco:LOKO_02137	ko:K01740
hco:LOKO_02138	ko:K03321
hco:LOKO_02141	ko:K07516
hco:LOKO_02142	ko:K04118
hco:LOKO_02143	ko:K28556
hco:LOKO_02144	ko:K03522
hco:LOKO_02145	ko:K03521
hco:LOKO_02146	ko:K00311
hco:LOKO_02147	ko:K13017
hco:LOKO_02148	ko:K13016
hco:LOKO_02149	ko:K01011
hco:LOKO_02150	ko:K03657
hco:LOKO_02151	ko:K09986
hco:LOKO_02152	ko:K03424
hco:LOKO_02153	ko:K02676
hco:LOKO_02157	ko:K03215
hco:LOKO_02158	ko:K12339
hco:LOKO_02159	ko:K07678
hco:LOKO_02165	ko:K00121
hco:LOKO_02166	ko:K01998
hco:LOKO_02167	ko:K01997
hco:LOKO_02168	ko:K01999
hco:LOKO_02169	ko:K01996
hco:LOKO_02170	ko:K01995
hco:LOKO_02175	ko:K01752
hco:LOKO_02176	ko:K03566
hco:LOKO_02177	ko:K03086
hco:LOKO_02178	ko:K02316
hco:LOKO_02179	ko:K02970
hco:LOKO_02181	ko:K25706
hco:LOKO_02182	ko:K08591
hco:LOKO_02183	ko:K01633
hco:LOKO_02184	ko:K00950
hco:LOKO_02186	ko:K00974
hco:LOKO_02187	ko:K02439
hco:LOKO_02188	ko:K01525
hco:LOKO_02189	ko:K06195
hco:LOKO_02190	ko:K02528
hco:LOKO_02191	ko:K00097
hco:LOKO_02192	ko:K03771
hco:LOKO_02193	ko:K04744
hco:LOKO_02194	ko:K07102
hco:LOKO_02195	ko:K00992
hco:LOKO_02196	ko:K07397
hco:LOKO_02197	ko:K06134
hco:LOKO_02198	ko:K02503
hco:LOKO_02199	ko:K28462
hco:LOKO_02200	ko:K07107
hco:LOKO_02201	ko:K01945
hco:LOKO_02206	ko:K08305
hco:LOKO_02207	ko:K05571
hco:LOKO_02208	ko:K05570
hco:LOKO_02209	ko:K05569
hco:LOKO_02210	ko:K05568
hco:LOKO_02211	ko:K05567
hco:LOKO_02212	ko:K05566
hco:LOKO_02213	ko:K05565
hco:LOKO_02214	ko:K05559
hco:LOKO_02215	ko:K05560
hco:LOKO_02216	ko:K05561
hco:LOKO_02217	ko:K05562
hco:LOKO_02218	ko:K05563
hco:LOKO_02219	ko:K05564
hco:LOKO_02220	ko:K01772
hco:LOKO_02223	ko:K02314
hco:LOKO_02224	ko:K16077
hco:LOKO_02225	ko:K02939
hco:LOKO_02227	ko:K02963
hco:LOKO_02228	ko:K02990
hco:LOKO_02229	ko:K03218
hco:LOKO_02230	ko:K12573
hco:LOKO_02231	ko:K14228
hco:LOKO_02232	ko:K14228
hco:LOKO_02233	ko:K14228
hco:LOKO_02234	ko:K05568
hco:LOKO_02236	ko:K05568
hco:LOKO_02237	ko:K05568
hco:LOKO_02238	ko:K05567
hco:LOKO_02239	ko:K05566
hco:LOKO_02240	ko:K05566
hco:LOKO_02241	ko:K05571
hco:LOKO_02242	ko:K05570
hco:LOKO_02243	ko:K05569
hco:LOKO_02244	ko:K01173
hco:LOKO_02247	ko:K15408
hco:LOKO_02248	ko:K02275
hco:LOKO_02249	ko:K07484
hco:LOKO_02251	ko:K03406
hco:LOKO_02254	ko:K09861
hco:LOKO_02256	ko:K07126
hco:LOKO_02259	ko:K09009
hco:LOKO_02261	ko:K03976
hco:LOKO_02262	ko:K07107
hco:LOKO_02265	ko:K14155
hco:LOKO_02266	ko:K05838
hco:LOKO_02267	ko:K00762
hco:LOKO_02268	ko:K01142
hco:LOKO_02269	ko:K00989
hco:LOKO_02274	ko:K00942
hco:LOKO_02275	ko:K03060
hco:LOKO_02276	ko:K01139
hco:LOKO_02278	ko:K01975
hco:LOKO_02280	ko:K04761
hco:LOKO_02281	ko:K03655
hco:LOKO_02283	ko:K05787
hco:LOKO_02284	ko:K05297
hco:LOKO_02285	ko:K03181
hco:LOKO_02286	ko:K03179
hco:LOKO_02287	ko:K00822
hco:LOKO_02288	ko:K09796
hco:LOKO_02289	ko:K06203
hco:LOKO_02290	ko:K10806
hco:LOKO_02291	ko:K11688
hco:LOKO_02292	ko:K03657
hco:LOKO_02293	ko:K19337
hco:LOKO_02295	ko:K03308
hco:LOKO_02296	ko:K19302
hco:LOKO_02297	ko:K00820
hco:LOKO_02298	ko:K04042
hco:LOKO_02299	ko:K03734
hco:LOKO_02300	ko:K06153
hco:LOKO_02302	ko:K17230
hco:LOKO_02303	ko:K17229
hco:LOKO_02304	ko:K07112
hco:LOKO_02305	ko:K17226
hco:LOKO_02308	ko:K07080
hco:LOKO_02310	ko:K23518
hco:LOKO_02311	ko:K11690
hco:LOKO_02312	ko:K11689
hco:LOKO_02313	ko:K11688
hco:LOKO_02314	ko:K15268
hco:LOKO_02315	ko:K09005
hco:LOKO_02316	ko:K02017
hco:LOKO_02317	ko:K02018
hco:LOKO_02318	ko:K02020
hco:LOKO_02321	ko:K01625
hco:LOKO_02322	ko:K01057
hco:LOKO_02323	ko:K00036
hco:LOKO_02324	ko:K19337
hco:LOKO_02326	ko:K06204
hco:LOKO_02327	ko:K18567
hco:LOKO_02329	ko:K03321
hco:LOKO_02331	ko:K05779
hco:LOKO_02335	ko:K01560
hco:LOKO_02336	ko:K01754
hco:LOKO_02337	ko:K15785
hco:LOKO_02338	ko:K15786
hco:LOKO_02342	ko:K01685
hco:LOKO_02344	ko:K18336
hco:LOKO_02345	ko:K18335
hco:LOKO_02346	ko:K00065
hco:LOKO_02347	ko:K00032
hco:LOKO_02348	ko:K03439
hco:LOKO_02349	ko:K03297
hco:LOKO_02350	ko:K07259
hco:LOKO_02351	ko:K00901
hco:LOKO_02352	ko:K00982
hco:LOKO_02353	ko:K03786
hco:LOKO_02354	ko:K02571
hco:LOKO_02355	ko:K02572
hco:LOKO_02356	ko:K02570
hco:LOKO_02357	ko:K02567
hco:LOKO_02358	ko:K02568
hco:LOKO_02359	ko:K02569
hco:LOKO_02360	ko:K00274
hco:LOKO_02365	ko:K03406
hco:LOKO_02367	ko:K26606
hco:LOKO_02368	ko:K26605
hco:LOKO_02377	ko:K02030
hco:LOKO_02378	ko:K06902
hco:LOKO_02379	ko:K07090
hco:LOKO_02380	ko:K00641
hco:LOKO_02381	ko:K06985
hco:LOKO_02382	ko:K07058
hco:LOKO_02383	ko:K00459
hco:LOKO_02385	ko:K10844
hco:LOKO_02386	ko:K11747
hco:LOKO_02391	ko:K07403
hco:LOKO_02393	ko:K05777
hco:LOKO_02394	ko:K05778
hco:LOKO_02395	ko:K00986
hco:LOKO_02397	ko:K02052
hco:LOKO_02402	ko:K22044
hco:LOKO_02404	ko:K07010
hco:LOKO_02405	ko:K04063
hco:LOKO_02407	ko:K09941
hco:LOKO_02408	ko:K05982
hco:LOKO_02409	ko:K03547
hco:LOKO_02410	ko:K03546
hco:LOKO_02414	ko:K19159
hco:LOKO_02415	ko:K19158
hco:LOKO_02418	ko:K01154
hco:LOKO_02419	ko:K03427
hco:LOKO_02420	ko:K04095
hco:LOKO_02421	ko:K01153
hco:LOKO_02422	ko:K03782
hco:LOKO_02423	ko:K01438
hco:LOKO_02426	ko:K01785
hco:LOKO_02429	ko:K10439
hco:LOKO_02430	ko:K10440
hco:LOKO_02431	ko:K10441
hco:LOKO_02432	ko:K22185
hco:LOKO_02436	ko:K22186
hco:LOKO_02437	ko:K03306
hco:LOKO_02438	ko:K07220
hco:LOKO_02440	ko:K10716
hco:LOKO_02442	ko:K07053
hco:LOKO_02443	ko:K09780
hco:LOKO_02444	ko:K15461
hco:LOKO_02446	ko:K09898
hco:LOKO_02447	ko:K01972
hco:LOKO_02448	ko:K03528
hco:LOKO_02449	ko:K03529
hco:LOKO_02450	ko:K02200
hco:LOKO_02452	ko:K06147
hco:LOKO_02453	ko:K24180
hco:LOKO_02455	ko:K21430
hco:LOKO_02460	ko:K02053
hco:LOKO_02461	ko:K02054
hco:LOKO_02462	ko:K02055
hco:LOKO_02463	ko:K02052
hco:LOKO_02466	ko:K03451
hco:LOKO_02468	ko:K02342
hco:LOKO_02469	ko:K07182
hco:LOKO_02472	ko:K03814
hco:LOKO_02473	ko:K01070
hco:LOKO_02486	ko:K03503
hco:LOKO_02487	ko:K03502
hco:LOKO_02496	ko:K02433
hco:LOKO_02498	ko:K13995
hco:LOKO_02499	ko:K11690
hco:LOKO_02500	ko:K11689
hco:LOKO_02501	ko:K11688
hco:LOKO_02503	ko:K01703
hco:LOKO_02504	ko:K01704
hco:LOKO_02505	ko:K20454
hco:LOKO_02506	ko:K07120
hco:LOKO_02509	ko:K07793
hco:LOKO_02510	ko:K07794
hco:LOKO_02512	ko:K07497
hco:LOKO_02515	ko:K07483
hco:LOKO_02516	ko:K07484
hco:LOKO_02519	ko:K07667
hco:LOKO_02520	ko:K07646
hco:LOKO_02521	ko:K03498
hco:LOKO_02525	ko:K07140
hco:LOKO_02530	ko:K01715
hco:LOKO_02531	ko:K00074
hco:LOKO_02532	ko:K20034
hco:LOKO_02533	ko:K20035
hco:LOKO_02538	ko:K02517
hco:LOKO_02540	ko:K03707
hco:LOKO_02545	ko:K06954
hco:LOKO_02548	ko:K03568
hco:LOKO_02550	ko:K08301
hco:LOKO_02551	ko:K06287
hco:LOKO_02552	ko:K03571
hco:LOKO_02553	ko:K03570
hco:LOKO_02554	ko:K03569
hco:LOKO_02555	ko:K02435
hco:LOKO_02556	ko:K02433
hco:LOKO_02557	ko:K02434
hco:LOKO_02559	ko:K03406
hco:LOKO_02561	ko:K09760
hco:LOKO_02562	ko:K12254
hco:LOKO_02563	ko:K07010
hco:LOKO_02564	ko:K01915
hco:LOKO_02566	ko:K09471
hco:LOKO_02567	ko:K11074
hco:LOKO_02571	ko:K25223
hco:LOKO_02572	ko:K25224
hco:LOKO_02573	ko:K03579
hco:LOKO_02575	ko:K05567
hco:LOKO_02577	ko:K00626
hco:LOKO_02579	ko:K02069
hco:LOKO_02580	ko:K02068
hco:LOKO_02581	ko:K03325
hco:LOKO_02585	ko:K08352
hco:LOKO_02588	ko:K23349
hco:LOKO_02589	ko:K03775
hco:LOKO_02590	ko:K03892
hco:LOKO_02591	ko:K07090
hco:LOKO_02592	ko:K07552
hco:LOKO_02593	ko:K00616
hco:LOKO_02596	ko:K04754
hco:LOKO_02597	ko:K16872
hco:LOKO_02598	ko:K03578
hco:LOKO_02599	ko:K01897
hco:LOKO_02603	ko:K01354
hco:LOKO_02604	ko:K09160
hco:LOKO_02605	ko:K09902
hco:LOKO_02606	ko:K03684
hco:LOKO_02607	ko:K06187
hco:LOKO_02608	ko:K09747
hco:LOKO_02609	ko:K02343
hco:LOKO_02611	ko:K09471
hco:LOKO_02616	ko:K01034
hco:LOKO_02618	ko:K01438
hco:LOKO_02619	ko:K00632
hco:LOKO_02620	ko:K02030
hco:LOKO_02621	ko:K02029
hco:LOKO_02622	ko:K02029
hco:LOKO_02627	ko:K07120
hco:LOKO_02628	ko:K06442
hco:LOKO_02629	ko:K05802
hco:LOKO_02630	ko:K01058
hco:LOKO_02636	ko:K18911
hco:LOKO_02639	ko:K00428
hco:LOKO_02640	ko:K06911
hco:LOKO_02641	ko:K14233
hco:LOKO_02644	ko:K06879
hco:LOKO_02645	ko:K01992
hco:LOKO_02646	ko:K01990
hco:LOKO_02647	ko:K14225
hco:LOKO_02648	ko:K14224
hco:LOKO_02649	ko:K14225
hco:LOKO_02650	ko:K14224
hco:LOKO_02651	ko:K14225
hco:LOKO_02652	ko:K14224
hco:LOKO_02653	ko:K07305
hco:LOKO_02654	ko:K14540
hco:LOKO_02655	ko:K14260
hco:LOKO_02656	ko:K03799
hco:LOKO_02657	ko:K03473
hco:LOKO_02661	ko:K12297
hco:LOKO_02662	ko:K03812
hco:LOKO_02663	ko:K00254
hco:LOKO_02664	ko:K15371
hco:LOKO_02665	ko:K00557
hco:LOKO_02667	ko:K01776
hco:LOKO_02669	ko:K07478
hco:LOKO_02670	ko:K03634
hco:LOKO_02671	ko:K03466
hco:LOKO_02672	ko:K00684
hco:LOKO_02673	ko:K21420
hco:LOKO_02674	ko:K02518
hco:LOKO_02675	ko:K03694
hco:LOKO_02676	ko:K06891
hco:LOKO_02677	ko:K00031
hco:LOKO_02678	ko:K00031
hco:LOKO_02679	ko:K06181
hco:LOKO_02684	ko:K00566
hco:LOKO_02685	ko:K07153
hco:LOKO_02686	ko:K01756
hco:LOKO_02687	ko:K00798
hco:LOKO_02688	ko:K18850
hco:LOKO_02690	ko:K01637
hco:LOKO_02691	ko:K06077
hco:LOKO_02693	ko:K03775
hco:LOKO_02696	ko:K07304
hco:LOKO_02697	ko:K08224
hco:LOKO_02701	ko:K00135
hco:LOKO_02702	ko:K07250
hco:LOKO_02703	ko:K03781
hco:LOKO_02707	ko:K06918
hco:LOKO_02708	ko:K08990
hco:LOKO_02714	ko:K02483
hco:LOKO_02715	ko:K28854
hco:LOKO_02716	ko:K01147
hco:LOKO_02722	ko:K21020
hco:LOKO_02723	ko:K09967
hco:LOKO_02726	ko:K07481
hco:LOKO_02734	ko:K07733
hco:LOKO_02736	ko:K14230
hco:LOKO_02739	ko:K06039
hco:LOKO_02743	ko:K01940
hco:LOKO_02744	ko:K03683
hco:LOKO_02747	ko:K07390
hco:LOKO_02748	ko:K00611
hco:LOKO_02750	ko:K02557
hco:LOKO_02751	ko:K02556
hco:LOKO_02754	ko:K02405
hco:LOKO_02755	ko:K03516
hco:LOKO_02757	ko:K02404
hco:LOKO_02758	ko:K02400
hco:LOKO_02759	ko:K02401
hco:LOKO_02760	ko:K03414
hco:LOKO_02761	ko:K03413
hco:LOKO_02762	ko:K05874
hco:LOKO_02763	ko:K03412
hco:LOKO_02764	ko:K00575
hco:LOKO_02765	ko:K03776
hco:LOKO_02766	ko:K03406
hco:LOKO_02767	ko:K05874
hco:LOKO_02768	ko:K03408
hco:LOKO_02769	ko:K03407
hco:LOKO_02770	ko:K02557
hco:LOKO_02771	ko:K02556
hco:LOKO_02772	ko:K02402
hco:LOKO_02773	ko:K02403
hco:LOKO_02774	ko:K04061
hco:LOKO_02776	ko:K02423
hco:LOKO_02777	ko:K02422
hco:LOKO_02778	ko:K02407
hco:LOKO_02788	ko:K03406
hco:LOKO_02792	ko:K02406
hco:LOKO_02793	ko:K02406
hco:LOKO_02794	ko:K18831
hco:LOKO_02795	ko:K00986
hco:LOKO_02796	ko:K01902
hco:LOKO_02797	ko:K01903
hco:LOKO_02798	ko:K00382
hco:LOKO_02799	ko:K00658
hco:LOKO_02800	ko:K00164
hco:LOKO_02801	ko:K00240
hco:LOKO_02802	ko:K00239
hco:LOKO_02803	ko:K14218
hco:LOKO_02804	ko:K01885
hco:LOKO_02809	ko:K07090
hco:LOKO_02811	ko:K05539
hco:LOKO_02812	ko:K06987
hco:LOKO_02813	ko:K18135
hco:LOKO_02814	ko:K18139
hco:LOKO_02815	ko:K18138
hco:LOKO_02816	ko:K03585
hco:LOKO_02825	ko:K07394
hco:LOKO_02828	ko:K10255
hco:LOKO_02833	ko:K06131
hco:LOKO_02834	ko:K13292
hco:LOKO_02839	ko:K17686
hco:LOKO_02848	ko:K01951
hco:LOKO_02849	ko:K00088
hco:LOKO_02852	ko:K03601
hco:LOKO_02853	ko:K07715
hco:LOKO_02855	ko:K01665
hco:LOKO_02857	ko:K03417
hco:LOKO_02858	ko:K01659
hco:LOKO_02859	ko:K20455
hco:LOKO_02860	ko:K09788
hco:LOKO_02861	ko:K01720
hco:LOKO_02863	ko:K02200
hco:LOKO_02864	ko:K02199
hco:LOKO_02865	ko:K02198
hco:LOKO_02866	ko:K02197
hco:LOKO_02867	ko:K02196
hco:LOKO_02868	ko:K02195
hco:LOKO_02869	ko:K02194
hco:LOKO_02870	ko:K02193
hco:LOKO_02871	ko:K01356
hco:LOKO_02873	ko:K15735
hco:LOKO_02874	ko:K07240
hco:LOKO_02875	ko:K07240
hco:LOKO_02876	ko:K07795
hco:LOKO_02877	ko:K07794
hco:LOKO_02878	ko:K07793
hco:LOKO_02879	ko:K00681
hco:LOKO_02880	ko:K06137
hco:LOKO_02881	ko:K22187
hco:LOKO_02883	ko:K00523
hco:LOKO_02885	ko:K06989
hco:LOKO_02889	ko:K01470
hco:LOKO_02890	ko:K15735
hco:LOKO_02891	ko:K07240
hco:LOKO_02892	ko:K07240
hco:LOKO_02895	ko:K20509
hco:LOKO_02896	ko:K01571
hco:LOKO_02897	ko:K01573
hco:LOKO_02898	ko:K05541
hco:LOKO_02899	ko:K14219
hco:LOKO_02900	ko:K14219
hco:LOKO_02901	ko:K14233
hco:LOKO_02902	ko:K03563
hco:LOKO_02903	ko:K00928
hco:LOKO_02904	ko:K01872
hco:LOKO_02905	ko:K01255
hco:LOKO_02906	ko:K07091
hco:LOKO_02907	ko:K11720
hco:LOKO_02909	ko:K02192
hco:LOKO_02910	ko:K03594
hco:LOKO_02911	ko:K02051
hco:LOKO_02912	ko:K02049
hco:LOKO_02913	ko:K02050
hco:LOKO_02915	ko:K22132
hco:LOKO_02916	ko:K06175
hco:LOKO_02917	ko:K00262
hco:LOKO_02919	ko:K03743
hco:LOKO_02920	ko:K03555
hco:LOKO_02921	ko:K05524
hco:LOKO_02922	ko:K01689
hco:LOKO_02923	ko:K01627
hco:LOKO_02924	ko:K01937
hco:LOKO_02925	ko:K00266
hco:LOKO_02926	ko:K00265
hco:LOKO_02927	ko:K01735
hco:LOKO_02928	ko:K00891
hco:LOKO_02929	ko:K02666
hco:LOKO_02930	ko:K02665
hco:LOKO_02931	ko:K02664
hco:LOKO_02932	ko:K02663
hco:LOKO_02933	ko:K02662
hco:LOKO_02935	ko:K05366
hco:LOKO_02936	ko:K07283
hco:LOKO_02937	ko:K00029
hco:LOKO_02938	ko:K02909
hco:LOKO_02939	ko:K04066
hco:LOKO_02940	ko:K01887
hco:LOKO_02942	ko:K01419
hco:LOKO_02943	ko:K03667
hco:LOKO_02945	ko:K03183
hco:LOKO_02946	ko:K03690
hco:LOKO_02947	ko:K03688
hco:LOKO_02948	ko:K01523
hco:LOKO_02949	ko:K03116
hco:LOKO_02950	ko:K03117
hco:LOKO_02951	ko:K03118
hco:LOKO_02953	ko:K01698
hco:LOKO_02955	ko:K01626
hco:LOKO_02959	ko:K13938
hco:LOKO_02960	ko:K00523
hco:LOKO_02961	ko:K03182
hco:LOKO_02962	ko:K03628
hco:LOKO_02963	ko:K01524
hco:LOKO_02964	ko:K04075
hco:LOKO_02965	ko:K01962
hco:LOKO_02966	ko:K02337
hco:LOKO_02967	ko:K03470
hco:LOKO_02968	ko:K00748
hco:LOKO_02969	ko:K00677
hco:LOKO_02970	ko:K02372
hco:LOKO_02971	ko:K02536
hco:LOKO_02972	ko:K06142
hco:LOKO_02973	ko:K07277
hco:LOKO_02974	ko:K11749
hco:LOKO_02975	ko:K00099
hco:LOKO_02976	ko:K00981
hco:LOKO_02977	ko:K00806
hco:LOKO_02978	ko:K02838
hco:LOKO_02979	ko:K09903
hco:LOKO_02980	ko:K02357
hco:LOKO_02981	ko:K02967
hco:LOKO_02982	ko:K01265
hco:LOKO_02983	ko:K00990
hco:LOKO_02984	ko:K14267
hco:LOKO_02986	ko:K00674
hco:LOKO_02987	ko:K01439
hco:LOKO_02989	ko:K00986
hco:LOKO_02990	ko:K03704
hco:LOKO_02991	ko:K03745
hco:LOKO_02992	ko:K00384
hco:LOKO_02994	ko:K27802
hco:LOKO_02996	ko:K00027
hco:LOKO_02997	ko:K07112
hco:LOKO_02998	ko:K01867
hco:LOKO_02999	ko:K00259
hco:LOKO_03000	ko:K07107
hco:LOKO_03002	ko:K06969
hco:LOKO_03003	ko:K10563
hco:LOKO_03004	ko:K02913
hco:LOKO_03005	ko:K02902
hco:LOKO_03006	ko:K03630
hco:LOKO_03007	ko:K13038
hco:LOKO_03008	ko:K01520
hco:LOKO_03009	ko:K15778
hco:LOKO_03010	ko:K00930
hco:LOKO_03011	ko:K05501
hco:LOKO_03012	ko:K03089
hco:LOKO_03013	ko:K09811
hco:LOKO_03014	ko:K09812
hco:LOKO_03015	ko:K03110
hco:LOKO_03016	ko:K08316
hco:LOKO_03017	ko:K09892
hco:LOKO_03018	ko:K03789
hco:LOKO_03020	ko:K05527
hco:LOKO_03021	ko:K08169
hco:LOKO_03023	ko:K04567
hco:LOKO_03024	ko:K02836
hco:LOKO_03025	ko:K06076
hco:LOKO_03027	ko:K17686
hco:LOKO_03033	ko:K01915
hco:LOKO_03034	ko:K11688
hco:LOKO_03035	ko:K11690
hco:LOKO_03036	ko:K11689
hco:LOKO_03037	ko:K00108
hco:LOKO_03038	ko:K06445
hco:LOKO_03041	ko:K24012
hco:LOKO_03042	ko:K01715
hco:LOKO_03044	ko:K00344
hco:LOKO_03046	ko:K01126
hco:LOKO_03047	ko:K01916
hco:LOKO_03049	ko:K02232
hco:LOKO_03050	ko:K19221
hco:LOKO_03051	ko:K02224
hco:LOKO_03052	ko:K02013
hco:LOKO_03053	ko:K02015
hco:LOKO_03055	ko:K14224
hco:LOKO_03057	ko:K01647
hco:LOKO_03058	ko:K00241
hco:LOKO_03059	ko:K00242
hco:LOKO_03060	ko:K00826
hco:LOKO_03061	ko:K02339
hco:LOKO_03062	ko:K01873
hco:LOKO_03064	ko:K06968
hco:LOKO_03066	ko:K04085
hco:LOKO_03069	ko:K26939
hco:LOKO_03070	ko:K09906
hco:LOKO_03072	ko:K11381
hco:LOKO_03075	ko:K03424
hco:LOKO_03076	ko:K15738
hco:LOKO_03077	ko:K06149
hco:LOKO_03079	ko:K06075
hco:LOKO_03081	ko:K01825
hco:LOKO_03082	ko:K00632
hco:LOKO_03086	ko:K10674
hco:LOKO_03090	ko:K00077
hco:LOKO_03091	ko:K13924
hco:LOKO_03093	ko:K02040
hco:LOKO_03094	ko:K02037
hco:LOKO_03095	ko:K02038
hco:LOKO_03096	ko:K02036
hco:LOKO_03097	ko:K02039
hco:LOKO_03098	ko:K07636
hco:LOKO_03099	ko:K07657
hco:LOKO_03100	ko:K02036
hco:LOKO_03101	ko:K02038
hco:LOKO_03102	ko:K02037
hco:LOKO_03103	ko:K02040
hco:LOKO_03105	ko:K19784
hco:LOKO_03106	ko:K03365
hco:LOKO_03107	ko:K14683
hco:LOKO_03108	ko:K02039
hco:LOKO_03110	ko:K03719
hco:LOKO_03111	ko:K07080
hco:LOKO_03113	ko:K09014
hco:LOKO_03114	ko:K09013
hco:LOKO_03115	ko:K09015
hco:LOKO_03116	ko:K11717
hco:LOKO_03118	ko:K03748
hco:LOKO_03120	ko:K05844
hco:LOKO_03125	ko:K07275
hco:LOKO_03126	ko:K07275
hco:LOKO_03128	ko:K11928
hco:LOKO_03129	ko:K13821
hco:LOKO_03132	ko:K14225
hco:LOKO_03136	ko:K17321
hco:LOKO_03137	ko:K00111
hco:LOKO_03139	ko:K00858
hco:LOKO_03141	ko:K02441
hco:LOKO_03142	ko:K09916
hco:LOKO_03144	ko:K00799
hco:LOKO_03146	ko:K17686
hco:LOKO_03147	ko:K00768
hco:LOKO_03148	ko:K02227
hco:LOKO_03149	ko:K04720
hco:LOKO_03150	ko:K02231
hco:LOKO_03151	ko:K02233
hco:LOKO_03152	ko:K02226
hco:LOKO_03153	ko:K02231
hco:LOKO_03154	ko:K16092
hco:LOKO_03155	ko:K01685
hco:LOKO_03156	ko:K22104
hco:LOKO_03158	ko:K18334
hco:LOKO_03160	ko:K02510
hco:LOKO_03161	ko:K01684
hco:LOKO_03162	ko:K00883
hco:LOKO_03163	ko:K01631
hco:LOKO_03164	ko:K18473
hco:LOKO_03165	ko:K00954
hco:LOKO_03168	ko:K26937
hco:LOKO_03169	ko:K02106
hco:LOKO_03173	ko:K16348
hco:LOKO_03176	ko:K08970
hco:LOKO_03180	ko:K04047
hco:LOKO_03181	ko:K01270
hco:LOKO_03182	ko:K11689
hco:LOKO_03183	ko:K11690
hco:LOKO_03184	ko:K02012
hco:LOKO_03185	ko:K00873
hco:LOKO_03190	ko:K07154
hco:LOKO_03192	ko:K26064
hco:LOKO_03193	ko:K06938
hco:LOKO_03195	ko:K05834
hco:LOKO_03197	ko:K03704
hco:LOKO_03199	ko:K07173
hco:LOKO_03200	ko:K09927
hco:LOKO_03206	ko:K11209
hco:LOKO_03209	ko:K03642
hco:LOKO_03212	ko:K07290
hco:LOKO_03214	ko:K05596
hco:LOKO_03215	ko:K06895
hco:LOKO_03218	ko:K05591
hco:LOKO_03219	ko:K07178
hco:LOKO_03222	ko:K01821
hco:LOKO_03224	ko:K01470
hco:LOKO_03225	ko:K03798
hco:LOKO_03226	ko:K06889
hco:LOKO_03231	ko:K00799
hco:LOKO_03232	ko:K13639
hco:LOKO_03233	ko:K18893
hco:LOKO_03235	ko:K03406
hco:LOKO_03236	ko:K00355
hco:LOKO_03240	ko:K25316
hco:LOKO_03241	ko:K18138
hco:LOKO_03242	ko:K03585
hco:LOKO_03244	ko:K02651
hco:LOKO_03245	ko:K02278
hco:LOKO_03247	ko:K02279
hco:LOKO_03248	ko:K02280
hco:LOKO_03250	ko:K02282
hco:LOKO_03251	ko:K02283
hco:LOKO_03252	ko:K12510
hco:LOKO_03253	ko:K12511
hco:LOKO_03255	ko:K12513
hco:LOKO_03268	ko:K07180
hco:LOKO_03269	ko:K09786
hco:LOKO_03270	ko:K06415
hco:LOKO_03272	ko:K00567
hco:LOKO_03273	ko:K08973
hco:LOKO_03275	ko:K01733
hco:LOKO_03276	ko:K00003
hco:LOKO_03277	ko:K03981
hco:LOKO_03278	ko:K04763
hco:LOKO_03279	ko:K02884
hco:LOKO_03280	ko:K00554
hco:LOKO_03281	ko:K02860
hco:LOKO_03282	ko:K02959
hco:LOKO_03283	ko:K03106
hco:LOKO_03285	ko:K03699
hco:LOKO_03289	ko:K01408
hco:LOKO_03290	ko:K01141
hco:LOKO_03291	ko:K03608
hco:LOKO_03292	ko:K03609
hco:LOKO_03293	ko:K03610
hco:LOKO_03295	ko:K00023
hco:LOKO_03296	ko:K14230
hco:LOKO_03297	ko:K07001
hco:LOKO_03302	ko:K01246
hco:LOKO_03303	ko:K07038
hco:LOKO_03304	ko:K01118
hco:LOKO_03305	ko:K04564
hco:LOKO_03309	ko:K07462
hco:LOKO_03311	ko:K02257
hco:LOKO_03312	ko:K02259
hco:LOKO_03314	ko:K14998
hco:LOKO_03316	ko:K02276
hco:LOKO_03317	ko:K02258
hco:LOKO_03318	ko:K02274
hco:LOKO_03319	ko:K02275
hco:LOKO_03323	ko:K06518
hco:LOKO_03324	ko:K02168
hco:LOKO_03325	ko:K14232
hco:LOKO_03326	ko:K03406
hco:LOKO_03339	ko:K00549
hco:LOKO_03340	ko:K03576
hco:LOKO_03341	ko:K07639
hco:LOKO_03342	ko:K07661
hco:LOKO_03343	ko:K00525
hco:LOKO_03344	ko:K00526
hco:LOKO_03349	ko:K03527
hco:LOKO_03350	ko:K10208
hco:LOKO_03355	ko:K00980
hco:LOKO_03357	ko:K07483
hco:LOKO_03358	ko:K07482
hco:LOKO_03361	ko:K06978
hco:LOKO_03363	ko:K13282
hco:LOKO_03364	ko:K03802
hco:LOKO_03365	ko:K06957
hco:LOKO_03366	ko:K11688
hco:LOKO_03367	ko:K11689
hco:LOKO_03368	ko:K11690
hco:LOKO_03369	ko:K00019
hco:LOKO_03370	ko:K19803
hco:LOKO_03372	ko:K01759
hco:LOKO_03378	ko:K11688
hco:LOKO_03382	ko:K00626
hco:LOKO_03383	ko:K00019
hco:LOKO_03385	ko:K11688
hco:LOKO_03387	ko:K00817
hco:LOKO_03388	ko:K02030
hco:LOKO_03389	ko:K01985
hco:LOKO_03390	ko:K01866
hco:LOKO_03391	ko:K09001
hco:LOKO_03392	ko:K02670
hco:LOKO_03393	ko:K02669
hco:LOKO_03394	ko:K06997
hco:LOKO_03395	ko:K00286
hco:LOKO_03396	ko:K02221
hco:LOKO_03397	ko:K00641
hco:LOKO_03401	ko:K06206
hco:LOKO_03403	ko:K06204
hco:LOKO_03404	ko:K01894
hco:LOKO_03407	ko:K07713
hco:LOKO_03408	ko:K00970
hco:LOKO_03409	ko:K00950
hco:LOKO_03410	ko:K00606
hco:LOKO_03411	ko:K01918
hco:LOKO_03412	ko:K01579
hco:LOKO_03413	ko:K00626
hco:LOKO_03414	ko:K00962
hco:LOKO_03415	ko:K02956
hco:LOKO_03416	ko:K03177
hco:LOKO_03417	ko:K02834
hco:LOKO_03418	ko:K02519
hco:LOKO_03419	ko:K02600
hco:LOKO_03420	ko:K09748
hco:LOKO_03421	ko:K14230
hco:LOKO_03422	ko:K14228
hco:LOKO_03423	ko:K03075
hco:LOKO_03424	ko:K01803
hco:LOKO_03425	ko:K03431
hco:LOKO_03426	ko:K00796
hco:LOKO_03427	ko:K03798
hco:LOKO_03428	ko:K02427
hco:LOKO_03429	ko:K07574
hco:LOKO_03430	ko:K03624
hco:LOKO_03431	ko:K01955
hco:LOKO_03432	ko:K01956
hco:LOKO_03433	ko:K00215
hco:LOKO_03434	ko:K21498
hco:LOKO_03435	ko:K07334
hco:LOKO_03437	ko:K09956
hco:LOKO_03438	ko:K07454
hco:LOKO_03439	ko:K03686
hco:LOKO_03440	ko:K04043
hco:LOKO_03441	ko:K03687
hco:LOKO_03442	ko:K03631
hco:LOKO_03443	ko:K03711
hco:LOKO_03444	ko:K06186
hco:LOKO_03445	ko:K09801
hco:LOKO_03447	ko:K03664
hco:LOKO_03448	ko:K15035
hco:LOKO_03451	ko:K07733
hco:LOKO_03458	ko:K03427
hco:LOKO_03459	ko:K01154
hco:LOKO_03462	ko:K01153
hco:LOKO_03465	ko:K27502
hco:LOKO_03466	ko:K27684
hco:LOKO_03467	ko:K00928
hco:LOKO_03469	ko:K00134
hco:LOKO_03471	ko:K03787
hco:LOKO_03472	ko:K06176
hco:LOKO_03473	ko:K01770
hco:LOKO_03474	ko:K00991
hco:LOKO_03475	ko:K05589
hco:LOKO_03476	ko:K09919
hco:LOKO_03478	ko:K00154
hco:LOKO_03479	ko:K01690
hco:LOKO_03480	ko:K00845
hco:LOKO_03481	ko:K01792
hco:LOKO_03482	ko:K00847
hco:LOKO_03483	ko:K03776
hco:LOKO_03484	ko:K01734
hco:LOKO_03485	ko:K01810
hco:LOKO_03486	ko:K06199
hco:LOKO_03487	ko:K06199
hco:LOKO_03488	ko:K22044
hco:LOKO_03489	ko:K02498
hco:LOKO_03490	ko:K02496
hco:LOKO_03491	ko:K01719
hco:LOKO_03492	ko:K01749
hco:LOKO_03494	ko:K01755
hco:LOKO_03496	ko:K01586
hco:LOKO_03497	ko:K01778
hco:LOKO_03498	ko:K09921
hco:LOKO_03499	ko:K03733
hco:LOKO_03500	ko:K20862
hco:LOKO_03501	ko:K03978
hco:LOKO_03503	ko:K03673
hco:LOKO_03505	ko:K11689
hco:LOKO_03506	ko:K11690
hco:LOKO_03508	ko:K00941
hco:LOKO_03510	ko:K07560
hco:LOKO_03511	ko:K06158
hco:LOKO_03513	ko:K11688
hco:LOKO_03514	ko:K11689
hco:LOKO_03515	ko:K11690
hco:LOKO_03517	ko:K03773
hco:LOKO_03519	ko:K07152
hco:LOKO_03521	ko:K13936
hco:LOKO_03522	ko:K07486
hco:LOKO_03525	ko:K03439
hco:LOKO_03526	ko:K03149
hco:LOKO_03527	ko:K03154
hco:LOKO_03530	ko:K01638
hco:LOKO_03533	ko:K07391
hco:LOKO_03534	ko:K09806
hco:LOKO_03535	ko:K04752
hco:LOKO_03536	ko:K03320
hco:LOKO_03537	ko:K04752
hco:LOKO_03538	ko:K00528
hco:LOKO_03540	ko:K03406
hco:LOKO_03542	ko:K02042
hco:LOKO_03543	ko:K02042
hco:LOKO_03544	ko:K02041
hco:LOKO_03545	ko:K02044
hco:LOKO_03549	ko:K09972
hco:LOKO_03550	ko:K09971
hco:LOKO_03551	ko:K09970
hco:LOKO_03552	ko:K09969
hco:LOKO_03553	ko:K09969
hco:LOKO_03554	ko:K03387
hco:LOKO_03555	ko:K24119
hco:LOKO_03559	ko:K03303
hco:LOKO_03560	ko:K01620
hco:LOKO_03562	ko:K00830
hco:LOKO_03564	ko:K01715
hco:LOKO_03565	ko:K11690
hco:LOKO_03566	ko:K11689
hco:LOKO_03567	ko:K11688
hco:LOKO_03570	ko:K11474
hco:LOKO_03571	ko:K00104
hco:LOKO_03572	ko:K11472
hco:LOKO_03573	ko:K11473
hco:LOKO_03574	ko:K11477
hco:LOKO_03579	ko:K07232
hco:LOKO_03581	ko:K05815
hco:LOKO_03582	ko:K05814
hco:LOKO_03583	ko:K05813
hco:LOKO_03584	ko:K05816
hco:LOKO_03586	ko:K09933
hco:LOKO_03589	ko:K16135
hco:LOKO_03590	ko:K01561
hco:LOKO_03591	ko:K07246
hco:LOKO_03595	ko:K03098
hco:LOKO_03596	ko:K05526
hco:LOKO_03597	ko:K10025
hco:LOKO_03598	ko:K10024
hco:LOKO_03599	ko:K10023
hco:LOKO_03600	ko:K10022
hco:LOKO_03601	ko:K10022
hco:LOKO_03602	ko:K10022
hco:LOKO_03610	ko:K01589
hco:LOKO_03611	ko:K01588
hco:LOKO_03615	ko:K03499
hco:LOKO_03617	ko:K03498
hco:LOKO_03621	ko:K05812
hco:LOKO_03622	ko:K12410
hco:LOKO_03623	ko:K00906
hco:LOKO_03631	ko:K09019
hco:LOKO_03633	ko:K02075
hco:LOKO_03634	ko:K02074
hco:LOKO_03635	ko:K02075
hco:LOKO_03636	ko:K02077
hco:LOKO_03637	ko:K00255
hco:LOKO_03638	ko:K00626
hco:LOKO_03639	ko:K01897
hco:LOKO_03640	ko:K14342
hco:LOKO_03644	ko:K02003
hco:LOKO_03645	ko:K02004
hco:LOKO_03647	ko:K01761
hco:LOKO_03648	ko:K03719
hco:LOKO_03649	ko:K05874
hco:LOKO_03651	ko:K02407
hco:LOKO_03652	ko:K21498
hco:LOKO_03653	ko:K07334
hco:LOKO_03656	ko:K02557
hco:LOKO_03658	ko:K03406
hco:LOKO_03659	ko:K06603
hco:LOKO_03660	ko:K02408
hco:LOKO_03661	ko:K02409
hco:LOKO_03662	ko:K02409
hco:LOKO_03665	ko:K00943
hco:LOKO_03666	ko:K07082
hco:LOKO_03667	ko:K02410
hco:LOKO_03668	ko:K02411
hco:LOKO_03669	ko:K02412
hco:LOKO_03670	ko:K02413
hco:LOKO_03671	ko:K02414
hco:LOKO_03672	ko:K02415
hco:LOKO_03673	ko:K02416
hco:LOKO_03674	ko:K02417
hco:LOKO_03675	ko:K02418
hco:LOKO_03676	ko:K02419
hco:LOKO_03677	ko:K02420
hco:LOKO_03678	ko:K02421
hco:LOKO_03680	ko:K07484
hco:LOKO_03681	ko:K07483
hco:LOKO_03682	ko:K02397
hco:LOKO_03683	ko:K02396
hco:LOKO_03684	ko:K03192
hco:LOKO_03685	ko:K03189
hco:LOKO_03686	ko:K03188
hco:LOKO_03687	ko:K03187
hco:LOKO_03688	ko:K01428
hco:LOKO_03689	ko:K01429
hco:LOKO_03690	ko:K01430
hco:LOKO_03691	ko:K03190
hco:LOKO_03693	ko:K11963
hco:LOKO_03694	ko:K11962
hco:LOKO_03695	ko:K11961
hco:LOKO_03696	ko:K11960
hco:LOKO_03697	ko:K11959
hco:LOKO_03698	ko:K07793
hco:LOKO_03700	ko:K11690
hco:LOKO_03701	ko:K11689
hco:LOKO_03702	ko:K11688
hco:LOKO_03703	ko:K01704
hco:LOKO_03704	ko:K01703
hco:LOKO_03705	ko:K03710
hco:LOKO_03708	ko:K13995
hco:LOKO_03713	ko:K00140
hco:LOKO_03718	ko:K03707
hco:LOKO_03719	ko:K01687
hco:LOKO_03724	ko:K02042
hco:LOKO_03725	ko:K02041
hco:LOKO_03726	ko:K02044
hco:LOKO_03729	ko:K01008
hco:LOKO_03731	ko:K07080
hco:LOKO_03732	ko:K06213
hco:LOKO_03733	ko:K02114
hco:LOKO_03734	ko:K02112
hco:LOKO_03735	ko:K02115
hco:LOKO_03736	ko:K02111
hco:LOKO_03737	ko:K02113
hco:LOKO_03738	ko:K02109
hco:LOKO_03739	ko:K02110
hco:LOKO_03740	ko:K02108
hco:LOKO_03741	ko:K02116
hco:LOKO_03742	ko:K03497
hco:LOKO_03743	ko:K03496
hco:LOKO_03744	ko:K03501
hco:LOKO_03745	ko:K03495
hco:LOKO_03746	ko:K10038
hco:LOKO_03747	ko:K10037
