hhz:NCTC10839_00001	ko:K02313
hhz:NCTC10839_00002	ko:K02338
hhz:NCTC10839_00003	ko:K03629
hhz:NCTC10839_00004	ko:K01704
hhz:NCTC10839_00005	ko:K01703
hhz:NCTC10839_00006	ko:K00052
hhz:NCTC10839_00007	ko:K01649
hhz:NCTC10839_00008	ko:K04096
hhz:NCTC10839_00009	ko:K09861
hhz:NCTC10839_00011	ko:K00850
hhz:NCTC10839_00012	ko:K03664
hhz:NCTC10839_00013	ko:K05807
hhz:NCTC10839_00014	ko:K06180
hhz:NCTC10839_00015	ko:K05810
hhz:NCTC10839_00016	ko:K00566
hhz:NCTC10839_00017	ko:K05952
hhz:NCTC10839_00018	ko:K03734
hhz:NCTC10839_00019	ko:K00351
hhz:NCTC10839_00020	ko:K00350
hhz:NCTC10839_00021	ko:K00349
hhz:NCTC10839_00022	ko:K00348
hhz:NCTC10839_00023	ko:K00347
hhz:NCTC10839_00024	ko:K00346
hhz:NCTC10839_00025	ko:K05527
hhz:NCTC10839_00026	ko:K07286
hhz:NCTC10839_00027	ko:K00383
hhz:NCTC10839_00028	ko:K03811
hhz:NCTC10839_00029	ko:K10010
hhz:NCTC10839_00030	ko:K10009
hhz:NCTC10839_00031	ko:K02424
hhz:NCTC10839_00032	ko:K00790
hhz:NCTC10839_00034	ko:K07122
hhz:NCTC10839_00035	ko:K07323
hhz:NCTC10839_00036	ko:K02067
hhz:NCTC10839_00037	ko:K02066
hhz:NCTC10839_00038	ko:K02065
hhz:NCTC10839_00039	ko:K03820
hhz:NCTC10839_00040	ko:K06189
hhz:NCTC10839_00041	ko:K16087
hhz:NCTC10839_00042	ko:K01785
hhz:NCTC10839_00043	ko:K00849
hhz:NCTC10839_00044	ko:K00965
hhz:NCTC10839_00045	ko:K02529
hhz:NCTC10839_00046	ko:K10540
hhz:NCTC10839_00047	ko:K10542
hhz:NCTC10839_00048	ko:K10541
hhz:NCTC10839_00050	ko:K06190
hhz:NCTC10839_00051	ko:K10806
hhz:NCTC10839_00052	ko:K09780
hhz:NCTC10839_00053	ko:K08309
hhz:NCTC10839_00054	ko:K03720
hhz:NCTC10839_00055	ko:K03814
hhz:NCTC10839_00056	ko:K00247
hhz:NCTC10839_00057	ko:K00246
hhz:NCTC10839_00058	ko:K00245
hhz:NCTC10839_00059	ko:K00244
hhz:NCTC10839_00060	ko:K04568
hhz:NCTC10839_00061	ko:K19304
hhz:NCTC10839_00062	ko:K09817
hhz:NCTC10839_00063	ko:K09816
hhz:NCTC10839_00064	ko:K01962
hhz:NCTC10839_00065	ko:K00868
hhz:NCTC10839_00066	ko:K04075
hhz:NCTC10839_00067	ko:K03573
hhz:NCTC10839_00068	ko:K00567
hhz:NCTC10839_00069	ko:K06076
hhz:NCTC10839_00071	ko:K01933
hhz:NCTC10839_00072	ko:K07497
hhz:NCTC10839_00077	ko:K07483
hhz:NCTC10839_00078	ko:K03651
hhz:NCTC10839_00079	ko:K01515
hhz:NCTC10839_00080	ko:K03601
hhz:NCTC10839_00081	ko:K18850
hhz:NCTC10839_00082	ko:K09801
hhz:NCTC10839_00083	ko:K08978
hhz:NCTC10839_00085	ko:K01056
hhz:NCTC10839_00086	ko:K06942
hhz:NCTC10839_00087	ko:K03684
hhz:NCTC10839_00088	ko:K01897
hhz:NCTC10839_00089	ko:K07285
hhz:NCTC10839_00090	ko:K14742
hhz:NCTC10839_00091	ko:K03722
hhz:NCTC10839_00092	ko:K01985
hhz:NCTC10839_00093	ko:K01980
hhz:NCTC10839_00094	ko:K14218
hhz:NCTC10839_00095	ko:K14227
hhz:NCTC10839_00096	ko:K01977
hhz:NCTC10839_00097	ko:K03524
hhz:NCTC10839_00098	ko:K00088
hhz:NCTC10839_00100	ko:K01951
hhz:NCTC10839_00101	ko:K05786
hhz:NCTC10839_00102	ko:K03719
hhz:NCTC10839_00103	ko:K03313
hhz:NCTC10839_00104	ko:K03311
hhz:NCTC10839_00105	ko:K01347
hhz:NCTC10839_00106	ko:K01460
hhz:NCTC10839_00107	ko:K07112
hhz:NCTC10839_00108	ko:K12573
hhz:NCTC10839_00109	ko:K03218
hhz:NCTC10839_00110	ko:K03695
hhz:NCTC10839_00111	ko:K01934
hhz:NCTC10839_00113	ko:K09888
hhz:NCTC10839_00114	ko:K02335
hhz:NCTC10839_00116	ko:K26607
hhz:NCTC10839_00117	ko:K07226
hhz:NCTC10839_00127	ko:K03446
hhz:NCTC10839_00128	ko:K03543
hhz:NCTC10839_00129	ko:K00287
hhz:NCTC10839_00130	ko:K00931
hhz:NCTC10839_00131	ko:K03591
hhz:NCTC10839_00132	ko:K02569
hhz:NCTC10839_00133	ko:K02568
hhz:NCTC10839_00134	ko:K02574
hhz:NCTC10839_00135	ko:K02573
hhz:NCTC10839_00136	ko:K02567
hhz:NCTC10839_00137	ko:K02570
hhz:NCTC10839_00138	ko:K02572
hhz:NCTC10839_00139	ko:K09923
hhz:NCTC10839_00140	ko:K03439
hhz:NCTC10839_00141	ko:K04066
hhz:NCTC10839_00142	ko:K11744
hhz:NCTC10839_00143	ko:K04751
hhz:NCTC10839_00144	ko:K03831
hhz:NCTC10839_00145	ko:K00901
hhz:NCTC10839_00146	ko:K00951
hhz:NCTC10839_00147	ko:K03215
hhz:NCTC10839_00148	ko:K03584
hhz:NCTC10839_00150	ko:K07268
hhz:NCTC10839_00151	ko:K19810
hhz:NCTC10839_00152	ko:K02356
hhz:NCTC10839_00154	ko:K15600
hhz:NCTC10839_00155	ko:K15599
hhz:NCTC10839_00156	ko:K15598
hhz:NCTC10839_00157	ko:K03707
hhz:NCTC10839_00158	ko:K00878
hhz:NCTC10839_00159	ko:K00941
hhz:NCTC10839_00160	ko:K00788
hhz:NCTC10839_00161	ko:K08303
hhz:NCTC10839_00162	ko:K07447
hhz:NCTC10839_00163	ko:K07735
hhz:NCTC10839_00164	ko:K09761
hhz:NCTC10839_00165	ko:K03603
hhz:NCTC10839_00166	ko:K03314
hhz:NCTC10839_00167	ko:K03611
hhz:NCTC10839_00169	ko:K04069
hhz:NCTC10839_00171	ko:K00656
hhz:NCTC10839_00172	ko:K06212
hhz:NCTC10839_00177	ko:K01689
hhz:NCTC10839_00178	ko:K01937
hhz:NCTC10839_00179	ko:K04763
hhz:NCTC10839_00180	ko:K05820
hhz:NCTC10839_00181	ko:K00286
hhz:NCTC10839_00182	ko:K03554
hhz:NCTC10839_00184	ko:K05590
hhz:NCTC10839_00185	ko:K15460
hhz:NCTC10839_00186	ko:K03214
hhz:NCTC10839_00187	ko:K00998
hhz:NCTC10839_00188	ko:K00757
hhz:NCTC10839_00189	ko:K06915
hhz:NCTC10839_00191	ko:K09858
hhz:NCTC10839_00192	ko:K07058
hhz:NCTC10839_00194	ko:K14237
hhz:NCTC10839_00195	ko:K14237
hhz:NCTC10839_00196	ko:K14237
hhz:NCTC10839_00197	ko:K14237
hhz:NCTC10839_00198	ko:K14237
hhz:NCTC10839_00199	ko:K01885
hhz:NCTC10839_00200	ko:K14218
hhz:NCTC10839_00201	ko:K03781
hhz:NCTC10839_00202	ko:K09903
hhz:NCTC10839_00204	ko:K02372
hhz:NCTC10839_00205	ko:K00677
hhz:NCTC10839_00206	ko:K00748
hhz:NCTC10839_00207	ko:K03470
hhz:NCTC10839_00209	ko:K18991
hhz:NCTC10839_00210	ko:K18893
hhz:NCTC10839_00211	ko:K01519
hhz:NCTC10839_00212	ko:K11211
hhz:NCTC10839_00213	ko:K12982
hhz:NCTC10839_00214	ko:K07287
hhz:NCTC10839_00215	ko:K01714
hhz:NCTC10839_00216	ko:K03564
hhz:NCTC10839_00217	ko:K03561
hhz:NCTC10839_00218	ko:K03559
hhz:NCTC10839_00219	ko:K03832
hhz:NCTC10839_00221	ko:K14230
hhz:NCTC10839_00222	ko:K01879
hhz:NCTC10839_00224	ko:K01085
hhz:NCTC10839_00228	ko:K01878
hhz:NCTC10839_00229	ko:K16092
hhz:NCTC10839_00230	ko:K02016
hhz:NCTC10839_00231	ko:K02015
hhz:NCTC10839_00232	ko:K02013
hhz:NCTC10839_00235	ko:K00548
hhz:NCTC10839_00237	ko:K08363
hhz:NCTC10839_00238	ko:K08364
hhz:NCTC10839_00239	ko:K04565
hhz:NCTC10839_00240	ko:K01633
hhz:NCTC10839_00241	ko:K08591
hhz:NCTC10839_00242	ko:K07674
hhz:NCTC10839_00243	ko:K00075
hhz:NCTC10839_00245	ko:K03089
hhz:NCTC10839_00246	ko:K05541
hhz:NCTC10839_00247	ko:K05801
hhz:NCTC10839_00248	ko:K00762
hhz:NCTC10839_00249	ko:K00989
hhz:NCTC10839_00250	ko:K03321
hhz:NCTC10839_00251	ko:K14233
hhz:NCTC10839_00253	ko:K02841
hhz:NCTC10839_00256	ko:K02843
hhz:NCTC10839_00257	ko:K02529
hhz:NCTC10839_00258	ko:K03315
hhz:NCTC10839_00259	ko:K14155
hhz:NCTC10839_00260	ko:K10544
hhz:NCTC10839_00261	ko:K10545
hhz:NCTC10839_00262	ko:K10543
hhz:NCTC10839_00263	ko:K01805
hhz:NCTC10839_00264	ko:K00854
hhz:NCTC10839_00265	ko:K03274
hhz:NCTC10839_00267	ko:K01619
hhz:NCTC10839_00268	ko:K07391
hhz:NCTC10839_00269	ko:K03978
hhz:NCTC10839_00270	ko:K09824
hhz:NCTC10839_00271	ko:K00616
hhz:NCTC10839_00272	ko:K01744
hhz:NCTC10839_00273	ko:K03190
hhz:NCTC10839_00274	ko:K03189
hhz:NCTC10839_00275	ko:K03188
hhz:NCTC10839_00276	ko:K03187
hhz:NCTC10839_00277	ko:K01428
hhz:NCTC10839_00278	ko:K01429
hhz:NCTC10839_00279	ko:K01430
hhz:NCTC10839_00280	ko:K04078
hhz:NCTC10839_00281	ko:K04077
hhz:NCTC10839_00282	ko:K09895
hhz:NCTC10839_00283	ko:K01262
hhz:NCTC10839_00284	ko:K06149
hhz:NCTC10839_00285	ko:K01872
hhz:NCTC10839_00286	ko:K03563
hhz:NCTC10839_00287	ko:K00963
hhz:NCTC10839_00288	ko:K01755
hhz:NCTC10839_00289	ko:K04083
hhz:NCTC10839_00290	ko:K01610
hhz:NCTC10839_00291	ko:K02838
hhz:NCTC10839_00292	ko:K00099
hhz:NCTC10839_00293	ko:K07090
hhz:NCTC10839_00294	ko:K24118
hhz:NCTC10839_00296	ko:K02879
hhz:NCTC10839_00297	ko:K03040
hhz:NCTC10839_00298	ko:K02986
hhz:NCTC10839_00299	ko:K02948
hhz:NCTC10839_00301	ko:K02919
hhz:NCTC10839_00302	ko:K03076
hhz:NCTC10839_00303	ko:K02876
hhz:NCTC10839_00304	ko:K02907
hhz:NCTC10839_00305	ko:K02988
hhz:NCTC10839_00306	ko:K02881
hhz:NCTC10839_00307	ko:K02933
hhz:NCTC10839_00308	ko:K02994
hhz:NCTC10839_00309	ko:K02954
hhz:NCTC10839_00310	ko:K02931
hhz:NCTC10839_00311	ko:K02895
hhz:NCTC10839_00312	ko:K02874
hhz:NCTC10839_00314	ko:K02961
hhz:NCTC10839_00315	ko:K02904
hhz:NCTC10839_00316	ko:K02878
hhz:NCTC10839_00317	ko:K02982
hhz:NCTC10839_00318	ko:K02890
hhz:NCTC10839_00319	ko:K02965
hhz:NCTC10839_00320	ko:K02886
hhz:NCTC10839_00321	ko:K02892
hhz:NCTC10839_00322	ko:K02926
hhz:NCTC10839_00323	ko:K02906
hhz:NCTC10839_00324	ko:K02946
hhz:NCTC10839_00325	ko:K09811
hhz:NCTC10839_00326	ko:K09812
hhz:NCTC10839_00327	ko:K03110
hhz:NCTC10839_00328	ko:K08316
hhz:NCTC10839_00329	ko:K03216
hhz:NCTC10839_00330	ko:K02858
hhz:NCTC10839_00333	ko:K02770
hhz:NCTC10839_00334	ko:K00882
hhz:NCTC10839_00335	ko:K11183
hhz:NCTC10839_00337	ko:K03699
hhz:NCTC10839_00339	ko:K03424
hhz:NCTC10839_00340	ko:K02341
hhz:NCTC10839_00341	ko:K00943
hhz:NCTC10839_00342	ko:K07082
hhz:NCTC10839_00343	ko:K03771
hhz:NCTC10839_00344	ko:K02825
hhz:NCTC10839_00345	ko:K04765
hhz:NCTC10839_00346	ko:K09824
hhz:NCTC10839_00347	ko:K01338
hhz:NCTC10839_00349	ko:K01807
hhz:NCTC10839_00350	ko:K00058
hhz:NCTC10839_00351	ko:K06980
hhz:NCTC10839_00353	ko:K03834
hhz:NCTC10839_00355	ko:K01156
hhz:NCTC10839_00356	ko:K07316
hhz:NCTC10839_00358	ko:K09760
hhz:NCTC10839_00360	ko:K04561
hhz:NCTC10839_00362	ko:K03308
hhz:NCTC10839_00363	ko:K01652
hhz:NCTC10839_00364	ko:K11258
hhz:NCTC10839_00365	ko:K01687
hhz:NCTC10839_00366	ko:K01754
hhz:NCTC10839_00367	ko:K02337
hhz:NCTC10839_00368	ko:K01840
hhz:NCTC10839_00369	ko:K08289
hhz:NCTC10839_00370	ko:K07173
hhz:NCTC10839_00374	ko:K09471
hhz:NCTC10839_00375	ko:K11069
hhz:NCTC10839_00376	ko:K03667
hhz:NCTC10839_00377	ko:K01419
hhz:NCTC10839_00378	ko:K03788
hhz:NCTC10839_00379	ko:K03071
hhz:NCTC10839_00381	ko:K01424
hhz:NCTC10839_00382	ko:K07792
hhz:NCTC10839_00383	ko:K00033
hhz:NCTC10839_00386	ko:K01057
hhz:NCTC10839_00387	ko:K00036
hhz:NCTC10839_00388	ko:K01082
hhz:NCTC10839_00390	ko:K28868
hhz:NCTC10839_00391	ko:K08312
hhz:NCTC10839_00392	ko:K04762
hhz:NCTC10839_00393	ko:K03718
hhz:NCTC10839_00394	ko:K01914
hhz:NCTC10839_00395	ko:K01091
hhz:NCTC10839_00396	ko:K01783
hhz:NCTC10839_00397	ko:K02470
hhz:NCTC10839_00398	ko:K06959
hhz:NCTC10839_00399	ko:K04760
hhz:NCTC10839_00400	ko:K22105
hhz:NCTC10839_00401	ko:K04761
hhz:NCTC10839_00402	ko:K24136
hhz:NCTC10839_00403	ko:K03745
hhz:NCTC10839_00404	ko:K03772
hhz:NCTC10839_00406	ko:K07235
hhz:NCTC10839_00407	ko:K07236
hhz:NCTC10839_00408	ko:K07237
hhz:NCTC10839_00409	ko:K02358
hhz:NCTC10839_00410	ko:K14234
hhz:NCTC10839_00411	ko:K14225
hhz:NCTC10839_00412	ko:K14236
hhz:NCTC10839_00413	ko:K14234
hhz:NCTC10839_00414	ko:K00867
hhz:NCTC10839_00415	ko:K00631
hhz:NCTC10839_00416	ko:K01356
hhz:NCTC10839_00417	ko:K01778
hhz:NCTC10839_00418	ko:K01952
hhz:NCTC10839_00420	ko:K13256
hhz:NCTC10839_00421	ko:K02498
hhz:NCTC10839_00422	ko:K02496
hhz:NCTC10839_00423	ko:K05851
hhz:NCTC10839_00424	ko:K00640
hhz:NCTC10839_00425	ko:K00014
hhz:NCTC10839_00426	ko:K03269
hhz:NCTC10839_00427	ko:K00655
hhz:NCTC10839_00428	ko:K04753
hhz:NCTC10839_00430	ko:K04744
hhz:NCTC10839_00433	ko:K01881
hhz:NCTC10839_00434	ko:K03654
hhz:NCTC10839_00435	ko:K06202
hhz:NCTC10839_00437	ko:K01586
hhz:NCTC10839_00438	ko:K07685
hhz:NCTC10839_00440	ko:K09894
hhz:NCTC10839_00441	ko:K01985
hhz:NCTC10839_00442	ko:K01980
hhz:NCTC10839_00443	ko:K14218
hhz:NCTC10839_00444	ko:K14227
hhz:NCTC10839_00445	ko:K01977
hhz:NCTC10839_00447	ko:K03553
hhz:NCTC10839_00448	ko:K03565
hhz:NCTC10839_00449	ko:K06199
hhz:NCTC10839_00450	ko:K28854
hhz:NCTC10839_00451	ko:K11933
hhz:NCTC10839_00452	ko:K05601
hhz:NCTC10839_00453	ko:K00611
hhz:NCTC10839_00454	ko:K00926
hhz:NCTC10839_00457	ko:K05995
hhz:NCTC10839_00458	ko:K03326
hhz:NCTC10839_00459	ko:K12940
hhz:NCTC10839_00460	ko:K01119
hhz:NCTC10839_00461	ko:K03972
hhz:NCTC10839_00462	ko:K03495
hhz:NCTC10839_00463	ko:K07497
hhz:NCTC10839_00464	ko:K07483
hhz:NCTC10839_00465	ko:K00769
hhz:NCTC10839_00466	ko:K01270
hhz:NCTC10839_00467	ko:K07497
hhz:NCTC10839_00468	ko:K07483
hhz:NCTC10839_00469	ko:K01803
hhz:NCTC10839_00471	ko:K03733
hhz:NCTC10839_00472	ko:K03555
hhz:NCTC10839_00474	ko:K03466
hhz:NCTC10839_00480	ko:K07733
hhz:NCTC10839_00482	ko:K03835
hhz:NCTC10839_00483	ko:K01667
hhz:NCTC10839_00484	ko:K07497
hhz:NCTC10839_00486	ko:K19267
hhz:NCTC10839_00488	ko:K03501
hhz:NCTC10839_00489	ko:K02116
hhz:NCTC10839_00490	ko:K02108
hhz:NCTC10839_00491	ko:K02110
hhz:NCTC10839_00492	ko:K02109
hhz:NCTC10839_00493	ko:K02113
hhz:NCTC10839_00494	ko:K02111
hhz:NCTC10839_00495	ko:K02115
hhz:NCTC10839_00496	ko:K02112
hhz:NCTC10839_00497	ko:K02114
hhz:NCTC10839_00499	ko:K03833
hhz:NCTC10839_00500	ko:K01042
hhz:NCTC10839_00501	ko:K14238
hhz:NCTC10839_00503	ko:K21449
hhz:NCTC10839_00506	ko:K06148
hhz:NCTC10839_00508	ko:K16087
hhz:NCTC10839_00509	ko:K16087
hhz:NCTC10839_00510	ko:K00113
hhz:NCTC10839_00511	ko:K00112
hhz:NCTC10839_00512	ko:K00111
hhz:NCTC10839_00513	ko:K02445
hhz:NCTC10839_00514	ko:K01126
hhz:NCTC10839_00515	ko:K02440
hhz:NCTC10839_00516	ko:K00864
hhz:NCTC10839_00517	ko:K07497
hhz:NCTC10839_00518	ko:K07483
hhz:NCTC10839_00519	ko:K06194
hhz:NCTC10839_00522	ko:K03787
hhz:NCTC10839_00523	ko:K06176
hhz:NCTC10839_00524	ko:K09893
hhz:NCTC10839_00526	ko:K03775
hhz:NCTC10839_00527	ko:K07278
hhz:NCTC10839_00528	ko:K09800
hhz:NCTC10839_00529	ko:K01524
hhz:NCTC10839_00530	ko:K06181
hhz:NCTC10839_00532	ko:K05589
hhz:NCTC10839_00533	ko:K00991
hhz:NCTC10839_00534	ko:K01770
hhz:NCTC10839_00535	ko:K07560
hhz:NCTC10839_00536	ko:K06205
hhz:NCTC10839_00537	ko:K09892
hhz:NCTC10839_00538	ko:K02446
hhz:NCTC10839_00540	ko:K00053
hhz:NCTC10839_00541	ko:K02521
hhz:NCTC10839_00542	ko:K05786
hhz:NCTC10839_00543	ko:K02439
hhz:NCTC10839_00544	ko:K21449
hhz:NCTC10839_00545	ko:K06158
hhz:NCTC10839_00546	ko:K07479
hhz:NCTC10839_00547	ko:K07566
hhz:NCTC10839_00548	ko:K00014
hhz:NCTC10839_00549	ko:K01246
hhz:NCTC10839_00550	ko:K12984
hhz:NCTC10839_00551	ko:K02527
hhz:NCTC10839_00552	ko:K00954
hhz:NCTC10839_00554	ko:K03656
hhz:NCTC10839_00559	ko:K03923
hhz:NCTC10839_00560	ko:K14441
hhz:NCTC10839_00561	ko:K07507
hhz:NCTC10839_00562	ko:K00133
hhz:NCTC10839_00563	ko:K01048
hhz:NCTC10839_00564	ko:K14233
hhz:NCTC10839_00565	ko:K14219
hhz:NCTC10839_00566	ko:K14219
hhz:NCTC10839_00568	ko:K04042
hhz:NCTC10839_00569	ko:K02935
hhz:NCTC10839_00570	ko:K02864
hhz:NCTC10839_00571	ko:K01756
hhz:NCTC10839_00572	ko:K07153
hhz:NCTC10839_00573	ko:K01867
hhz:NCTC10839_00575	ko:K05539
hhz:NCTC10839_00576	ko:K03281
hhz:NCTC10839_00577	ko:K02950
hhz:NCTC10839_00578	ko:K02992
hhz:NCTC10839_00579	ko:K02355
hhz:NCTC10839_00580	ko:K02358
hhz:NCTC10839_00581	ko:K03545
hhz:NCTC10839_00582	ko:K01358
hhz:NCTC10839_00583	ko:K03544
hhz:NCTC10839_00584	ko:K03073
hhz:NCTC10839_00585	ko:K02601
hhz:NCTC10839_00586	ko:K02073
hhz:NCTC10839_00587	ko:K02072
hhz:NCTC10839_00588	ko:K02071
hhz:NCTC10839_00589	ko:K03273
hhz:NCTC10839_00590	ko:K01977
hhz:NCTC10839_00591	ko:K14224
hhz:NCTC10839_00592	ko:K01980
hhz:NCTC10839_00593	ko:K01985
hhz:NCTC10839_00594	ko:K01462
hhz:NCTC10839_00595	ko:K00604
hhz:NCTC10839_00596	ko:K03500
hhz:NCTC10839_00598	ko:K03499
hhz:NCTC10839_00599	ko:K03282
hhz:NCTC10839_00600	ko:K09159
hhz:NCTC10839_00601	ko:K03088
hhz:NCTC10839_00602	ko:K03597
hhz:NCTC10839_00603	ko:K03598
hhz:NCTC10839_00604	ko:K03885
hhz:NCTC10839_00606	ko:K01525
hhz:NCTC10839_00607	ko:K02528
hhz:NCTC10839_00608	ko:K02518
hhz:NCTC10839_00609	ko:K02990
hhz:NCTC10839_00610	ko:K02686
hhz:NCTC10839_00611	ko:K02963
hhz:NCTC10839_00612	ko:K02939
hhz:NCTC10839_00613	ko:K03086
hhz:NCTC10839_00614	ko:K02316
hhz:NCTC10839_00615	ko:K02970
hhz:NCTC10839_00616	ko:K25706
hhz:NCTC10839_00617	ko:K00857
hhz:NCTC10839_00618	ko:K03834
hhz:NCTC10839_00620	ko:K01166
hhz:NCTC10839_00621	ko:K00927
hhz:NCTC10839_00622	ko:K01624
hhz:NCTC10839_00625	ko:K04069
hhz:NCTC10839_00626	ko:K03317
hhz:NCTC10839_00627	ko:K03784
hhz:NCTC10839_00628	ko:K02867
hhz:NCTC10839_00629	ko:K02863
hhz:NCTC10839_00630	ko:K03043
hhz:NCTC10839_00631	ko:K03046
hhz:NCTC10839_00632	ko:K03304
hhz:NCTC10839_00633	ko:K22900
hhz:NCTC10839_00634	ko:K02548
hhz:NCTC10839_00635	ko:K02553
hhz:NCTC10839_00636	ko:K14445
hhz:NCTC10839_00637	ko:K01491
hhz:NCTC10839_00638	ko:K14232
hhz:NCTC10839_00639	ko:K14219
hhz:NCTC10839_00640	ko:K03580
hhz:NCTC10839_00641	ko:K06177
hhz:NCTC10839_00642	ko:K02441
hhz:NCTC10839_00643	ko:K02444
hhz:NCTC10839_00644	ko:K04754
hhz:NCTC10839_00645	ko:K09022
hhz:NCTC10839_00646	ko:K03799
hhz:NCTC10839_00647	ko:K04085
hhz:NCTC10839_00649	ko:K03498
hhz:NCTC10839_00650	ko:K01977
hhz:NCTC10839_00651	ko:K14224
hhz:NCTC10839_00652	ko:K01980
hhz:NCTC10839_00653	ko:K01985
hhz:NCTC10839_00654	ko:K01985
hhz:NCTC10839_00655	ko:K14221
hhz:NCTC10839_00656	ko:K14235
hhz:NCTC10839_00657	ko:K09001
hhz:NCTC10839_00658	ko:K07106
hhz:NCTC10839_00659	ko:K09798
hhz:NCTC10839_00660	ko:K22719
hhz:NCTC10839_00661	ko:K01834
hhz:NCTC10839_00663	ko:K02909
hhz:NCTC10839_00664	ko:K03575
hhz:NCTC10839_00666	ko:K08306
hhz:NCTC10839_00667	ko:K14231
hhz:NCTC10839_00668	ko:K14220
hhz:NCTC10839_00671	ko:K06904
hhz:NCTC10839_00681	ko:K07733
hhz:NCTC10839_00687	ko:K06919
hhz:NCTC10839_00689	ko:K14228
hhz:NCTC10839_00690	ko:K03075
hhz:NCTC10839_00691	ko:K03169
hhz:NCTC10839_00692	ko:K06187
hhz:NCTC10839_00693	ko:K09747
hhz:NCTC10839_00694	ko:K07115
hhz:NCTC10839_00695	ko:K05366
hhz:NCTC10839_00700	ko:K02507
hhz:NCTC10839_00702	ko:K07400
hhz:NCTC10839_00703	ko:K03426
hhz:NCTC10839_00704	ko:K09891
hhz:NCTC10839_00705	ko:K05787
hhz:NCTC10839_00707	ko:K00820
hhz:NCTC10839_00708	ko:K03557
hhz:NCTC10839_00709	ko:K05540
hhz:NCTC10839_00710	ko:K02687
hhz:NCTC10839_00712	ko:K14392
hhz:NCTC10839_00714	ko:K07280
hhz:NCTC10839_00716	ko:K01961
hhz:NCTC10839_00717	ko:K02160
hhz:NCTC10839_00718	ko:K03786
hhz:NCTC10839_00719	ko:K02549
hhz:NCTC10839_00720	ko:K01661
hhz:NCTC10839_00722	ko:K02968
hhz:NCTC10839_00723	ko:K03980
hhz:NCTC10839_00724	ko:K11753
hhz:NCTC10839_00725	ko:K01870
hhz:NCTC10839_00727	ko:K03101
hhz:NCTC10839_00728	ko:K03527
hhz:NCTC10839_00729	ko:K02237
hhz:NCTC10839_00733	ko:K02064
hhz:NCTC10839_00734	ko:K02063
hhz:NCTC10839_00735	ko:K02062
hhz:NCTC10839_00736	ko:K01012
hhz:NCTC10839_00737	ko:K00615
hhz:NCTC10839_00738	ko:K07186
hhz:NCTC10839_00739	ko:K01079
hhz:NCTC10839_00740	ko:K09767
hhz:NCTC10839_00741	ko:K03284
hhz:NCTC10839_00742	ko:K02221
hhz:NCTC10839_00743	ko:K04015
hhz:NCTC10839_00744	ko:K04014
hhz:NCTC10839_00745	ko:K04013
hhz:NCTC10839_00746	ko:K03385
hhz:NCTC10839_00747	ko:K03578
hhz:NCTC10839_00750	ko:K03646
hhz:NCTC10839_00751	ko:K07280
hhz:NCTC10839_00752	ko:K11747
hhz:NCTC10839_00753	ko:K03111
hhz:NCTC10839_00754	ko:K03701
hhz:NCTC10839_00756	ko:K07568
hhz:NCTC10839_00757	ko:K00773
hhz:NCTC10839_00759	ko:K04085
hhz:NCTC10839_00760	ko:K03210
hhz:NCTC10839_00761	ko:K03072
hhz:NCTC10839_00762	ko:K03074
hhz:NCTC10839_00763	ko:K03548
hhz:NCTC10839_00764	ko:K00537
hhz:NCTC10839_00765	ko:K09890
hhz:NCTC10839_00767	ko:K08996
hhz:NCTC10839_00769	ko:K18691
hhz:NCTC10839_00770	ko:K05592
hhz:NCTC10839_00771	ko:K05803
hhz:NCTC10839_00772	ko:K00962
hhz:NCTC10839_00775	ko:K07112
hhz:NCTC10839_00776	ko:K09125
hhz:NCTC10839_00777	ko:K00275
hhz:NCTC10839_00778	ko:K06207
hhz:NCTC10839_00779	ko:K01915
hhz:NCTC10839_00780	ko:K05789
hhz:NCTC10839_00783	ko:K00785
hhz:NCTC10839_00789	ko:K24300
hhz:NCTC10839_00791	ko:K07751
hhz:NCTC10839_00792	ko:K00940
hhz:NCTC10839_00793	ko:K11017
hhz:NCTC10839_00794	ko:K11016
hhz:NCTC10839_00795	ko:K03979
hhz:NCTC10839_00797	ko:K02899
hhz:NCTC10839_00798	ko:K02888
hhz:NCTC10839_00799	ko:K02523
hhz:NCTC10839_00800	ko:K09765
hhz:NCTC10839_00801	ko:K02884
hhz:NCTC10839_00802	ko:K00554
hhz:NCTC10839_00803	ko:K02860
hhz:NCTC10839_00804	ko:K02959
hhz:NCTC10839_00806	ko:K11751
hhz:NCTC10839_00807	ko:K00891
hhz:NCTC10839_00808	ko:K01735
hhz:NCTC10839_00809	ko:K06223
hhz:NCTC10839_00810	ko:K03752
hhz:NCTC10839_00811	ko:K09896
hhz:NCTC10839_00812	ko:K03673
hhz:NCTC10839_00813	ko:K09897
hhz:NCTC10839_00814	ko:K00557
hhz:NCTC10839_00815	ko:K15984
hhz:NCTC10839_00816	ko:K03803
hhz:NCTC10839_00818	ko:K03753
hhz:NCTC10839_00820	ko:K12368
hhz:NCTC10839_00821	ko:K01972
hhz:NCTC10839_00822	ko:K03528
hhz:NCTC10839_00823	ko:K06203
hhz:NCTC10839_00824	ko:K01738
hhz:NCTC10839_00832	ko:K04564
hhz:NCTC10839_00833	ko:K02193
hhz:NCTC10839_00834	ko:K02194
hhz:NCTC10839_00835	ko:K02195
hhz:NCTC10839_00836	ko:K02196
hhz:NCTC10839_00837	ko:K02197
hhz:NCTC10839_00838	ko:K02198
hhz:NCTC10839_00839	ko:K02199
hhz:NCTC10839_00840	ko:K02200
hhz:NCTC10839_00841	ko:K02200
hhz:NCTC10839_00844	ko:K01752
hhz:NCTC10839_00845	ko:K03837
hhz:NCTC10839_00846	ko:K17686
hhz:NCTC10839_00847	ko:K07213
hhz:NCTC10839_00848	ko:K19591
hhz:NCTC10839_00849	ko:K03764
hhz:NCTC10839_00850	ko:K03628
hhz:NCTC10839_00851	ko:K02506
hhz:NCTC10839_00852	ko:K02505
hhz:NCTC10839_00853	ko:K02504
hhz:NCTC10839_00854	ko:K02682
hhz:NCTC10839_00855	ko:K03806
hhz:NCTC10839_00856	ko:K08311
hhz:NCTC10839_00857	ko:K07090
hhz:NCTC10839_00858	ko:K13292
hhz:NCTC10839_00859	ko:K00560
hhz:NCTC10839_00860	ko:K11991
hhz:NCTC10839_00863	ko:K03070
hhz:NCTC10839_00864	ko:K03574
hhz:NCTC10839_00865	ko:K02340
hhz:NCTC10839_00866	ko:K03643
hhz:NCTC10839_00867	ko:K01869
hhz:NCTC10839_00868	ko:K09131
hhz:NCTC10839_00869	ko:K00806
hhz:NCTC10839_00870	ko:K00981
hhz:NCTC10839_00871	ko:K11749
hhz:NCTC10839_00872	ko:K07277
hhz:NCTC10839_00873	ko:K06142
hhz:NCTC10839_00874	ko:K02536
hhz:NCTC10839_00875	ko:K02357
hhz:NCTC10839_00876	ko:K02967
hhz:NCTC10839_00879	ko:K03835
hhz:NCTC10839_00881	ko:K14260
hhz:NCTC10839_00882	ko:K02552
hhz:NCTC10839_00883	ko:K02551
hhz:NCTC10839_00884	ko:K08680
hhz:NCTC10839_00886	ko:K05809
hhz:NCTC10839_00887	ko:K03310
hhz:NCTC10839_00889	ko:K07773
hhz:NCTC10839_00890	ko:K04084
hhz:NCTC10839_00891	ko:K15977
hhz:NCTC10839_00892	ko:K00602
hhz:NCTC10839_00893	ko:K01945
hhz:NCTC10839_00894	ko:K09157
hhz:NCTC10839_00897	ko:K00600
hhz:NCTC10839_00899	ko:K00859
hhz:NCTC10839_00900	ko:K09862
hhz:NCTC10839_00901	ko:K03732
hhz:NCTC10839_00902	ko:K01784
hhz:NCTC10839_00903	ko:K08218
hhz:NCTC10839_00904	ko:K00939
hhz:NCTC10839_00905	ko:K18138
hhz:NCTC10839_00906	ko:K03585
hhz:NCTC10839_00907	ko:K18136
hhz:NCTC10839_00909	ko:K07014
hhz:NCTC10839_00910	ko:K09904
hhz:NCTC10839_00911	ko:K06899
hhz:NCTC10839_00912	ko:K06186
hhz:NCTC10839_00913	ko:K07662
hhz:NCTC10839_00914	ko:K07640
hhz:NCTC10839_00915	ko:K03721
hhz:NCTC10839_00916	ko:K03665
hhz:NCTC10839_00917	ko:K03666
hhz:NCTC10839_00918	ko:K06179
hhz:NCTC10839_00919	ko:K08300
hhz:NCTC10839_00920	ko:K14233
hhz:NCTC10839_00921	ko:K04067
hhz:NCTC10839_00922	ko:K07084
hhz:NCTC10839_00924	ko:K03683
hhz:NCTC10839_00925	ko:K01759
hhz:NCTC10839_00928	ko:K15256
hhz:NCTC10839_00929	ko:K01876
hhz:NCTC10839_00930	ko:K08310
hhz:NCTC10839_00932	ko:K01159
hhz:NCTC10839_00933	ko:K03550
hhz:NCTC10839_00934	ko:K03551
hhz:NCTC10839_00936	ko:K00425
hhz:NCTC10839_00937	ko:K00426
hhz:NCTC10839_00940	ko:K07107
hhz:NCTC10839_00941	ko:K03562
hhz:NCTC10839_00942	ko:K03560
hhz:NCTC10839_00943	ko:K03646
hhz:NCTC10839_00944	ko:K03641
hhz:NCTC10839_00945	ko:K03640
hhz:NCTC10839_00946	ko:K14229
hhz:NCTC10839_00947	ko:K14229
hhz:NCTC10839_00948	ko:K15396
hhz:NCTC10839_00949	ko:K13643
hhz:NCTC10839_00950	ko:K04487
hhz:NCTC10839_00951	ko:K04488
hhz:NCTC10839_00952	ko:K13628
hhz:NCTC10839_00953	ko:K04082
hhz:NCTC10839_00955	ko:K04044
hhz:NCTC10839_00956	ko:K04755
hhz:NCTC10839_00959	ko:K01892
hhz:NCTC10839_00960	ko:K03526
hhz:NCTC10839_00961	ko:K15539
hhz:NCTC10839_00962	ko:K02656
hhz:NCTC10839_00963	ko:K06941
hhz:NCTC10839_00964	ko:K07262
hhz:NCTC10839_00965	ko:K11604
hhz:NCTC10839_00966	ko:K11607
hhz:NCTC10839_00967	ko:K11605
hhz:NCTC10839_00968	ko:K11606
hhz:NCTC10839_00970	ko:K03469
hhz:NCTC10839_00971	ko:K02342
hhz:NCTC10839_00972	ko:K14221
hhz:NCTC10839_00973	ko:K14221
hhz:NCTC10839_00974	ko:K03977
hhz:NCTC10839_00975	ko:K08159
hhz:NCTC10839_00977	ko:K01494
hhz:NCTC10839_00978	ko:K00876
hhz:NCTC10839_00979	ko:K02012
hhz:NCTC10839_00980	ko:K02012
hhz:NCTC10839_00981	ko:K02011
hhz:NCTC10839_00982	ko:K02010
hhz:NCTC10839_00983	ko:K06901
hhz:NCTC10839_00984	ko:K01507
hhz:NCTC10839_00985	ko:K14229
hhz:NCTC10839_00986	ko:K14228
hhz:NCTC10839_00987	ko:K14222
hhz:NCTC10839_00988	ko:K14225
hhz:NCTC10839_00989	ko:K01739
hhz:NCTC10839_00990	ko:K03778
hhz:NCTC10839_00991	ko:K03671
hhz:NCTC10839_00993	ko:K00549
hhz:NCTC10839_00995	ko:K00253
hhz:NCTC10839_00996	ko:K03424
hhz:NCTC10839_00997	ko:K03768
hhz:NCTC10839_00998	ko:K01883
hhz:NCTC10839_01000	ko:K10805
hhz:NCTC10839_01002	ko:K07016
hhz:NCTC10839_01003	ko:K19138
hhz:NCTC10839_01004	ko:K09002
hhz:NCTC10839_01005	ko:K19139
hhz:NCTC10839_01006	ko:K19140
hhz:NCTC10839_01008	ko:K19145
hhz:NCTC10839_01012	ko:K09951
hhz:NCTC10839_01013	ko:K15342
hhz:NCTC10839_01014	ko:K09951
hhz:NCTC10839_01016	ko:K21636
hhz:NCTC10839_01019	ko:K03687
hhz:NCTC10839_01020	ko:K00858
hhz:NCTC10839_01021	ko:K03631
hhz:NCTC10839_01022	ko:K00982
hhz:NCTC10839_01023	ko:K00791
hhz:NCTC10839_01024	ko:K03572
hhz:NCTC10839_01025	ko:K01448
hhz:NCTC10839_01026	ko:K06925
hhz:NCTC10839_01027	ko:K00950
hhz:NCTC10839_01028	ko:K00970
hhz:NCTC10839_01029	ko:K06204
hhz:NCTC10839_01030	ko:K02238
hhz:NCTC10839_01031	ko:K11085
hhz:NCTC10839_01032	ko:K00912
hhz:NCTC10839_01033	ko:K09791
hhz:NCTC10839_01034	ko:K00979
hhz:NCTC10839_01035	ko:K03703
hhz:NCTC10839_01037	ko:K06193
hhz:NCTC10839_01038	ko:K07109
hhz:NCTC10839_01039	ko:K14233
hhz:NCTC10839_01040	ko:K19416
hhz:NCTC10839_01041	ko:K08990
hhz:NCTC10839_01042	ko:K06177
hhz:NCTC10839_01043	ko:K01142
hhz:NCTC10839_01045	ko:K03571
hhz:NCTC10839_01046	ko:K03570
hhz:NCTC10839_01047	ko:K03569
hhz:NCTC10839_01048	ko:K02471
hhz:NCTC10839_01049	ko:K07085
hhz:NCTC10839_01050	ko:K09710
hhz:NCTC10839_01051	ko:K00783
hhz:NCTC10839_01052	ko:K05515
hhz:NCTC10839_01053	ko:K05837
hhz:NCTC10839_01054	ko:K03642
hhz:NCTC10839_01055	ko:K07258
hhz:NCTC10839_01056	ko:K09158
hhz:NCTC10839_01057	ko:K03801
hhz:NCTC10839_01058	ko:K03644
hhz:NCTC10839_01059	ko:K06168
hhz:NCTC10839_01060	ko:K03648
hhz:NCTC10839_01061	ko:K06866
hhz:NCTC10839_01062	ko:K03596
hhz:NCTC10839_01063	ko:K03100
hhz:NCTC10839_01064	ko:K03685
hhz:NCTC10839_01065	ko:K03595
hhz:NCTC10839_01068	ko:K00981
hhz:NCTC10839_01070	ko:K03595
hhz:NCTC10839_01071	ko:K00564
hhz:NCTC10839_01073	ko:K02344
hhz:NCTC10839_01074	ko:K03789
hhz:NCTC10839_01075	ko:K02380
hhz:NCTC10839_01076	ko:K00127
hhz:NCTC10839_01077	ko:K00124
hhz:NCTC10839_01079	ko:K02379
hhz:NCTC10839_01082	ko:K03925
hhz:NCTC10839_01083	ko:K03438
hhz:NCTC10839_01084	ko:K03586
hhz:NCTC10839_01085	ko:K03587
hhz:NCTC10839_01086	ko:K01928
hhz:NCTC10839_01087	ko:K01929
hhz:NCTC10839_01088	ko:K01000
hhz:NCTC10839_01089	ko:K01925
hhz:NCTC10839_01090	ko:K03588
hhz:NCTC10839_01091	ko:K02563
hhz:NCTC10839_01092	ko:K01924
hhz:NCTC10839_01093	ko:K01921
hhz:NCTC10839_01094	ko:K03589
hhz:NCTC10839_01095	ko:K03590
hhz:NCTC10839_01096	ko:K03531
hhz:NCTC10839_01097	ko:K02535
hhz:NCTC10839_01098	ko:K14170
hhz:NCTC10839_01099	ko:K06958
hhz:NCTC10839_01100	ko:K02806
hhz:NCTC10839_01101	ko:K06861
hhz:NCTC10839_01102	ko:K09774
hhz:NCTC10839_01103	ko:K11719
hhz:NCTC10839_01104	ko:K09889
hhz:NCTC10839_01105	ko:K03592
hhz:NCTC10839_01106	ko:K00760
hhz:NCTC10839_01107	ko:K04068
hhz:NCTC10839_01110	ko:K16012
hhz:NCTC10839_01111	ko:K16013
hhz:NCTC10839_01112	ko:K00384
hhz:NCTC10839_01113	ko:K05838
hhz:NCTC10839_01114	ko:K01772
hhz:NCTC10839_01115	ko:K19222
hhz:NCTC10839_01116	ko:K26063
hhz:NCTC10839_01117	ko:K03286
hhz:NCTC10839_01118	ko:K07390
hhz:NCTC10839_01119	ko:K00817
hhz:NCTC10839_01120	ko:K00831
hhz:NCTC10839_01121	ko:K09802
hhz:NCTC10839_01122	ko:K02619
hhz:NCTC10839_01123	ko:K01665
hhz:NCTC10839_01124	ko:K01664
hhz:NCTC10839_01125	ko:K00789
hhz:NCTC10839_01126	ko:K02742
hhz:NCTC10839_01128	ko:K09998
hhz:NCTC10839_01129	ko:K09999
hhz:NCTC10839_01130	ko:K09997
hhz:NCTC10839_01131	ko:K10000
hhz:NCTC10839_01132	ko:K03271
hhz:NCTC10839_01133	ko:K26441
hhz:NCTC10839_01134	ko:K12372
hhz:NCTC10839_01135	ko:K12371
hhz:NCTC10839_01136	ko:K12370
hhz:NCTC10839_01137	ko:K12369
hhz:NCTC10839_01138	ko:K03657
hhz:NCTC10839_01140	ko:K02012
hhz:NCTC10839_01141	ko:K04079
hhz:NCTC10839_01143	ko:K01439
hhz:NCTC10839_01145	ko:K02010
hhz:NCTC10839_01146	ko:K02011
hhz:NCTC10839_01147	ko:K02012
hhz:NCTC10839_01149	ko:K06217
hhz:NCTC10839_01150	ko:K07042
hhz:NCTC10839_01152	ko:K01897
hhz:NCTC10839_01153	ko:K00134
hhz:NCTC10839_01154	ko:K00942
hhz:NCTC10839_01155	ko:K03060
hhz:NCTC10839_01156	ko:K01139
hhz:NCTC10839_01157	ko:K03655
hhz:NCTC10839_01158	ko:K01776
hhz:NCTC10839_01159	ko:K01977
hhz:NCTC10839_01160	ko:K14224
hhz:NCTC10839_01161	ko:K01980
hhz:NCTC10839_01162	ko:K01985
hhz:NCTC10839_01163	ko:K03576
hhz:NCTC10839_01164	ko:K26605
hhz:NCTC10839_01165	ko:K26606
hhz:NCTC10839_01167	ko:K02837
hhz:NCTC10839_01168	ko:K00208
hhz:NCTC10839_01169	ko:K01147
hhz:NCTC10839_01170	ko:K02794
hhz:NCTC10839_01171	ko:K02795
hhz:NCTC10839_01172	ko:K02796
hhz:NCTC10839_01174	ko:K01940
hhz:NCTC10839_01175	ko:K01923
hhz:NCTC10839_01176	ko:K05365
hhz:NCTC10839_01177	ko:K09910
hhz:NCTC10839_01178	ko:K15724
hhz:NCTC10839_01179	ko:K01265
hhz:NCTC10839_01180	ko:K00990
hhz:NCTC10839_01181	ko:K02851
hhz:NCTC10839_01182	ko:K14225
hhz:NCTC10839_01183	ko:K14225
hhz:NCTC10839_01184	ko:K13288
hhz:NCTC10839_01185	ko:K06949
hhz:NCTC10839_01186	ko:K02784
hhz:NCTC10839_01187	ko:K08483
hhz:NCTC10839_01188	ko:K02777
hhz:NCTC10839_01189	ko:K01809
hhz:NCTC10839_01191	ko:K07340
hhz:NCTC10839_01192	ko:K02019
hhz:NCTC10839_01193	ko:K02020
hhz:NCTC10839_01194	ko:K02018
hhz:NCTC10839_01195	ko:K02017
hhz:NCTC10839_01196	ko:K02168
hhz:NCTC10839_01201	ko:K01255
hhz:NCTC10839_01202	ko:K07091
hhz:NCTC10839_01203	ko:K11720
hhz:NCTC10839_01205	ko:K06192
hhz:NCTC10839_01206	ko:K03808
hhz:NCTC10839_01207	ko:K03607
hhz:NCTC10839_01208	ko:K03797
hhz:NCTC10839_01209	ko:K21470
hhz:NCTC10839_01211	ko:K03424
hhz:NCTC10839_01212	ko:K01069
hhz:NCTC10839_01214	ko:K00164
hhz:NCTC10839_01215	ko:K00658
hhz:NCTC10839_01216	ko:K00526
hhz:NCTC10839_01218	ko:K00525
hhz:NCTC10839_01219	ko:K28369
hhz:NCTC10839_01220	ko:K12961
hhz:NCTC10839_01221	ko:K07460
hhz:NCTC10839_01222	ko:K07121
hhz:NCTC10839_01223	ko:K07056
hhz:NCTC10839_01224	ko:K03568
hhz:NCTC10839_01225	ko:K13694
hhz:NCTC10839_01226	ko:K03841
hhz:NCTC10839_01227	ko:K06173
hhz:NCTC10839_01228	ko:K19239
hhz:NCTC10839_01229	ko:K19230
hhz:NCTC10839_01230	ko:K19229
hhz:NCTC10839_01231	ko:K19228
hhz:NCTC10839_01232	ko:K19227
hhz:NCTC10839_01233	ko:K19226
hhz:NCTC10839_01234	ko:K06918
hhz:NCTC10839_01235	ko:K01595
hhz:NCTC10839_01236	ko:K03604
hhz:NCTC10839_01237	ko:K00674
hhz:NCTC10839_01238	ko:K21449
hhz:NCTC10839_01239	ko:K21449
hhz:NCTC10839_01240	ko:K01939
hhz:NCTC10839_01241	ko:K00928
hhz:NCTC10839_01242	ko:K14230
hhz:NCTC10839_01243	ko:K14228
hhz:NCTC10839_01244	ko:K14223
hhz:NCTC10839_01245	ko:K14223
hhz:NCTC10839_01247	ko:K02897
hhz:NCTC10839_01249	ko:K07275
hhz:NCTC10839_01250	ko:K00793
hhz:NCTC10839_01251	ko:K26939
hhz:NCTC10839_01252	ko:K06206
hhz:NCTC10839_01253	ko:K01866
hhz:NCTC10839_01254	ko:K00948
hhz:NCTC10839_01255	ko:K00919
hhz:NCTC10839_01256	ko:K02494
hhz:NCTC10839_01257	ko:K00974
hhz:NCTC10839_01258	ko:K07184
hhz:NCTC10839_01259	ko:K03306
hhz:NCTC10839_01260	ko:K07220
hhz:NCTC10839_01262	ko:K18446
hhz:NCTC10839_01263	ko:K04485
hhz:NCTC10839_01264	ko:K03719
hhz:NCTC10839_01265	ko:K03466
hhz:NCTC10839_01266	ko:K03634
hhz:NCTC10839_01267	ko:K07478
hhz:NCTC10839_01268	ko:K00800
hhz:NCTC10839_01269	ko:K01433
hhz:NCTC10839_01270	ko:K03746
hhz:NCTC10839_01272	ko:K18218
hhz:NCTC10839_01273	ko:K01652
hhz:NCTC10839_01274	ko:K01653
hhz:NCTC10839_01275	ko:K01887
hhz:NCTC10839_01276	ko:K09907
hhz:NCTC10839_01278	ko:K06077
hhz:NCTC10839_01279	ko:K01810
hhz:NCTC10839_01280	ko:K01775
hhz:NCTC10839_01281	ko:K02314
hhz:NCTC10839_01282	ko:K00873
hhz:NCTC10839_01283	ko:K14237
hhz:NCTC10839_01284	ko:K09908
hhz:NCTC10839_01287	ko:K07126
hhz:NCTC10839_01289	ko:K10094
hhz:NCTC10839_01290	ko:K16915
hhz:NCTC10839_01291	ko:K02007
hhz:NCTC10839_01292	ko:K02008
hhz:NCTC10839_01293	ko:K02006
hhz:NCTC10839_01294	ko:K04652
hhz:NCTC10839_01295	ko:K04654
hhz:NCTC10839_01296	ko:K04655
hhz:NCTC10839_01297	ko:K01161
hhz:NCTC10839_01298	ko:K15035
hhz:NCTC10839_01300	ko:K02346
hhz:NCTC10839_01301	ko:K09906
hhz:NCTC10839_01302	ko:K02835
hhz:NCTC10839_01304	ko:K02493
hhz:NCTC10839_01306	ko:K01627
hhz:NCTC10839_01307	ko:K07497
hhz:NCTC10839_01309	ko:K00018
hhz:NCTC10839_01310	ko:K09808
hhz:NCTC10839_01311	ko:K00833
hhz:NCTC10839_01312	ko:K00652
hhz:NCTC10839_01313	ko:K09789
hhz:NCTC10839_01314	ko:K02169
hhz:NCTC10839_01315	ko:K01935
hhz:NCTC10839_01316	ko:K09810
hhz:NCTC10839_01317	ko:K09808
hhz:NCTC10839_01318	ko:K01626
hhz:NCTC10839_01320	ko:K07862
hhz:NCTC10839_01321	ko:K00355
hhz:NCTC10839_01324	ko:K04773
hhz:NCTC10839_01325	ko:K15461
hhz:NCTC10839_01326	ko:K00647
hhz:NCTC10839_01327	ko:K03674
hhz:NCTC10839_01328	ko:K05844
hhz:NCTC10839_01330	ko:K22015
hhz:NCTC10839_01331	ko:K04651
hhz:NCTC10839_01332	ko:K03312
hhz:NCTC10839_01333	ko:K02621
hhz:NCTC10839_01334	ko:K02622
hhz:NCTC10839_01335	ko:K02517
hhz:NCTC10839_01336	ko:K03272
hhz:NCTC10839_01339	ko:K02471
hhz:NCTC10839_01340	ko:K02014
hhz:NCTC10839_01341	ko:K07259
hhz:NCTC10839_01342	ko:K03624
hhz:NCTC10839_01343	ko:K07574
hhz:NCTC10839_01344	ko:K02427
hhz:NCTC10839_01345	ko:K03798
hhz:NCTC10839_01346	ko:K00796
hhz:NCTC10839_01347	ko:K03431
hhz:NCTC10839_01348	ko:K08296
hhz:NCTC10839_01350	ko:K09902
hhz:NCTC10839_01351	ko:K01935
hhz:NCTC10839_01352	ko:K00297
hhz:NCTC10839_01353	ko:K02871
hhz:NCTC10839_01354	ko:K02996
hhz:NCTC10839_01355	ko:K03599
hhz:NCTC10839_01356	ko:K03600
hhz:NCTC10839_01357	ko:K01662
hhz:NCTC10839_01358	ko:K00795
hhz:NCTC10839_01359	ko:K03602
hhz:NCTC10839_01360	ko:K03151
hhz:NCTC10839_01362	ko:K06175
hhz:NCTC10839_01363	ko:K09917
hhz:NCTC10839_01364	ko:K03704
hhz:NCTC10839_01365	ko:K09911
hhz:NCTC10839_01366	ko:K04770
hhz:NCTC10839_01367	ko:K01716
hhz:NCTC10839_01371	ko:K14230
hhz:NCTC10839_01372	ko:K09748
hhz:NCTC10839_01373	ko:K02600
hhz:NCTC10839_01374	ko:K02519
hhz:NCTC10839_01375	ko:K01153
hhz:NCTC10839_01377	ko:K01154
hhz:NCTC10839_01378	ko:K03427
hhz:NCTC10839_01379	ko:K02834
hhz:NCTC10839_01380	ko:K03177
hhz:NCTC10839_01381	ko:K14187
hhz:NCTC10839_01382	ko:K06879
hhz:NCTC10839_01384	ko:K02426
hhz:NCTC10839_01385	ko:K01766
hhz:NCTC10839_01387	ko:K06518
hhz:NCTC10839_01389	ko:K01129
hhz:NCTC10839_01390	ko:K15738
hhz:NCTC10839_01391	ko:K01673
hhz:NCTC10839_01392	ko:K01893
hhz:NCTC10839_01393	ko:K00794
hhz:NCTC10839_01394	ko:K03625
hhz:NCTC10839_01395	ko:K00946
hhz:NCTC10839_01396	ko:K01095
hhz:NCTC10839_01397	ko:K05835
hhz:NCTC10839_01398	ko:K00215
hhz:NCTC10839_01399	ko:K11107
hhz:NCTC10839_01401	ko:K01889
hhz:NCTC10839_01402	ko:K01890
hhz:NCTC10839_01403	ko:K04764
hhz:NCTC10839_01404	ko:K13695
hhz:NCTC10839_01411	ko:K12410
hhz:NCTC10839_01415	ko:K20074
hhz:NCTC10839_01418	ko:K03307
hhz:NCTC10839_01420	ko:K01792
hhz:NCTC10839_01421	ko:K02520
hhz:NCTC10839_01422	ko:K02916
hhz:NCTC10839_01423	ko:K02887
hhz:NCTC10839_01424	ko:K03582
hhz:NCTC10839_01425	ko:K03581
hhz:NCTC10839_01426	ko:K03976
hhz:NCTC10839_01428	ko:K06039
hhz:NCTC10839_01431	ko:K01695
hhz:NCTC10839_01432	ko:K01696
hhz:NCTC10839_01433	ko:K16066
hhz:NCTC10839_01435	ko:K14055
hhz:NCTC10839_01436	ko:K01420
hhz:NCTC10839_01438	ko:K14228
hhz:NCTC10839_01450	ko:K07741
hhz:NCTC10839_01470	ko:K03791
hhz:NCTC10839_01487	ko:K26973
hhz:NCTC10839_01506	ko:K02217
hhz:NCTC10839_01507	ko:K02217
hhz:NCTC10839_01508	ko:K01141
hhz:NCTC10839_01510	ko:K03632
hhz:NCTC10839_01511	ko:K03804
hhz:NCTC10839_01512	ko:K03633
hhz:NCTC10839_01513	ko:K14058
hhz:NCTC10839_01514	ko:K11179
hhz:NCTC10839_01516	ko:K01868
hhz:NCTC10839_01517	ko:K01118
hhz:NCTC10839_01518	ko:K03168
hhz:NCTC10839_01520	ko:K00325
hhz:NCTC10839_01521	ko:K00324
hhz:NCTC10839_01528	ko:K06867
hhz:NCTC10839_01535	ko:K15125
hhz:NCTC10839_01537	ko:K00688
hhz:NCTC10839_01538	ko:K00703
hhz:NCTC10839_01539	ko:K00975
hhz:NCTC10839_01540	ko:K02438
hhz:NCTC10839_01541	ko:K00700
hhz:NCTC10839_01542	ko:K00705
hhz:NCTC10839_01543	ko:K09160
hhz:NCTC10839_01544	ko:K01886
hhz:NCTC10839_01545	ko:K13888
hhz:NCTC10839_01546	ko:K05685
hhz:NCTC10839_01549	ko:K01258
hhz:NCTC10839_01550	ko:K11072
hhz:NCTC10839_01551	ko:K11071
hhz:NCTC10839_01552	ko:K11070
hhz:NCTC10839_01553	ko:K11069
hhz:NCTC10839_01554	ko:K01495
hhz:NCTC10839_01555	ko:K03750
hhz:NCTC10839_01556	ko:K21029
hhz:NCTC10839_01557	ko:K09901
hhz:NCTC10839_01558	ko:K28370
hhz:NCTC10839_01560	ko:K06196
hhz:NCTC10839_01561	ko:K12267
hhz:NCTC10839_01564	ko:K03088
hhz:NCTC10839_01566	ko:K08301
hhz:NCTC10839_01567	ko:K11928
hhz:NCTC10839_01568	ko:K15257
hhz:NCTC10839_01569	ko:K01489
hhz:NCTC10839_01570	ko:K04047
hhz:NCTC10839_01571	ko:K01657
hhz:NCTC10839_01572	ko:K01658
hhz:NCTC10839_01574	ko:K00766
hhz:NCTC10839_01576	ko:K13498
hhz:NCTC10839_01579	ko:K06282
hhz:NCTC10839_01582	ko:K06281
hhz:NCTC10839_01583	ko:K03605
hhz:NCTC10839_01585	ko:K04653
hhz:NCTC10839_01586	ko:K15773
hhz:NCTC10839_01587	ko:K07154
hhz:NCTC10839_01589	ko:K03574
hhz:NCTC10839_01590	ko:K01873
hhz:NCTC10839_01592	ko:K02339
hhz:NCTC10839_01593	ko:K01679
hhz:NCTC10839_01595	ko:K07053
hhz:NCTC10839_01596	ko:K00254
hhz:NCTC10839_01598	ko:K00549
hhz:NCTC10839_01600	ko:K01256
hhz:NCTC10839_01601	ko:K01588
hhz:NCTC10839_01602	ko:K01589
hhz:NCTC10839_01603	ko:K00813
hhz:NCTC10839_01604	ko:K03635
hhz:NCTC10839_01605	ko:K03636
hhz:NCTC10839_01606	ko:K03637
hhz:NCTC10839_01608	ko:K07322
hhz:NCTC10839_01611	ko:K06041
hhz:NCTC10839_01612	ko:K03270
hhz:NCTC10839_01614	ko:K09909
hhz:NCTC10839_01615	ko:K04774
hhz:NCTC10839_01617	ko:K03617
hhz:NCTC10839_01618	ko:K03616
hhz:NCTC10839_01619	ko:K03615
hhz:NCTC10839_01620	ko:K03614
hhz:NCTC10839_01621	ko:K03612
hhz:NCTC10839_01622	ko:K03613
hhz:NCTC10839_01623	ko:K10773
hhz:NCTC10839_01624	ko:K03308
hhz:NCTC10839_01625	ko:K07645
hhz:NCTC10839_01626	ko:K07666
hhz:NCTC10839_01628	ko:K07223
hhz:NCTC10839_01629	ko:K07243
hhz:NCTC10839_01630	ko:K07230
hhz:NCTC10839_01632	ko:K02004
hhz:NCTC10839_01633	ko:K02004
hhz:NCTC10839_01634	ko:K02003
hhz:NCTC10839_01637	ko:K21449
hhz:NCTC10839_01638	ko:K08305
hhz:NCTC10839_01641	ko:K07270
hhz:NCTC10839_01643	ko:K00785
hhz:NCTC10839_01646	ko:K04656
hhz:NCTC10839_01647	ko:K08315
hhz:NCTC10839_01648	ko:K12145
hhz:NCTC10839_01649	ko:K12144
hhz:NCTC10839_01650	ko:K12143
hhz:NCTC10839_01651	ko:K12142
hhz:NCTC10839_01652	ko:K12141
hhz:NCTC10839_01653	ko:K12140
hhz:NCTC10839_01654	ko:K12139
hhz:NCTC10839_01655	ko:K12138
hhz:NCTC10839_01656	ko:K12137
hhz:NCTC10839_01657	ko:K12136
hhz:NCTC10839_01658	ko:K21449
hhz:NCTC10839_01659	ko:K00983
hhz:NCTC10839_01661	ko:K18842
hhz:NCTC10839_01662	ko:K18841
hhz:NCTC10839_01663	ko:K03593
hhz:NCTC10839_01664	ko:K01874
hhz:NCTC10839_01665	ko:K16868
hhz:NCTC10839_01666	ko:K01069
hhz:NCTC10839_01670	ko:K09136
hhz:NCTC10839_01671	ko:K02469
hhz:NCTC10839_01672	ko:K00641
hhz:NCTC10839_01673	ko:K03748
hhz:NCTC10839_01674	ko:K11754
hhz:NCTC10839_01675	ko:K01963
hhz:NCTC10839_01676	ko:K04772
hhz:NCTC10839_01677	ko:K03723
hhz:NCTC10839_01679	ko:K06957
hhz:NCTC10839_01681	ko:K06020
hhz:NCTC10839_01683	ko:K08970
hhz:NCTC10839_01685	ko:K14220
hhz:NCTC10839_01686	ko:K03702
hhz:NCTC10839_01688	ko:K00029
hhz:NCTC10839_01690	ko:K06183
hhz:NCTC10839_01691	ko:K07552
hhz:NCTC10839_01695	ko:K00147
hhz:NCTC10839_01696	ko:K03686
hhz:NCTC10839_01698	ko:K04043
hhz:NCTC10839_01700	ko:K01734
hhz:NCTC10839_01701	ko:K00163
hhz:NCTC10839_01702	ko:K00627
hhz:NCTC10839_01703	ko:K00382
hhz:NCTC10839_01705	ko:K00759
hhz:NCTC10839_01706	ko:K02343
hhz:NCTC10839_01707	ko:K00761
hhz:NCTC10839_01708	ko:K02824
hhz:NCTC10839_01709	ko:K10763
hhz:NCTC10839_01710	ko:K03113
hhz:NCTC10839_01711	ko:K01591
hhz:NCTC10839_01712	ko:K19804
hhz:NCTC10839_01713	ko:K08992
hhz:NCTC10839_01714	ko:K05788
hhz:NCTC10839_01715	ko:K02945
hhz:NCTC10839_01716	ko:K00945
hhz:NCTC10839_01717	ko:K16087
hhz:NCTC10839_01718	ko:K01243
hhz:NCTC10839_01719	ko:K03673
hhz:NCTC10839_01720	ko:K07462
hhz:NCTC10839_01721	ko:K03981
hhz:NCTC10839_01722	ko:K02836
hhz:NCTC10839_01723	ko:K04567
hhz:NCTC10839_01724	ko:K00024
hhz:NCTC10839_01725	ko:K03402
hhz:NCTC10839_01726	ko:K07071
hhz:NCTC10839_01727	ko:K00764
hhz:NCTC10839_01728	ko:K03558
hhz:NCTC10839_01729	ko:K09899
hhz:NCTC10839_01730	ko:K00925
hhz:NCTC10839_01731	ko:K13788
hhz:NCTC10839_01733	ko:K07320
hhz:NCTC10839_01735	ko:K13634
hhz:NCTC10839_01736	ko:K06178
hhz:NCTC10839_01738	ko:K01902
hhz:NCTC10839_01739	ko:K01903
hhz:NCTC10839_01740	ko:K06968
hhz:NCTC10839_01741	ko:K03566
hhz:NCTC10839_01743	ko:K00826
hhz:NCTC10839_01746	ko:K03427
hhz:NCTC10839_01748	ko:K01154
hhz:NCTC10839_01749	ko:K01153
hhz:NCTC10839_01750	ko:K03106
hhz:NCTC10839_01751	ko:K03699
hhz:NCTC10839_01755	ko:K09794
hhz:NCTC10839_01757	ko:K01875
hhz:NCTC10839_01758	ko:K01008
hhz:NCTC10839_01759	ko:K02560
hhz:NCTC10839_01760	ko:K07090
hhz:NCTC10839_01761	ko:K07261
hhz:NCTC10839_01762	ko:K01736
hhz:NCTC10839_01763	ko:K05802
hhz:NCTC10839_01764	ko:K01911
hhz:NCTC10839_01765	ko:K03645
hhz:NCTC10839_01766	ko:K01175
hhz:NCTC10839_01767	ko:K03839
hhz:NCTC10839_01768	ko:K03711
hhz:NCTC10839_01769	ko:K00262
hhz:NCTC10839_01770	ko:K03118
hhz:NCTC10839_01771	ko:K03117
hhz:NCTC10839_01772	ko:K03116
hhz:NCTC10839_01773	ko:K03310
hhz:NCTC10839_01774	ko:K28207
hhz:NCTC10839_01775	ko:K01096
hhz:NCTC10839_01776	ko:K01497
hhz:NCTC10839_01777	ko:K02035
hhz:NCTC10839_01778	ko:K09790
hhz:NCTC10839_01779	ko:K01414
hhz:NCTC10839_01781	ko:K03427
hhz:NCTC10839_01782	ko:K01154
hhz:NCTC10839_01783	ko:K01153
hhz:NCTC10839_01784	ko:K07648
hhz:NCTC10839_01786	ko:K01985
hhz:NCTC10839_01787	ko:K01980
hhz:NCTC10839_01788	ko:K14218
hhz:NCTC10839_01789	ko:K14227
hhz:NCTC10839_01790	ko:K01977
hhz:NCTC10839_01791	ko:K14232
hhz:NCTC10839_01792	ko:K14226
hhz:NCTC10839_01793	ko:K14219
hhz:NCTC10839_01794	ko:K12297
hhz:NCTC10839_01795	ko:K14230
hhz:NCTC10839_01796	ko:K08304
hhz:NCTC10839_01797	ko:K22132
hhz:NCTC10839_01798	ko:K09815
hhz:NCTC10839_01800	ko:K02558
hhz:NCTC10839_01802	ko:K01760
hhz:NCTC10839_01803	ko:K03386
hhz:NCTC10839_01804	ko:K00995
hhz:NCTC10839_01805	ko:K14225
hhz:NCTC10839_01806	ko:K14228
hhz:NCTC10839_01807	ko:K14229
hhz:NCTC10839_01808	ko:K01733
hhz:NCTC10839_01809	ko:K00872
hhz:NCTC10839_01810	ko:K12524
hhz:NCTC10839_01812	ko:K06997
hhz:NCTC10839_01814	ko:K01443
hhz:NCTC10839_01815	ko:K02564
hhz:NCTC10839_01816	ko:K01639
hhz:NCTC10839_01818	ko:K00885
hhz:NCTC10839_01819	ko:K01788
hhz:NCTC10839_01820	ko:K11688
hhz:NCTC10839_01821	ko:K21393
hhz:NCTC10839_01822	ko:K17948
hhz:NCTC10839_01823	ko:K02804
hhz:NCTC10839_01825	ko:K04087
hhz:NCTC10839_01826	ko:K04088
hhz:NCTC10839_01832	ko:K06133
hhz:NCTC10839_01833	ko:K07792
hhz:NCTC10839_01834	ko:K02078
hhz:NCTC10839_01835	ko:K00059
hhz:NCTC10839_01836	ko:K00645
hhz:NCTC10839_01837	ko:K00648
hhz:NCTC10839_01838	ko:K03621
hhz:NCTC10839_01839	ko:K02911
hhz:NCTC10839_01840	ko:K07040
hhz:NCTC10839_01842	ko:K01613
hhz:NCTC10839_01843	ko:K03773
hhz:NCTC10839_01845	ko:K02200
hhz:NCTC10839_01846	ko:K02199
hhz:NCTC10839_01847	ko:K04016
hhz:NCTC10839_01848	ko:K01092
hhz:NCTC10839_01849	ko:K02679
hhz:NCTC10839_01850	ko:K02680
hhz:NCTC10839_01852	ko:K02681
hhz:NCTC10839_01853	ko:K03583
hhz:NCTC10839_01854	ko:K07738
hhz:NCTC10839_01855	ko:K11752
hhz:NCTC10839_01856	ko:K04691
hhz:NCTC10839_01857	ko:K10563
hhz:NCTC10839_01858	ko:K02913
hhz:NCTC10839_01859	ko:K02902
hhz:NCTC10839_01860	ko:K03630
hhz:NCTC10839_01861	ko:K13038
hhz:NCTC10839_01862	ko:K01520
hhz:NCTC10839_01863	ko:K05501
hhz:NCTC10839_01864	ko:K09898
hhz:NCTC10839_01865	ko:K10914
hhz:NCTC10839_01866	ko:K03212
hhz:NCTC10839_01867	ko:K01207
hhz:NCTC10839_01869	ko:K02503
hhz:NCTC10839_01870	ko:K03770
hhz:NCTC10839_01871	ko:K03650
hhz:NCTC10839_01872	ko:K03217
hhz:NCTC10839_01873	ko:K08998
hhz:NCTC10839_01874	ko:K03536
hhz:NCTC10839_01875	ko:K02914
hhz:NCTC10839_01876	ko:K07280
hhz:NCTC10839_01878	ko:K16087
