hphz:ACQ1W9_00005	ko:K02313
hphz:ACQ1W9_00010	ko:K02338
hphz:ACQ1W9_00020	ko:K02470
hphz:ACQ1W9_00030	ko:K01879
hphz:ACQ1W9_00035	ko:K01878
hphz:ACQ1W9_00040	ko:K03274
hphz:ACQ1W9_00045	ko:K02843
hphz:ACQ1W9_00075	ko:K12982
hphz:ACQ1W9_00080	ko:K03272
hphz:ACQ1W9_00090	ko:K01807
hphz:ACQ1W9_00095	ko:K01754
hphz:ACQ1W9_00105	ko:K28358
hphz:ACQ1W9_00150	ko:K15633
hphz:ACQ1W9_00160	ko:K03071
hphz:ACQ1W9_00175	ko:K01920
hphz:ACQ1W9_00185	ko:K07735
hphz:ACQ1W9_00190	ko:K07447
hphz:ACQ1W9_00305	ko:K01800
hphz:ACQ1W9_00310	ko:K16171
hphz:ACQ1W9_00315	ko:K00451
hphz:ACQ1W9_00360	ko:K13641
hphz:ACQ1W9_00370	ko:K07127
hphz:ACQ1W9_00390	ko:K03457
hphz:ACQ1W9_00395	ko:K03457
hphz:ACQ1W9_00400	ko:K16841
hphz:ACQ1W9_00410	ko:K16842
hphz:ACQ1W9_00415	ko:K14977
hphz:ACQ1W9_00420	ko:K01483
hphz:ACQ1W9_00425	ko:K01608
hphz:ACQ1W9_00430	ko:K01816
hphz:ACQ1W9_00435	ko:K00042
hphz:ACQ1W9_00440	ko:K11529
hphz:ACQ1W9_00445	ko:K00873
hphz:ACQ1W9_00470	ko:K07146
hphz:ACQ1W9_00475	ko:K00058
hphz:ACQ1W9_00490	ko:K01662
hphz:ACQ1W9_00565	ko:K11907
hphz:ACQ1W9_00575	ko:K11893
hphz:ACQ1W9_00590	ko:K11895
hphz:ACQ1W9_00595	ko:K11896
hphz:ACQ1W9_00605	ko:K11900
hphz:ACQ1W9_00610	ko:K11901
hphz:ACQ1W9_00620	ko:K01497
hphz:ACQ1W9_00625	ko:K01599
hphz:ACQ1W9_00660	ko:K00528
hphz:ACQ1W9_00775	ko:K04752
hphz:ACQ1W9_00780	ko:K03320
hphz:ACQ1W9_00785	ko:K04752
hphz:ACQ1W9_00810	ko:K01638
hphz:ACQ1W9_00825	ko:K03154
hphz:ACQ1W9_00830	ko:K03149
hphz:ACQ1W9_00835	ko:K03439
hphz:ACQ1W9_00840	ko:K13936
hphz:ACQ1W9_00865	ko:K11690
hphz:ACQ1W9_00870	ko:K11689
hphz:ACQ1W9_00875	ko:K11688
hphz:ACQ1W9_00885	ko:K06158
hphz:ACQ1W9_00915	ko:K11690
hphz:ACQ1W9_00940	ko:K03978
hphz:ACQ1W9_00960	ko:K01778
hphz:ACQ1W9_00965	ko:K01586
hphz:ACQ1W9_00975	ko:K01755
hphz:ACQ1W9_00980	ko:K01749
hphz:ACQ1W9_00995	ko:K02498
hphz:ACQ1W9_01000	ko:K06901
hphz:ACQ1W9_01030	ko:K00311
hphz:ACQ1W9_01035	ko:K03522
hphz:ACQ1W9_01040	ko:K03521
hphz:ACQ1W9_01090	ko:K15982
hphz:ACQ1W9_01120	ko:K22347
hphz:ACQ1W9_01265	ko:K00632
hphz:ACQ1W9_01275	ko:K28220
hphz:ACQ1W9_01290	ko:K15035
hphz:ACQ1W9_01295	ko:K03664
hphz:ACQ1W9_01315	ko:K03711
hphz:ACQ1W9_01325	ko:K03687
hphz:ACQ1W9_01330	ko:K04043
hphz:ACQ1W9_01335	ko:K03686
hphz:ACQ1W9_01380	ko:K02013
hphz:ACQ1W9_01385	ko:K02015
hphz:ACQ1W9_01390	ko:K02016
hphz:ACQ1W9_01395	ko:K00215
hphz:ACQ1W9_01400	ko:K01956
hphz:ACQ1W9_01405	ko:K01955
hphz:ACQ1W9_01410	ko:K03624
hphz:ACQ1W9_01415	ko:K07574
hphz:ACQ1W9_01420	ko:K02427
hphz:ACQ1W9_01425	ko:K03798
hphz:ACQ1W9_01430	ko:K00796
hphz:ACQ1W9_01435	ko:K03431
hphz:ACQ1W9_01445	ko:K03075
hphz:ACQ1W9_01450	ko:K14228
hphz:ACQ1W9_01455	ko:K14230
hphz:ACQ1W9_01460	ko:K09748
hphz:ACQ1W9_01465	ko:K02600
hphz:ACQ1W9_01470	ko:K02519
hphz:ACQ1W9_01475	ko:K02834
hphz:ACQ1W9_01485	ko:K02956
hphz:ACQ1W9_01490	ko:K00962
hphz:ACQ1W9_01500	ko:K03153
hphz:ACQ1W9_01510	ko:K01950
hphz:ACQ1W9_01520	ko:K06180
hphz:ACQ1W9_01525	ko:K05810
hphz:ACQ1W9_01530	ko:K03695
hphz:ACQ1W9_01540	ko:K01652
hphz:ACQ1W9_01545	ko:K01653
hphz:ACQ1W9_01555	ko:K00053
hphz:ACQ1W9_01560	ko:K17103
hphz:ACQ1W9_01565	ko:K01977
hphz:ACQ1W9_01570	ko:K14227
hphz:ACQ1W9_01575	ko:K14218
hphz:ACQ1W9_01580	ko:K01980
hphz:ACQ1W9_01585	ko:K01985
hphz:ACQ1W9_01590	ko:K08234
hphz:ACQ1W9_01595	ko:K00817
hphz:ACQ1W9_01600	ko:K24180
hphz:ACQ1W9_01615	ko:K04485
hphz:ACQ1W9_01620	ko:K01008
hphz:ACQ1W9_01625	ko:K06917
hphz:ACQ1W9_01650	ko:K02500
hphz:ACQ1W9_01655	ko:K01814
hphz:ACQ1W9_01660	ko:K02501
hphz:ACQ1W9_01665	ko:K01693
hphz:ACQ1W9_01690	ko:K14231
hphz:ACQ1W9_01695	ko:K14223
hphz:ACQ1W9_01700	ko:K14234
hphz:ACQ1W9_01790	ko:K29029
hphz:ACQ1W9_01795	ko:K01585
hphz:ACQ1W9_01800	ko:K02204
hphz:ACQ1W9_01810	ko:K02335
hphz:ACQ1W9_01840	ko:K02012
hphz:ACQ1W9_01850	ko:K02011
hphz:ACQ1W9_01860	ko:K01270
hphz:ACQ1W9_01865	ko:K04047
hphz:ACQ1W9_01870	ko:K00865
hphz:ACQ1W9_01960	ko:K02106
hphz:ACQ1W9_01965	ko:K26937
hphz:ACQ1W9_01980	ko:K00954
hphz:ACQ1W9_02045	ko:K16249
hphz:ACQ1W9_02055	ko:K16244
hphz:ACQ1W9_02060	ko:K16242
hphz:ACQ1W9_02070	ko:K16246
hphz:ACQ1W9_02085	ko:K00901
hphz:ACQ1W9_02100	ko:K07793
hphz:ACQ1W9_02120	ko:K26400
hphz:ACQ1W9_02130	ko:K03786
hphz:ACQ1W9_02235	ko:K01039
hphz:ACQ1W9_02240	ko:K01040
hphz:ACQ1W9_02245	ko:K07823
hphz:ACQ1W9_02265	ko:K00449
hphz:ACQ1W9_02270	ko:K00448
hphz:ACQ1W9_02305	ko:K00481
hphz:ACQ1W9_02315	ko:K12508
hphz:ACQ1W9_02340	ko:K11689
hphz:ACQ1W9_02345	ko:K11690
hphz:ACQ1W9_02350	ko:K01026
hphz:ACQ1W9_02365	ko:K03522
hphz:ACQ1W9_02370	ko:K03521
hphz:ACQ1W9_02375	ko:K20035
hphz:ACQ1W9_02385	ko:K20036
hphz:ACQ1W9_02415	ko:K11688
hphz:ACQ1W9_02420	ko:K03863
hphz:ACQ1W9_02425	ko:K03862
hphz:ACQ1W9_02430	ko:K11475
hphz:ACQ1W9_02435	ko:K11688
hphz:ACQ1W9_02440	ko:K11689
hphz:ACQ1W9_02445	ko:K11690
hphz:ACQ1W9_02450	ko:K18954
hphz:ACQ1W9_02455	ko:K00481
hphz:ACQ1W9_02480	ko:K05549
hphz:ACQ1W9_02650	ko:K00217
hphz:ACQ1W9_02705	ko:K03337
hphz:ACQ1W9_02745	ko:K00140
hphz:ACQ1W9_02785	ko:K10536
hphz:ACQ1W9_02800	ko:K06016
hphz:ACQ1W9_02820	ko:K00030
hphz:ACQ1W9_02850	ko:K06902
hphz:ACQ1W9_02860	ko:K06978
hphz:ACQ1W9_02955	ko:K28842
hphz:ACQ1W9_02990	ko:K05306
hphz:ACQ1W9_03075	ko:K00526
hphz:ACQ1W9_03080	ko:K00525
hphz:ACQ1W9_03085	ko:K07661
hphz:ACQ1W9_03095	ko:K03576
hphz:ACQ1W9_03100	ko:K00549
hphz:ACQ1W9_03120	ko:K01246
hphz:ACQ1W9_03130	ko:K01759
hphz:ACQ1W9_03135	ko:K15977
hphz:ACQ1W9_03165	ko:K01873
hphz:ACQ1W9_03170	ko:K02339
hphz:ACQ1W9_03175	ko:K00826
hphz:ACQ1W9_03180	ko:K01255
hphz:ACQ1W9_03185	ko:K07091
hphz:ACQ1W9_03190	ko:K11720
hphz:ACQ1W9_03205	ko:K03594
hphz:ACQ1W9_03220	ko:K22132
hphz:ACQ1W9_03235	ko:K12410
hphz:ACQ1W9_03255	ko:K03498
hphz:ACQ1W9_03260	ko:K03499
hphz:ACQ1W9_03265	ko:K09165
hphz:ACQ1W9_03270	ko:K03500
hphz:ACQ1W9_03275	ko:K00604
hphz:ACQ1W9_03280	ko:K01462
hphz:ACQ1W9_03300	ko:K00228
hphz:ACQ1W9_03305	ko:K00014
hphz:ACQ1W9_03320	ko:K06923
hphz:ACQ1W9_03330	ko:K03977
hphz:ACQ1W9_03345	ko:K01892
hphz:ACQ1W9_03350	ko:K03526
hphz:ACQ1W9_03365	ko:K06941
hphz:ACQ1W9_03370	ko:K00940
hphz:ACQ1W9_03375	ko:K13628
hphz:ACQ1W9_03380	ko:K04487
hphz:ACQ1W9_03385	ko:K13643
hphz:ACQ1W9_03390	ko:K00640
hphz:ACQ1W9_03395	ko:K15396
hphz:ACQ1W9_03405	ko:K03074
hphz:ACQ1W9_03410	ko:K03072
hphz:ACQ1W9_03415	ko:K03210
hphz:ACQ1W9_03420	ko:K00773
hphz:ACQ1W9_03425	ko:K07568
hphz:ACQ1W9_03430	ko:K14228
hphz:ACQ1W9_03475	ko:K01459
hphz:ACQ1W9_03505	ko:K05835
hphz:ACQ1W9_03555	ko:K00209
hphz:ACQ1W9_03580	ko:K00673
hphz:ACQ1W9_03585	ko:K00673
hphz:ACQ1W9_03590	ko:K06447
hphz:ACQ1W9_03595	ko:K01484
hphz:ACQ1W9_03670	ko:K01744
hphz:ACQ1W9_03705	ko:K15034
hphz:ACQ1W9_03710	ko:K09954
hphz:ACQ1W9_03830	ko:K09936
hphz:ACQ1W9_03835	ko:K09936
hphz:ACQ1W9_03870	ko:K00567
hphz:ACQ1W9_03875	ko:K13529
hphz:ACQ1W9_03955	ko:K11688
hphz:ACQ1W9_03960	ko:K11689
hphz:ACQ1W9_03965	ko:K11690
hphz:ACQ1W9_03970	ko:K00020
hphz:ACQ1W9_03975	ko:K02624
hphz:ACQ1W9_04135	ko:K01556
hphz:ACQ1W9_04160	ko:K03782
hphz:ACQ1W9_04170	ko:K00140
hphz:ACQ1W9_04235	ko:K01687
hphz:ACQ1W9_04260	ko:K07080
hphz:ACQ1W9_04280	ko:K01588
hphz:ACQ1W9_04285	ko:K01589
hphz:ACQ1W9_04320	ko:K11690
hphz:ACQ1W9_04330	ko:K01915
hphz:ACQ1W9_04350	ko:K11903
hphz:ACQ1W9_04355	ko:K11904
hphz:ACQ1W9_04405	ko:K10023
hphz:ACQ1W9_04415	ko:K10025
hphz:ACQ1W9_04430	ko:K07246
hphz:ACQ1W9_04460	ko:K03451
hphz:ACQ1W9_04470	ko:K01133
hphz:ACQ1W9_04480	ko:K03451
hphz:ACQ1W9_04485	ko:K11477
hphz:ACQ1W9_04565	ko:K15268
hphz:ACQ1W9_04570	ko:K11688
hphz:ACQ1W9_04580	ko:K11690
hphz:ACQ1W9_04655	ko:K23993
hphz:ACQ1W9_04665	ko:K02770
hphz:ACQ1W9_04755	ko:K00138
hphz:ACQ1W9_04800	ko:K02168
hphz:ACQ1W9_04810	ko:K07664
hphz:ACQ1W9_04845	ko:K01187
hphz:ACQ1W9_04850	ko:K10238
hphz:ACQ1W9_04855	ko:K10237
hphz:ACQ1W9_04860	ko:K10236
hphz:ACQ1W9_04870	ko:K28370
hphz:ACQ1W9_04900	ko:K15783
hphz:ACQ1W9_04905	ko:K15784
hphz:ACQ1W9_04920	ko:K15785
hphz:ACQ1W9_04930	ko:K01754
hphz:ACQ1W9_04975	ko:K03321
hphz:ACQ1W9_05010	ko:K10829
hphz:ACQ1W9_05015	ko:K06147
hphz:ACQ1W9_05040	ko:K14230
hphz:ACQ1W9_05135	ko:K26605
hphz:ACQ1W9_05225	ko:K03704
hphz:ACQ1W9_05235	ko:K06999
hphz:ACQ1W9_05240	ko:K01696
hphz:ACQ1W9_05280	ko:K07401
hphz:ACQ1W9_05330	ko:K02003
hphz:ACQ1W9_05340	ko:K00600
hphz:ACQ1W9_05395	ko:K07738
hphz:ACQ1W9_05400	ko:K11752
hphz:ACQ1W9_05415	ko:K14652
hphz:ACQ1W9_05420	ko:K00794
hphz:ACQ1W9_05425	ko:K03625
hphz:ACQ1W9_05435	ko:K01095
hphz:ACQ1W9_05445	ko:K01338
hphz:ACQ1W9_05465	ko:K01687
hphz:ACQ1W9_05475	ko:K08312
hphz:ACQ1W9_05480	ko:K20881
hphz:ACQ1W9_05485	ko:K04762
hphz:ACQ1W9_05495	ko:K01610
hphz:ACQ1W9_05500	ko:K07305
hphz:ACQ1W9_05505	ko:K06959
hphz:ACQ1W9_05530	ko:K28842
hphz:ACQ1W9_05545	ko:K08311
hphz:ACQ1W9_05550	ko:K08484
hphz:ACQ1W9_05565	ko:K13292
hphz:ACQ1W9_05570	ko:K00560
hphz:ACQ1W9_05575	ko:K00287
hphz:ACQ1W9_05610	ko:K14219
hphz:ACQ1W9_05635	ko:K04760
hphz:ACQ1W9_05660	ko:K00957
hphz:ACQ1W9_05665	ko:K00956
hphz:ACQ1W9_05675	ko:K15257
hphz:ACQ1W9_05685	ko:K15256
hphz:ACQ1W9_05690	ko:K01810
hphz:ACQ1W9_05700	ko:K02622
hphz:ACQ1W9_05705	ko:K02621
hphz:ACQ1W9_05710	ko:K01079
hphz:ACQ1W9_05725	ko:K01649
hphz:ACQ1W9_05730	ko:K03923
hphz:ACQ1W9_05740	ko:K19810
hphz:ACQ1W9_05745	ko:K02356
hphz:ACQ1W9_05750	ko:K04568
hphz:ACQ1W9_05760	ko:K01011
hphz:ACQ1W9_05765	ko:K06949
hphz:ACQ1W9_05770	ko:K13288
hphz:ACQ1W9_05775	ko:K18979
hphz:ACQ1W9_05790	ko:K01448
hphz:ACQ1W9_05795	ko:K03572
hphz:ACQ1W9_05805	ko:K03666
hphz:ACQ1W9_05810	ko:K03665
hphz:ACQ1W9_05815	ko:K04088
hphz:ACQ1W9_05820	ko:K04087
hphz:ACQ1W9_05825	ko:K02502
hphz:ACQ1W9_05830	ko:K01939
hphz:ACQ1W9_05840	ko:K09014
hphz:ACQ1W9_05845	ko:K09013
hphz:ACQ1W9_05850	ko:K09015
hphz:ACQ1W9_05855	ko:K11717
hphz:ACQ1W9_05875	ko:K05844
hphz:ACQ1W9_05895	ko:K16962
hphz:ACQ1W9_05900	ko:K16963
hphz:ACQ1W9_05945	ko:K13821
hphz:ACQ1W9_05960	ko:K14225
hphz:ACQ1W9_05975	ko:K00382
hphz:ACQ1W9_06010	ko:K00858
hphz:ACQ1W9_06055	ko:K02388
hphz:ACQ1W9_06075	ko:K02392
hphz:ACQ1W9_06080	ko:K02393
hphz:ACQ1W9_06085	ko:K02394
hphz:ACQ1W9_06110	ko:K02420
hphz:ACQ1W9_06115	ko:K02419
hphz:ACQ1W9_06140	ko:K02414
hphz:ACQ1W9_06150	ko:K02412
hphz:ACQ1W9_06160	ko:K02410
hphz:ACQ1W9_06220	ko:K00012
hphz:ACQ1W9_06310	ko:K03408
hphz:ACQ1W9_06325	ko:K00575
hphz:ACQ1W9_06330	ko:K03412
hphz:ACQ1W9_06340	ko:K03413
hphz:ACQ1W9_06345	ko:K03414
hphz:ACQ1W9_06355	ko:K02400
hphz:ACQ1W9_06410	ko:K28705
hphz:ACQ1W9_06415	ko:K28704
hphz:ACQ1W9_06445	ko:K14230
hphz:ACQ1W9_06450	ko:K06942
hphz:ACQ1W9_06455	ko:K01056
hphz:ACQ1W9_06465	ko:K00948
hphz:ACQ1W9_06470	ko:K14223
hphz:ACQ1W9_06490	ko:K02492
hphz:ACQ1W9_06495	ko:K02835
hphz:ACQ1W9_06505	ko:K03719
hphz:ACQ1W9_06510	ko:K21029
hphz:ACQ1W9_06515	ko:K09471
hphz:ACQ1W9_06520	ko:K01915
hphz:ACQ1W9_06540	ko:K11074
hphz:ACQ1W9_06545	ko:K09471
hphz:ACQ1W9_06575	ko:K12256
hphz:ACQ1W9_06600	ko:K02434
hphz:ACQ1W9_06605	ko:K02433
hphz:ACQ1W9_06610	ko:K02435
hphz:ACQ1W9_06615	ko:K03569
hphz:ACQ1W9_06635	ko:K08301
hphz:ACQ1W9_06645	ko:K03568
hphz:ACQ1W9_06655	ko:K03592
hphz:ACQ1W9_06670	ko:K02806
hphz:ACQ1W9_06675	ko:K05808
hphz:ACQ1W9_06680	ko:K03092
hphz:ACQ1W9_06685	ko:K06861
hphz:ACQ1W9_06705	ko:K06041
hphz:ACQ1W9_06715	ko:K02065
hphz:ACQ1W9_06720	ko:K02066
hphz:ACQ1W9_06745	ko:K00790
hphz:ACQ1W9_06750	ko:K00765
hphz:ACQ1W9_06755	ko:K00013
hphz:ACQ1W9_06775	ko:K06916
hphz:ACQ1W9_06780	ko:K02871
hphz:ACQ1W9_06785	ko:K02996
hphz:ACQ1W9_06790	ko:K00411
hphz:ACQ1W9_06795	ko:K00412
hphz:ACQ1W9_06805	ko:K03599
hphz:ACQ1W9_06820	ko:K03271
hphz:ACQ1W9_06835	ko:K07056
hphz:ACQ1W9_06840	ko:K01978
hphz:ACQ1W9_06845	ko:K03438
hphz:ACQ1W9_06870	ko:K01000
hphz:ACQ1W9_06880	ko:K03588
hphz:ACQ1W9_06885	ko:K02563
hphz:ACQ1W9_06890	ko:K01924
hphz:ACQ1W9_06895	ko:K01921
hphz:ACQ1W9_06905	ko:K03590
hphz:ACQ1W9_06910	ko:K03531
hphz:ACQ1W9_06915	ko:K02535
hphz:ACQ1W9_06920	ko:K14220
hphz:ACQ1W9_06925	ko:K14220
hphz:ACQ1W9_06930	ko:K14220
hphz:ACQ1W9_06945	ko:K09767
hphz:ACQ1W9_06980	ko:K01256
hphz:ACQ1W9_07010	ko:K03704
hphz:ACQ1W9_07035	ko:K04079
hphz:ACQ1W9_07045	ko:K00324
hphz:ACQ1W9_07050	ko:K00325
hphz:ACQ1W9_07055	ko:K00057
hphz:ACQ1W9_07095	ko:K07320
hphz:ACQ1W9_07100	ko:K01736
hphz:ACQ1W9_07140	ko:K02610
hphz:ACQ1W9_07145	ko:K02609
hphz:ACQ1W9_07150	ko:K01912
hphz:ACQ1W9_07205	ko:K06189
hphz:ACQ1W9_07215	ko:K06217
hphz:ACQ1W9_07220	ko:K06168
hphz:ACQ1W9_07245	ko:K02045
hphz:ACQ1W9_07250	ko:K02047
hphz:ACQ1W9_07255	ko:K02046
hphz:ACQ1W9_07260	ko:K02048
hphz:ACQ1W9_07320	ko:K01783
hphz:ACQ1W9_07335	ko:K03885
hphz:ACQ1W9_07345	ko:K01657
hphz:ACQ1W9_07355	ko:K01658
hphz:ACQ1W9_07360	ko:K00766
hphz:ACQ1W9_07365	ko:K01609
hphz:ACQ1W9_07440	ko:K26063
hphz:ACQ1W9_07445	ko:K01875
hphz:ACQ1W9_07460	ko:K03671
hphz:ACQ1W9_07465	ko:K13634
hphz:ACQ1W9_07485	ko:K03417
hphz:ACQ1W9_07490	ko:K01659
hphz:ACQ1W9_07495	ko:K20455
hphz:ACQ1W9_07500	ko:K09788
hphz:ACQ1W9_07505	ko:K01720
hphz:ACQ1W9_07510	ko:K01977
hphz:ACQ1W9_07515	ko:K01980
hphz:ACQ1W9_07520	ko:K01985
hphz:ACQ1W9_07525	ko:K05020
hphz:ACQ1W9_07585	ko:K03424
hphz:ACQ1W9_07590	ko:K15738
hphz:ACQ1W9_07595	ko:K06149
hphz:ACQ1W9_07605	ko:K06075
hphz:ACQ1W9_07615	ko:K01825
hphz:ACQ1W9_07620	ko:K00632
hphz:ACQ1W9_07770	ko:K06188
hphz:ACQ1W9_07895	ko:K07084
hphz:ACQ1W9_07900	ko:K01745
hphz:ACQ1W9_07905	ko:K01712
hphz:ACQ1W9_07915	ko:K01468
hphz:ACQ1W9_07935	ko:K02340
hphz:ACQ1W9_07945	ko:K01869
hphz:ACQ1W9_07970	ko:K01703
hphz:ACQ1W9_07975	ko:K01704
hphz:ACQ1W9_07980	ko:K00052
hphz:ACQ1W9_07985	ko:K00133
hphz:ACQ1W9_07995	ko:K06173
hphz:ACQ1W9_08005	ko:K01696
hphz:ACQ1W9_08010	ko:K01695
hphz:ACQ1W9_08015	ko:K01963
hphz:ACQ1W9_08035	ko:K00764
hphz:ACQ1W9_08040	ko:K10764
hphz:ACQ1W9_08070	ko:K00285
hphz:ACQ1W9_08080	ko:K00813
hphz:ACQ1W9_08085	ko:K01724
hphz:ACQ1W9_08090	ko:K00500
hphz:ACQ1W9_08095	ko:K03721
hphz:ACQ1W9_08125	ko:K06886
hphz:ACQ1W9_08135	ko:K00574
hphz:ACQ1W9_08155	ko:K00457
hphz:ACQ1W9_08160	ko:K03308
hphz:ACQ1W9_08200	ko:K11959
hphz:ACQ1W9_08205	ko:K11960
hphz:ACQ1W9_08210	ko:K11961
hphz:ACQ1W9_08215	ko:K11962
hphz:ACQ1W9_08220	ko:K11963
hphz:ACQ1W9_08230	ko:K01430
hphz:ACQ1W9_08240	ko:K01428
hphz:ACQ1W9_08245	ko:K03187
hphz:ACQ1W9_08250	ko:K03188
hphz:ACQ1W9_08255	ko:K03189
hphz:ACQ1W9_08375	ko:K06905
hphz:ACQ1W9_08380	ko:K06906
hphz:ACQ1W9_08400	ko:K06908
hphz:ACQ1W9_08405	ko:K06907
hphz:ACQ1W9_08520	ko:K06223
hphz:ACQ1W9_08525	ko:K14228
hphz:ACQ1W9_08550	ko:K01012
hphz:ACQ1W9_08570	ko:K01495
hphz:ACQ1W9_08575	ko:K07589
hphz:ACQ1W9_08585	ko:K00135
hphz:ACQ1W9_08595	ko:K00986
hphz:ACQ1W9_08600	ko:K04077
hphz:ACQ1W9_08605	ko:K04078
hphz:ACQ1W9_08625	ko:K01591
hphz:ACQ1W9_08640	ko:K05788
hphz:ACQ1W9_08735	ko:K14228
hphz:ACQ1W9_08740	ko:K14222
hphz:ACQ1W9_08745	ko:K14225
hphz:ACQ1W9_08750	ko:K00995
hphz:ACQ1W9_08755	ko:K03703
hphz:ACQ1W9_08760	ko:K07689
hphz:ACQ1W9_08765	ko:K14218
hphz:ACQ1W9_08770	ko:K00611
hphz:ACQ1W9_08775	ko:K07390
hphz:ACQ1W9_08780	ko:K03683
hphz:ACQ1W9_08785	ko:K01940
hphz:ACQ1W9_08825	ko:K06200
hphz:ACQ1W9_08835	ko:K01551
hphz:ACQ1W9_08845	ko:K10773
hphz:ACQ1W9_08880	ko:K01874
hphz:ACQ1W9_08945	ko:K03593
hphz:ACQ1W9_08950	ko:K01494
hphz:ACQ1W9_08955	ko:K11175
hphz:ACQ1W9_08960	ko:K01933
hphz:ACQ1W9_08970	ko:K10763
hphz:ACQ1W9_08985	ko:K01679
hphz:ACQ1W9_08990	ko:K02444
hphz:ACQ1W9_08995	ko:K14237
hphz:ACQ1W9_09000	ko:K14237
hphz:ACQ1W9_09020	ko:K02072
hphz:ACQ1W9_09025	ko:K02071
hphz:ACQ1W9_09030	ko:K00793
hphz:ACQ1W9_09035	ko:K06901
hphz:ACQ1W9_09040	ko:K00759
hphz:ACQ1W9_09045	ko:K00769
hphz:ACQ1W9_09050	ko:K03648
hphz:ACQ1W9_09055	ko:K00761
hphz:ACQ1W9_09060	ko:K02824
hphz:ACQ1W9_09090	ko:K03635
hphz:ACQ1W9_09095	ko:K03639
hphz:ACQ1W9_09110	ko:K01433
hphz:ACQ1W9_09130	ko:K01356
hphz:ACQ1W9_09150	ko:K00760
hphz:ACQ1W9_09170	ko:K00666
hphz:ACQ1W9_09195	ko:K00252
hphz:ACQ1W9_09200	ko:K01041
hphz:ACQ1W9_09205	ko:K09773
hphz:ACQ1W9_09210	ko:K01007
hphz:ACQ1W9_09230	ko:K02553
hphz:ACQ1W9_09235	ko:K01682
hphz:ACQ1W9_09265	ko:K10026
hphz:ACQ1W9_09300	ko:K01243
hphz:ACQ1W9_09305	ko:K01491
hphz:ACQ1W9_09310	ko:K14232
hphz:ACQ1W9_09315	ko:K14219
hphz:ACQ1W9_09320	ko:K14226
hphz:ACQ1W9_09325	ko:K14226
hphz:ACQ1W9_09330	ko:K03545
hphz:ACQ1W9_09335	ko:K01358
hphz:ACQ1W9_09340	ko:K03544
hphz:ACQ1W9_09345	ko:K01338
hphz:ACQ1W9_09350	ko:K03530
hphz:ACQ1W9_09370	ko:K03768
hphz:ACQ1W9_09375	ko:K01886
hphz:ACQ1W9_09380	ko:K01883
hphz:ACQ1W9_09410	ko:K00166
hphz:ACQ1W9_09415	ko:K00167
hphz:ACQ1W9_09475	ko:K15737
hphz:ACQ1W9_09480	ko:K15736
hphz:ACQ1W9_09500	ko:K05786
hphz:ACQ1W9_09505	ko:K13566
hphz:ACQ1W9_09525	ko:K13895
hphz:ACQ1W9_09530	ko:K13894
hphz:ACQ1W9_09555	ko:K03469
hphz:ACQ1W9_09560	ko:K02342
hphz:ACQ1W9_09585	ko:K01908
hphz:ACQ1W9_09610	ko:K11105
hphz:ACQ1W9_09615	ko:K14233
hphz:ACQ1W9_09625	ko:K19416
hphz:ACQ1W9_09630	ko:K07235
hphz:ACQ1W9_09660	ko:K03638
hphz:ACQ1W9_09665	ko:K09948
hphz:ACQ1W9_09675	ko:K00124
hphz:ACQ1W9_09690	ko:K00123
hphz:ACQ1W9_09740	ko:K09181
hphz:ACQ1W9_09755	ko:K03809
hphz:ACQ1W9_09780	ko:K00381
hphz:ACQ1W9_09790	ko:K00548
hphz:ACQ1W9_09795	ko:K07400
hphz:ACQ1W9_09810	ko:K02426
hphz:ACQ1W9_09830	ko:K01496
hphz:ACQ1W9_09835	ko:K09823
hphz:ACQ1W9_09855	ko:K06720
hphz:ACQ1W9_09860	ko:K00836
hphz:ACQ1W9_09865	ko:K06718
hphz:ACQ1W9_09870	ko:K00383
hphz:ACQ1W9_09875	ko:K01673
hphz:ACQ1W9_09885	ko:K02033
hphz:ACQ1W9_09890	ko:K02034
hphz:ACQ1W9_09895	ko:K02031
hphz:ACQ1W9_09900	ko:K02032
hphz:ACQ1W9_09915	ko:K07019
hphz:ACQ1W9_09945	ko:K04564
hphz:ACQ1W9_09955	ko:K00963
hphz:ACQ1W9_10000	ko:K03560
hphz:ACQ1W9_10005	ko:K03562
hphz:ACQ1W9_10015	ko:K03551
hphz:ACQ1W9_10020	ko:K03550
hphz:ACQ1W9_10025	ko:K01159
hphz:ACQ1W9_10030	ko:K01876
hphz:ACQ1W9_10065	ko:K07058
hphz:ACQ1W9_10070	ko:K13522
hphz:ACQ1W9_10075	ko:K21645
hphz:ACQ1W9_10080	ko:K06131
hphz:ACQ1W9_10085	ko:K01676
hphz:ACQ1W9_10090	ko:K03702
hphz:ACQ1W9_10110	ko:K02837
hphz:ACQ1W9_10115	ko:K07173
hphz:ACQ1W9_10130	ko:K15011
hphz:ACQ1W9_10135	ko:K15012
hphz:ACQ1W9_10150	ko:K03674
hphz:ACQ1W9_10170	ko:K01029
hphz:ACQ1W9_10175	ko:K01028
hphz:ACQ1W9_10180	ko:K17737
hphz:ACQ1W9_10215	ko:K00605
hphz:ACQ1W9_10220	ko:K03310
hphz:ACQ1W9_10225	ko:K02437
hphz:ACQ1W9_10230	ko:K00281
hphz:ACQ1W9_10240	ko:K06966
hphz:ACQ1W9_10260	ko:K04764
hphz:ACQ1W9_10265	ko:K01890
hphz:ACQ1W9_10270	ko:K01889
hphz:ACQ1W9_10275	ko:K02887
hphz:ACQ1W9_10280	ko:K02916
hphz:ACQ1W9_10285	ko:K02520
hphz:ACQ1W9_10290	ko:K01868
hphz:ACQ1W9_10310	ko:K14445
hphz:ACQ1W9_10315	ko:K02257
hphz:ACQ1W9_10340	ko:K02276
hphz:ACQ1W9_10350	ko:K02274
hphz:ACQ1W9_10355	ko:K02275
hphz:ACQ1W9_10435	ko:K14232
hphz:ACQ1W9_10485	ko:K13482
hphz:ACQ1W9_10490	ko:K07402
hphz:ACQ1W9_10495	ko:K01487
hphz:ACQ1W9_10515	ko:K00426
hphz:ACQ1W9_10520	ko:K00425
hphz:ACQ1W9_10550	ko:K11927
hphz:ACQ1W9_10580	ko:K01465
hphz:ACQ1W9_10680	ko:K00955
hphz:ACQ1W9_10690	ko:K00957
hphz:ACQ1W9_10695	ko:K01082
hphz:ACQ1W9_10735	ko:K19068
hphz:ACQ1W9_10765	ko:K00973
hphz:ACQ1W9_10775	ko:K01710
hphz:ACQ1W9_10845	ko:K15396
hphz:ACQ1W9_10880	ko:K26061
hphz:ACQ1W9_10900	ko:K25986
hphz:ACQ1W9_11000	ko:K01507
hphz:ACQ1W9_11015	ko:K02160
hphz:ACQ1W9_11020	ko:K01961
hphz:ACQ1W9_11030	ko:K05540
hphz:ACQ1W9_11040	ko:K00602
hphz:ACQ1W9_11060	ko:K12255
hphz:ACQ1W9_11085	ko:K00833
hphz:ACQ1W9_11090	ko:K00322
hphz:ACQ1W9_11095	ko:K05952
hphz:ACQ1W9_11105	ko:K00351
hphz:ACQ1W9_11110	ko:K00350
hphz:ACQ1W9_11115	ko:K00349
hphz:ACQ1W9_11125	ko:K00347
hphz:ACQ1W9_11130	ko:K00346
hphz:ACQ1W9_11135	ko:K00134
hphz:ACQ1W9_11140	ko:K03723
hphz:ACQ1W9_11145	ko:K19236
hphz:ACQ1W9_11270	ko:K03168
hphz:ACQ1W9_11275	ko:K00873
hphz:ACQ1W9_11280	ko:K01734
hphz:ACQ1W9_11300	ko:K03644
hphz:ACQ1W9_11305	ko:K03801
hphz:ACQ1W9_11330	ko:K05837
hphz:ACQ1W9_11335	ko:K05515
hphz:ACQ1W9_11340	ko:K00783
hphz:ACQ1W9_11355	ko:K00147
hphz:ACQ1W9_11375	ko:K05834
hphz:ACQ1W9_11380	ko:K03186
hphz:ACQ1W9_11385	ko:K02558
hphz:ACQ1W9_11390	ko:K21071
hphz:ACQ1W9_11425	ko:K02945
hphz:ACQ1W9_11430	ko:K00945
hphz:ACQ1W9_11440	ko:K14170
hphz:ACQ1W9_11445	ko:K00831
hphz:ACQ1W9_11450	ko:K02469
hphz:ACQ1W9_11545	ko:K22548
hphz:ACQ1W9_11655	ko:K00253
hphz:ACQ1W9_11660	ko:K01969
hphz:ACQ1W9_11665	ko:K13766
hphz:ACQ1W9_11670	ko:K01968
hphz:ACQ1W9_11675	ko:K01640
hphz:ACQ1W9_11680	ko:K16137
hphz:ACQ1W9_11685	ko:K09458
hphz:ACQ1W9_11690	ko:K00799
hphz:ACQ1W9_11700	ko:K09136
hphz:ACQ1W9_11710	ko:K03826
hphz:ACQ1W9_11820	ko:K03281
hphz:ACQ1W9_11970	ko:K03769
hphz:ACQ1W9_11980	ko:K01992
hphz:ACQ1W9_12060	ko:K09989
hphz:ACQ1W9_12100	ko:K01881
hphz:ACQ1W9_12130	ko:K08218
hphz:ACQ1W9_12160	ko:K01595
hphz:ACQ1W9_12165	ko:K04765
hphz:ACQ1W9_12170	ko:K00951
hphz:ACQ1W9_12180	ko:K12339
hphz:ACQ1W9_12190	ko:K03474
hphz:ACQ1W9_12200	ko:K03595
hphz:ACQ1W9_12205	ko:K03685
hphz:ACQ1W9_12210	ko:K03100
hphz:ACQ1W9_12215	ko:K03596
hphz:ACQ1W9_12240	ko:K03088
hphz:ACQ1W9_12245	ko:K01626
hphz:ACQ1W9_12250	ko:K03722
hphz:ACQ1W9_12255	ko:K03732
hphz:ACQ1W9_12265	ko:K01142
hphz:ACQ1W9_12280	ko:K03559
hphz:ACQ1W9_12285	ko:K03561
hphz:ACQ1W9_12300	ko:K03522
hphz:ACQ1W9_12305	ko:K03521
hphz:ACQ1W9_12310	ko:K00311
hphz:ACQ1W9_12340	ko:K03424
hphz:ACQ1W9_12370	ko:K09458
hphz:ACQ1W9_12375	ko:K02078
hphz:ACQ1W9_12380	ko:K00059
hphz:ACQ1W9_12385	ko:K00645
hphz:ACQ1W9_12395	ko:K02911
hphz:ACQ1W9_12405	ko:K25422
hphz:ACQ1W9_12415	ko:K01091
hphz:ACQ1W9_12420	ko:K06179
hphz:ACQ1W9_12445	ko:K09791
hphz:ACQ1W9_12455	ko:K11085
hphz:ACQ1W9_12475	ko:K09928
hphz:ACQ1W9_12480	ko:K09810
hphz:ACQ1W9_12485	ko:K09808
hphz:ACQ1W9_12495	ko:K12251
hphz:ACQ1W9_12500	ko:K03574
hphz:ACQ1W9_12505	ko:K00620
hphz:ACQ1W9_12510	ko:K03070
hphz:ACQ1W9_12525	ko:K14230
hphz:ACQ1W9_12530	ko:K02167
hphz:ACQ1W9_12535	ko:K00130
hphz:ACQ1W9_12540	ko:K00108
hphz:ACQ1W9_12545	ko:K06445
hphz:ACQ1W9_12580	ko:K00344
hphz:ACQ1W9_12605	ko:K03317
hphz:ACQ1W9_12610	ko:K02232
hphz:ACQ1W9_12655	ko:K19221
hphz:ACQ1W9_12660	ko:K02228
hphz:ACQ1W9_12665	ko:K05936
hphz:ACQ1W9_12675	ko:K00595
hphz:ACQ1W9_12680	ko:K05895
hphz:ACQ1W9_12685	ko:K05934
hphz:ACQ1W9_12690	ko:K03394
hphz:ACQ1W9_12695	ko:K06042
hphz:ACQ1W9_12705	ko:K02230
hphz:ACQ1W9_12710	ko:K02234
hphz:ACQ1W9_12725	ko:K02016
hphz:ACQ1W9_12730	ko:K02015
hphz:ACQ1W9_12735	ko:K02013
hphz:ACQ1W9_12835	ko:K20035
hphz:ACQ1W9_12840	ko:K04063
hphz:ACQ1W9_12850	ko:K01895
hphz:ACQ1W9_12855	ko:K22108
hphz:ACQ1W9_12860	ko:K00626
hphz:ACQ1W9_12870	ko:K02069
hphz:ACQ1W9_12880	ko:K11811
hphz:ACQ1W9_12895	ko:K25223
hphz:ACQ1W9_12900	ko:K25224
hphz:ACQ1W9_12915	ko:K02036
hphz:ACQ1W9_12920	ko:K02038
hphz:ACQ1W9_12925	ko:K02037
hphz:ACQ1W9_12930	ko:K02040
hphz:ACQ1W9_12940	ko:K07552
hphz:ACQ1W9_12945	ko:K00616
hphz:ACQ1W9_12965	ko:K16872
hphz:ACQ1W9_12970	ko:K03578
hphz:ACQ1W9_12975	ko:K01897
hphz:ACQ1W9_13000	ko:K09160
hphz:ACQ1W9_13015	ko:K06187
hphz:ACQ1W9_13020	ko:K09747
hphz:ACQ1W9_13035	ko:K01985
hphz:ACQ1W9_13040	ko:K01980
hphz:ACQ1W9_13045	ko:K14218
hphz:ACQ1W9_13050	ko:K14227
hphz:ACQ1W9_13055	ko:K01977
hphz:ACQ1W9_13065	ko:K01983
hphz:ACQ1W9_13120	ko:K18138
hphz:ACQ1W9_13130	ko:K21699
hphz:ACQ1W9_13135	ko:K00822
hphz:ACQ1W9_13140	ko:K00140
hphz:ACQ1W9_13160	ko:K02124
hphz:ACQ1W9_13175	ko:K02118
hphz:ACQ1W9_13180	ko:K00926
hphz:ACQ1W9_13185	ko:K00611
hphz:ACQ1W9_13190	ko:K01478
hphz:ACQ1W9_13195	ko:K03758
hphz:ACQ1W9_13335	ko:K14233
hphz:ACQ1W9_13350	ko:K06879
hphz:ACQ1W9_13355	ko:K01992
hphz:ACQ1W9_13360	ko:K01990
hphz:ACQ1W9_13385	ko:K14225
hphz:ACQ1W9_13390	ko:K14224
hphz:ACQ1W9_13395	ko:K14225
hphz:ACQ1W9_13400	ko:K14224
hphz:ACQ1W9_13405	ko:K14225
hphz:ACQ1W9_13410	ko:K14224
hphz:ACQ1W9_13415	ko:K07305
hphz:ACQ1W9_13420	ko:K14540
hphz:ACQ1W9_13425	ko:K14260
hphz:ACQ1W9_13430	ko:K03799
hphz:ACQ1W9_13455	ko:K03812
hphz:ACQ1W9_13460	ko:K00254
hphz:ACQ1W9_13465	ko:K15371
hphz:ACQ1W9_13470	ko:K00557
hphz:ACQ1W9_13490	ko:K07478
hphz:ACQ1W9_13510	ko:K21420
hphz:ACQ1W9_13515	ko:K02518
hphz:ACQ1W9_13520	ko:K03694
hphz:ACQ1W9_13525	ko:K06891
hphz:ACQ1W9_13530	ko:K00031
hphz:ACQ1W9_13535	ko:K06181
hphz:ACQ1W9_13560	ko:K00566
hphz:ACQ1W9_13565	ko:K07153
hphz:ACQ1W9_13570	ko:K01756
hphz:ACQ1W9_13575	ko:K18850
hphz:ACQ1W9_13585	ko:K01637
hphz:ACQ1W9_13605	ko:K03775
hphz:ACQ1W9_13640	ko:K00135
hphz:ACQ1W9_13685	ko:K03307
hphz:ACQ1W9_13695	ko:K06918
hphz:ACQ1W9_13715	ko:K10112
hphz:ACQ1W9_13720	ko:K17317
hphz:ACQ1W9_13725	ko:K17316
hphz:ACQ1W9_13740	ko:K02483
hphz:ACQ1W9_13745	ko:K28854
hphz:ACQ1W9_13760	ko:K00820
hphz:ACQ1W9_13765	ko:K01443
hphz:ACQ1W9_13770	ko:K24967
hphz:ACQ1W9_13775	ko:K01147
hphz:ACQ1W9_13810	ko:K01902
hphz:ACQ1W9_13815	ko:K01903
hphz:ACQ1W9_13820	ko:K00382
hphz:ACQ1W9_13825	ko:K00658
hphz:ACQ1W9_13830	ko:K00164
hphz:ACQ1W9_13835	ko:K00240
hphz:ACQ1W9_13840	ko:K00239
hphz:ACQ1W9_13845	ko:K00242
hphz:ACQ1W9_13850	ko:K00241
hphz:ACQ1W9_13855	ko:K01647
hphz:ACQ1W9_13865	ko:K14224
hphz:ACQ1W9_13870	ko:K14218
hphz:ACQ1W9_13875	ko:K01885
hphz:ACQ1W9_13905	ko:K05539
hphz:ACQ1W9_13910	ko:K06987
hphz:ACQ1W9_13930	ko:K18138
hphz:ACQ1W9_13965	ko:K00615
hphz:ACQ1W9_13970	ko:K00616
hphz:ACQ1W9_13975	ko:K00854
hphz:ACQ1W9_13980	ko:K00045
hphz:ACQ1W9_13990	ko:K21620
hphz:ACQ1W9_14000	ko:K10111
hphz:ACQ1W9_14005	ko:K10229
hphz:ACQ1W9_14010	ko:K10228
hphz:ACQ1W9_14045	ko:K28615
hphz:ACQ1W9_14255	ko:K23186
hphz:ACQ1W9_14480	ko:K01715
hphz:ACQ1W9_14510	ko:K03707
hphz:ACQ1W9_14515	ko:K03147
hphz:ACQ1W9_14525	ko:K13693
hphz:ACQ1W9_14565	ko:K00852
hphz:ACQ1W9_14585	ko:K03317
hphz:ACQ1W9_14640	ko:K07010
hphz:ACQ1W9_14665	ko:K03547
hphz:ACQ1W9_14705	ko:K01438
hphz:ACQ1W9_14720	ko:K05592
hphz:ACQ1W9_14725	ko:K09768
hphz:ACQ1W9_14735	ko:K07393
hphz:ACQ1W9_14755	ko:K02575
hphz:ACQ1W9_14765	ko:K06911
hphz:ACQ1W9_14775	ko:K06911
hphz:ACQ1W9_14785	ko:K09932
hphz:ACQ1W9_14835	ko:K01474
hphz:ACQ1W9_14860	ko:K00372
hphz:ACQ1W9_14865	ko:K07183
hphz:ACQ1W9_14880	ko:K00362
hphz:ACQ1W9_14910	ko:K07175
hphz:ACQ1W9_14915	ko:K06020
hphz:ACQ1W9_14920	ko:K02517
hphz:ACQ1W9_14925	ko:K01775
hphz:ACQ1W9_14930	ko:K03087
hphz:ACQ1W9_14950	ko:K03787
hphz:ACQ1W9_14960	ko:K01770
hphz:ACQ1W9_14985	ko:K00134
hphz:ACQ1W9_14990	ko:K01690
hphz:ACQ1W9_14995	ko:K00845
hphz:ACQ1W9_15010	ko:K01810
hphz:ACQ1W9_15015	ko:K00847
hphz:ACQ1W9_15025	ko:K05306
hphz:ACQ1W9_15060	ko:K01625
hphz:ACQ1W9_15065	ko:K01057
hphz:ACQ1W9_15070	ko:K00036
hphz:ACQ1W9_15075	ko:K19337
hphz:ACQ1W9_15085	ko:K01433
hphz:ACQ1W9_15090	ko:K00305
hphz:ACQ1W9_15095	ko:K00302
hphz:ACQ1W9_15100	ko:K00304
hphz:ACQ1W9_15105	ko:K00303
hphz:ACQ1W9_15110	ko:K00600
hphz:ACQ1W9_15180	ko:K26063
hphz:ACQ1W9_15265	ko:K07793
hphz:ACQ1W9_15310	ko:K21832
hphz:ACQ1W9_15315	ko:K00479
hphz:ACQ1W9_15365	ko:K00123
hphz:ACQ1W9_15370	ko:K22515
hphz:ACQ1W9_15375	ko:K00148
hphz:ACQ1W9_15385	ko:K03451
hphz:ACQ1W9_15410	ko:K25960
hphz:ACQ1W9_15415	ko:K21834
hphz:ACQ1W9_15420	ko:K21833
hphz:ACQ1W9_15430	ko:K01273
hphz:ACQ1W9_15435	ko:K03814
hphz:ACQ1W9_15440	ko:K21826
hphz:ACQ1W9_15450	ko:K01070
hphz:ACQ1W9_15455	ko:K00121
hphz:ACQ1W9_15530	ko:K01752
hphz:ACQ1W9_15535	ko:K03566
hphz:ACQ1W9_15545	ko:K03086
hphz:ACQ1W9_15555	ko:K02970
hphz:ACQ1W9_15560	ko:K25706
hphz:ACQ1W9_15570	ko:K01633
hphz:ACQ1W9_15590	ko:K01525
hphz:ACQ1W9_15595	ko:K06195
hphz:ACQ1W9_15600	ko:K02528
hphz:ACQ1W9_15625	ko:K00992
hphz:ACQ1W9_15630	ko:K07397
hphz:ACQ1W9_15635	ko:K06134
hphz:ACQ1W9_15640	ko:K02503
hphz:ACQ1W9_15645	ko:K28462
hphz:ACQ1W9_15655	ko:K01945
hphz:ACQ1W9_15690	ko:K05569
hphz:ACQ1W9_15695	ko:K05568
hphz:ACQ1W9_15700	ko:K05567
hphz:ACQ1W9_15715	ko:K05559
hphz:ACQ1W9_15720	ko:K05560
hphz:ACQ1W9_15725	ko:K05561
hphz:ACQ1W9_15730	ko:K05562
hphz:ACQ1W9_15735	ko:K05563
hphz:ACQ1W9_15740	ko:K05564
hphz:ACQ1W9_15745	ko:K01772
hphz:ACQ1W9_15760	ko:K02314
hphz:ACQ1W9_15765	ko:K02939
hphz:ACQ1W9_15775	ko:K02963
hphz:ACQ1W9_15780	ko:K02990
hphz:ACQ1W9_15795	ko:K01992
hphz:ACQ1W9_15805	ko:K03218
hphz:ACQ1W9_15810	ko:K12573
hphz:ACQ1W9_15815	ko:K14228
hphz:ACQ1W9_15820	ko:K14228
hphz:ACQ1W9_15825	ko:K14228
hphz:ACQ1W9_15830	ko:K14228
hphz:ACQ1W9_15850	ko:K06415
hphz:ACQ1W9_15855	ko:K09786
hphz:ACQ1W9_15860	ko:K07180
hphz:ACQ1W9_15865	ko:K00219
hphz:ACQ1W9_15870	ko:K14221
hphz:ACQ1W9_15875	ko:K14237
hphz:ACQ1W9_15880	ko:K14221
hphz:ACQ1W9_15885	ko:K14221
hphz:ACQ1W9_15890	ko:K14237
hphz:ACQ1W9_15900	ko:K00404
hphz:ACQ1W9_15905	ko:K00405
hphz:ACQ1W9_15940	ko:K09792
hphz:ACQ1W9_15955	ko:K14058
hphz:ACQ1W9_15975	ko:K14393
hphz:ACQ1W9_15995	ko:K01895
hphz:ACQ1W9_16010	ko:K06131
hphz:ACQ1W9_16020	ko:K15984
hphz:ACQ1W9_16030	ko:K00939
hphz:ACQ1W9_16035	ko:K00627
hphz:ACQ1W9_16040	ko:K00163
hphz:ACQ1W9_16045	ko:K03806
hphz:ACQ1W9_16050	ko:K00767
hphz:ACQ1W9_16060	ko:K01923
hphz:ACQ1W9_16075	ko:K01714
hphz:ACQ1W9_16080	ko:K03564
hphz:ACQ1W9_16085	ko:K03548
hphz:ACQ1W9_16090	ko:K04085
hphz:ACQ1W9_16100	ko:K03517
hphz:ACQ1W9_16105	ko:K14229
hphz:ACQ1W9_16110	ko:K14229
hphz:ACQ1W9_16115	ko:K14229
hphz:ACQ1W9_16120	ko:K06178
hphz:ACQ1W9_16130	ko:K05896
hphz:ACQ1W9_16135	ko:K19789
hphz:ACQ1W9_16150	ko:K01952
hphz:ACQ1W9_16160	ko:K11991
hphz:ACQ1W9_16165	ko:K10805
hphz:ACQ1W9_16170	ko:K14234
hphz:ACQ1W9_16480	ko:K18893
hphz:ACQ1W9_16540	ko:K07178
hphz:ACQ1W9_16570	ko:K11209
hphz:ACQ1W9_16575	ko:K09927
hphz:ACQ1W9_16625	ko:K03704
hphz:ACQ1W9_16710	ko:K00563
hphz:ACQ1W9_16715	ko:K01951
hphz:ACQ1W9_16720	ko:K00088
hphz:ACQ1W9_16740	ko:K07715
hphz:ACQ1W9_16755	ko:K14682
hphz:ACQ1W9_16760	ko:K03306
hphz:ACQ1W9_16765	ko:K07220
hphz:ACQ1W9_16775	ko:K10716
hphz:ACQ1W9_16795	ko:K09780
hphz:ACQ1W9_16830	ko:K09898
hphz:ACQ1W9_16835	ko:K01972
hphz:ACQ1W9_16860	ko:K02199
hphz:ACQ1W9_16865	ko:K02198
hphz:ACQ1W9_16870	ko:K02197
hphz:ACQ1W9_16880	ko:K02195
hphz:ACQ1W9_16885	ko:K02194
hphz:ACQ1W9_16905	ko:K20509
hphz:ACQ1W9_16910	ko:K01571
hphz:ACQ1W9_16925	ko:K14219
hphz:ACQ1W9_16930	ko:K14219
hphz:ACQ1W9_16935	ko:K14233
hphz:ACQ1W9_16940	ko:K03563
hphz:ACQ1W9_16945	ko:K00928
hphz:ACQ1W9_16950	ko:K01872
hphz:ACQ1W9_16960	ko:K03553
hphz:ACQ1W9_16965	ko:K03743
hphz:ACQ1W9_16970	ko:K03555
hphz:ACQ1W9_16975	ko:K05524
hphz:ACQ1W9_16980	ko:K01689
hphz:ACQ1W9_16985	ko:K01627
hphz:ACQ1W9_16990	ko:K01937
hphz:ACQ1W9_16995	ko:K00266
hphz:ACQ1W9_17000	ko:K00265
hphz:ACQ1W9_17005	ko:K01735
hphz:ACQ1W9_17010	ko:K00891
hphz:ACQ1W9_17045	ko:K00029
hphz:ACQ1W9_17050	ko:K02909
hphz:ACQ1W9_17065	ko:K01887
hphz:ACQ1W9_17075	ko:K01419
hphz:ACQ1W9_17080	ko:K03667
hphz:ACQ1W9_17090	ko:K03183
hphz:ACQ1W9_17100	ko:K03688
hphz:ACQ1W9_17105	ko:K01523
hphz:ACQ1W9_17110	ko:K03116
hphz:ACQ1W9_17120	ko:K03118
hphz:ACQ1W9_17130	ko:K01698
hphz:ACQ1W9_17135	ko:K00937
hphz:ACQ1W9_17160	ko:K13938
hphz:ACQ1W9_17170	ko:K03182
hphz:ACQ1W9_17175	ko:K03628
hphz:ACQ1W9_17190	ko:K01962
hphz:ACQ1W9_17195	ko:K02337
hphz:ACQ1W9_17200	ko:K03470
hphz:ACQ1W9_17205	ko:K00748
hphz:ACQ1W9_17210	ko:K00677
hphz:ACQ1W9_17215	ko:K02372
hphz:ACQ1W9_17220	ko:K02536
hphz:ACQ1W9_17235	ko:K11749
hphz:ACQ1W9_17240	ko:K00099
hphz:ACQ1W9_17250	ko:K00806
hphz:ACQ1W9_17255	ko:K02838
hphz:ACQ1W9_17260	ko:K09903
hphz:ACQ1W9_17265	ko:K02357
hphz:ACQ1W9_17270	ko:K02967
hphz:ACQ1W9_17275	ko:K01265
hphz:ACQ1W9_17280	ko:K00990
hphz:ACQ1W9_17285	ko:K14267
hphz:ACQ1W9_17295	ko:K00674
hphz:ACQ1W9_17300	ko:K01439
hphz:ACQ1W9_17320	ko:K00384
hphz:ACQ1W9_17325	ko:K03386
hphz:ACQ1W9_17335	ko:K27802
hphz:ACQ1W9_17345	ko:K00027
hphz:ACQ1W9_17350	ko:K07112
hphz:ACQ1W9_17355	ko:K01867
hphz:ACQ1W9_17360	ko:K00259
hphz:ACQ1W9_17365	ko:K07107
hphz:ACQ1W9_17375	ko:K06969
hphz:ACQ1W9_17380	ko:K10563
hphz:ACQ1W9_17385	ko:K02913
hphz:ACQ1W9_17390	ko:K02902
hphz:ACQ1W9_17395	ko:K03630
hphz:ACQ1W9_17400	ko:K13038
hphz:ACQ1W9_17405	ko:K01520
hphz:ACQ1W9_17410	ko:K15778
hphz:ACQ1W9_17415	ko:K00930
hphz:ACQ1W9_17420	ko:K05501
hphz:ACQ1W9_17425	ko:K03089
hphz:ACQ1W9_17430	ko:K09811
hphz:ACQ1W9_17435	ko:K09812
hphz:ACQ1W9_17440	ko:K03110
hphz:ACQ1W9_17465	ko:K05527
hphz:ACQ1W9_17480	ko:K04567
hphz:ACQ1W9_17485	ko:K02836
hphz:ACQ1W9_17505	ko:K07462
hphz:ACQ1W9_17510	ko:K01733
hphz:ACQ1W9_17515	ko:K00003
hphz:ACQ1W9_17525	ko:K04763
hphz:ACQ1W9_17530	ko:K02884
hphz:ACQ1W9_17535	ko:K00554
hphz:ACQ1W9_17545	ko:K02959
hphz:ACQ1W9_17550	ko:K03106
hphz:ACQ1W9_17560	ko:K03699
hphz:ACQ1W9_17590	ko:K01141
hphz:ACQ1W9_17595	ko:K03608
hphz:ACQ1W9_17600	ko:K03609
hphz:ACQ1W9_17605	ko:K03610
hphz:ACQ1W9_17615	ko:K00023
hphz:ACQ1W9_17620	ko:K14230
hphz:ACQ1W9_17635	ko:K05838
hphz:ACQ1W9_17640	ko:K14155
hphz:ACQ1W9_17665	ko:K09009
hphz:ACQ1W9_17695	ko:K09861
hphz:ACQ1W9_17715	ko:K01985
hphz:ACQ1W9_17720	ko:K01980
hphz:ACQ1W9_17725	ko:K14218
hphz:ACQ1W9_17730	ko:K14227
hphz:ACQ1W9_17735	ko:K01977
hphz:ACQ1W9_17740	ko:K01866
hphz:ACQ1W9_17755	ko:K02669
hphz:ACQ1W9_17760	ko:K06997
hphz:ACQ1W9_17765	ko:K00286
hphz:ACQ1W9_17770	ko:K02221
hphz:ACQ1W9_17775	ko:K00641
hphz:ACQ1W9_17805	ko:K06204
hphz:ACQ1W9_17810	ko:K01894
hphz:ACQ1W9_17825	ko:K07713
hphz:ACQ1W9_17830	ko:K00970
hphz:ACQ1W9_17840	ko:K00606
hphz:ACQ1W9_17850	ko:K01579
hphz:ACQ1W9_17855	ko:K00626
hphz:ACQ1W9_17885	ko:K03527
hphz:ACQ1W9_17890	ko:K03774
hphz:ACQ1W9_17900	ko:K01870
hphz:ACQ1W9_17905	ko:K11753
hphz:ACQ1W9_17910	ko:K03980
hphz:ACQ1W9_17915	ko:K02968
hphz:ACQ1W9_17920	ko:K00931
hphz:ACQ1W9_17925	ko:K03979
hphz:ACQ1W9_17930	ko:K02899
hphz:ACQ1W9_17935	ko:K02888
hphz:ACQ1W9_17940	ko:K02523
hphz:ACQ1W9_17945	ko:K14232
hphz:ACQ1W9_18075	ko:K03580
hphz:ACQ1W9_18105	ko:K01716
hphz:ACQ1W9_18110	ko:K00647
hphz:ACQ1W9_18115	ko:K00655
hphz:ACQ1W9_18120	ko:K00067
hphz:ACQ1W9_18125	ko:K03111
hphz:ACQ1W9_18135	ko:K03701
hphz:ACQ1W9_18140	ko:K02879
hphz:ACQ1W9_18145	ko:K03040
hphz:ACQ1W9_18150	ko:K02986
hphz:ACQ1W9_18155	ko:K02948
hphz:ACQ1W9_18160	ko:K02952
hphz:ACQ1W9_18165	ko:K02919
hphz:ACQ1W9_18170	ko:K03076
hphz:ACQ1W9_18175	ko:K02876
hphz:ACQ1W9_18180	ko:K02907
hphz:ACQ1W9_18185	ko:K02988
hphz:ACQ1W9_18190	ko:K02881
hphz:ACQ1W9_18195	ko:K02933
hphz:ACQ1W9_18200	ko:K02994
hphz:ACQ1W9_18205	ko:K02954
hphz:ACQ1W9_18210	ko:K02931
hphz:ACQ1W9_18215	ko:K02895
hphz:ACQ1W9_18220	ko:K02874
hphz:ACQ1W9_18225	ko:K02961
hphz:ACQ1W9_18230	ko:K02904
hphz:ACQ1W9_18235	ko:K02878
hphz:ACQ1W9_18240	ko:K02982
hphz:ACQ1W9_18245	ko:K02890
hphz:ACQ1W9_18250	ko:K02965
hphz:ACQ1W9_18255	ko:K02886
hphz:ACQ1W9_18260	ko:K02892
hphz:ACQ1W9_18265	ko:K02926
hphz:ACQ1W9_18270	ko:K02906
hphz:ACQ1W9_18275	ko:K02946
hphz:ACQ1W9_18280	ko:K02358
hphz:ACQ1W9_18285	ko:K02355
hphz:ACQ1W9_18290	ko:K02992
hphz:ACQ1W9_18295	ko:K02950
hphz:ACQ1W9_18300	ko:K03046
hphz:ACQ1W9_18305	ko:K03043
hphz:ACQ1W9_18310	ko:K02935
hphz:ACQ1W9_18315	ko:K02864
hphz:ACQ1W9_18320	ko:K02863
hphz:ACQ1W9_18325	ko:K02867
hphz:ACQ1W9_18330	ko:K02601
hphz:ACQ1W9_18335	ko:K03073
hphz:ACQ1W9_18340	ko:K14235
hphz:ACQ1W9_18345	ko:K14234
hphz:ACQ1W9_18350	ko:K14225
hphz:ACQ1W9_18355	ko:K14236
hphz:ACQ1W9_18360	ko:K03525
hphz:ACQ1W9_18370	ko:K01985
hphz:ACQ1W9_18375	ko:K01980
hphz:ACQ1W9_18380	ko:K01977
hphz:ACQ1W9_18410	ko:K05799
hphz:ACQ1W9_18420	ko:K10126
hphz:ACQ1W9_18435	ko:K03308
hphz:ACQ1W9_18440	ko:K01414
hphz:ACQ1W9_18445	ko:K07070
hphz:ACQ1W9_18450	ko:K07080
hphz:ACQ1W9_18460	ko:K00297
hphz:ACQ1W9_18485	ko:K01251
hphz:ACQ1W9_18490	ko:K00789
hphz:ACQ1W9_18495	ko:K00615
hphz:ACQ1W9_18510	ko:K03472
hphz:ACQ1W9_18515	ko:K00927
hphz:ACQ1W9_18520	ko:K01624
hphz:ACQ1W9_18545	ko:K03113
hphz:ACQ1W9_18570	ko:K05844
hphz:ACQ1W9_18575	ko:K01129
hphz:ACQ1W9_18595	ko:K07712
hphz:ACQ1W9_18600	ko:K07708
hphz:ACQ1W9_18610	ko:K01915
hphz:ACQ1W9_18620	ko:K06207
hphz:ACQ1W9_18630	ko:K01995
hphz:ACQ1W9_18635	ko:K01996
hphz:ACQ1W9_18645	ko:K01998
hphz:ACQ1W9_18705	ko:K15342
hphz:ACQ1W9_18720	ko:K02075
hphz:ACQ1W9_18730	ko:K15977
hphz:ACQ1W9_18770	ko:K01759
hphz:ACQ1W9_18795	ko:K07258
hphz:ACQ1W9_18815	ko:K27837
hphz:ACQ1W9_18820	ko:K17735
hphz:ACQ1W9_18865	ko:K17736
hphz:ACQ1W9_18920	ko:K14219
hphz:ACQ1W9_18930	ko:K03656
hphz:ACQ1W9_18935	ko:K03216
hphz:ACQ1W9_18945	ko:K00762
hphz:ACQ1W9_18950	ko:K01142
hphz:ACQ1W9_18955	ko:K00989
hphz:ACQ1W9_18985	ko:K19577
hphz:ACQ1W9_19015	ko:K03060
hphz:ACQ1W9_19020	ko:K01139
hphz:ACQ1W9_19045	ko:K04761
hphz:ACQ1W9_19050	ko:K03655
hphz:ACQ1W9_19075	ko:K03179
hphz:ACQ1W9_19080	ko:K07657
hphz:ACQ1W9_19090	ko:K06203
hphz:ACQ1W9_19095	ko:K02039
hphz:ACQ1W9_19100	ko:K02036
hphz:ACQ1W9_19120	ko:K10806
hphz:ACQ1W9_19125	ko:K11688
hphz:ACQ1W9_19130	ko:K03657
hphz:ACQ1W9_19135	ko:K19337
hphz:ACQ1W9_19145	ko:K03308
hphz:ACQ1W9_19155	ko:K00820
hphz:ACQ1W9_19165	ko:K04042
hphz:ACQ1W9_19180	ko:K06213
hphz:ACQ1W9_19190	ko:K02112
hphz:ACQ1W9_19195	ko:K02115
hphz:ACQ1W9_19200	ko:K02111
hphz:ACQ1W9_19210	ko:K02109
hphz:ACQ1W9_19215	ko:K02110
hphz:ACQ1W9_19230	ko:K03497
hphz:ACQ1W9_19235	ko:K03496
hphz:ACQ1W9_19245	ko:K03495
hphz:ACQ1W9_19255	ko:K10037
hphz:ACQ1W9_19265	ko:K15724
hphz:ACQ1W9_19270	ko:K00145
hphz:ACQ1W9_19295	ko:K01845
hphz:ACQ1W9_19305	ko:K01519
hphz:ACQ1W9_19325	ko:K03650
hphz:ACQ1W9_19335	ko:K03536
hphz:ACQ1W9_19340	ko:K02914
