hrb:Hrubri_0001	ko:K02313
hrb:Hrubri_0002	ko:K02338
hrb:Hrubri_0003	ko:K02470
hrb:Hrubri_0006	ko:K07497
hrb:Hrubri_0009	ko:K07497
hrb:Hrubri_0013	ko:K01153
hrb:Hrubri_0014	ko:K03427
hrb:Hrubri_0015	ko:K01154
hrb:Hrubri_0019	ko:K07497
hrb:Hrubri_0020	ko:K07483
hrb:Hrubri_0024	ko:K03427
hrb:Hrubri_0028	ko:K01154
hrb:Hrubri_0029	ko:K01153
hrb:Hrubri_0034	ko:K07665
hrb:Hrubri_0035	ko:K07644
hrb:Hrubri_0038	ko:K01895
hrb:Hrubri_0039	ko:K11904
hrb:Hrubri_0043	ko:K03406
hrb:Hrubri_0049	ko:K03406
hrb:Hrubri_0052	ko:K18118
hrb:Hrubri_0058	ko:K01951
hrb:Hrubri_0063	ko:K04759
hrb:Hrubri_0064	ko:K01754
hrb:Hrubri_0068	ko:K00567
hrb:Hrubri_0069	ko:K15554
hrb:Hrubri_0070	ko:K15555
hrb:Hrubri_0071	ko:K15553
hrb:Hrubri_0072	ko:K15553
hrb:Hrubri_0074	ko:K03549
hrb:Hrubri_0075	ko:K01476
hrb:Hrubri_0076	ko:K02030
hrb:Hrubri_0077	ko:K02029
hrb:Hrubri_0078	ko:K02028
hrb:Hrubri_0080	ko:K03439
hrb:Hrubri_0083	ko:K13599
hrb:Hrubri_0084	ko:K13598
hrb:Hrubri_0086	ko:K03500
hrb:Hrubri_0089	ko:K28868
hrb:Hrubri_0090	ko:K00981
hrb:Hrubri_0095	ko:K07391
hrb:Hrubri_0096	ko:K09806
hrb:Hrubri_0098	ko:K04752
hrb:Hrubri_0099	ko:K03320
hrb:Hrubri_0100	ko:K01919
hrb:Hrubri_0101	ko:K01920
hrb:Hrubri_0102	ko:K02793
hrb:Hrubri_0103	ko:K02784
hrb:Hrubri_0104	ko:K08483
hrb:Hrubri_0105	ko:K00641
hrb:Hrubri_0107	ko:K08218
hrb:Hrubri_0108	ko:K14236
hrb:Hrubri_0109	ko:K14225
hrb:Hrubri_0110	ko:K14234
hrb:Hrubri_0111	ko:K02358
hrb:Hrubri_0112	ko:K14235
hrb:Hrubri_0113	ko:K03073
hrb:Hrubri_0114	ko:K02601
hrb:Hrubri_0115	ko:K02867
hrb:Hrubri_0116	ko:K02863
hrb:Hrubri_0117	ko:K02864
hrb:Hrubri_0118	ko:K02935
hrb:Hrubri_0119	ko:K03043
hrb:Hrubri_0120	ko:K03046
hrb:Hrubri_0121	ko:K16087
hrb:Hrubri_0122	ko:K07225
hrb:Hrubri_0123	ko:K02950
hrb:Hrubri_0124	ko:K02992
hrb:Hrubri_0125	ko:K02355
hrb:Hrubri_0126	ko:K02358
hrb:Hrubri_0127	ko:K02946
hrb:Hrubri_0128	ko:K02906
hrb:Hrubri_0129	ko:K02926
hrb:Hrubri_0130	ko:K02892
hrb:Hrubri_0131	ko:K02886
hrb:Hrubri_0132	ko:K02965
hrb:Hrubri_0133	ko:K02890
hrb:Hrubri_0134	ko:K02982
hrb:Hrubri_0135	ko:K02878
hrb:Hrubri_0136	ko:K02961
hrb:Hrubri_0137	ko:K02874
hrb:Hrubri_0138	ko:K02895
hrb:Hrubri_0139	ko:K02931
hrb:Hrubri_0140	ko:K02954
hrb:Hrubri_0141	ko:K02994
hrb:Hrubri_0142	ko:K02933
hrb:Hrubri_0143	ko:K02881
hrb:Hrubri_0144	ko:K02988
hrb:Hrubri_0145	ko:K02907
hrb:Hrubri_0146	ko:K02876
hrb:Hrubri_0147	ko:K03076
hrb:Hrubri_0148	ko:K02518
hrb:Hrubri_0149	ko:K02919
hrb:Hrubri_0150	ko:K02952
hrb:Hrubri_0151	ko:K02948
hrb:Hrubri_0152	ko:K02986
hrb:Hrubri_0153	ko:K03040
hrb:Hrubri_0154	ko:K02879
hrb:Hrubri_0156	ko:K03926
hrb:Hrubri_0157	ko:K04084
hrb:Hrubri_0158	ko:K24158
hrb:Hrubri_0160	ko:K00043
hrb:Hrubri_0161	ko:K13877
hrb:Hrubri_0162	ko:K01999
hrb:Hrubri_0165	ko:K01698
hrb:Hrubri_0166	ko:K03978
hrb:Hrubri_0168	ko:K07399
hrb:Hrubri_0171	ko:K03817
hrb:Hrubri_0173	ko:K00057
hrb:Hrubri_0175	ko:K03071
hrb:Hrubri_0176	ko:K03676
hrb:Hrubri_0178	ko:K01834
hrb:Hrubri_0179	ko:K22719
hrb:Hrubri_0180	ko:K03797
hrb:Hrubri_0181	ko:K21029
hrb:Hrubri_0183	ko:K06204
hrb:Hrubri_0185	ko:K02014
hrb:Hrubri_0187	ko:K18991
hrb:Hrubri_0188	ko:K03719
hrb:Hrubri_0189	ko:K01999
hrb:Hrubri_0190	ko:K01777
hrb:Hrubri_0191	ko:K19743
hrb:Hrubri_0192	ko:K01997
hrb:Hrubri_0193	ko:K01998
hrb:Hrubri_0194	ko:K01995
hrb:Hrubri_0195	ko:K01996
hrb:Hrubri_0201	ko:K13821
hrb:Hrubri_0202	ko:K01419
hrb:Hrubri_0203	ko:K03667
hrb:Hrubri_0206	ko:K07126
hrb:Hrubri_0207	ko:K16090
hrb:Hrubri_0208	ko:K02456
hrb:Hrubri_0209	ko:K06202
hrb:Hrubri_0210	ko:K01586
hrb:Hrubri_0212	ko:K03307
hrb:Hrubri_0213	ko:K01087
hrb:Hrubri_0215	ko:K00697
hrb:Hrubri_0218	ko:K01876
hrb:Hrubri_0220	ko:K08310
hrb:Hrubri_0222	ko:K06131
hrb:Hrubri_0223	ko:K00626
hrb:Hrubri_0224	ko:K02030
hrb:Hrubri_0225	ko:K02028
hrb:Hrubri_0226	ko:K02029
hrb:Hrubri_0227	ko:K02029
hrb:Hrubri_0228	ko:K15054
hrb:Hrubri_0230	ko:K07126
hrb:Hrubri_0232	ko:K07126
hrb:Hrubri_0234	ko:K11904
hrb:Hrubri_0235	ko:K04762
hrb:Hrubri_0238	ko:K20035
hrb:Hrubri_0239	ko:K07516
hrb:Hrubri_0240	ko:K00632
hrb:Hrubri_0244	ko:K18201
hrb:Hrubri_0245	ko:K01560
hrb:Hrubri_0251	ko:K00625
hrb:Hrubri_0252	ko:K00925
hrb:Hrubri_0253	ko:K05973
hrb:Hrubri_0255	ko:K18302
hrb:Hrubri_0256	ko:K18303
hrb:Hrubri_0258	ko:K02026
hrb:Hrubri_0259	ko:K02025
hrb:Hrubri_0260	ko:K02027
hrb:Hrubri_0261	ko:K12308
hrb:Hrubri_0262	ko:K10111
hrb:Hrubri_0268	ko:K01826
hrb:Hrubri_0269	ko:K22589
hrb:Hrubri_0272	ko:K03561
hrb:Hrubri_0273	ko:K02014
hrb:Hrubri_0274	ko:K03832
hrb:Hrubri_0275	ko:K03559
hrb:Hrubri_0278	ko:K04046
hrb:Hrubri_0280	ko:K01768
hrb:Hrubri_0287	ko:K03321
hrb:Hrubri_0288	ko:K09983
hrb:Hrubri_0289	ko:K18903
hrb:Hrubri_0290	ko:K18902
hrb:Hrubri_0291	ko:K18901
hrb:Hrubri_0293	ko:K18900
hrb:Hrubri_0296	ko:K19092
hrb:Hrubri_0297	ko:K07746
hrb:Hrubri_0298	ko:K02510
hrb:Hrubri_0299	ko:K00285
hrb:Hrubri_0301	ko:K03530
hrb:Hrubri_0302	ko:K03925
hrb:Hrubri_0303	ko:K03438
hrb:Hrubri_0304	ko:K03586
hrb:Hrubri_0305	ko:K03587
hrb:Hrubri_0306	ko:K01928
hrb:Hrubri_0307	ko:K01929
hrb:Hrubri_0308	ko:K01000
hrb:Hrubri_0309	ko:K01925
hrb:Hrubri_0310	ko:K03588
hrb:Hrubri_0311	ko:K02563
hrb:Hrubri_0312	ko:K01924
hrb:Hrubri_0313	ko:K01921
hrb:Hrubri_0314	ko:K03589
hrb:Hrubri_0315	ko:K03590
hrb:Hrubri_0316	ko:K03531
hrb:Hrubri_0317	ko:K24138
hrb:Hrubri_0318	ko:K02535
hrb:Hrubri_0319	ko:K07812
hrb:Hrubri_0322	ko:K03070
hrb:Hrubri_0324	ko:K00620
hrb:Hrubri_0325	ko:K06923
hrb:Hrubri_0326	ko:K03574
hrb:Hrubri_0327	ko:K09862
hrb:Hrubri_0328	ko:K18778
hrb:Hrubri_0329	ko:K00859
hrb:Hrubri_0330	ko:K02654
hrb:Hrubri_0331	ko:K02653
hrb:Hrubri_0332	ko:K02652
hrb:Hrubri_0333	ko:K03699
hrb:Hrubri_0334	ko:K02518
hrb:Hrubri_0342	ko:K14232
hrb:Hrubri_0343	ko:K02523
hrb:Hrubri_0344	ko:K02888
hrb:Hrubri_0345	ko:K02899
hrb:Hrubri_0346	ko:K03979
hrb:Hrubri_0347	ko:K00931
hrb:Hrubri_0349	ko:K08311
hrb:Hrubri_0350	ko:K01881
hrb:Hrubri_0353	ko:K03106
hrb:Hrubri_0354	ko:K02051
hrb:Hrubri_0355	ko:K02050
hrb:Hrubri_0356	ko:K02049
hrb:Hrubri_0358	ko:K06950
hrb:Hrubri_0359	ko:K03806
hrb:Hrubri_0360	ko:K00525
hrb:Hrubri_0361	ko:K00526
hrb:Hrubri_0363	ko:K02221
hrb:Hrubri_0364	ko:K03564
hrb:Hrubri_0365	ko:K00856
hrb:Hrubri_0367	ko:K02687
hrb:Hrubri_0368	ko:K01961
hrb:Hrubri_0369	ko:K02160
hrb:Hrubri_0370	ko:K03786
hrb:Hrubri_0374	ko:K03406
hrb:Hrubri_0376	ko:K02558
hrb:Hrubri_0377	ko:K07000
hrb:Hrubri_0378	ko:K03181
hrb:Hrubri_0379	ko:K01147
hrb:Hrubri_0380	ko:K03832
hrb:Hrubri_0381	ko:K00014
hrb:Hrubri_0382	ko:K03814
hrb:Hrubri_0383	ko:K03284
hrb:Hrubri_0384	ko:K06077
hrb:Hrubri_0385	ko:K09001
hrb:Hrubri_0387	ko:K01866
hrb:Hrubri_0388	ko:K07560
hrb:Hrubri_0390	ko:K15634
hrb:Hrubri_0391	ko:K15773
hrb:Hrubri_0392	ko:K07154
hrb:Hrubri_0393	ko:K05540
hrb:Hrubri_0394	ko:K03557
hrb:Hrubri_0395	ko:K00602
hrb:Hrubri_0399	ko:K22491
hrb:Hrubri_0400	ko:K01669
hrb:Hrubri_0402	ko:K01159
hrb:Hrubri_0403	ko:K09781
hrb:Hrubri_0404	ko:K03550
hrb:Hrubri_0405	ko:K03551
hrb:Hrubri_0406	ko:K02554
hrb:Hrubri_0407	ko:K09768
hrb:Hrubri_0409	ko:K01873
hrb:Hrubri_0410	ko:K03147
hrb:Hrubri_0411	ko:K03154
hrb:Hrubri_0412	ko:K03149
hrb:Hrubri_0413	ko:K00941
hrb:Hrubri_0414	ko:K00788
hrb:Hrubri_0415	ko:K04047
hrb:Hrubri_0417	ko:K04093
hrb:Hrubri_0418	ko:K03657
hrb:Hrubri_0420	ko:K15125
hrb:Hrubri_0424	ko:K00847
hrb:Hrubri_0426	ko:K10227
hrb:Hrubri_0427	ko:K10228
hrb:Hrubri_0428	ko:K10229
hrb:Hrubri_0430	ko:K10111
hrb:Hrubri_0431	ko:K00007
hrb:Hrubri_0432	ko:K00854
hrb:Hrubri_0433	ko:K03776
hrb:Hrubri_0435	ko:K02204
hrb:Hrubri_0439	ko:K02335
hrb:Hrubri_0440	ko:K03406
hrb:Hrubri_0441	ko:K01061
hrb:Hrubri_0443	ko:K02051
hrb:Hrubri_0446	ko:K02049
hrb:Hrubri_0447	ko:K02050
hrb:Hrubri_0449	ko:K07735
hrb:Hrubri_0450	ko:K07447
hrb:Hrubri_0451	ko:K02825
hrb:Hrubri_0452	ko:K00609
hrb:Hrubri_0453	ko:K01465
hrb:Hrubri_0454	ko:K00655
hrb:Hrubri_0455	ko:K01525
hrb:Hrubri_0456	ko:K09690
hrb:Hrubri_0457	ko:K09691
hrb:Hrubri_0460	ko:K00721
hrb:Hrubri_0461	ko:K01791
hrb:Hrubri_0463	ko:K07027
hrb:Hrubri_0464	ko:K01711
hrb:Hrubri_0465	ko:K02377
hrb:Hrubri_0469	ko:K24300
hrb:Hrubri_0470	ko:K15778
hrb:Hrubri_0471	ko:K02841
hrb:Hrubri_0473	ko:K02527
hrb:Hrubri_0474	ko:K24310
hrb:Hrubri_0475	ko:K01977
hrb:Hrubri_0476	ko:K14227
hrb:Hrubri_0477	ko:K14218
hrb:Hrubri_0478	ko:K01980
hrb:Hrubri_0479	ko:K01985
hrb:Hrubri_0480	ko:K18139
hrb:Hrubri_0481	ko:K18138
hrb:Hrubri_0482	ko:K03585
hrb:Hrubri_0483	ko:K03577
hrb:Hrubri_0485	ko:K00573
hrb:Hrubri_0487	ko:K06940
hrb:Hrubri_0488	ko:K00537
hrb:Hrubri_0489	ko:K06153
hrb:Hrubri_0490	ko:K06153
hrb:Hrubri_0491	ko:K03654
hrb:Hrubri_0492	ko:K03439
hrb:Hrubri_0493	ko:K14225
hrb:Hrubri_0500	ko:K03704
hrb:Hrubri_0501	ko:K06997
hrb:Hrubri_0503	ko:K01951
hrb:Hrubri_0504	ko:K03776
hrb:Hrubri_0506	ko:K16904
hrb:Hrubri_0512	ko:K06996
hrb:Hrubri_0513	ko:K14347
hrb:Hrubri_0516	ko:K09749
hrb:Hrubri_0519	ko:K23242
hrb:Hrubri_0520	ko:K01687
hrb:Hrubri_0522	ko:K08234
hrb:Hrubri_0524	ko:K08169
hrb:Hrubri_0525	ko:K03406
hrb:Hrubri_0526	ko:K02049
hrb:Hrubri_0527	ko:K02050
hrb:Hrubri_0528	ko:K18842
hrb:Hrubri_0531	ko:K05712
hrb:Hrubri_0538	ko:K07217
hrb:Hrubri_0540	ko:K06884
hrb:Hrubri_0543	ko:K03406
hrb:Hrubri_0548	ko:K07483
hrb:Hrubri_0549	ko:K07497
hrb:Hrubri_0552	ko:K03320
hrb:Hrubri_0553	ko:K01113
hrb:Hrubri_0556	ko:K15777
hrb:Hrubri_0557	ko:K15977
hrb:Hrubri_0558	ko:K25137
hrb:Hrubri_0560	ko:K08973
hrb:Hrubri_0561	ko:K00147
hrb:Hrubri_0562	ko:K02340
hrb:Hrubri_0563	ko:K03643
hrb:Hrubri_0564	ko:K01869
hrb:Hrubri_0567	ko:K02055
hrb:Hrubri_0568	ko:K02053
hrb:Hrubri_0569	ko:K02053
hrb:Hrubri_0570	ko:K02052
hrb:Hrubri_0571	ko:K03651
hrb:Hrubri_0573	ko:K03559
hrb:Hrubri_0574	ko:K03561
hrb:Hrubri_0575	ko:K00215
hrb:Hrubri_0576	ko:K06186
hrb:Hrubri_0577	ko:K03711
hrb:Hrubri_0578	ko:K03705
hrb:Hrubri_0579	ko:K20862
hrb:Hrubri_0580	ko:K00858
hrb:Hrubri_0581	ko:K03631
hrb:Hrubri_0582	ko:K01772
hrb:Hrubri_0584	ko:K03687
hrb:Hrubri_0585	ko:K04043
hrb:Hrubri_0586	ko:K03686
hrb:Hrubri_0587	ko:K00606
hrb:Hrubri_0588	ko:K03406
hrb:Hrubri_0589	ko:K03413
hrb:Hrubri_0591	ko:K03407
hrb:Hrubri_0592	ko:K03406
hrb:Hrubri_0593	ko:K03408
hrb:Hrubri_0594	ko:K00575
hrb:Hrubri_0595	ko:K03412
hrb:Hrubri_0597	ko:K00950
hrb:Hrubri_0598	ko:K00970
hrb:Hrubri_0599	ko:K28842
hrb:Hrubri_0600	ko:K10763
hrb:Hrubri_0602	ko:K01933
hrb:Hrubri_0604	ko:K07395
hrb:Hrubri_0608	ko:K00799
hrb:Hrubri_0609	ko:K05973
hrb:Hrubri_0613	ko:K14393
hrb:Hrubri_0615	ko:K02483
hrb:Hrubri_0618	ko:K15554
hrb:Hrubri_0619	ko:K15553
hrb:Hrubri_0622	ko:K03553
hrb:Hrubri_0623	ko:K03565
hrb:Hrubri_0625	ko:K01903
hrb:Hrubri_0626	ko:K01902
hrb:Hrubri_0628	ko:K02650
hrb:Hrubri_0629	ko:K03637
hrb:Hrubri_0630	ko:K01423
hrb:Hrubri_0632	ko:K07019
hrb:Hrubri_0635	ko:K00826
hrb:Hrubri_0636	ko:K00927
hrb:Hrubri_0637	ko:K00873
hrb:Hrubri_0638	ko:K01624
hrb:Hrubri_0639	ko:K01923
hrb:Hrubri_0640	ko:K01588
hrb:Hrubri_0641	ko:K01589
hrb:Hrubri_0642	ko:K07566
hrb:Hrubri_0643	ko:K07275
hrb:Hrubri_0645	ko:K07304
hrb:Hrubri_0646	ko:K00574
hrb:Hrubri_0647	ko:K00275
hrb:Hrubri_0651	ko:K01756
hrb:Hrubri_0653	ko:K03594
hrb:Hrubri_0654	ko:K03559
hrb:Hrubri_0655	ko:K03561
hrb:Hrubri_0656	ko:K03832
hrb:Hrubri_0657	ko:K02192
hrb:Hrubri_0660	ko:K00566
hrb:Hrubri_0662	ko:K00324
hrb:Hrubri_0663	ko:K01579
hrb:Hrubri_0664	ko:K00324
hrb:Hrubri_0665	ko:K00325
hrb:Hrubri_0666	ko:K00761
hrb:Hrubri_0667	ko:K03185
hrb:Hrubri_0668	ko:K01262
hrb:Hrubri_0669	ko:K00992
hrb:Hrubri_0670	ko:K07102
hrb:Hrubri_0671	ko:K04744
hrb:Hrubri_0672	ko:K03771
hrb:Hrubri_0674	ko:K00097
hrb:Hrubri_0675	ko:K02528
hrb:Hrubri_0678	ko:K01759
hrb:Hrubri_0680	ko:K03281
hrb:Hrubri_0681	ko:K02014
hrb:Hrubri_0683	ko:K00655
hrb:Hrubri_0684	ko:K03273
hrb:Hrubri_0685	ko:K01879
hrb:Hrubri_0686	ko:K01878
hrb:Hrubri_0687	ko:K03820
hrb:Hrubri_0688	ko:K06189
hrb:Hrubri_0689	ko:K07042
hrb:Hrubri_0690	ko:K06217
hrb:Hrubri_0691	ko:K06168
hrb:Hrubri_0695	ko:K10439
hrb:Hrubri_0696	ko:K10441
hrb:Hrubri_0697	ko:K10440
hrb:Hrubri_0698	ko:K29027
hrb:Hrubri_0700	ko:K14230
hrb:Hrubri_0701	ko:K00791
hrb:Hrubri_0702	ko:K03572
hrb:Hrubri_0703	ko:K03406
hrb:Hrubri_0705	ko:K03975
hrb:Hrubri_0706	ko:K01448
hrb:Hrubri_0707	ko:K06925
hrb:Hrubri_0708	ko:K18979
hrb:Hrubri_0709	ko:K13936
hrb:Hrubri_0710	ko:K11712
hrb:Hrubri_0711	ko:K11711
hrb:Hrubri_0712	ko:K11688
hrb:Hrubri_0713	ko:K11689
hrb:Hrubri_0714	ko:K11690
hrb:Hrubri_0715	ko:K00567
hrb:Hrubri_0716	ko:K04763
hrb:Hrubri_0718	ko:K08591
hrb:Hrubri_0719	ko:K25706
hrb:Hrubri_0723	ko:K21023
hrb:Hrubri_0724	ko:K26939
hrb:Hrubri_0726	ko:K02909
hrb:Hrubri_0727	ko:K03628
hrb:Hrubri_0728	ko:K03671
hrb:Hrubri_0729	ko:K16899
hrb:Hrubri_0730	ko:K16898
hrb:Hrubri_0732	ko:K06048
hrb:Hrubri_0734	ko:K02970
hrb:Hrubri_0735	ko:K09117
hrb:Hrubri_0736	ko:K02316
hrb:Hrubri_0738	ko:K03086
hrb:Hrubri_0739	ko:K14230
hrb:Hrubri_0741	ko:K01426
hrb:Hrubri_0751	ko:K02014
hrb:Hrubri_0753	ko:K00299
hrb:Hrubri_0754	ko:K17228
hrb:Hrubri_0755	ko:K01995
hrb:Hrubri_0756	ko:K01997
hrb:Hrubri_0757	ko:K01998
hrb:Hrubri_0758	ko:K01999
hrb:Hrubri_0760	ko:K01996
hrb:Hrubri_0761	ko:K03319
hrb:Hrubri_0762	ko:K13953
hrb:Hrubri_0763	ko:K02444
hrb:Hrubri_0764	ko:K00111
hrb:Hrubri_0765	ko:K17324
hrb:Hrubri_0766	ko:K17325
hrb:Hrubri_0767	ko:K17322
hrb:Hrubri_0768	ko:K17323
hrb:Hrubri_0770	ko:K17321
hrb:Hrubri_0771	ko:K00864
hrb:Hrubri_0774	ko:K08223
hrb:Hrubri_0776	ko:K01607
hrb:Hrubri_0778	ko:K09456
hrb:Hrubri_0780	ko:K12339
hrb:Hrubri_0782	ko:K09941
hrb:Hrubri_0785	ko:K02014
hrb:Hrubri_0786	ko:K08305
hrb:Hrubri_0789	ko:K08166
hrb:Hrubri_0790	ko:K14540
hrb:Hrubri_0791	ko:K02073
hrb:Hrubri_0792	ko:K02072
hrb:Hrubri_0793	ko:K02071
hrb:Hrubri_0795	ko:K04077
hrb:Hrubri_0796	ko:K04078
hrb:Hrubri_0797	ko:K14063
hrb:Hrubri_0798	ko:K19823
hrb:Hrubri_0801	ko:K01999
hrb:Hrubri_0802	ko:K14657
hrb:Hrubri_0804	ko:K26184
hrb:Hrubri_0805	ko:K26181
hrb:Hrubri_0806	ko:K26179
hrb:Hrubri_0807	ko:K26180
hrb:Hrubri_0810	ko:K26182
hrb:Hrubri_0811	ko:K26185
hrb:Hrubri_0812	ko:K26183
hrb:Hrubri_0814	ko:K02057
hrb:Hrubri_0815	ko:K02056
hrb:Hrubri_0816	ko:K02058
hrb:Hrubri_0817	ko:K02057
hrb:Hrubri_0818	ko:K00852
hrb:Hrubri_0819	ko:K02431
hrb:Hrubri_0820	ko:K00128
hrb:Hrubri_0821	ko:K01619
hrb:Hrubri_0822	ko:K11534
hrb:Hrubri_0823	ko:K01265
hrb:Hrubri_0824	ko:K15269
hrb:Hrubri_0827	ko:K01684
hrb:Hrubri_0828	ko:K01631
hrb:Hrubri_0829	ko:K00883
hrb:Hrubri_0830	ko:K01785
hrb:Hrubri_0831	ko:K23508
hrb:Hrubri_0832	ko:K10820
hrb:Hrubri_0833	ko:K23509
hrb:Hrubri_0834	ko:K23509
hrb:Hrubri_0835	ko:K10546
hrb:Hrubri_0836	ko:K10548
hrb:Hrubri_0837	ko:K10547
hrb:Hrubri_0838	ko:K13875
hrb:Hrubri_0839	ko:K22185
hrb:Hrubri_0843	ko:K13874
hrb:Hrubri_0845	ko:K18334
hrb:Hrubri_0846	ko:K18333
hrb:Hrubri_0847	ko:K29028
hrb:Hrubri_0848	ko:K10441
hrb:Hrubri_0849	ko:K10440
hrb:Hrubri_0850	ko:K10439
hrb:Hrubri_0851	ko:K07046
hrb:Hrubri_0853	ko:K06954
hrb:Hrubri_0854	ko:K09701
hrb:Hrubri_0855	ko:K00574
hrb:Hrubri_0859	ko:K07507
hrb:Hrubri_0861	ko:K10439
hrb:Hrubri_0862	ko:K10441
hrb:Hrubri_0863	ko:K10440
hrb:Hrubri_0864	ko:K00039
hrb:Hrubri_0865	ko:K00875
hrb:Hrubri_0867	ko:K04062
hrb:Hrubri_0868	ko:K00641
hrb:Hrubri_0871	ko:K02014
hrb:Hrubri_0872	ko:K07165
hrb:Hrubri_0873	ko:K23514
hrb:Hrubri_0877	ko:K00135
hrb:Hrubri_0878	ko:K02053
hrb:Hrubri_0879	ko:K02054
hrb:Hrubri_0880	ko:K02055
hrb:Hrubri_0881	ko:K02052
hrb:Hrubri_0882	ko:K00823
hrb:Hrubri_0883	ko:K00375
hrb:Hrubri_0884	ko:K00609
hrb:Hrubri_0886	ko:K03699
hrb:Hrubri_0887	ko:K07039
hrb:Hrubri_0890	ko:K00681
hrb:Hrubri_0891	ko:K06145
hrb:Hrubri_0892	ko:K03299
hrb:Hrubri_0893	ko:K25031
hrb:Hrubri_0894	ko:K00046
hrb:Hrubri_0895	ko:K00098
hrb:Hrubri_0896	ko:K03406
hrb:Hrubri_0897	ko:K23271
hrb:Hrubri_0898	ko:K05879
hrb:Hrubri_0899	ko:K05878
hrb:Hrubri_0901	ko:K17205
hrb:Hrubri_0902	ko:K17206
hrb:Hrubri_0903	ko:K17207
hrb:Hrubri_0904	ko:K01808
hrb:Hrubri_0906	ko:K00616
hrb:Hrubri_0907	ko:K19337
hrb:Hrubri_0908	ko:K00036
hrb:Hrubri_0909	ko:K01810
hrb:Hrubri_0910	ko:K01690
hrb:Hrubri_0911	ko:K01625
hrb:Hrubri_0915	ko:K13292
hrb:Hrubri_0917	ko:K08738
hrb:Hrubri_0919	ko:K06131
hrb:Hrubri_0920	ko:K00380
hrb:Hrubri_0923	ko:K08195
hrb:Hrubri_0924	ko:K00451
hrb:Hrubri_0925	ko:K01555
hrb:Hrubri_0926	ko:K01800
hrb:Hrubri_0928	ko:K02407
hrb:Hrubri_0930	ko:K16871
hrb:Hrubri_0932	ko:K00135
hrb:Hrubri_0934	ko:K12972
hrb:Hrubri_0936	ko:K01560
hrb:Hrubri_0937	ko:K02035
hrb:Hrubri_0938	ko:K02033
hrb:Hrubri_0939	ko:K02034
hrb:Hrubri_0940	ko:K02031
hrb:Hrubri_0940	ko:K02032
hrb:Hrubri_0944	ko:K09022
hrb:Hrubri_0945	ko:K00128
hrb:Hrubri_0949	ko:K03406
hrb:Hrubri_0950	ko:K00029
hrb:Hrubri_0951	ko:K02484
hrb:Hrubri_0952	ko:K02483
hrb:Hrubri_0953	ko:K02014
hrb:Hrubri_0954	ko:K03561
hrb:Hrubri_0955	ko:K03559
hrb:Hrubri_0956	ko:K03832
hrb:Hrubri_0957	ko:K09474
hrb:Hrubri_0958	ko:K09945
hrb:Hrubri_0963	ko:K06222
hrb:Hrubri_0964	ko:K06145
hrb:Hrubri_0965	ko:K01706
hrb:Hrubri_0970	ko:K07397
hrb:Hrubri_0972	ko:K04564
hrb:Hrubri_0973	ko:K03601
hrb:Hrubri_0974	ko:K03561
hrb:Hrubri_0975	ko:K03559
hrb:Hrubri_0976	ko:K00912
hrb:Hrubri_0977	ko:K09791
hrb:Hrubri_0978	ko:K00979
hrb:Hrubri_0979	ko:K00939
hrb:Hrubri_0980	ko:K15987
hrb:Hrubri_0981	ko:K07001
hrb:Hrubri_0982	ko:K01167
hrb:Hrubri_0984	ko:K11175
hrb:Hrubri_0985	ko:K03500
hrb:Hrubri_0988	ko:K00507
hrb:Hrubri_0989	ko:K02913
hrb:Hrubri_0990	ko:K02902
hrb:Hrubri_0991	ko:K03630
hrb:Hrubri_0992	ko:K03774
hrb:Hrubri_0993	ko:K03527
hrb:Hrubri_0994	ko:K01997
hrb:Hrubri_0995	ko:K01998
hrb:Hrubri_0996	ko:K01995
hrb:Hrubri_0997	ko:K01996
hrb:Hrubri_1002	ko:K03594
hrb:Hrubri_1011	ko:K04062
hrb:Hrubri_1014	ko:K15576
hrb:Hrubri_1015	ko:K15577
hrb:Hrubri_1016	ko:K15578
hrb:Hrubri_1022	ko:K14348
hrb:Hrubri_1023	ko:K29125
hrb:Hrubri_1025	ko:K07126
hrb:Hrubri_1029	ko:K07497
hrb:Hrubri_1030	ko:K07483
hrb:Hrubri_1031	ko:K14229
hrb:Hrubri_1033	ko:K03640
hrb:Hrubri_1034	ko:K03641
hrb:Hrubri_1035	ko:K03646
hrb:Hrubri_1036	ko:K03560
hrb:Hrubri_1037	ko:K03562
hrb:Hrubri_1038	ko:K07107
hrb:Hrubri_1039	ko:K16066
hrb:Hrubri_1040	ko:K00600
hrb:Hrubri_1041	ko:K07738
hrb:Hrubri_1042	ko:K09888
hrb:Hrubri_1043	ko:K05812
hrb:Hrubri_1044	ko:K03655
hrb:Hrubri_1045	ko:K07568
hrb:Hrubri_1046	ko:K00773
hrb:Hrubri_1047	ko:K20975
hrb:Hrubri_1050	ko:K13815
hrb:Hrubri_1052	ko:K07240
hrb:Hrubri_1053	ko:K03210
hrb:Hrubri_1054	ko:K03072
hrb:Hrubri_1055	ko:K03074
hrb:Hrubri_1056	ko:K22132
hrb:Hrubri_1059	ko:K03782
hrb:Hrubri_1062	ko:K00019
hrb:Hrubri_1063	ko:K22310
hrb:Hrubri_1065	ko:K27597
hrb:Hrubri_1066	ko:K03406
hrb:Hrubri_1067	ko:K03406
hrb:Hrubri_1068	ko:K05874
hrb:Hrubri_1069	ko:K08296
hrb:Hrubri_1070	ko:K00937
hrb:Hrubri_1071	ko:K02040
hrb:Hrubri_1072	ko:K02037
hrb:Hrubri_1073	ko:K02038
hrb:Hrubri_1074	ko:K02036
hrb:Hrubri_1075	ko:K02039
hrb:Hrubri_1076	ko:K07657
hrb:Hrubri_1077	ko:K07636
hrb:Hrubri_1078	ko:K03406
hrb:Hrubri_1079	ko:K21883
hrb:Hrubri_1080	ko:K18336
hrb:Hrubri_1082	ko:K01576
hrb:Hrubri_1083	ko:K15054
hrb:Hrubri_1084	ko:K01781
hrb:Hrubri_1085	ko:K00141
hrb:Hrubri_1088	ko:K07483
hrb:Hrubri_1089	ko:K07497
hrb:Hrubri_1093	ko:K05549
hrb:Hrubri_1094	ko:K05550
hrb:Hrubri_1097	ko:K01501
hrb:Hrubri_1098	ko:K07497
hrb:Hrubri_1100	ko:K26064
hrb:Hrubri_1104	ko:K07497
hrb:Hrubri_1108	ko:K15736
hrb:Hrubri_1110	ko:K11904
hrb:Hrubri_1115	ko:K10844
hrb:Hrubri_1117	ko:K00694
hrb:Hrubri_1118	ko:K20541
hrb:Hrubri_1119	ko:K20542
hrb:Hrubri_1120	ko:K20543
hrb:Hrubri_1122	ko:K19296
hrb:Hrubri_1123	ko:K19294
hrb:Hrubri_1124	ko:K19295
hrb:Hrubri_1129	ko:K01055
hrb:Hrubri_1130	ko:K03464
hrb:Hrubri_1131	ko:K21757
hrb:Hrubri_1132	ko:K01856
hrb:Hrubri_1133	ko:K03381
hrb:Hrubri_1134	ko:K05549
hrb:Hrubri_1135	ko:K05550
hrb:Hrubri_1136	ko:K05784
hrb:Hrubri_1137	ko:K05783
hrb:Hrubri_1139	ko:K05548
hrb:Hrubri_1140	ko:K05782
hrb:Hrubri_1147	ko:K03406
hrb:Hrubri_1149	ko:K00484
hrb:Hrubri_1153	ko:K01426
hrb:Hrubri_1157	ko:K22027
hrb:Hrubri_1159	ko:K00059
hrb:Hrubri_1160	ko:K01999
hrb:Hrubri_1161	ko:K01997
hrb:Hrubri_1162	ko:K01995
hrb:Hrubri_1162	ko:K01998
hrb:Hrubri_1163	ko:K01996
hrb:Hrubri_1164	ko:K00077
hrb:Hrubri_1169	ko:K11904
hrb:Hrubri_1171	ko:K03585
hrb:Hrubri_1172	ko:K18138
hrb:Hrubri_1173	ko:K18139
hrb:Hrubri_1174	ko:K03577
hrb:Hrubri_1176	ko:K01426
hrb:Hrubri_1178	ko:K19746
hrb:Hrubri_1180	ko:K03406
hrb:Hrubri_1181	ko:K22491
hrb:Hrubri_1182	ko:K03406
hrb:Hrubri_1186	ko:K20971
hrb:Hrubri_1188	ko:K02483
hrb:Hrubri_1189	ko:K13876
hrb:Hrubri_1191	ko:K22104
hrb:Hrubri_1195	ko:K07001
hrb:Hrubri_1197	ko:K11477
hrb:Hrubri_1198	ko:K01956
hrb:Hrubri_1199	ko:K01955
hrb:Hrubri_1200	ko:K03624
hrb:Hrubri_1201	ko:K07574
hrb:Hrubri_1202	ko:K02427
hrb:Hrubri_1203	ko:K03798
hrb:Hrubri_1204	ko:K00796
hrb:Hrubri_1205	ko:K03431
hrb:Hrubri_1206	ko:K07657
hrb:Hrubri_1209	ko:K05366
hrb:Hrubri_1210	ko:K15738
hrb:Hrubri_1212	ko:K03980
hrb:Hrubri_1213	ko:K02968
hrb:Hrubri_1214	ko:K09005
hrb:Hrubri_1215	ko:K06181
hrb:Hrubri_1216	ko:K00031
hrb:Hrubri_1217	ko:K03704
hrb:Hrubri_1218	ko:K06891
hrb:Hrubri_1219	ko:K03694
hrb:Hrubri_1221	ko:K01520
hrb:Hrubri_1222	ko:K13038
hrb:Hrubri_1223	ko:K03101
hrb:Hrubri_1224	ko:K01870
hrb:Hrubri_1225	ko:K11753
hrb:Hrubri_1228	ko:K28691
hrb:Hrubri_1229	ko:K23537
hrb:Hrubri_1230	ko:K23359
hrb:Hrubri_1231	ko:K23536
hrb:Hrubri_1232	ko:K23535
hrb:Hrubri_1233	ko:K07335
hrb:Hrubri_1234	ko:K02049
hrb:Hrubri_1235	ko:K02050
hrb:Hrubri_1236	ko:K02051
hrb:Hrubri_1237	ko:K01457
hrb:Hrubri_1238	ko:K09761
hrb:Hrubri_1239	ko:K00615
hrb:Hrubri_1241	ko:K00134
hrb:Hrubri_1244	ko:K00982
hrb:Hrubri_1246	ko:K11206
hrb:Hrubri_1247	ko:K03568
hrb:Hrubri_1248	ko:K01626
hrb:Hrubri_1249	ko:K09767
hrb:Hrubri_1250	ko:K00075
hrb:Hrubri_1251	ko:K09913
hrb:Hrubri_1252	ko:K01940
hrb:Hrubri_1253	ko:K00611
hrb:Hrubri_1254	ko:K02014
hrb:Hrubri_1255	ko:K06949
hrb:Hrubri_1256	ko:K01724
hrb:Hrubri_1257	ko:K06013
hrb:Hrubri_1258	ko:K13288
hrb:Hrubri_1259	ko:K07039
hrb:Hrubri_1261	ko:K03406
hrb:Hrubri_1262	ko:K01246
hrb:Hrubri_1263	ko:K03466
hrb:Hrubri_1265	ko:K00135
hrb:Hrubri_1266	ko:K07058
hrb:Hrubri_1269	ko:K12979
hrb:Hrubri_1270	ko:K00285
hrb:Hrubri_1272	ko:K02339
hrb:Hrubri_1275	ko:K01414
hrb:Hrubri_1276	ko:K01491
hrb:Hrubri_1277	ko:K01919
hrb:Hrubri_1278	ko:K00163
hrb:Hrubri_1279	ko:K00627
hrb:Hrubri_1280	ko:K00382
hrb:Hrubri_1286	ko:K01714
hrb:Hrubri_1287	ko:K00059
hrb:Hrubri_1288	ko:K01464
hrb:Hrubri_1289	ko:K01459
hrb:Hrubri_1290	ko:K02030
hrb:Hrubri_1291	ko:K02028
hrb:Hrubri_1293	ko:K02029
hrb:Hrubri_1294	ko:K02049
hrb:Hrubri_1295	ko:K02051
hrb:Hrubri_1296	ko:K02050
hrb:Hrubri_1302	ko:K01652
hrb:Hrubri_1303	ko:K06989
hrb:Hrubri_1309	ko:K21607
hrb:Hrubri_1311	ko:K03406
hrb:Hrubri_1312	ko:K03288
hrb:Hrubri_1313	ko:K02020
hrb:Hrubri_1317	ko:K14228
hrb:Hrubri_1320	ko:K07246
hrb:Hrubri_1321	ko:K01792
hrb:Hrubri_1322	ko:K16135
hrb:Hrubri_1326	ko:K00127
hrb:Hrubri_1327	ko:K00124
hrb:Hrubri_1328	ko:K00123
hrb:Hrubri_1329	ko:K02379
hrb:Hrubri_1330	ko:K00126
hrb:Hrubri_1337	ko:K02049
hrb:Hrubri_1339	ko:K22027
hrb:Hrubri_1341	ko:K02014
hrb:Hrubri_1342	ko:K02525
hrb:Hrubri_1343	ko:K02030
hrb:Hrubri_1344	ko:K02029
hrb:Hrubri_1345	ko:K02029
hrb:Hrubri_1346	ko:K02028
hrb:Hrubri_1348	ko:K00874
hrb:Hrubri_1349	ko:K00090
hrb:Hrubri_1350	ko:K03521
hrb:Hrubri_1351	ko:K03522
hrb:Hrubri_1352	ko:K20035
hrb:Hrubri_1354	ko:K02959
hrb:Hrubri_1355	ko:K02860
hrb:Hrubri_1356	ko:K00554
hrb:Hrubri_1357	ko:K02884
hrb:Hrubri_1359	ko:K02227
hrb:Hrubri_1361	ko:K01679
hrb:Hrubri_1364	ko:K01867
hrb:Hrubri_1366	ko:K02483
hrb:Hrubri_1368	ko:K07799
hrb:Hrubri_1369	ko:K07788
hrb:Hrubri_1370	ko:K07789
hrb:Hrubri_1371	ko:K18139
hrb:Hrubri_1372	ko:K03342
hrb:Hrubri_1375	ko:K03284
hrb:Hrubri_1376	ko:K02014
hrb:Hrubri_1377	ko:K02035
hrb:Hrubri_1378	ko:K02033
hrb:Hrubri_1379	ko:K02034
hrb:Hrubri_1380	ko:K02031
hrb:Hrubri_1380	ko:K02032
hrb:Hrubri_1383	ko:K09800
hrb:Hrubri_1384	ko:K07278
hrb:Hrubri_1385	ko:K00528
hrb:Hrubri_1386	ko:K07687
hrb:Hrubri_1387	ko:K14226
hrb:Hrubri_1388	ko:K01776
hrb:Hrubri_1389	ko:K01676
hrb:Hrubri_1391	ko:K01895
hrb:Hrubri_1392	ko:K14233
hrb:Hrubri_1393	ko:K14059
hrb:Hrubri_1401	ko:K06905
hrb:Hrubri_1402	ko:K06906
hrb:Hrubri_1406	ko:K06908
hrb:Hrubri_1407	ko:K06907
hrb:Hrubri_1412	ko:K06903
hrb:Hrubri_1432	ko:K07483
hrb:Hrubri_1433	ko:K07497
hrb:Hrubri_1439	ko:K07677
hrb:Hrubri_1440	ko:K07687
hrb:Hrubri_1442	ko:K07347
hrb:Hrubri_1444	ko:K07345
hrb:Hrubri_1449	ko:K03406
hrb:Hrubri_1454	ko:K05712
hrb:Hrubri_1455	ko:K21021
hrb:Hrubri_1458	ko:K03413
hrb:Hrubri_1461	ko:K03406
hrb:Hrubri_1462	ko:K02030
hrb:Hrubri_1463	ko:K02073
hrb:Hrubri_1464	ko:K02072
hrb:Hrubri_1465	ko:K02071
hrb:Hrubri_1466	ko:K04487
hrb:Hrubri_1468	ko:K22879
hrb:Hrubri_1469	ko:K02033
hrb:Hrubri_1470	ko:K02034
hrb:Hrubri_1471	ko:K02031
hrb:Hrubri_1472	ko:K02032
hrb:Hrubri_1473	ko:K02035
hrb:Hrubri_1477	ko:K02437
hrb:Hrubri_1478	ko:K04091
hrb:Hrubri_1479	ko:K03566
hrb:Hrubri_1482	ko:K00640
hrb:Hrubri_1483	ko:K03281
hrb:Hrubri_1484	ko:K15553
hrb:Hrubri_1489	ko:K01433
hrb:Hrubri_1492	ko:K22348
hrb:Hrubri_1495	ko:K01534
hrb:Hrubri_1498	ko:K19591
hrb:Hrubri_1499	ko:K17686
hrb:Hrubri_1500	ko:K07213
hrb:Hrubri_1501	ko:K09989
hrb:Hrubri_1502	ko:K22479
hrb:Hrubri_1508	ko:K01999
hrb:Hrubri_1509	ko:K10773
hrb:Hrubri_1510	ko:K03616
hrb:Hrubri_1511	ko:K05973
hrb:Hrubri_1512	ko:K00384
hrb:Hrubri_1513	ko:K05524
hrb:Hrubri_1514	ko:K01999
hrb:Hrubri_1515	ko:K00763
hrb:Hrubri_1517	ko:K00090
hrb:Hrubri_1519	ko:K03772
hrb:Hrubri_1521	ko:K22278
hrb:Hrubri_1530	ko:K07262
hrb:Hrubri_1532	ko:K23163
hrb:Hrubri_1533	ko:K00299
hrb:Hrubri_1534	ko:K15553
hrb:Hrubri_1535	ko:K04091
hrb:Hrubri_1536	ko:K15554
hrb:Hrubri_1537	ko:K15555
hrb:Hrubri_1540	ko:K07002
hrb:Hrubri_1541	ko:K02046
hrb:Hrubri_1542	ko:K02047
hrb:Hrubri_1543	ko:K02045
hrb:Hrubri_1544	ko:K13635
hrb:Hrubri_1547	ko:K01999
hrb:Hrubri_1548	ko:K01997
hrb:Hrubri_1549	ko:K01998
hrb:Hrubri_1550	ko:K01995
hrb:Hrubri_1551	ko:K01996
hrb:Hrubri_1552	ko:K02030
hrb:Hrubri_1553	ko:K08169
hrb:Hrubri_1555	ko:K00457
hrb:Hrubri_1556	ko:K03719
hrb:Hrubri_1557	ko:K10778
hrb:Hrubri_1558	ko:K03919
hrb:Hrubri_1559	ko:K15125
hrb:Hrubri_1561	ko:K15125
hrb:Hrubri_1566	ko:K03406
hrb:Hrubri_1567	ko:K00285
hrb:Hrubri_1568	ko:K03719
hrb:Hrubri_1572	ko:K00799
hrb:Hrubri_1573	ko:K09939
hrb:Hrubri_1576	ko:K03734
hrb:Hrubri_1577	ko:K03699
hrb:Hrubri_1578	ko:K06938
hrb:Hrubri_1582	ko:K05846
hrb:Hrubri_1583	ko:K05845
hrb:Hrubri_1584	ko:K05846
hrb:Hrubri_1585	ko:K05847
hrb:Hrubri_1587	ko:K12255
hrb:Hrubri_1589	ko:K11927
hrb:Hrubri_1591	ko:K04750
hrb:Hrubri_1592	ko:K01092
hrb:Hrubri_1593	ko:K02533
hrb:Hrubri_1594	ko:K06183
hrb:Hrubri_1595	ko:K19092
hrb:Hrubri_1596	ko:K04083
hrb:Hrubri_1597	ko:K28956
hrb:Hrubri_1604	ko:K03088
hrb:Hrubri_1606	ko:K01652
hrb:Hrubri_1607	ko:K01653
hrb:Hrubri_1608	ko:K00053
hrb:Hrubri_1611	ko:K01613
hrb:Hrubri_1612	ko:K17103
hrb:Hrubri_1618	ko:K00874
hrb:Hrubri_1621	ko:K06015
hrb:Hrubri_1623	ko:K03299
hrb:Hrubri_1625	ko:K02956
hrb:Hrubri_1626	ko:K00962
hrb:Hrubri_1627	ko:K03885
hrb:Hrubri_1631	ko:K07160
hrb:Hrubri_1632	ko:K23124
hrb:Hrubri_1633	ko:K23123
hrb:Hrubri_1636	ko:K01803
hrb:Hrubri_1637	ko:K03075
hrb:Hrubri_1638	ko:K14228
hrb:Hrubri_1639	ko:K00330
hrb:Hrubri_1640	ko:K00331
hrb:Hrubri_1641	ko:K00332
hrb:Hrubri_1642	ko:K00333
hrb:Hrubri_1643	ko:K00334
hrb:Hrubri_1644	ko:K00335
hrb:Hrubri_1645	ko:K00336
hrb:Hrubri_1646	ko:K00337
hrb:Hrubri_1647	ko:K00338
hrb:Hrubri_1648	ko:K00339
hrb:Hrubri_1649	ko:K00340
hrb:Hrubri_1650	ko:K00341
hrb:Hrubri_1651	ko:K00342
hrb:Hrubri_1652	ko:K00343
hrb:Hrubri_1654	ko:K01515
hrb:Hrubri_1655	ko:K00311
hrb:Hrubri_1656	ko:K07107
hrb:Hrubri_1657	ko:K01999
hrb:Hrubri_1658	ko:K01997
hrb:Hrubri_1659	ko:K01995
hrb:Hrubri_1659	ko:K01998
hrb:Hrubri_1660	ko:K01996
hrb:Hrubri_1663	ko:K14229
hrb:Hrubri_1664	ko:K14229
hrb:Hrubri_1666	ko:K02073
hrb:Hrubri_1667	ko:K19159
hrb:Hrubri_1668	ko:K19158
hrb:Hrubri_1672	ko:K06077
hrb:Hrubri_1674	ko:K04079
hrb:Hrubri_1675	ko:K12543
hrb:Hrubri_1677	ko:K12542
hrb:Hrubri_1679	ko:K12541
hrb:Hrubri_1682	ko:K01754
hrb:Hrubri_1686	ko:K05825
hrb:Hrubri_1693	ko:K04080
hrb:Hrubri_1694	ko:K20976
hrb:Hrubri_1695	ko:K18139
hrb:Hrubri_1696	ko:K01993
hrb:Hrubri_1697	ko:K13926
hrb:Hrubri_1698	ko:K01992
hrb:Hrubri_1704	ko:K02621
hrb:Hrubri_1706	ko:K02622
hrb:Hrubri_1707	ko:K02433
hrb:Hrubri_1712	ko:K13051
hrb:Hrubri_1713	ko:K13892
hrb:Hrubri_1714	ko:K13889
hrb:Hrubri_1715	ko:K13890
hrb:Hrubri_1716	ko:K13891
hrb:Hrubri_1718	ko:K16203
hrb:Hrubri_1719	ko:K00077
hrb:Hrubri_1721	ko:K00681
hrb:Hrubri_1722	ko:K02032
hrb:Hrubri_1723	ko:K02031
hrb:Hrubri_1724	ko:K02034
hrb:Hrubri_1725	ko:K02033
hrb:Hrubri_1726	ko:K02035
hrb:Hrubri_1727	ko:K23775
hrb:Hrubri_1729	ko:K06999
hrb:Hrubri_1731	ko:K03831
hrb:Hrubri_1732	ko:K09889
hrb:Hrubri_1733	ko:K03592
hrb:Hrubri_1735	ko:K01669
hrb:Hrubri_1736	ko:K03406
hrb:Hrubri_1739	ko:K07483
hrb:Hrubri_1740	ko:K07497
hrb:Hrubri_1742	ko:K14228
hrb:Hrubri_1743	ko:K12573
hrb:Hrubri_1744	ko:K03218
hrb:Hrubri_1745	ko:K00640
hrb:Hrubri_1746	ko:K03269
hrb:Hrubri_1747	ko:K03768
hrb:Hrubri_1748	ko:K03767
hrb:Hrubri_1750	ko:K03646
hrb:Hrubri_1751	ko:K01883
hrb:Hrubri_1752	ko:K01247
hrb:Hrubri_1753	ko:K01962
hrb:Hrubri_1754	ko:K04075
hrb:Hrubri_1757	ko:K05834
hrb:Hrubri_1761	ko:K02004
hrb:Hrubri_1762	ko:K06886
hrb:Hrubri_1763	ko:K09760
hrb:Hrubri_1764	ko:K03750
hrb:Hrubri_1765	ko:K03752
hrb:Hrubri_1766	ko:K03639
hrb:Hrubri_1767	ko:K08300
hrb:Hrubri_1768	ko:K06179
hrb:Hrubri_1769	ko:K01091
hrb:Hrubri_1771	ko:K04773
hrb:Hrubri_1772	ko:K07056
hrb:Hrubri_1773	ko:K01524
hrb:Hrubri_1774	ko:K02012
hrb:Hrubri_1775	ko:K09919
hrb:Hrubri_1776	ko:K01950
hrb:Hrubri_1777	ko:K04751
hrb:Hrubri_1778	ko:K00138
hrb:Hrubri_1779	ko:K09959
hrb:Hrubri_1780	ko:K21405
hrb:Hrubri_1785	ko:K00384
hrb:Hrubri_1786	ko:K03466
hrb:Hrubri_1787	ko:K03634
hrb:Hrubri_1788	ko:K05524
hrb:Hrubri_1789	ko:K07478
hrb:Hrubri_1790	ko:K06223
hrb:Hrubri_1795	ko:K01875
hrb:Hrubri_1797	ko:K14233
hrb:Hrubri_1799	ko:K06145
hrb:Hrubri_1801	ko:K07168
hrb:Hrubri_1802	ko:K06938
hrb:Hrubri_1803	ko:K25422
hrb:Hrubri_1804	ko:K07040
hrb:Hrubri_1805	ko:K02911
hrb:Hrubri_1806	ko:K03621
hrb:Hrubri_1807	ko:K00648
hrb:Hrubri_1808	ko:K00645
hrb:Hrubri_1809	ko:K00059
hrb:Hrubri_1810	ko:K02078
hrb:Hrubri_1811	ko:K09458
hrb:Hrubri_1813	ko:K03088
hrb:Hrubri_1814	ko:K03597
hrb:Hrubri_1815	ko:K03598
hrb:Hrubri_1816	ko:K04771
hrb:Hrubri_1818	ko:K03596
hrb:Hrubri_1819	ko:K03100
hrb:Hrubri_1820	ko:K03685
hrb:Hrubri_1821	ko:K03595
hrb:Hrubri_1822	ko:K03584
hrb:Hrubri_1823	ko:K03474
hrb:Hrubri_1824	ko:K00997
hrb:Hrubri_1825	ko:K01207
hrb:Hrubri_1826	ko:K03703
hrb:Hrubri_1827	ko:K00995
hrb:Hrubri_1828	ko:K14225
hrb:Hrubri_1829	ko:K14222
hrb:Hrubri_1830	ko:K14225
hrb:Hrubri_1831	ko:K14225
hrb:Hrubri_1832	ko:K14225
hrb:Hrubri_1834	ko:K03415
hrb:Hrubri_1835	ko:K00768
hrb:Hrubri_1836	ko:K02233
hrb:Hrubri_1837	ko:K02226
hrb:Hrubri_1840	ko:K02480
hrb:Hrubri_1841	ko:K06200
hrb:Hrubri_1843	ko:K03413
hrb:Hrubri_1844	ko:K03410
hrb:Hrubri_1847	ko:K03799
hrb:Hrubri_1848	ko:K26735
hrb:Hrubri_1849	ko:K00794
hrb:Hrubri_1855	ko:K14228
hrb:Hrubri_1858	ko:K00951
hrb:Hrubri_1859	ko:K14237
hrb:Hrubri_1860	ko:K14237
hrb:Hrubri_1861	ko:K03413
hrb:Hrubri_1863	ko:K01868
hrb:Hrubri_1864	ko:K02520
hrb:Hrubri_1865	ko:K02916
hrb:Hrubri_1866	ko:K02887
hrb:Hrubri_1867	ko:K01889
hrb:Hrubri_1868	ko:K01890
hrb:Hrubri_1869	ko:K04764
hrb:Hrubri_1877	ko:K01991
hrb:Hrubri_1878	ko:K25590
hrb:Hrubri_1879	ko:K00903
hrb:Hrubri_1888	ko:K28660
hrb:Hrubri_1889	ko:K16011
hrb:Hrubri_1890	ko:K07265
hrb:Hrubri_1892	ko:K16695
hrb:Hrubri_1893	ko:K01627
hrb:Hrubri_1894	ko:K06041
hrb:Hrubri_1895	ko:K00979
hrb:Hrubri_1895	ko:K03270
hrb:Hrubri_1896	ko:K00640
hrb:Hrubri_1898	ko:K00865
hrb:Hrubri_1900	ko:K14232
hrb:Hrubri_1906	ko:K23239
hrb:Hrubri_1907	ko:K03406
hrb:Hrubri_1908	ko:K00575
hrb:Hrubri_1909	ko:K03411
hrb:Hrubri_1910	ko:K03412
hrb:Hrubri_1911	ko:K03413
hrb:Hrubri_1912	ko:K03414
hrb:Hrubri_1913	ko:K02401
hrb:Hrubri_1914	ko:K02400
hrb:Hrubri_1915	ko:K02404
hrb:Hrubri_1916	ko:K04562
hrb:Hrubri_1917	ko:K02405
hrb:Hrubri_1918	ko:K02399
hrb:Hrubri_1919	ko:K02398
hrb:Hrubri_1920	ko:K02386
hrb:Hrubri_1921	ko:K02387
hrb:Hrubri_1922	ko:K02388
hrb:Hrubri_1923	ko:K02389
hrb:Hrubri_1924	ko:K02390
hrb:Hrubri_1925	ko:K02391
hrb:Hrubri_1926	ko:K02392
hrb:Hrubri_1927	ko:K02393
hrb:Hrubri_1928	ko:K02394
hrb:Hrubri_1929	ko:K02395
hrb:Hrubri_1930	ko:K02396
hrb:Hrubri_1931	ko:K02397
hrb:Hrubri_1932	ko:K02421
hrb:Hrubri_1933	ko:K02420
hrb:Hrubri_1934	ko:K02419
hrb:Hrubri_1935	ko:K02418
hrb:Hrubri_1936	ko:K02417
hrb:Hrubri_1937	ko:K02416
hrb:Hrubri_1938	ko:K02415
hrb:Hrubri_1939	ko:K02414
hrb:Hrubri_1940	ko:K02413
hrb:Hrubri_1941	ko:K02412
hrb:Hrubri_1942	ko:K02411
hrb:Hrubri_1943	ko:K02410
hrb:Hrubri_1944	ko:K02409
hrb:Hrubri_1945	ko:K02408
hrb:Hrubri_1946	ko:K21087
hrb:Hrubri_1947	ko:K04061
hrb:Hrubri_1949	ko:K02423
hrb:Hrubri_1950	ko:K02422
hrb:Hrubri_1951	ko:K02407
hrb:Hrubri_1952	ko:K06603
hrb:Hrubri_1953	ko:K02406
hrb:Hrubri_1955	ko:K01356
hrb:Hrubri_1956	ko:K02990
hrb:Hrubri_1957	ko:K02686
hrb:Hrubri_1958	ko:K02963
hrb:Hrubri_1959	ko:K02939
hrb:Hrubri_1960	ko:K02314
hrb:Hrubri_1961	ko:K07220
hrb:Hrubri_1962	ko:K03306
hrb:Hrubri_1963	ko:K07175
hrb:Hrubri_1964	ko:K03564
hrb:Hrubri_1965	ko:K13014
hrb:Hrubri_1967	ko:K00604
hrb:Hrubri_1968	ko:K10012
hrb:Hrubri_1973	ko:K14260
hrb:Hrubri_1974	ko:K00003
hrb:Hrubri_1976	ko:K01733
hrb:Hrubri_1977	ko:K03750
hrb:Hrubri_1978	ko:K03636
hrb:Hrubri_1980	ko:K03299
hrb:Hrubri_1981	ko:K03635
hrb:Hrubri_1982	ko:K03322
hrb:Hrubri_1983	ko:K07154
hrb:Hrubri_1989	ko:K18139
hrb:Hrubri_1991	ko:K06199
hrb:Hrubri_1992	ko:K03695
hrb:Hrubri_1994	ko:K02553
hrb:Hrubri_1996	ko:K01637
hrb:Hrubri_1997	ko:K02017
hrb:Hrubri_1998	ko:K02018
hrb:Hrubri_1999	ko:K02020
hrb:Hrubri_2000	ko:K02019
hrb:Hrubri_2001	ko:K03281
hrb:Hrubri_2002	ko:K07115
hrb:Hrubri_2006	ko:K04760
hrb:Hrubri_2008	ko:K01118
hrb:Hrubri_2010	ko:K01139
hrb:Hrubri_2011	ko:K03060
hrb:Hrubri_2012	ko:K00942
hrb:Hrubri_2014	ko:K00989
hrb:Hrubri_2015	ko:K01519
hrb:Hrubri_2019	ko:K04565
hrb:Hrubri_2020	ko:K21498
hrb:Hrubri_2021	ko:K07334
hrb:Hrubri_2022	ko:K14233
hrb:Hrubri_2023	ko:K00928
hrb:Hrubri_2026	ko:K03671
hrb:Hrubri_2027	ko:K14742
hrb:Hrubri_2028	ko:K03789
hrb:Hrubri_2029	ko:K21929
hrb:Hrubri_2030	ko:K09977
hrb:Hrubri_2031	ko:K08227
hrb:Hrubri_2032	ko:K01775
hrb:Hrubri_2033	ko:K04485
hrb:Hrubri_2034	ko:K03516
hrb:Hrubri_2035	ko:K07638
hrb:Hrubri_2036	ko:K07659
hrb:Hrubri_2038	ko:K10009
hrb:Hrubri_2039	ko:K02424
hrb:Hrubri_2040	ko:K06158
hrb:Hrubri_2041	ko:K07320
hrb:Hrubri_2042	ko:K01439
hrb:Hrubri_2044	ko:K00674
hrb:Hrubri_2045	ko:K14267
hrb:Hrubri_2046	ko:K03406
hrb:Hrubri_2047	ko:K03529
hrb:Hrubri_2049	ko:K01972
hrb:Hrubri_2050	ko:K00963
hrb:Hrubri_2051	ko:K01462
hrb:Hrubri_2052	ko:K03802
hrb:Hrubri_2053	ko:K03802
hrb:Hrubri_2054	ko:K06147
hrb:Hrubri_2056	ko:K06182
hrb:Hrubri_2057	ko:K00990
hrb:Hrubri_2058	ko:K01265
hrb:Hrubri_2059	ko:K02967
hrb:Hrubri_2060	ko:K02357
hrb:Hrubri_2061	ko:K09903
hrb:Hrubri_2062	ko:K02838
hrb:Hrubri_2063	ko:K00806
hrb:Hrubri_2064	ko:K00981
hrb:Hrubri_2065	ko:K00099
hrb:Hrubri_2066	ko:K11749
hrb:Hrubri_2067	ko:K07277
hrb:Hrubri_2068	ko:K06142
hrb:Hrubri_2069	ko:K02536
hrb:Hrubri_2070	ko:K02372
hrb:Hrubri_2071	ko:K00677
hrb:Hrubri_2072	ko:K00748
hrb:Hrubri_2073	ko:K03470
hrb:Hrubri_2074	ko:K03437
hrb:Hrubri_2076	ko:K09773
hrb:Hrubri_2077	ko:K01007
hrb:Hrubri_2081	ko:K02484
hrb:Hrubri_2082	ko:K02483
hrb:Hrubri_2084	ko:K03664
hrb:Hrubri_2086	ko:K09801
hrb:Hrubri_2087	ko:K00088
hrb:Hrubri_2088	ko:K01951
hrb:Hrubri_2089	ko:K06995
hrb:Hrubri_2091	ko:K10026
hrb:Hrubri_2092	ko:K01737
hrb:Hrubri_2093	ko:K11991
hrb:Hrubri_2094	ko:K01297
hrb:Hrubri_2097	ko:K03517
hrb:Hrubri_2098	ko:K00767
hrb:Hrubri_2099	ko:K07001
hrb:Hrubri_2100	ko:K00278
hrb:Hrubri_2101	ko:K08289
hrb:Hrubri_2104	ko:K03300
hrb:Hrubri_2105	ko:K17737
hrb:Hrubri_2107	ko:K27877
hrb:Hrubri_2108	ko:K02012
hrb:Hrubri_2109	ko:K02011
hrb:Hrubri_2110	ko:K02010
hrb:Hrubri_2111	ko:K03832
hrb:Hrubri_2112	ko:K03770
hrb:Hrubri_2113	ko:K01951
hrb:Hrubri_2114	ko:K10804
hrb:Hrubri_2115	ko:K02003
hrb:Hrubri_2117	ko:K23997
hrb:Hrubri_2118	ko:K00285
hrb:Hrubri_2119	ko:K01952
hrb:Hrubri_2121	ko:K03769
hrb:Hrubri_2122	ko:K05527
hrb:Hrubri_2123	ko:K06190
hrb:Hrubri_2124	ko:K07305
hrb:Hrubri_2125	ko:K08997
hrb:Hrubri_2126	ko:K01997
hrb:Hrubri_2127	ko:K01998
hrb:Hrubri_2128	ko:K01995
hrb:Hrubri_2129	ko:K01996
hrb:Hrubri_2134	ko:K00059
hrb:Hrubri_2135	ko:K00128
hrb:Hrubri_2139	ko:K19338
hrb:Hrubri_2141	ko:K01810
hrb:Hrubri_2146	ko:K11354
hrb:Hrubri_2149	ko:K02014
hrb:Hrubri_2152	ko:K06991
hrb:Hrubri_2153	ko:K12972
hrb:Hrubri_2154	ko:K07644
hrb:Hrubri_2155	ko:K07665
hrb:Hrubri_2156	ko:K07788
hrb:Hrubri_2157	ko:K07799
hrb:Hrubri_2158	ko:K18139
hrb:Hrubri_2160	ko:K03100
hrb:Hrubri_2164	ko:K01115
hrb:Hrubri_2165	ko:K03407
hrb:Hrubri_2169	ko:K03413
hrb:Hrubri_2172	ko:K03281
hrb:Hrubri_2180	ko:K02297
hrb:Hrubri_2181	ko:K02298
hrb:Hrubri_2182	ko:K02299
hrb:Hrubri_2183	ko:K02300
hrb:Hrubri_2184	ko:K14998
hrb:Hrubri_2185	ko:K15011
hrb:Hrubri_2186	ko:K15012
hrb:Hrubri_2187	ko:K01999
hrb:Hrubri_2188	ko:K01997
hrb:Hrubri_2188	ko:K01998
hrb:Hrubri_2189	ko:K01995
hrb:Hrubri_2190	ko:K01996
hrb:Hrubri_2192	ko:K01935
hrb:Hrubri_2193	ko:K00833
hrb:Hrubri_2194	ko:K00652
hrb:Hrubri_2196	ko:K01012
hrb:Hrubri_2200	ko:K13794
hrb:Hrubri_2201	ko:K13796
hrb:Hrubri_2202	ko:K13795
hrb:Hrubri_2203	ko:K03288
hrb:Hrubri_2205	ko:K02336
hrb:Hrubri_2210	ko:K16080
hrb:Hrubri_2212	ko:K15726
hrb:Hrubri_2213	ko:K15727
hrb:Hrubri_2214	ko:K07665
hrb:Hrubri_2217	ko:K02484
hrb:Hrubri_2218	ko:K02483
hrb:Hrubri_2221	ko:K23514
hrb:Hrubri_2222	ko:K07165
hrb:Hrubri_2223	ko:K02014
hrb:Hrubri_2226	ko:K02014
hrb:Hrubri_2228	ko:K14699
hrb:Hrubri_2229	ko:K14698
hrb:Hrubri_2231	ko:K15721
hrb:Hrubri_2235	ko:K04786
hrb:Hrubri_2237	ko:K12240
hrb:Hrubri_2238	ko:K02362
hrb:Hrubri_2239	ko:K07497
hrb:Hrubri_2242	ko:K02014
hrb:Hrubri_2244	ko:K06133
hrb:Hrubri_2246	ko:K13061
hrb:Hrubri_2248	ko:K05375
hrb:Hrubri_2250	ko:K06133
hrb:Hrubri_2256	ko:K02014
hrb:Hrubri_2257	ko:K07165
hrb:Hrubri_2259	ko:K00836
hrb:Hrubri_2260	ko:K10531
hrb:Hrubri_2261	ko:K07116
hrb:Hrubri_2262	ko:K06160
hrb:Hrubri_2263	ko:K13255
hrb:Hrubri_2265	ko:K13888
hrb:Hrubri_2266	ko:K05685
hrb:Hrubri_2269	ko:K07483
hrb:Hrubri_2270	ko:K07497
hrb:Hrubri_2274	ko:K03671
hrb:Hrubri_2277	ko:K07165
hrb:Hrubri_2278	ko:K23514
hrb:Hrubri_2279	ko:K05800
hrb:Hrubri_2280	ko:K02014
hrb:Hrubri_2281	ko:K03832
hrb:Hrubri_2282	ko:K03561
hrb:Hrubri_2283	ko:K03559
hrb:Hrubri_2284	ko:K02471
hrb:Hrubri_2285	ko:K03592
hrb:Hrubri_2286	ko:K03568
hrb:Hrubri_2299	ko:K07497
hrb:Hrubri_2300	ko:K07483
hrb:Hrubri_2302	ko:K00598
hrb:Hrubri_2303	ko:K23356
hrb:Hrubri_2308	ko:K11900
hrb:Hrubri_2309	ko:K11903
hrb:Hrubri_2310	ko:K11897
hrb:Hrubri_2311	ko:K11896
hrb:Hrubri_2312	ko:K11895
hrb:Hrubri_2318	ko:K11918
hrb:Hrubri_2319	ko:K11893
hrb:Hrubri_2320	ko:K11892
hrb:Hrubri_2321	ko:K11891
hrb:Hrubri_2322	ko:K11902
hrb:Hrubri_2328	ko:K07241
hrb:Hrubri_2329	ko:K07722
hrb:Hrubri_2332	ko:K07245
hrb:Hrubri_2333	ko:K07156
hrb:Hrubri_2339	ko:K00640
hrb:Hrubri_2342	ko:K11717
hrb:Hrubri_2343	ko:K01607
hrb:Hrubri_2347	ko:K01055
hrb:Hrubri_2353	ko:K04487
hrb:Hrubri_2354	ko:K04488
hrb:Hrubri_2355	ko:K15724
hrb:Hrubri_2356	ko:K13628
hrb:Hrubri_2357	ko:K04044
hrb:Hrubri_2358	ko:K04755
hrb:Hrubri_2359	ko:K02594
hrb:Hrubri_2360	ko:K02595
hrb:Hrubri_2361	ko:K03521
hrb:Hrubri_2362	ko:K03522
hrb:Hrubri_2363	ko:K00313
hrb:Hrubri_2364	ko:K03855
hrb:Hrubri_2365	ko:K02017
hrb:Hrubri_2366	ko:K02018
hrb:Hrubri_2367	ko:K02020
hrb:Hrubri_2368	ko:K15790
hrb:Hrubri_2372	ko:K02596
hrb:Hrubri_2373	ko:K02592
hrb:Hrubri_2374	ko:K02587
hrb:Hrubri_2375	ko:K02591
hrb:Hrubri_2376	ko:K02586
hrb:Hrubri_2377	ko:K02588
hrb:Hrubri_2379	ko:K06886
hrb:Hrubri_2383	ko:K04755
hrb:Hrubri_2386	ko:K02593
hrb:Hrubri_2387	ko:K04487
hrb:Hrubri_2389	ko:K02597
hrb:Hrubri_2390	ko:K02597
hrb:Hrubri_2394	ko:K02585
hrb:Hrubri_2395	ko:K02584
hrb:Hrubri_2398	ko:K02019
hrb:Hrubri_2403	ko:K18478
hrb:Hrubri_2405	ko:K23536
hrb:Hrubri_2406	ko:K23535
hrb:Hrubri_2407	ko:K23537
hrb:Hrubri_2408	ko:K07335
hrb:Hrubri_2409	ko:K24967
hrb:Hrubri_2410	ko:K03561
hrb:Hrubri_2411	ko:K02014
hrb:Hrubri_2412	ko:K03559
hrb:Hrubri_2414	ko:K03406
hrb:Hrubri_2418	ko:K02669
hrb:Hrubri_2430	ko:K03219
hrb:Hrubri_2435	ko:K03222
hrb:Hrubri_2436	ko:K04053
hrb:Hrubri_2437	ko:K03229
hrb:Hrubri_2438	ko:K03228
hrb:Hrubri_2439	ko:K03227
hrb:Hrubri_2440	ko:K03226
hrb:Hrubri_2441	ko:K03225
hrb:Hrubri_2444	ko:K03224
hrb:Hrubri_2445	ko:K03220
hrb:Hrubri_2448	ko:K03230
hrb:Hrubri_2465	ko:K01779
hrb:Hrubri_2468	ko:K17836
hrb:Hrubri_2471	ko:K02031
hrb:Hrubri_2472	ko:K02034
hrb:Hrubri_2473	ko:K02033
hrb:Hrubri_2474	ko:K02035
hrb:Hrubri_2478	ko:K19333
hrb:Hrubri_2479	ko:K16216
hrb:Hrubri_2480	ko:K12256
hrb:Hrubri_2483	ko:K13954
hrb:Hrubri_2484	ko:K00128
hrb:Hrubri_2485	ko:K00324
hrb:Hrubri_2486	ko:K00325
hrb:Hrubri_2488	ko:K02028
hrb:Hrubri_2489	ko:K02029
hrb:Hrubri_2490	ko:K02030
hrb:Hrubri_2491	ko:K02624
hrb:Hrubri_2492	ko:K02072
hrb:Hrubri_2493	ko:K02071
hrb:Hrubri_2494	ko:K02073
hrb:Hrubri_2500	ko:K17218
hrb:Hrubri_2501	ko:K07090
hrb:Hrubri_2503	ko:K09822
hrb:Hrubri_2505	ko:K03717
hrb:Hrubri_2506	ko:K22042
hrb:Hrubri_2507	ko:K07112
hrb:Hrubri_2508	ko:K07112
hrb:Hrubri_2510	ko:K22736
hrb:Hrubri_2514	ko:K07497
hrb:Hrubri_2515	ko:K07483
hrb:Hrubri_2518	ko:K07290
hrb:Hrubri_2519	ko:K03406
hrb:Hrubri_2520	ko:K06726
hrb:Hrubri_2521	ko:K00852
hrb:Hrubri_2522	ko:K02529
hrb:Hrubri_2523	ko:K10440
hrb:Hrubri_2524	ko:K10441
hrb:Hrubri_2525	ko:K10439
hrb:Hrubri_2527	ko:K03313
hrb:Hrubri_2531	ko:K01458
hrb:Hrubri_2532	ko:K05603
hrb:Hrubri_2533	ko:K09975
hrb:Hrubri_2534	ko:K02028
hrb:Hrubri_2535	ko:K02029
hrb:Hrubri_2536	ko:K02030
hrb:Hrubri_2539	ko:K20455
hrb:Hrubri_2540	ko:K09788
hrb:Hrubri_2541	ko:K03777
hrb:Hrubri_2542	ko:K02057
hrb:Hrubri_2543	ko:K02056
hrb:Hrubri_2544	ko:K02058
hrb:Hrubri_2545	ko:K01807
hrb:Hrubri_2546	ko:K19337
hrb:Hrubri_2547	ko:K01091
hrb:Hrubri_2548	ko:K00854
hrb:Hrubri_2549	ko:K00135
hrb:Hrubri_2550	ko:K21620
hrb:Hrubri_2554	ko:K02030
hrb:Hrubri_2556	ko:K11904
hrb:Hrubri_2557	ko:K07497
hrb:Hrubri_2558	ko:K07483
hrb:Hrubri_2561	ko:K05984
hrb:Hrubri_2562	ko:K01971
hrb:Hrubri_2563	ko:K10979
hrb:Hrubri_2564	ko:K00156
hrb:Hrubri_2569	ko:K08995
hrb:Hrubri_2570	ko:K15383
hrb:Hrubri_2574	ko:K06884
hrb:Hrubri_2575	ko:K06044
hrb:Hrubri_2576	ko:K00705
hrb:Hrubri_2577	ko:K01236
hrb:Hrubri_2578	ko:K01214
hrb:Hrubri_2579	ko:K00700
hrb:Hrubri_2580	ko:K00703
hrb:Hrubri_2581	ko:K12266
hrb:Hrubri_2582	ko:K05916
hrb:Hrubri_2584	ko:K03778
hrb:Hrubri_2585	ko:K03288
hrb:Hrubri_2586	ko:K00031
hrb:Hrubri_2588	ko:K03736
hrb:Hrubri_2589	ko:K03735
hrb:Hrubri_2590	ko:K16238
hrb:Hrubri_2591	ko:K04033
hrb:Hrubri_2594	ko:K06940
hrb:Hrubri_2597	ko:K15553
hrb:Hrubri_2598	ko:K15554
hrb:Hrubri_2599	ko:K15555
hrb:Hrubri_2600	ko:K07774
hrb:Hrubri_2601	ko:K07649
hrb:Hrubri_2606	ko:K06911
hrb:Hrubri_2607	ko:K15977
hrb:Hrubri_2609	ko:K15773
hrb:Hrubri_2610	ko:K07154
hrb:Hrubri_2614	ko:K01420
hrb:Hrubri_2621	ko:K09007
hrb:Hrubri_2627	ko:K04090
hrb:Hrubri_2632	ko:K02030
hrb:Hrubri_2634	ko:K11209
hrb:Hrubri_2635	ko:K03932
hrb:Hrubri_2638	ko:K14261
hrb:Hrubri_2640	ko:K01996
hrb:Hrubri_2641	ko:K01999
hrb:Hrubri_2642	ko:K01998
hrb:Hrubri_2643	ko:K01997
hrb:Hrubri_2644	ko:K01995
hrb:Hrubri_2645	ko:K01897
hrb:Hrubri_2648	ko:K00164
hrb:Hrubri_2649	ko:K03406
hrb:Hrubri_2652	ko:K11206
hrb:Hrubri_2653	ko:K02030
hrb:Hrubri_2654	ko:K02029
hrb:Hrubri_2657	ko:K14221
hrb:Hrubri_2658	ko:K14237
hrb:Hrubri_2659	ko:K03530
hrb:Hrubri_2660	ko:K01338
hrb:Hrubri_2661	ko:K03544
hrb:Hrubri_2662	ko:K01358
hrb:Hrubri_2663	ko:K03545
hrb:Hrubri_2664	ko:K05805
hrb:Hrubri_2666	ko:K14228
hrb:Hrubri_2668	ko:K07483
hrb:Hrubri_2669	ko:K07497
hrb:Hrubri_2675	ko:K02291
hrb:Hrubri_2676	ko:K21677
hrb:Hrubri_2677	ko:K29125
hrb:Hrubri_2678	ko:K06867
hrb:Hrubri_2679	ko:K03424
hrb:Hrubri_2680	ko:K15012
hrb:Hrubri_2681	ko:K15011
hrb:Hrubri_2682	ko:K02341
hrb:Hrubri_2683	ko:K00943
hrb:Hrubri_2684	ko:K07082
hrb:Hrubri_2685	ko:K06980
hrb:Hrubri_2688	ko:K01126
hrb:Hrubri_2689	ko:K01114
hrb:Hrubri_2690	ko:K03832
hrb:Hrubri_2691	ko:K03559
hrb:Hrubri_2692	ko:K03561
hrb:Hrubri_2694	ko:K03604
hrb:Hrubri_2695	ko:K05813
hrb:Hrubri_2696	ko:K05814
hrb:Hrubri_2697	ko:K05815
hrb:Hrubri_2700	ko:K11103
hrb:Hrubri_2701	ko:K03406
hrb:Hrubri_2705	ko:K21703
hrb:Hrubri_2707	ko:K05306
hrb:Hrubri_2709	ko:K08368
hrb:Hrubri_2710	ko:K00864
hrb:Hrubri_2711	ko:K02443
hrb:Hrubri_2716	ko:K01455
hrb:Hrubri_2717	ko:K01426
hrb:Hrubri_2718	ko:K11963
hrb:Hrubri_2719	ko:K11962
hrb:Hrubri_2720	ko:K11961
hrb:Hrubri_2721	ko:K11960
hrb:Hrubri_2722	ko:K11959
hrb:Hrubri_2725	ko:K18139
hrb:Hrubri_2726	ko:K07789
hrb:Hrubri_2727	ko:K07788
hrb:Hrubri_2728	ko:K07799
hrb:Hrubri_2730	ko:K02232
hrb:Hrubri_2731	ko:K02225
hrb:Hrubri_2732	ko:K02227
hrb:Hrubri_2733	ko:K02231
hrb:Hrubri_2734	ko:K04719
hrb:Hrubri_2735	ko:K02224
hrb:Hrubri_2736	ko:K19221
hrb:Hrubri_2737	ko:K02234
hrb:Hrubri_2739	ko:K02189
hrb:Hrubri_2740	ko:K05936
hrb:Hrubri_2741	ko:K03394
hrb:Hrubri_2742	ko:K02188
hrb:Hrubri_2743	ko:K06042
hrb:Hrubri_2744	ko:K03399
hrb:Hrubri_2745	ko:K03404
hrb:Hrubri_2746	ko:K02230
hrb:Hrubri_2753	ko:K01835
hrb:Hrubri_2756	ko:K00963
hrb:Hrubri_2758	ko:K07140
hrb:Hrubri_2764	ko:K00645
hrb:Hrubri_2765	ko:K13930
hrb:Hrubri_2766	ko:K13934
hrb:Hrubri_2767	ko:K13933
hrb:Hrubri_2768	ko:K13932
hrb:Hrubri_2769	ko:K13931
hrb:Hrubri_2770	ko:K13929
hrb:Hrubri_2771	ko:K11690
hrb:Hrubri_2772	ko:K11689
hrb:Hrubri_2773	ko:K11688
hrb:Hrubri_2775	ko:K06177
hrb:Hrubri_2776	ko:K07154
hrb:Hrubri_2783	ko:K03088
hrb:Hrubri_2788	ko:K18139
hrb:Hrubri_2789	ko:K03543
hrb:Hrubri_2790	ko:K03446
hrb:Hrubri_2793	ko:K00035
hrb:Hrubri_2799	ko:K11904
hrb:Hrubri_2803	ko:K01070
hrb:Hrubri_2804	ko:K00121
hrb:Hrubri_2808	ko:K14347
hrb:Hrubri_2809	ko:K06193
hrb:Hrubri_2811	ko:K07243
hrb:Hrubri_2813	ko:K07230
hrb:Hrubri_2816	ko:K14219
hrb:Hrubri_2818	ko:K07689
hrb:Hrubri_2819	ko:K13590
hrb:Hrubri_2820	ko:K03811
hrb:Hrubri_2821	ko:K05589
hrb:Hrubri_2822	ko:K01689
hrb:Hrubri_2823	ko:K01937
hrb:Hrubri_2825	ko:K02238
hrb:Hrubri_2826	ko:K03424
hrb:Hrubri_2827	ko:K01438
hrb:Hrubri_2828	ko:K09810
hrb:Hrubri_2829	ko:K09808
hrb:Hrubri_2830	ko:K03657
hrb:Hrubri_2832	ko:K07462
hrb:Hrubri_2835	ko:K07093
hrb:Hrubri_2836	ko:K02836
hrb:Hrubri_2837	ko:K04567
hrb:Hrubri_2839	ko:K03928
hrb:Hrubri_2843	ko:K00145
hrb:Hrubri_2845	ko:K11688
hrb:Hrubri_2847	ko:K01644
hrb:Hrubri_2848	ko:K18289
hrb:Hrubri_2849	ko:K00249
hrb:Hrubri_2850	ko:K09709
hrb:Hrubri_2852	ko:K07090
hrb:Hrubri_2853	ko:K00059
hrb:Hrubri_2854	ko:K14233
hrb:Hrubri_2858	ko:K02314
hrb:Hrubri_2860	ko:K07741
hrb:Hrubri_2861	ko:K07733
hrb:Hrubri_2864	ko:K07448
hrb:Hrubri_2871	ko:K07497
hrb:Hrubri_2872	ko:K07483
hrb:Hrubri_2876	ko:K01426
hrb:Hrubri_2877	ko:K01721
hrb:Hrubri_2878	ko:K20807
hrb:Hrubri_2880	ko:K13028
hrb:Hrubri_2882	ko:K00248
hrb:Hrubri_2883	ko:K00626
hrb:Hrubri_2885	ko:K01895
hrb:Hrubri_2888	ko:K07222
hrb:Hrubri_2891	ko:K07123
hrb:Hrubri_2894	ko:K01501
hrb:Hrubri_2897	ko:K12340
hrb:Hrubri_2898	ko:K11003
hrb:Hrubri_2899	ko:K11004
hrb:Hrubri_2901	ko:K12340
hrb:Hrubri_2902	ko:K11003
hrb:Hrubri_2903	ko:K11004
hrb:Hrubri_2905	ko:K04033
hrb:Hrubri_2908	ko:K07003
hrb:Hrubri_2912	ko:K00276
hrb:Hrubri_2915	ko:K02066
hrb:Hrubri_2916	ko:K02065
hrb:Hrubri_2917	ko:K02067
hrb:Hrubri_2918	ko:K18480
hrb:Hrubri_2921	ko:K06518
hrb:Hrubri_2925	ko:K07507
hrb:Hrubri_2926	ko:K09771
hrb:Hrubri_2928	ko:K02575
hrb:Hrubri_2929	ko:K00362
hrb:Hrubri_2930	ko:K00363
hrb:Hrubri_2931	ko:K26139
hrb:Hrubri_2932	ko:K00372
hrb:Hrubri_2933	ko:K14232
hrb:Hrubri_2934	ko:K14219
hrb:Hrubri_2938	ko:K03406
hrb:Hrubri_2939	ko:K03406
hrb:Hrubri_2942	ko:K02837
hrb:Hrubri_2943	ko:K01507
hrb:Hrubri_2944	ko:K02498
hrb:Hrubri_2945	ko:K02496
hrb:Hrubri_2946	ko:K01719
hrb:Hrubri_2947	ko:K01749
hrb:Hrubri_2948	ko:K01595
hrb:Hrubri_2951	ko:K01755
hrb:Hrubri_2952	ko:K01999
hrb:Hrubri_2953	ko:K01997
hrb:Hrubri_2954	ko:K01998
hrb:Hrubri_2955	ko:K01995
hrb:Hrubri_2956	ko:K01996
hrb:Hrubri_2957	ko:K14228
hrb:Hrubri_2958	ko:K05367
hrb:Hrubri_2959	ko:K06894
hrb:Hrubri_2961	ko:K19577
hrb:Hrubri_2964	ko:K07101
hrb:Hrubri_2965	ko:K01939
hrb:Hrubri_2966	ko:K02502
hrb:Hrubri_2967	ko:K04087
hrb:Hrubri_2968	ko:K04088
hrb:Hrubri_2969	ko:K03665
hrb:Hrubri_2970	ko:K03666
hrb:Hrubri_2971	ko:K03977
hrb:Hrubri_2972	ko:K17713
hrb:Hrubri_2974	ko:K01892
hrb:Hrubri_2975	ko:K03526
hrb:Hrubri_2976	ko:K15539
hrb:Hrubri_2977	ko:K06941
hrb:Hrubri_2978	ko:K00940
hrb:Hrubri_2979	ko:K19416
hrb:Hrubri_2981	ko:K03215
hrb:Hrubri_2982	ko:K03087
hrb:Hrubri_2983	ko:K06194
hrb:Hrubri_2984	ko:K00573
hrb:Hrubri_2985	ko:K03787
hrb:Hrubri_2987	ko:K03722
hrb:Hrubri_2990	ko:K06916
hrb:Hrubri_2991	ko:K00382
hrb:Hrubri_2992	ko:K00658
hrb:Hrubri_2993	ko:K00164
hrb:Hrubri_2994	ko:K01647
hrb:Hrubri_2995	ko:K09159
hrb:Hrubri_2996	ko:K00240
hrb:Hrubri_2997	ko:K00239
hrb:Hrubri_2998	ko:K00242
hrb:Hrubri_2999	ko:K00241
hrb:Hrubri_3000	ko:K03710
hrb:Hrubri_3001	ko:K00024
hrb:Hrubri_3002	ko:K01644
hrb:Hrubri_3004	ko:K27802
hrb:Hrubri_3006	ko:K03408
hrb:Hrubri_3007	ko:K03407
hrb:Hrubri_3008	ko:K03413
hrb:Hrubri_3010	ko:K02557
hrb:Hrubri_3011	ko:K02556
hrb:Hrubri_3013	ko:K02402
hrb:Hrubri_3014	ko:K02403
hrb:Hrubri_3015	ko:K01760
hrb:Hrubri_3017	ko:K14441
hrb:Hrubri_3019	ko:K00023
hrb:Hrubri_3020	ko:K03821
hrb:Hrubri_3022	ko:K07090
hrb:Hrubri_3024	ko:K05810
hrb:Hrubri_3025	ko:K06180
hrb:Hrubri_3026	ko:K05807
hrb:Hrubri_3027	ko:K09861
hrb:Hrubri_3030	ko:K14287
hrb:Hrubri_3031	ko:K11209
hrb:Hrubri_3033	ko:K28224
hrb:Hrubri_3034	ko:K11444
hrb:Hrubri_3035	ko:K13491
hrb:Hrubri_3036	ko:K13490
hrb:Hrubri_3037	ko:K13489
hrb:Hrubri_3038	ko:K13486
hrb:Hrubri_3039	ko:K13488
hrb:Hrubri_3040	ko:K13487
hrb:Hrubri_3042	ko:K01079
hrb:Hrubri_3043	ko:K03723
hrb:Hrubri_3044	ko:K00991
hrb:Hrubri_3045	ko:K01770
hrb:Hrubri_3046	ko:K03704
hrb:Hrubri_3047	ko:K01638
hrb:Hrubri_3049	ko:K03406
hrb:Hrubri_3051	ko:K00054
hrb:Hrubri_3052	ko:K01999
hrb:Hrubri_3059	ko:K20276
hrb:Hrubri_3061	ko:K12542
hrb:Hrubri_3062	ko:K12541
hrb:Hrubri_3064	ko:K12543
hrb:Hrubri_3066	ko:K07304
hrb:Hrubri_3067	ko:K17247
hrb:Hrubri_3068	ko:K07147
hrb:Hrubri_3069	ko:K07665
hrb:Hrubri_3070	ko:K07644
hrb:Hrubri_3073	ko:K00425
hrb:Hrubri_3074	ko:K00426
hrb:Hrubri_3075	ko:K00424
hrb:Hrubri_3077	ko:K04063
hrb:Hrubri_3078	ko:K23775
hrb:Hrubri_3080	ko:K02356
hrb:Hrubri_3082	ko:K22025
hrb:Hrubri_3083	ko:K00020
hrb:Hrubri_3084	ko:K00140
hrb:Hrubri_3085	ko:K01999
hrb:Hrubri_3087	ko:K05520
hrb:Hrubri_3091	ko:K13766
hrb:Hrubri_3092	ko:K14224
hrb:Hrubri_3093	ko:K14218
hrb:Hrubri_3094	ko:K14224
hrb:Hrubri_3095	ko:K14224
hrb:Hrubri_3096	ko:K14218
hrb:Hrubri_3097	ko:K01885
hrb:Hrubri_3098	ko:K03593
hrb:Hrubri_3099	ko:K01874
hrb:Hrubri_3101	ko:K05346
hrb:Hrubri_3102	ko:K05816
hrb:Hrubri_3103	ko:K05813
hrb:Hrubri_3104	ko:K05814
hrb:Hrubri_3105	ko:K05815
hrb:Hrubri_3108	ko:K05896
hrb:Hrubri_3109	ko:K01918
hrb:Hrubri_3110	ko:K02016
hrb:Hrubri_3111	ko:K02013
hrb:Hrubri_3112	ko:K02015
hrb:Hrubri_3113	ko:K02014
hrb:Hrubri_3114	ko:K03414
hrb:Hrubri_3115	ko:K03407
hrb:Hrubri_3116	ko:K13634
hrb:Hrubri_3117	ko:K07090
hrb:Hrubri_3118	ko:K00381
hrb:Hrubri_3120	ko:K00390
hrb:Hrubri_3121	ko:K00957
hrb:Hrubri_3122	ko:K00956
hrb:Hrubri_3123	ko:K02303
hrb:Hrubri_3124	ko:K03795
hrb:Hrubri_3125	ko:K11720
hrb:Hrubri_3126	ko:K07091
hrb:Hrubri_3127	ko:K01255
hrb:Hrubri_3129	ko:K10680
hrb:Hrubri_3130	ko:K07274
hrb:Hrubri_3132	ko:K01142
hrb:Hrubri_3135	ko:K01908
hrb:Hrubri_3137	ko:K01659
hrb:Hrubri_3138	ko:K03417
hrb:Hrubri_3139	ko:K02688
hrb:Hrubri_3141	ko:K03406
hrb:Hrubri_3143	ko:K09958
hrb:Hrubri_3149	ko:K07712
hrb:Hrubri_3150	ko:K07708
hrb:Hrubri_3151	ko:K20712
hrb:Hrubri_3154	ko:K07687
hrb:Hrubri_3158	ko:K04755
hrb:Hrubri_3159	ko:K04044
hrb:Hrubri_3161	ko:K04082
hrb:Hrubri_3162	ko:K13628
hrb:Hrubri_3163	ko:K04488
hrb:Hrubri_3164	ko:K04487
hrb:Hrubri_3165	ko:K13643
hrb:Hrubri_3167	ko:K01707
hrb:Hrubri_3168	ko:K05874
hrb:Hrubri_3169	ko:K07404
hrb:Hrubri_3170	ko:K01708
hrb:Hrubri_3171	ko:K03535
hrb:Hrubri_3172	ko:K07089
hrb:Hrubri_3173	ko:K06917
hrb:Hrubri_3174	ko:K01008
hrb:Hrubri_3175	ko:K14220
hrb:Hrubri_3176	ko:K14220
hrb:Hrubri_3177	ko:K00832
hrb:Hrubri_3178	ko:K03702
hrb:Hrubri_3179	ko:K03648
hrb:Hrubri_3180	ko:K03406
hrb:Hrubri_3181	ko:K03566
hrb:Hrubri_3183	ko:K02077
hrb:Hrubri_3184	ko:K02075
hrb:Hrubri_3185	ko:K02074
hrb:Hrubri_3187	ko:K02003
hrb:Hrubri_3188	ko:K02004
hrb:Hrubri_3189	ko:K09950
hrb:Hrubri_3191	ko:K01451
hrb:Hrubri_3193	ko:K02032
hrb:Hrubri_3194	ko:K02031
hrb:Hrubri_3195	ko:K02034
hrb:Hrubri_3196	ko:K02033
hrb:Hrubri_3197	ko:K02035
hrb:Hrubri_3201	ko:K03446
hrb:Hrubri_3202	ko:K03543
hrb:Hrubri_3204	ko:K01259
hrb:Hrubri_3205	ko:K03719
hrb:Hrubri_3206	ko:K01505
hrb:Hrubri_3207	ko:K07275
hrb:Hrubri_3208	ko:K10255
hrb:Hrubri_3209	ko:K01420
hrb:Hrubri_3211	ko:K09926
hrb:Hrubri_3213	ko:K00406
hrb:Hrubri_3214	ko:K00407
hrb:Hrubri_3215	ko:K00405
hrb:Hrubri_3216	ko:K00404
hrb:Hrubri_3218	ko:K01533
hrb:Hrubri_3219	ko:K09792
hrb:Hrubri_3220	ko:K02495
hrb:Hrubri_3221	ko:K01053
hrb:Hrubri_3224	ko:K02014
hrb:Hrubri_3226	ko:K09125
hrb:Hrubri_3227	ko:K19577
hrb:Hrubri_3228	ko:K01438
hrb:Hrubri_3231	ko:K11443
hrb:Hrubri_3233	ko:K03406
hrb:Hrubri_3234	ko:K07497
hrb:Hrubri_3238	ko:K07497
hrb:Hrubri_3239	ko:K07483
hrb:Hrubri_3241	ko:K14230
hrb:Hrubri_3243	ko:K00684
hrb:Hrubri_3244	ko:K21420
hrb:Hrubri_3245	ko:K00254
hrb:Hrubri_3247	ko:K07232
hrb:Hrubri_3253	ko:K03406
hrb:Hrubri_3258	ko:K09930
hrb:Hrubri_3260	ko:K15977
hrb:Hrubri_3263	ko:K02014
hrb:Hrubri_3265	ko:K07127
hrb:Hrubri_3266	ko:K16090
hrb:Hrubri_3267	ko:K16090
hrb:Hrubri_3268	ko:K07336
hrb:Hrubri_3271	ko:K06016
hrb:Hrubri_3274	ko:K07497
hrb:Hrubri_3275	ko:K18456
hrb:Hrubri_3276	ko:K06901
hrb:Hrubri_3277	ko:K13481
hrb:Hrubri_3278	ko:K13482
hrb:Hrubri_3279	ko:K07402
hrb:Hrubri_3280	ko:K01487
hrb:Hrubri_3282	ko:K18139
hrb:Hrubri_3283	ko:K03543
hrb:Hrubri_3284	ko:K03446
hrb:Hrubri_3285	ko:K03555
hrb:Hrubri_3287	ko:K03775
hrb:Hrubri_3288	ko:K18850
hrb:Hrubri_3291	ko:K07287
hrb:Hrubri_3292	ko:K01714
hrb:Hrubri_3293	ko:K01867
hrb:Hrubri_3296	ko:K03799
hrb:Hrubri_3297	ko:K07053
hrb:Hrubri_3299	ko:K07001
hrb:Hrubri_3301	ko:K01740
hrb:Hrubri_3302	ko:K00764
hrb:Hrubri_3303	ko:K03558
hrb:Hrubri_3304	ko:K03749
hrb:Hrubri_3305	ko:K11754
hrb:Hrubri_3306	ko:K01963
hrb:Hrubri_3307	ko:K01695
hrb:Hrubri_3308	ko:K01696
hrb:Hrubri_3309	ko:K01817
hrb:Hrubri_3310	ko:K06173
hrb:Hrubri_3311	ko:K08086
hrb:Hrubri_3312	ko:K00133
hrb:Hrubri_3313	ko:K00052
hrb:Hrubri_3314	ko:K01704
hrb:Hrubri_3315	ko:K01703
hrb:Hrubri_3317	ko:K01736
hrb:Hrubri_3321	ko:K07058
hrb:Hrubri_3322	ko:K03809
hrb:Hrubri_3325	ko:K21023
hrb:Hrubri_3327	ko:K00383
hrb:Hrubri_3328	ko:K02011
hrb:Hrubri_3329	ko:K02010
hrb:Hrubri_3337	ko:K07726
hrb:Hrubri_3342	ko:K24163
hrb:Hrubri_3344	ko:K18301
hrb:Hrubri_3345	ko:K02030
hrb:Hrubri_3346	ko:K02050
hrb:Hrubri_3347	ko:K02051
hrb:Hrubri_3348	ko:K02049
hrb:Hrubri_3350	ko:K00523
hrb:Hrubri_3351	ko:K00821
hrb:Hrubri_3356	ko:K10112
hrb:Hrubri_3357	ko:K02027
hrb:Hrubri_3358	ko:K02025
hrb:Hrubri_3359	ko:K02026
hrb:Hrubri_3362	ko:K01115
hrb:Hrubri_3364	ko:K06150
hrb:Hrubri_3365	ko:K06151
hrb:Hrubri_3366	ko:K06152
hrb:Hrubri_3371	ko:K17836
hrb:Hrubri_3375	ko:K01673
hrb:Hrubri_3379	ko:K10126
hrb:Hrubri_3380	ko:K10125
hrb:Hrubri_3381	ko:K03761
hrb:Hrubri_3382	ko:K00029
hrb:Hrubri_3383	ko:K00946
hrb:Hrubri_3384	ko:K01095
hrb:Hrubri_3385	ko:K03743
hrb:Hrubri_3386	ko:K01591
hrb:Hrubri_3387	ko:K03744
hrb:Hrubri_3388	ko:K06872
hrb:Hrubri_3390	ko:K07259
hrb:Hrubri_3391	ko:K18968
hrb:Hrubri_3393	ko:K01531
hrb:Hrubri_3395	ko:K11527
hrb:Hrubri_3396	ko:K03412
hrb:Hrubri_3397	ko:K00575
hrb:Hrubri_3401	ko:K02483
hrb:Hrubri_3402	ko:K16090
hrb:Hrubri_3403	ko:K07336
hrb:Hrubri_3404	ko:K15554
hrb:Hrubri_3405	ko:K15555
hrb:Hrubri_3406	ko:K15553
hrb:Hrubri_3407	ko:K15553
hrb:Hrubri_3408	ko:K07774
hrb:Hrubri_3409	ko:K07649
hrb:Hrubri_3410	ko:K02027
hrb:Hrubri_3411	ko:K02025
hrb:Hrubri_3412	ko:K02026
hrb:Hrubri_3413	ko:K05351
hrb:Hrubri_3414	ko:K10112
hrb:Hrubri_3416	ko:K00854
hrb:Hrubri_3423	ko:K14237
hrb:Hrubri_3424	ko:K02342
hrb:Hrubri_3425	ko:K03469
hrb:Hrubri_3427	ko:K01069
hrb:Hrubri_3428	ko:K08307
hrb:Hrubri_3429	ko:K13896
hrb:Hrubri_3430	ko:K13895
hrb:Hrubri_3431	ko:K13894
hrb:Hrubri_3432	ko:K13893
hrb:Hrubri_3433	ko:K00208
hrb:Hrubri_3437	ko:K09857
hrb:Hrubri_3438	ko:K06192
hrb:Hrubri_3439	ko:K03808
hrb:Hrubri_3440	ko:K03808
hrb:Hrubri_3441	ko:K01649
hrb:Hrubri_3442	ko:K07234
hrb:Hrubri_3443	ko:K03406
hrb:Hrubri_3445	ko:K18911
hrb:Hrubri_3446	ko:K06147
hrb:Hrubri_3448	ko:K03975
hrb:Hrubri_3451	ko:K01999
hrb:Hrubri_3452	ko:K01997
hrb:Hrubri_3453	ko:K01995
hrb:Hrubri_3453	ko:K01996
hrb:Hrubri_3453	ko:K01998
hrb:Hrubri_3456	ko:K27838
hrb:Hrubri_3457	ko:K00560
hrb:Hrubri_3458	ko:K00459
hrb:Hrubri_3459	ko:K18139
hrb:Hrubri_3460	ko:K13888
hrb:Hrubri_3461	ko:K03669
hrb:Hrubri_3462	ko:K03670
hrb:Hrubri_3463	ko:K00287
hrb:Hrubri_3464	ko:K01584
hrb:Hrubri_3465	ko:K07240
hrb:Hrubri_3466	ko:K07240
hrb:Hrubri_3468	ko:K03892
hrb:Hrubri_3469	ko:K03893
hrb:Hrubri_3470	ko:K00537
hrb:Hrubri_3471	ko:K01494
hrb:Hrubri_3475	ko:K11004
hrb:Hrubri_3476	ko:K11003
hrb:Hrubri_3477	ko:K12340
hrb:Hrubri_3478	ko:K03578
hrb:Hrubri_3479	ko:K14682
hrb:Hrubri_3481	ko:K07263
hrb:Hrubri_3482	ko:K01807
hrb:Hrubri_3483	ko:K26735
hrb:Hrubri_3484	ko:K03719
hrb:Hrubri_3485	ko:K01999
hrb:Hrubri_3488	ko:K14234
hrb:Hrubri_3490	ko:K07497
hrb:Hrubri_3491	ko:K07483
hrb:Hrubri_3492	ko:K07497
hrb:Hrubri_3499	ko:K06076
hrb:Hrubri_3500	ko:K03406
hrb:Hrubri_3502	ko:K01184
hrb:Hrubri_3503	ko:K02106
hrb:Hrubri_3504	ko:K03406
hrb:Hrubri_3505	ko:K03406
hrb:Hrubri_3506	ko:K05834
hrb:Hrubri_3510	ko:K03406
hrb:Hrubri_3511	ko:K02030
hrb:Hrubri_3513	ko:K05786
hrb:Hrubri_3515	ko:K03841
hrb:Hrubri_3516	ko:K01256
hrb:Hrubri_3519	ko:K00344
hrb:Hrubri_3521	ko:K06915
hrb:Hrubri_3523	ko:K01945
hrb:Hrubri_3524	ko:K03442
hrb:Hrubri_3525	ko:K00228
hrb:Hrubri_3526	ko:K00969
hrb:Hrubri_3527	ko:K09710
hrb:Hrubri_3528	ko:K00783
hrb:Hrubri_3529	ko:K06287
hrb:Hrubri_3530	ko:K08301
hrb:Hrubri_3533	ko:K11085
hrb:Hrubri_3538	ko:K02337
hrb:Hrubri_3539	ko:K07146
hrb:Hrubri_3540	ko:K03809
hrb:Hrubri_3541	ko:K06911
hrb:Hrubri_3543	ko:K01894
hrb:Hrubri_3544	ko:K11927
hrb:Hrubri_3545	ko:K16165
hrb:Hrubri_3547	ko:K00845
hrb:Hrubri_3548	ko:K03182
hrb:Hrubri_3551	ko:K03625
hrb:Hrubri_3552	ko:K00794
hrb:Hrubri_3553	ko:K14652
hrb:Hrubri_3554	ko:K05539
hrb:Hrubri_3556	ko:K16137
hrb:Hrubri_3557	ko:K19745
hrb:Hrubri_3558	ko:K03406
hrb:Hrubri_3560	ko:K01560
hrb:Hrubri_3562	ko:K02035
hrb:Hrubri_3564	ko:K01754
hrb:Hrubri_3566	ko:K12972
hrb:Hrubri_3574	ko:K01501
hrb:Hrubri_3575	ko:K14393
hrb:Hrubri_3579	ko:K13028
hrb:Hrubri_3580	ko:K01501
hrb:Hrubri_3581	ko:K14063
hrb:Hrubri_3582	ko:K06207
hrb:Hrubri_3583	ko:K03177
hrb:Hrubri_3584	ko:K02834
hrb:Hrubri_3585	ko:K02519
hrb:Hrubri_3586	ko:K02600
hrb:Hrubri_3587	ko:K09748
hrb:Hrubri_3588	ko:K06178
hrb:Hrubri_3589	ko:K06024
hrb:Hrubri_3592	ko:K04085
hrb:Hrubri_3594	ko:K01872
hrb:Hrubri_3595	ko:K01126
hrb:Hrubri_3599	ko:K01886
hrb:Hrubri_3601	ko:K16074
hrb:Hrubri_3603	ko:K09016
hrb:Hrubri_3607	ko:K01141
hrb:Hrubri_3611	ko:K06445
hrb:Hrubri_3612	ko:K07054
hrb:Hrubri_3614	ko:K02575
hrb:Hrubri_3615	ko:K02575
hrb:Hrubri_3616	ko:K00370
hrb:Hrubri_3617	ko:K00371
hrb:Hrubri_3618	ko:K00373
hrb:Hrubri_3619	ko:K00374
hrb:Hrubri_3620	ko:K03769
hrb:Hrubri_3621	ko:K03639
hrb:Hrubri_3622	ko:K07673
hrb:Hrubri_3623	ko:K07684
hrb:Hrubri_3624	ko:K14761
hrb:Hrubri_3626	ko:K02671
hrb:Hrubri_3627	ko:K02672
hrb:Hrubri_3628	ko:K02673
hrb:Hrubri_3629	ko:K02655
hrb:Hrubri_3630	ko:K08084
hrb:Hrubri_3631	ko:K11752
hrb:Hrubri_3632	ko:K00793
hrb:Hrubri_3633	ko:K07126
hrb:Hrubri_3636	ko:K01740
hrb:Hrubri_3639	ko:K03307
hrb:Hrubri_3640	ko:K03406
hrb:Hrubri_3642	ko:K15554
hrb:Hrubri_3643	ko:K15555
hrb:Hrubri_3644	ko:K15553
hrb:Hrubri_3645	ko:K18313
hrb:Hrubri_3646	ko:K06187
hrb:Hrubri_3648	ko:K09747
hrb:Hrubri_3649	ko:K02343
hrb:Hrubri_3651	ko:K02237
hrb:Hrubri_3652	ko:K21344
hrb:Hrubri_3653	ko:K00012
hrb:Hrubri_3654	ko:K19804
hrb:Hrubri_3655	ko:K08992
hrb:Hrubri_3656	ko:K05788
hrb:Hrubri_3657	ko:K02945
hrb:Hrubri_3658	ko:K00945
hrb:Hrubri_3659	ko:K00800
hrb:Hrubri_3660	ko:K04517
hrb:Hrubri_3661	ko:K14170
hrb:Hrubri_3662	ko:K00831
hrb:Hrubri_3663	ko:K02469
hrb:Hrubri_3664	ko:K03286
hrb:Hrubri_3665	ko:K00568
hrb:Hrubri_3666	ko:K22292
hrb:Hrubri_3671	ko:K02078
hrb:Hrubri_3672	ko:K02078
hrb:Hrubri_3677	ko:K01745
hrb:Hrubri_3678	ko:K07107
hrb:Hrubri_3682	ko:K00647
hrb:Hrubri_3684	ko:K00059
hrb:Hrubri_3685	ko:K09458
hrb:Hrubri_3687	ko:K06133
hrb:Hrubri_3689	ko:K00217
hrb:Hrubri_3690	ko:K04098
hrb:Hrubri_3693	ko:K03292
hrb:Hrubri_3694	ko:K06876
hrb:Hrubri_3697	ko:K20976
hrb:Hrubri_3699	ko:K03406
hrb:Hrubri_3700	ko:K03415
hrb:Hrubri_3701	ko:K07216
hrb:Hrubri_3702	ko:K26148
hrb:Hrubri_3704	ko:K02482
hrb:Hrubri_3715	ko:K03406
hrb:Hrubri_3716	ko:K03762
hrb:Hrubri_3720	ko:K08482
hrb:Hrubri_3725	ko:K00457
hrb:Hrubri_3726	ko:K02624
hrb:Hrubri_3727	ko:K02624
hrb:Hrubri_3728	ko:K10679
hrb:Hrubri_3731	ko:K01464
hrb:Hrubri_3732	ko:K01799
hrb:Hrubri_3733	ko:K02049
hrb:Hrubri_3734	ko:K02050
hrb:Hrubri_3746	ko:K07667
hrb:Hrubri_3747	ko:K07646
hrb:Hrubri_3748	ko:K01548
hrb:Hrubri_3749	ko:K01547
hrb:Hrubri_3750	ko:K01546
hrb:Hrubri_3752	ko:K22602
hrb:Hrubri_3754	ko:K23256
hrb:Hrubri_3755	ko:K16137
hrb:Hrubri_3758	ko:K07098
hrb:Hrubri_3760	ko:K22468
hrb:Hrubri_3761	ko:K04761
hrb:Hrubri_3762	ko:K05816
hrb:Hrubri_3763	ko:K05815
hrb:Hrubri_3764	ko:K05814
hrb:Hrubri_3765	ko:K05813
hrb:Hrubri_3766	ko:K03179
hrb:Hrubri_3767	ko:K00569
hrb:Hrubri_3772	ko:K00286
hrb:Hrubri_3773	ko:K06997
hrb:Hrubri_3774	ko:K02669
hrb:Hrubri_3775	ko:K00432
hrb:Hrubri_3776	ko:K02044
hrb:Hrubri_3782	ko:K21393
hrb:Hrubri_3783	ko:K11688
hrb:Hrubri_3784	ko:K00626
hrb:Hrubri_3787	ko:K01114
hrb:Hrubri_3788	ko:K11473
hrb:Hrubri_3789	ko:K11472
hrb:Hrubri_3790	ko:K00104
hrb:Hrubri_3791	ko:K03566
hrb:Hrubri_3792	ko:K00102
hrb:Hrubri_3793	ko:K00798
hrb:Hrubri_3794	ko:K01662
hrb:Hrubri_3795	ko:K00795
hrb:Hrubri_3796	ko:K03602
hrb:Hrubri_3799	ko:K01011
hrb:Hrubri_3801	ko:K02660
hrb:Hrubri_3802	ko:K02659
hrb:Hrubri_3804	ko:K00941
hrb:Hrubri_3805	ko:K01845
hrb:Hrubri_3806	ko:K15724
hrb:Hrubri_3809	ko:K00145
hrb:Hrubri_3810	ko:K02996
hrb:Hrubri_3811	ko:K02871
hrb:Hrubri_3812	ko:K07397
hrb:Hrubri_3813	ko:K06134
hrb:Hrubri_3814	ko:K01465
hrb:Hrubri_3815	ko:K10004
hrb:Hrubri_3816	ko:K10002
hrb:Hrubri_3817	ko:K10003
hrb:Hrubri_3818	ko:K10001
hrb:Hrubri_3819	ko:K00261
hrb:Hrubri_3820	ko:K21645
hrb:Hrubri_3821	ko:K24821
hrb:Hrubri_3822	ko:K10806
hrb:Hrubri_3826	ko:K01897
hrb:Hrubri_3829	ko:K05835
hrb:Hrubri_3831	ko:K08987
hrb:Hrubri_3837	ko:K02029
hrb:Hrubri_3838	ko:K02029
hrb:Hrubri_3839	ko:K02028
hrb:Hrubri_3840	ko:K02030
hrb:Hrubri_3841	ko:K26399
hrb:Hrubri_3843	ko:K18335
hrb:Hrubri_3845	ko:K12976
hrb:Hrubri_3846	ko:K01985
hrb:Hrubri_3847	ko:K01980
hrb:Hrubri_3848	ko:K14218
hrb:Hrubri_3849	ko:K14227
hrb:Hrubri_3850	ko:K01977
hrb:Hrubri_3851	ko:K01692
hrb:Hrubri_3853	ko:K08304
hrb:Hrubri_3855	ko:K06195
hrb:Hrubri_3856	ko:K01783
hrb:Hrubri_3857	ko:K01091
hrb:Hrubri_3858	ko:K01657
hrb:Hrubri_3859	ko:K01658
hrb:Hrubri_3860	ko:K00766
hrb:Hrubri_3861	ko:K01609
hrb:Hrubri_3863	ko:K03688
hrb:Hrubri_3864	ko:K03690
hrb:Hrubri_3866	ko:K03183
hrb:Hrubri_3871	ko:K01754
hrb:Hrubri_3872	ko:K06879
hrb:Hrubri_3874	ko:K02806
hrb:Hrubri_3875	ko:K06023
hrb:Hrubri_3876	ko:K06958
hrb:Hrubri_3877	ko:K03575
hrb:Hrubri_3878	ko:K10563
hrb:Hrubri_3880	ko:K02494
hrb:Hrubri_3881	ko:K00919
hrb:Hrubri_3882	ko:K14223
hrb:Hrubri_3883	ko:K00948
hrb:Hrubri_3884	ko:K02897
hrb:Hrubri_3886	ko:K00266
hrb:Hrubri_3887	ko:K00265
hrb:Hrubri_3888	ko:K07491
hrb:Hrubri_3890	ko:K09981
hrb:Hrubri_3891	ko:K03717
hrb:Hrubri_3894	ko:K01241
hrb:Hrubri_3895	ko:K01424
hrb:Hrubri_3896	ko:K03670
hrb:Hrubri_3898	ko:K18146
hrb:Hrubri_3899	ko:K18144
hrb:Hrubri_3900	ko:K18143
hrb:Hrubri_3902	ko:K01999
hrb:Hrubri_3903	ko:K07497
hrb:Hrubri_3904	ko:K15125
hrb:Hrubri_3905	ko:K07326
hrb:Hrubri_3907	ko:K03111
hrb:Hrubri_3910	ko:K03701
hrb:Hrubri_3912	ko:K03406
hrb:Hrubri_3913	ko:K03406
hrb:Hrubri_3914	ko:K03455
hrb:Hrubri_3915	ko:K06041
hrb:Hrubri_3916	ko:K03270
hrb:Hrubri_3917	ko:K11719
hrb:Hrubri_3918	ko:K09774
hrb:Hrubri_3919	ko:K06861
hrb:Hrubri_3920	ko:K03092
hrb:Hrubri_3921	ko:K05808
hrb:Hrubri_3922	ko:K07390
hrb:Hrubri_3923	ko:K03186
hrb:Hrubri_3925	ko:K00163
hrb:Hrubri_3926	ko:K03719
hrb:Hrubri_3928	ko:K13652
hrb:Hrubri_3929	ko:K07052
hrb:Hrubri_3930	ko:K00481
hrb:Hrubri_3931	ko:K18954
hrb:Hrubri_3932	ko:K02624
hrb:Hrubri_3933	ko:K00449
hrb:Hrubri_3934	ko:K00448
hrb:Hrubri_3935	ko:K01857
hrb:Hrubri_3936	ko:K01055
hrb:Hrubri_3937	ko:K19157
hrb:Hrubri_3938	ko:K07473
hrb:Hrubri_3940	ko:K00355
hrb:Hrubri_3942	ko:K01999
hrb:Hrubri_3943	ko:K03863
hrb:Hrubri_3944	ko:K03862
hrb:Hrubri_3947	ko:K01999
hrb:Hrubri_3950	ko:K01996
hrb:Hrubri_3951	ko:K01995
hrb:Hrubri_3952	ko:K01998
hrb:Hrubri_3953	ko:K01997
hrb:Hrubri_3954	ko:K07823
hrb:Hrubri_3955	ko:K01032
hrb:Hrubri_3956	ko:K01031
hrb:Hrubri_3957	ko:K02624
hrb:Hrubri_3959	ko:K01999
hrb:Hrubri_3960	ko:K20036
hrb:Hrubri_3961	ko:K12508
hrb:Hrubri_3962	ko:K00626
hrb:Hrubri_3964	ko:K01075
hrb:Hrubri_3965	ko:K01999
hrb:Hrubri_3966	ko:K01997
hrb:Hrubri_3967	ko:K01995
hrb:Hrubri_3967	ko:K01998
hrb:Hrubri_3968	ko:K01996
hrb:Hrubri_3977	ko:K17733
hrb:Hrubri_3980	ko:K11891
hrb:Hrubri_3981	ko:K11890
hrb:Hrubri_3982	ko:K03286
hrb:Hrubri_3983	ko:K11902
hrb:Hrubri_3984	ko:K11907
hrb:Hrubri_3985	ko:K11895
hrb:Hrubri_3986	ko:K11896
hrb:Hrubri_3987	ko:K11897
hrb:Hrubri_3988	ko:K11903
hrb:Hrubri_3989	ko:K11900
hrb:Hrubri_3990	ko:K11901
hrb:Hrubri_3992	ko:K11906
hrb:Hrubri_3993	ko:K11893
hrb:Hrubri_3994	ko:K11892
hrb:Hrubri_3995	ko:K11904
hrb:Hrubri_4001	ko:K09136
hrb:Hrubri_4002	ko:K01754
hrb:Hrubri_4004	ko:K02035
hrb:Hrubri_4005	ko:K14234
hrb:Hrubri_4006	ko:K03600
hrb:Hrubri_4007	ko:K03599
hrb:Hrubri_4008	ko:K00413
hrb:Hrubri_4009	ko:K00412
hrb:Hrubri_4010	ko:K00411
hrb:Hrubri_4011	ko:K03282
hrb:Hrubri_4013	ko:K04772
hrb:Hrubri_4015	ko:K03118
hrb:Hrubri_4016	ko:K03117
hrb:Hrubri_4017	ko:K03116
hrb:Hrubri_4018	ko:K02503
hrb:Hrubri_4019	ko:K01523
hrb:Hrubri_4020	ko:K01496
hrb:Hrubri_4021	ko:K02500
hrb:Hrubri_4022	ko:K01814
hrb:Hrubri_4023	ko:K02501
hrb:Hrubri_4024	ko:K01693
hrb:Hrubri_4025	ko:K00817
hrb:Hrubri_4026	ko:K00571
hrb:Hrubri_4027	ko:K00013
hrb:Hrubri_4028	ko:K00765
hrb:Hrubri_4029	ko:K00790
hrb:Hrubri_4031	ko:K01992
hrb:Hrubri_4032	ko:K01990
hrb:Hrubri_4033	ko:K07122
hrb:Hrubri_4034	ko:K07323
hrb:Hrubri_4035	ko:K04754
hrb:Hrubri_4036	ko:K02067
hrb:Hrubri_4037	ko:K02066
hrb:Hrubri_4038	ko:K02065
hrb:Hrubri_4039	ko:K06942
hrb:Hrubri_4040	ko:K18831
hrb:Hrubri_4042	ko:K07160
hrb:Hrubri_4043	ko:K02160
hrb:Hrubri_4044	ko:K01961
hrb:Hrubri_4051	ko:K01996
hrb:Hrubri_4052	ko:K01995
hrb:Hrubri_4052	ko:K01998
hrb:Hrubri_4053	ko:K01997
hrb:Hrubri_4054	ko:K02618
hrb:Hrubri_4055	ko:K01999
hrb:Hrubri_4057	ko:K02617
hrb:Hrubri_4058	ko:K02609
hrb:Hrubri_4059	ko:K02610
hrb:Hrubri_4060	ko:K02611
hrb:Hrubri_4061	ko:K02612
hrb:Hrubri_4062	ko:K02613
hrb:Hrubri_4063	ko:K15866
hrb:Hrubri_4064	ko:K00074
hrb:Hrubri_4065	ko:K02614
hrb:Hrubri_4066	ko:K01912
hrb:Hrubri_4067	ko:K07823
hrb:Hrubri_4068	ko:K01692
hrb:Hrubri_4073	ko:K00954
hrb:Hrubri_4074	ko:K08316
hrb:Hrubri_4075	ko:K07263
hrb:Hrubri_4076	ko:K03496
hrb:Hrubri_4077	ko:K07263
hrb:Hrubri_4078	ko:K03110
hrb:Hrubri_4079	ko:K09812
hrb:Hrubri_4080	ko:K09811
hrb:Hrubri_4082	ko:K03089
hrb:Hrubri_4083	ko:K07152
hrb:Hrubri_4084	ko:K02257
hrb:Hrubri_4085	ko:K02259
hrb:Hrubri_4087	ko:K14998
hrb:Hrubri_4089	ko:K02276
hrb:Hrubri_4091	ko:K02258
hrb:Hrubri_4093	ko:K02274
hrb:Hrubri_4094	ko:K02275
hrb:Hrubri_4096	ko:K02169
hrb:Hrubri_4098	ko:K03216
hrb:Hrubri_4099	ko:K05833
hrb:Hrubri_4100	ko:K05832
hrb:Hrubri_4101	ko:K01989
hrb:Hrubri_4102	ko:K01989
hrb:Hrubri_4104	ko:K09796
hrb:Hrubri_4105	ko:K21345
hrb:Hrubri_4108	ko:K01999
hrb:Hrubri_4111	ko:K06920
hrb:Hrubri_4113	ko:K05366
hrb:Hrubri_4114	ko:K02662
hrb:Hrubri_4118	ko:K02666
hrb:Hrubri_4119	ko:K13829
hrb:Hrubri_4120	ko:K01129
hrb:Hrubri_4122	ko:K06959
hrb:Hrubri_4123	ko:K01056
hrb:Hrubri_4124	ko:K03981
hrb:Hrubri_4125	ko:K18800
hrb:Hrubri_4126	ko:K14231
hrb:Hrubri_4131	ko:K10954
hrb:Hrubri_4136	ko:K06926
hrb:Hrubri_4138	ko:K14231
hrb:Hrubri_4141	ko:K10107
hrb:Hrubri_4142	ko:K09688
hrb:Hrubri_4143	ko:K09689
hrb:Hrubri_4144	ko:K16650
hrb:Hrubri_4146	ko:K01854
hrb:Hrubri_4147	ko:K00963
hrb:Hrubri_4148	ko:K01991
hrb:Hrubri_4149	ko:K07266
hrb:Hrubri_4150	ko:K07265
hrb:Hrubri_4153	ko:K03406
hrb:Hrubri_4157	ko:K00116
hrb:Hrubri_4158	ko:K03411
hrb:Hrubri_4159	ko:K22131
hrb:Hrubri_4161	ko:K22130
hrb:Hrubri_4162	ko:K21948
hrb:Hrubri_4163	ko:K08319
hrb:Hrubri_4165	ko:K01081
hrb:Hrubri_4168	ko:K25494
hrb:Hrubri_4169	ko:K25495
hrb:Hrubri_4172	ko:K02030
hrb:Hrubri_4173	ko:K02029
hrb:Hrubri_4174	ko:K02029
hrb:Hrubri_4175	ko:K02028
hrb:Hrubri_4176	ko:K11750
hrb:Hrubri_4180	ko:K21053
hrb:Hrubri_4182	ko:K03457
hrb:Hrubri_4183	ko:K16841
hrb:Hrubri_4184	ko:K16842
hrb:Hrubri_4187	ko:K02051
hrb:Hrubri_4188	ko:K02049
hrb:Hrubri_4189	ko:K02050
hrb:Hrubri_4190	ko:K23537
hrb:Hrubri_4191	ko:K23535
hrb:Hrubri_4192	ko:K23536
hrb:Hrubri_4193	ko:K07335
hrb:Hrubri_4194	ko:K03610
hrb:Hrubri_4195	ko:K03609
hrb:Hrubri_4196	ko:K03608
hrb:Hrubri_4198	ko:K02492
hrb:Hrubri_4199	ko:K02835
hrb:Hrubri_4200	ko:K03611
hrb:Hrubri_4201	ko:K02493
hrb:Hrubri_4202	ko:K04090
hrb:Hrubri_4203	ko:K00500
hrb:Hrubri_4205	ko:K00974
hrb:Hrubri_4206	ko:K00799
hrb:Hrubri_4208	ko:K08309
hrb:Hrubri_4209	ko:K01934
hrb:Hrubri_4210	ko:K00297
hrb:Hrubri_4211	ko:K08972
hrb:Hrubri_4212	ko:K01251
hrb:Hrubri_4213	ko:K00789
hrb:Hrubri_4214	ko:K02517
hrb:Hrubri_4215	ko:K02517
hrb:Hrubri_4216	ko:K01778
hrb:Hrubri_4217	ko:K07126
hrb:Hrubri_4219	ko:K09921
hrb:Hrubri_4220	ko:K03733
hrb:Hrubri_4221	ko:K03711
hrb:Hrubri_4222	ko:K07025
hrb:Hrubri_4223	ko:K09973
hrb:Hrubri_4224	ko:K00930
hrb:Hrubri_4226	ko:K03525
hrb:Hrubri_4227	ko:K03524
hrb:Hrubri_4230	ko:K07018
hrb:Hrubri_4231	ko:K07258
hrb:Hrubri_4232	ko:K03387
hrb:Hrubri_4233	ko:K24119
hrb:Hrubri_4234	ko:K07107
hrb:Hrubri_4235	ko:K01596
hrb:Hrubri_4236	ko:K00058
hrb:Hrubri_4238	ko:K01424
hrb:Hrubri_4242	ko:K03656
hrb:Hrubri_4243	ko:K02030
hrb:Hrubri_4244	ko:K02029
hrb:Hrubri_4246	ko:K03745
hrb:Hrubri_4247	ko:K02346
hrb:Hrubri_4248	ko:K14162
hrb:Hrubri_4249	ko:K14161
hrb:Hrubri_4250	ko:K14160
hrb:Hrubri_4253	ko:K03554
hrb:Hrubri_4254	ko:K15736
hrb:Hrubri_4256	ko:K02355
hrb:Hrubri_4257	ko:K14221
hrb:Hrubri_4260	ko:K19294
hrb:Hrubri_4261	ko:K03650
hrb:Hrubri_4262	ko:K03217
hrb:Hrubri_4263	ko:K08998
hrb:Hrubri_4264	ko:K03536
hrb:Hrubri_4265	ko:K02914
hrb:Hrubri_4267	ko:K07180
hrb:Hrubri_4268	ko:K09786
hrb:Hrubri_4269	ko:K06415
hrb:Hrubri_4270	ko:K07157
hrb:Hrubri_4271	ko:K05595
hrb:Hrubri_4272	ko:K06871
hrb:Hrubri_4277	ko:K00548
hrb:Hrubri_4278	ko:K01243
hrb:Hrubri_4279	ko:K00604
hrb:Hrubri_4281	ko:K03673
hrb:Hrubri_4283	ko:K01887
hrb:Hrubri_4284	ko:K04066
hrb:Hrubri_4285	ko:K01599
hrb:Hrubri_4286	ko:K01713
hrb:Hrubri_4288	ko:K06929
hrb:Hrubri_4289	ko:K02114
hrb:Hrubri_4290	ko:K02112
hrb:Hrubri_4291	ko:K02115
hrb:Hrubri_4292	ko:K02111
hrb:Hrubri_4293	ko:K02113
hrb:Hrubri_4294	ko:K02109
hrb:Hrubri_4295	ko:K02110
hrb:Hrubri_4296	ko:K02108
hrb:Hrubri_4297	ko:K02116
hrb:Hrubri_4298	ko:K01709
hrb:Hrubri_4299	ko:K01784
hrb:Hrubri_4300	ko:K01710
hrb:Hrubri_4301	ko:K00973
hrb:Hrubri_4302	ko:K01790
hrb:Hrubri_4303	ko:K00067
hrb:Hrubri_4306	ko:K01790
hrb:Hrubri_4307	ko:K00978
hrb:Hrubri_4311	ko:K03271
hrb:Hrubri_4312	ko:K01710
hrb:Hrubri_4313	ko:K00615
hrb:Hrubri_4314	ko:K00615
hrb:Hrubri_4319	ko:K00966
hrb:Hrubri_4324	ko:K14219
hrb:Hrubri_4330	ko:K07010
hrb:Hrubri_4331	ko:K11746
hrb:Hrubri_4332	ko:K11745
hrb:Hrubri_4333	ko:K04771
hrb:Hrubri_4334	ko:K02484
hrb:Hrubri_4335	ko:K02483
hrb:Hrubri_4339	ko:K01633
hrb:Hrubri_4340	ko:K19166
hrb:Hrubri_4341	ko:K18831
hrb:Hrubri_4343	ko:K00832
hrb:Hrubri_4344	ko:K14058
hrb:Hrubri_4345	ko:K01709
hrb:Hrubri_4347	ko:K04042
hrb:Hrubri_4348	ko:K03719
hrb:Hrubri_4349	ko:K00820
hrb:Hrubri_4359	ko:K03657
hrb:Hrubri_4370	ko:K07154
hrb:Hrubri_4372	ko:K07154
hrb:Hrubri_4376	ko:K07454
hrb:Hrubri_4379	ko:K01999
hrb:Hrubri_4380	ko:K01995
hrb:Hrubri_4381	ko:K01996
hrb:Hrubri_4382	ko:K01997
hrb:Hrubri_4383	ko:K01998
hrb:Hrubri_4385	ko:K01501
hrb:Hrubri_4386	ko:K00077
hrb:Hrubri_4387	ko:K08195
hrb:Hrubri_4388	ko:K00141
hrb:Hrubri_4389	ko:K01576
hrb:Hrubri_4392	ko:K14657
hrb:Hrubri_4394	ko:K19338
hrb:Hrubri_4396	ko:K00135
hrb:Hrubri_4397	ko:K01714
hrb:Hrubri_4401	ko:K18307
hrb:Hrubri_4402	ko:K18306
hrb:Hrubri_4403	ko:K16088
hrb:Hrubri_4406	ko:K15726
hrb:Hrubri_4407	ko:K15727
hrb:Hrubri_4408	ko:K15725
hrb:Hrubri_4413	ko:K01457
hrb:Hrubri_4414	ko:K01941
hrb:Hrubri_4415	ko:K28693
hrb:Hrubri_4416	ko:K28692
hrb:Hrubri_4417	ko:K02049
hrb:Hrubri_4418	ko:K02050
hrb:Hrubri_4419	ko:K02051
hrb:Hrubri_4423	ko:K01799
hrb:Hrubri_4424	ko:K01501
hrb:Hrubri_4426	ko:K00450
hrb:Hrubri_4427	ko:K09461
hrb:Hrubri_4428	ko:K01075
hrb:Hrubri_4429	ko:K00180
hrb:Hrubri_4430	ko:K00179
hrb:Hrubri_4433	ko:K01475
hrb:Hrubri_4438	ko:K05874
hrb:Hrubri_4439	ko:K02014
hrb:Hrubri_4440	ko:K13979
hrb:Hrubri_4443	ko:K01785
hrb:Hrubri_4444	ko:K02529
hrb:Hrubri_4445	ko:K10543
hrb:Hrubri_4446	ko:K10545
hrb:Hrubri_4447	ko:K10544
hrb:Hrubri_4448	ko:K22185
hrb:Hrubri_4449	ko:K22186
hrb:Hrubri_4450	ko:K07046
hrb:Hrubri_4452	ko:K07262
hrb:Hrubri_4453	ko:K00790
hrb:Hrubri_4454	ko:K20276
hrb:Hrubri_4457	ko:K13021
hrb:Hrubri_4458	ko:K00058
hrb:Hrubri_4459	ko:K10218
hrb:Hrubri_4460	ko:K01053
hrb:Hrubri_4461	ko:K13021
hrb:Hrubri_4462	ko:K18982
hrb:Hrubri_4466	ko:K24915
hrb:Hrubri_4469	ko:K09803
hrb:Hrubri_4471	ko:K07506
hrb:Hrubri_4473	ko:K04047
hrb:Hrubri_4474	ko:K00433
hrb:Hrubri_4475	ko:K15977
hrb:Hrubri_4482	ko:K07506
hrb:Hrubri_4483	ko:K07734
hrb:Hrubri_4488	ko:K02010
hrb:Hrubri_4489	ko:K02011
hrb:Hrubri_4490	ko:K02012
hrb:Hrubri_4491	ko:K07795
hrb:Hrubri_4492	ko:K07774
hrb:Hrubri_4493	ko:K07649
hrb:Hrubri_4494	ko:K03406
hrb:Hrubri_4495	ko:K01745
hrb:Hrubri_4496	ko:K02083
hrb:Hrubri_4497	ko:K11103
hrb:Hrubri_4499	ko:K03406
hrb:Hrubri_4500	ko:K07215
hrb:Hrubri_4501	ko:K09790
hrb:Hrubri_4502	ko:K19265
hrb:Hrubri_4504	ko:K02483
hrb:Hrubri_4505	ko:K17315
hrb:Hrubri_4506	ko:K03576
hrb:Hrubri_4507	ko:K00549
hrb:Hrubri_4509	ko:K24217
hrb:Hrubri_4510	ko:K06152
hrb:Hrubri_4511	ko:K06151
hrb:Hrubri_4517	ko:K21645
hrb:Hrubri_4518	ko:K13522
hrb:Hrubri_4519	ko:K01950
hrb:Hrubri_4520	ko:K00763
hrb:Hrubri_4525	ko:K00141
hrb:Hrubri_4529	ko:K08191
hrb:Hrubri_4530	ko:K01187
hrb:Hrubri_4533	ko:K00285
hrb:Hrubri_4534	ko:K19353
hrb:Hrubri_4539	ko:K03710
hrb:Hrubri_4542	ko:K00799
hrb:Hrubri_4543	ko:K08191
hrb:Hrubri_4545	ko:K18981
hrb:Hrubri_4546	ko:K18139
hrb:Hrubri_4547	ko:K18138
hrb:Hrubri_4548	ko:K03585
hrb:Hrubri_4549	ko:K07642
hrb:Hrubri_4550	ko:K07664
hrb:Hrubri_4551	ko:K03406
hrb:Hrubri_4552	ko:K18903
hrb:Hrubri_4553	ko:K03585
hrb:Hrubri_4554	ko:K18138
hrb:Hrubri_4558	ko:K08738
hrb:Hrubri_4563	ko:K09922
hrb:Hrubri_4565	ko:K03297
hrb:Hrubri_4566	ko:K07124
hrb:Hrubri_4567	ko:K14189
hrb:Hrubri_4568	ko:K18567
hrb:Hrubri_4570	ko:K07709
hrb:Hrubri_4572	ko:K01029
hrb:Hrubri_4573	ko:K01028
hrb:Hrubri_4576	ko:K07118
hrb:Hrubri_4577	ko:K07396
hrb:Hrubri_4581	ko:K11959
hrb:Hrubri_4582	ko:K11960
hrb:Hrubri_4583	ko:K11961
hrb:Hrubri_4583	ko:K11962
hrb:Hrubri_4584	ko:K11963
hrb:Hrubri_4585	ko:K01424
hrb:Hrubri_4586	ko:K01999
hrb:Hrubri_4593	ko:K28192
hrb:Hrubri_4597	ko:K00822
hrb:Hrubri_4598	ko:K00140
hrb:Hrubri_4599	ko:K01999
hrb:Hrubri_4600	ko:K01997
hrb:Hrubri_4601	ko:K01998
hrb:Hrubri_4602	ko:K01995
hrb:Hrubri_4603	ko:K01996
hrb:Hrubri_4604	ko:K06016
hrb:Hrubri_4606	ko:K03406
hrb:Hrubri_4609	ko:K02434
hrb:Hrubri_4610	ko:K02433
hrb:Hrubri_4611	ko:K02435
hrb:Hrubri_4612	ko:K03569
hrb:Hrubri_4613	ko:K03570
hrb:Hrubri_4614	ko:K03571
hrb:Hrubri_4615	ko:K05515
hrb:Hrubri_4616	ko:K05837
hrb:Hrubri_4617	ko:K03642
hrb:Hrubri_4618	ko:K07056
hrb:Hrubri_4619	ko:K07121
hrb:Hrubri_4620	ko:K07460
hrb:Hrubri_4621	ko:K03271
hrb:Hrubri_4622	ko:K28369
hrb:Hrubri_4625	ko:K00762
hrb:Hrubri_4626	ko:K01142
hrb:Hrubri_4627	ko:K03169
hrb:Hrubri_4628	ko:K03747
hrb:Hrubri_4629	ko:K04096
hrb:Hrubri_4630	ko:K01462
hrb:Hrubri_4633	ko:K00253
hrb:Hrubri_4635	ko:K09858
hrb:Hrubri_4636	ko:K01969
hrb:Hrubri_4637	ko:K01968
hrb:Hrubri_4640	ko:K01640
hrb:Hrubri_4642	ko:K07497
hrb:Hrubri_4643	ko:K23518
hrb:Hrubri_4645	ko:K15125
hrb:Hrubri_4647	ko:K00459
hrb:Hrubri_4653	ko:K00817
hrb:Hrubri_4655	ko:K10914
hrb:Hrubri_4656	ko:K20034
hrb:Hrubri_4658	ko:K03453
hrb:Hrubri_4659	ko:K06020
hrb:Hrubri_4660	ko:K05786
hrb:Hrubri_4662	ko:K01426
hrb:Hrubri_4663	ko:K02031
hrb:Hrubri_4664	ko:K02032
hrb:Hrubri_4665	ko:K02034
hrb:Hrubri_4666	ko:K02033
hrb:Hrubri_4667	ko:K02035
hrb:Hrubri_4669	ko:K07552
hrb:Hrubri_4670	ko:K02027
hrb:Hrubri_4673	ko:K11959
hrb:Hrubri_4674	ko:K11960
hrb:Hrubri_4675	ko:K11961
hrb:Hrubri_4676	ko:K11962
hrb:Hrubri_4677	ko:K11963
hrb:Hrubri_4678	ko:K03190
hrb:Hrubri_4679	ko:K01430
hrb:Hrubri_4680	ko:K01429
hrb:Hrubri_4681	ko:K01428
hrb:Hrubri_4682	ko:K03187
hrb:Hrubri_4683	ko:K03188
hrb:Hrubri_4684	ko:K03189
hrb:Hrubri_4685	ko:K03192
hrb:Hrubri_4686	ko:K01985
hrb:Hrubri_4687	ko:K01980
hrb:Hrubri_4688	ko:K14218
hrb:Hrubri_4689	ko:K14227
hrb:Hrubri_4690	ko:K01977
hrb:Hrubri_4692	ko:K07715
hrb:Hrubri_4694	ko:K07711
hrb:Hrubri_4695	ko:K01439
hrb:Hrubri_4696	ko:K08169
hrb:Hrubri_4697	ko:K25135
hrb:Hrubri_4699	ko:K01495
hrb:Hrubri_4700	ko:K02393
hrb:Hrubri_4703	ko:K00285
hrb:Hrubri_4704	ko:K02029
hrb:Hrubri_4706	ko:K07222
hrb:Hrubri_4708	ko:K02030
hrb:Hrubri_4712	ko:K20938
hrb:Hrubri_4716	ko:K07001
hrb:Hrubri_4718	ko:K07137
hrb:Hrubri_4720	ko:K15461
hrb:Hrubri_4723	ko:K01497
hrb:Hrubri_4726	ko:K00154
hrb:Hrubri_4727	ko:K04095
hrb:Hrubri_4728	ko:K03644
hrb:Hrubri_4729	ko:K03801
hrb:Hrubri_4731	ko:K03566
hrb:Hrubri_4732	ko:K09158
hrb:Hrubri_4733	ko:K00824
hrb:Hrubri_4734	ko:K02471
hrb:Hrubri_4735	ko:K03406
hrb:Hrubri_4736	ko:K18893
hrb:Hrubri_4737	ko:K05349
hrb:Hrubri_4738	ko:K03670
hrb:Hrubri_4739	ko:K03497
hrb:Hrubri_4740	ko:K03496
hrb:Hrubri_4741	ko:K11250
hrb:Hrubri_4742	ko:K03098
hrb:Hrubri_4743	ko:K03501
hrb:Hrubri_4744	ko:K03495
hrb:Hrubri_4745	ko:K07090
hrb:Hrubri_4746	ko:K01998
hrb:Hrubri_4747	ko:K01997
hrb:Hrubri_4748	ko:K01999
hrb:Hrubri_4749	ko:K01996
hrb:Hrubri_4750	ko:K01995
hrb:Hrubri_4752	ko:K00140
hrb:Hrubri_4755	ko:K07290
