kcy:RIN60_00005	ko:K02313
kcy:RIN60_00010	ko:K02338
kcy:RIN60_00015	ko:K03629
kcy:RIN60_00020	ko:K02470
kcy:RIN60_00045	ko:K04080
kcy:RIN60_00050	ko:K04081
kcy:RIN60_00055	ko:K07085
kcy:RIN60_00060	ko:K03482
kcy:RIN60_00070	ko:K01232
kcy:RIN60_00080	ko:K03307
kcy:RIN60_00085	ko:K01138
kcy:RIN60_00090	ko:K00389
kcy:RIN60_00100	ko:K24118
kcy:RIN60_00105	ko:K02760
kcy:RIN60_00110	ko:K01223
kcy:RIN60_00115	ko:K02761
kcy:RIN60_00120	ko:K01753
kcy:RIN60_00125	ko:K13629
kcy:RIN60_00130	ko:K13636
kcy:RIN60_00135	ko:K08154
kcy:RIN60_00150	ko:K01652
kcy:RIN60_00155	ko:K01653
kcy:RIN60_00160	ko:K07686
kcy:RIN60_00165	ko:K07675
kcy:RIN60_00170	ko:K07783
kcy:RIN60_00175	ko:K07784
kcy:RIN60_00195	ko:K03445
kcy:RIN60_00200	ko:K05306
kcy:RIN60_00205	ko:K03430
kcy:RIN60_00215	ko:K11081
kcy:RIN60_00220	ko:K11084
kcy:RIN60_00225	ko:K11083
kcy:RIN60_00230	ko:K11082
kcy:RIN60_00235	ko:K02024
kcy:RIN60_00240	ko:K02759
kcy:RIN60_00245	ko:K02761
kcy:RIN60_00250	ko:K02760
kcy:RIN60_00270	ko:K11192
kcy:RIN60_00275	ko:K07106
kcy:RIN60_00280	ko:K07552
kcy:RIN60_00285	ko:K18139
kcy:RIN60_00290	ko:K18138
kcy:RIN60_00295	ko:K03585
kcy:RIN60_00330	ko:K02400
kcy:RIN60_00335	ko:K02401
kcy:RIN60_00340	ko:K02421
kcy:RIN60_00345	ko:K02420
kcy:RIN60_00350	ko:K02419
kcy:RIN60_00355	ko:K02417
kcy:RIN60_00360	ko:K02416
kcy:RIN60_00370	ko:K02408
kcy:RIN60_00375	ko:K02409
kcy:RIN60_00380	ko:K02410
kcy:RIN60_00385	ko:K02411
kcy:RIN60_00390	ko:K02412
kcy:RIN60_00405	ko:K18475
kcy:RIN60_00425	ko:K02399
kcy:RIN60_00430	ko:K02398
kcy:RIN60_00435	ko:K02386
kcy:RIN60_00440	ko:K02387
kcy:RIN60_00445	ko:K02388
kcy:RIN60_00450	ko:K02389
kcy:RIN60_00455	ko:K02390
kcy:RIN60_00460	ko:K02391
kcy:RIN60_00465	ko:K02392
kcy:RIN60_00470	ko:K02393
kcy:RIN60_00475	ko:K02394
kcy:RIN60_00480	ko:K02395
kcy:RIN60_00485	ko:K02396
kcy:RIN60_00490	ko:K02397
kcy:RIN60_00510	ko:K02406
kcy:RIN60_00515	ko:K02407
kcy:RIN60_00520	ko:K02422
kcy:RIN60_00530	ko:K02414
kcy:RIN60_00535	ko:K02415
kcy:RIN60_00540	ko:K02405
kcy:RIN60_00545	ko:K02556
kcy:RIN60_00550	ko:K02557
kcy:RIN60_00560	ko:K18640
kcy:RIN60_00575	ko:K26148
kcy:RIN60_00585	ko:K21740
kcy:RIN60_00590	ko:K10680
kcy:RIN60_00595	ko:K03566
kcy:RIN60_00600	ko:K27078
kcy:RIN60_00605	ko:K07347
kcy:RIN60_00610	ko:K07346
kcy:RIN60_00615	ko:K27078
kcy:RIN60_00620	ko:K14238
kcy:RIN60_00630	ko:K03292
kcy:RIN60_00635	ko:K01811
kcy:RIN60_00645	ko:K16345
kcy:RIN60_00650	ko:K03312
kcy:RIN60_00655	ko:K00864
kcy:RIN60_00660	ko:K02440
kcy:RIN60_00665	ko:K09892
kcy:RIN60_00670	ko:K23163
kcy:RIN60_00675	ko:K01521
kcy:RIN60_00685	ko:K01803
kcy:RIN60_00700	ko:K00528
kcy:RIN60_00705	ko:K02446
kcy:RIN60_00710	ko:K03655
kcy:RIN60_00715	ko:K00556
kcy:RIN60_00720	ko:K01139
kcy:RIN60_00725	ko:K03060
kcy:RIN60_00730	ko:K00942
kcy:RIN60_00735	ko:K01972
kcy:RIN60_00745	ko:K19353
kcy:RIN60_00755	ko:K00989
kcy:RIN60_00760	ko:K00762
kcy:RIN60_00765	ko:K05501
kcy:RIN60_00770	ko:K01520
kcy:RIN60_00775	ko:K13038
kcy:RIN60_00780	ko:K03630
kcy:RIN60_00785	ko:K02902
kcy:RIN60_00790	ko:K02913
kcy:RIN60_00795	ko:K10563
kcy:RIN60_00800	ko:K00954
kcy:RIN60_00805	ko:K02527
kcy:RIN60_00810	ko:K02849
kcy:RIN60_00815	ko:K02844
kcy:RIN60_00820	ko:K02848
kcy:RIN60_00825	ko:K03275
kcy:RIN60_00830	ko:K12981
kcy:RIN60_00835	ko:K02847
kcy:RIN60_00840	ko:K02841
kcy:RIN60_00845	ko:K02843
kcy:RIN60_00850	ko:K03274
kcy:RIN60_00855	ko:K00639
kcy:RIN60_00860	ko:K00060
kcy:RIN60_00865	ko:K19354
kcy:RIN60_00870	ko:K09798
kcy:RIN60_00875	ko:K22719
kcy:RIN60_00880	ko:K15633
kcy:RIN60_00890	ko:K03676
kcy:RIN60_00895	ko:K03071
kcy:RIN60_00900	ko:K00057
kcy:RIN60_00905	ko:K00640
kcy:RIN60_00910	ko:K03216
kcy:RIN60_00915	ko:K29125
kcy:RIN60_00920	ko:K14348
kcy:RIN60_00925	ko:K00427
kcy:RIN60_00930	ko:K14762
kcy:RIN60_00955	ko:K01042
kcy:RIN60_00960	ko:K03833
kcy:RIN60_00965	ko:K13954
kcy:RIN60_00975	ko:K00138
kcy:RIN60_00985	ko:K09955
kcy:RIN60_00990	ko:K03292
kcy:RIN60_01015	ko:K00835
kcy:RIN60_01020	ko:K01176
kcy:RIN60_01025	ko:K03796
kcy:RIN60_01030	ko:K02529
kcy:RIN60_01035	ko:K10544
kcy:RIN60_01040	ko:K10545
kcy:RIN60_01045	ko:K10543
kcy:RIN60_01050	ko:K01805
kcy:RIN60_01055	ko:K00854
kcy:RIN60_01075	ko:K01878
kcy:RIN60_01080	ko:K01879
kcy:RIN60_01085	ko:K03892
kcy:RIN60_01090	ko:K03893
kcy:RIN60_01095	ko:K00537
kcy:RIN60_01105	ko:K03704
kcy:RIN60_01110	ko:K08195
kcy:RIN60_01120	ko:K00090
kcy:RIN60_01130	ko:K00874
kcy:RIN60_01140	ko:K02525
kcy:RIN60_01150	ko:K08351
kcy:RIN60_01155	ko:K03826
kcy:RIN60_01160	ko:K01246
kcy:RIN60_01170	ko:K08177
kcy:RIN60_01175	ko:K12975
kcy:RIN60_01180	ko:K14232
kcy:RIN60_01185	ko:K12368
kcy:RIN60_01190	ko:K12369
kcy:RIN60_01195	ko:K12370
kcy:RIN60_01200	ko:K12371
kcy:RIN60_01205	ko:K12372
kcy:RIN60_01235	ko:K00694
kcy:RIN60_01240	ko:K20541
kcy:RIN60_01245	ko:K20542
kcy:RIN60_01250	ko:K20543
kcy:RIN60_01255	ko:K26149
kcy:RIN60_01260	ko:K11103
kcy:RIN60_01270	ko:K00874
kcy:RIN60_01275	ko:K21086
kcy:RIN60_01285	ko:K07058
kcy:RIN60_01305	ko:K01185
kcy:RIN60_01320	ko:K08994
kcy:RIN60_01325	ko:K15833
kcy:RIN60_01335	ko:K16088
kcy:RIN60_01345	ko:K07274
kcy:RIN60_01350	ko:K00383
kcy:RIN60_01355	ko:K07115
kcy:RIN60_01365	ko:K03566
kcy:RIN60_01375	ko:K01414
kcy:RIN60_01380	ko:K15984
kcy:RIN60_01385	ko:K03885
kcy:RIN60_01395	ko:K06149
kcy:RIN60_01400	ko:K06144
kcy:RIN60_01405	ko:K16322
kcy:RIN60_01420	ko:K13727
kcy:RIN60_01425	ko:K07806
kcy:RIN60_01430	ko:K10012
kcy:RIN60_01435	ko:K10011
kcy:RIN60_01440	ko:K13014
kcy:RIN60_01450	ko:K12962
kcy:RIN60_01455	ko:K12963
kcy:RIN60_01465	ko:K27311
kcy:RIN60_01470	ko:K09125
kcy:RIN60_01475	ko:K04085
kcy:RIN60_01480	ko:K01119
kcy:RIN60_01485	ko:K01534
kcy:RIN60_01500	ko:K08993
kcy:RIN60_01505	ko:K08316
kcy:RIN60_01510	ko:K03110
kcy:RIN60_01515	ko:K09812
kcy:RIN60_01520	ko:K09811
kcy:RIN60_01525	ko:K03089
kcy:RIN60_01530	ko:K00823
kcy:RIN60_01535	ko:K01999
kcy:RIN60_01545	ko:K01999
kcy:RIN60_01550	ko:K01997
kcy:RIN60_01555	ko:K01998
kcy:RIN60_01560	ko:K01995
kcy:RIN60_01565	ko:K01996
kcy:RIN60_01570	ko:K05813
kcy:RIN60_01575	ko:K05814
kcy:RIN60_01580	ko:K05815
kcy:RIN60_01585	ko:K05816
kcy:RIN60_01590	ko:K01126
kcy:RIN60_01600	ko:K00681
kcy:RIN60_01605	ko:K03825
kcy:RIN60_01615	ko:K06911
kcy:RIN60_01620	ko:K06145
kcy:RIN60_01625	ko:K00851
kcy:RIN60_01630	ko:K06156
kcy:RIN60_01640	ko:K00133
kcy:RIN60_01645	ko:K00700
kcy:RIN60_01650	ko:K02438
kcy:RIN60_01655	ko:K00975
kcy:RIN60_01660	ko:K00703
kcy:RIN60_01665	ko:K00688
kcy:RIN60_01670	ko:K00111
kcy:RIN60_01675	ko:K02439
kcy:RIN60_01680	ko:K02441
kcy:RIN60_01685	ko:K02444
kcy:RIN60_01690	ko:K03292
kcy:RIN60_01695	ko:K03556
kcy:RIN60_01700	ko:K00688
kcy:RIN60_01705	ko:K00705
kcy:RIN60_01710	ko:K06155
kcy:RIN60_01715	ko:K07400
kcy:RIN60_01725	ko:K02170
kcy:RIN60_01735	ko:K07490
kcy:RIN60_01740	ko:K04759
kcy:RIN60_01745	ko:K04758
kcy:RIN60_01750	ko:K06959
kcy:RIN60_01755	ko:K04760
kcy:RIN60_01760	ko:K07659
kcy:RIN60_01765	ko:K07638
kcy:RIN60_01770	ko:K01610
kcy:RIN60_01780	ko:K04083
kcy:RIN60_01785	ko:K04762
kcy:RIN60_01790	ko:K20881
kcy:RIN60_01800	ko:K08312
kcy:RIN60_01805	ko:K05366
kcy:RIN60_01810	ko:K12288
kcy:RIN60_01815	ko:K12289
kcy:RIN60_01820	ko:K12290
kcy:RIN60_01825	ko:K12291
kcy:RIN60_01830	ko:K02507
kcy:RIN60_01835	ko:K00891
kcy:RIN60_01840	ko:K01735
kcy:RIN60_01845	ko:K03112
kcy:RIN60_01850	ko:K06223
kcy:RIN60_01855	ko:K01783
kcy:RIN60_01860	ko:K01091
kcy:RIN60_01865	ko:K01867
kcy:RIN60_01870	ko:K02302
kcy:RIN60_01875	ko:K00363
kcy:RIN60_01880	ko:K00362
kcy:RIN60_01885	ko:K06141
kcy:RIN60_01890	ko:K03767
kcy:RIN60_01895	ko:K01664
kcy:RIN60_01900	ko:K00821
kcy:RIN60_01910	ko:K10914
kcy:RIN60_01915	ko:K07397
kcy:RIN60_01920	ko:K28462
kcy:RIN60_01925	ko:K09898
kcy:RIN60_01930	ko:K07019
kcy:RIN60_01935	ko:K13929
kcy:RIN60_01940	ko:K13930
kcy:RIN60_01945	ko:K13931
kcy:RIN60_01950	ko:K13932
kcy:RIN60_01955	ko:K13933
kcy:RIN60_01960	ko:K13936
kcy:RIN60_01965	ko:K13934
kcy:RIN60_01970	ko:K13935
kcy:RIN60_01975	ko:K13928
kcy:RIN60_01980	ko:K06158
kcy:RIN60_01985	ko:K11748
kcy:RIN60_01990	ko:K11747
kcy:RIN60_01995	ko:K07070
kcy:RIN60_02000	ko:K03775
kcy:RIN60_02005	ko:K03745
kcy:RIN60_02010	ko:K03772
kcy:RIN60_02020	ko:K07235
kcy:RIN60_02025	ko:K07236
kcy:RIN60_02030	ko:K07237
kcy:RIN60_02035	ko:K02950
kcy:RIN60_02040	ko:K02992
kcy:RIN60_02045	ko:K02355
kcy:RIN60_02050	ko:K02358
kcy:RIN60_02055	ko:K02192
kcy:RIN60_02060	ko:K03594
kcy:RIN60_02065	ko:K02506
kcy:RIN60_02070	ko:K02946
kcy:RIN60_02075	ko:K02906
kcy:RIN60_02080	ko:K02926
kcy:RIN60_02085	ko:K02892
kcy:RIN60_02090	ko:K02886
kcy:RIN60_02095	ko:K02965
kcy:RIN60_02100	ko:K02890
kcy:RIN60_02105	ko:K02982
kcy:RIN60_02110	ko:K02878
kcy:RIN60_02115	ko:K02904
kcy:RIN60_02120	ko:K02961
kcy:RIN60_02125	ko:K02874
kcy:RIN60_02130	ko:K02895
kcy:RIN60_02135	ko:K02931
kcy:RIN60_02140	ko:K02954
kcy:RIN60_02145	ko:K02994
kcy:RIN60_02150	ko:K02933
kcy:RIN60_02155	ko:K02881
kcy:RIN60_02160	ko:K02988
kcy:RIN60_02165	ko:K02907
kcy:RIN60_02170	ko:K02876
kcy:RIN60_02175	ko:K03076
kcy:RIN60_02180	ko:K02919
kcy:RIN60_02185	ko:K02952
kcy:RIN60_02190	ko:K02948
kcy:RIN60_02195	ko:K02986
kcy:RIN60_02200	ko:K03040
kcy:RIN60_02205	ko:K02879
kcy:RIN60_02215	ko:K13638
kcy:RIN60_02225	ko:K03282
kcy:RIN60_02230	ko:K03499
kcy:RIN60_02235	ko:K03500
kcy:RIN60_02240	ko:K00604
kcy:RIN60_02245	ko:K01462
kcy:RIN60_02250	ko:K04096
kcy:RIN60_02255	ko:K03747
kcy:RIN60_02260	ko:K07479
kcy:RIN60_02265	ko:K07566
kcy:RIN60_02270	ko:K00014
kcy:RIN60_02285	ko:K01977
kcy:RIN60_02290	ko:K01980
kcy:RIN60_02295	ko:K01985
kcy:RIN60_02300	ko:K14234
kcy:RIN60_02305	ko:K01985
kcy:RIN60_02315	ko:K18142
kcy:RIN60_02320	ko:K18141
kcy:RIN60_02325	ko:K18140
kcy:RIN60_02335	ko:K03557
kcy:RIN60_02340	ko:K05540
kcy:RIN60_02345	ko:K02687
kcy:RIN60_02350	ko:K14392
kcy:RIN60_02360	ko:K01961
kcy:RIN60_02365	ko:K02160
kcy:RIN60_02370	ko:K03786
kcy:RIN60_02375	ko:K17247
kcy:RIN60_02380	ko:K07147
kcy:RIN60_02385	ko:K19745
kcy:RIN60_02390	ko:K18765
kcy:RIN60_02395	ko:K03569
kcy:RIN60_02400	ko:K03570
kcy:RIN60_02405	ko:K03571
kcy:RIN60_02410	ko:K06287
kcy:RIN60_02415	ko:K08301
kcy:RIN60_02425	ko:K03568
kcy:RIN60_02430	ko:K21698
kcy:RIN60_02435	ko:K21695
kcy:RIN60_02440	ko:K15548
kcy:RIN60_02445	ko:K03468
kcy:RIN60_02450	ko:K00135
kcy:RIN60_02455	ko:K03623
kcy:RIN60_02470	ko:K03402
kcy:RIN60_02475	ko:K00024
kcy:RIN60_02480	ko:K04691
kcy:RIN60_02485	ko:K04772
kcy:RIN60_02490	ko:K09908
kcy:RIN60_02495	ko:K06916
kcy:RIN60_02500	ko:K02871
kcy:RIN60_02505	ko:K02996
kcy:RIN60_02510	ko:K03599
kcy:RIN60_02515	ko:K03600
kcy:RIN60_02520	ko:K22104
kcy:RIN60_02525	ko:K01639
kcy:RIN60_02530	ko:K03290
kcy:RIN60_02535	ko:K01788
kcy:RIN60_02540	ko:K00885
kcy:RIN60_02550	ko:K00266
kcy:RIN60_02555	ko:K00265
kcy:RIN60_02560	ko:K07139
kcy:RIN60_02565	ko:K07648
kcy:RIN60_02570	ko:K03814
kcy:RIN60_02575	ko:K08485
kcy:RIN60_02580	ko:K06958
kcy:RIN60_02585	ko:K02806
kcy:RIN60_02590	ko:K05808
kcy:RIN60_02595	ko:K03092
kcy:RIN60_02600	ko:K06861
kcy:RIN60_02605	ko:K09774
kcy:RIN60_02610	ko:K11719
kcy:RIN60_02615	ko:K03270
kcy:RIN60_02620	ko:K06041
kcy:RIN60_02625	ko:K07301
kcy:RIN60_02630	ko:K02065
kcy:RIN60_02635	ko:K02066
kcy:RIN60_02640	ko:K02067
kcy:RIN60_02645	ko:K07323
kcy:RIN60_02650	ko:K07122
kcy:RIN60_02660	ko:K00790
kcy:RIN60_02665	ko:K07724
kcy:RIN60_02670	ko:K02523
kcy:RIN60_02675	ko:K02888
kcy:RIN60_02680	ko:K02899
kcy:RIN60_02690	ko:K03979
kcy:RIN60_02695	ko:K07259
kcy:RIN60_02700	ko:K03624
kcy:RIN60_02705	ko:K07574
kcy:RIN60_02710	ko:K02427
kcy:RIN60_02715	ko:K03798
kcy:RIN60_02720	ko:K00796
kcy:RIN60_02725	ko:K03431
kcy:RIN60_02730	ko:K03075
kcy:RIN60_02735	ko:K14228
kcy:RIN60_02745	ko:K18991
kcy:RIN60_02750	ko:K01940
kcy:RIN60_02755	ko:K14230
kcy:RIN60_02760	ko:K09748
kcy:RIN60_02765	ko:K02600
kcy:RIN60_02770	ko:K02519
kcy:RIN60_02775	ko:K02834
kcy:RIN60_02780	ko:K03177
kcy:RIN60_02785	ko:K02956
kcy:RIN60_02790	ko:K00962
kcy:RIN60_02795	ko:K05803
kcy:RIN60_02805	ko:K05592
kcy:RIN60_02810	ko:K03835
kcy:RIN60_02820	ko:K24845
kcy:RIN60_02825	ko:K24844
kcy:RIN60_02830	ko:K24843
kcy:RIN60_02835	ko:K03824
kcy:RIN60_02840	ko:K07461
kcy:RIN60_02845	ko:K09979
kcy:RIN60_02850	ko:K07644
kcy:RIN60_02855	ko:K07665
kcy:RIN60_02860	ko:K02027
kcy:RIN60_02865	ko:K07796
kcy:RIN60_02870	ko:K07810
kcy:RIN60_02875	ko:K07798
kcy:RIN60_02880	ko:K07787
kcy:RIN60_02890	ko:K28369
kcy:RIN60_02895	ko:K12961
kcy:RIN60_02900	ko:K07460
kcy:RIN60_02905	ko:K07121
kcy:RIN60_02910	ko:K07056
kcy:RIN60_02915	ko:K14155
kcy:RIN60_02920	ko:K02791
kcy:RIN60_02925	ko:K08302
kcy:RIN60_02930	ko:K02082
kcy:RIN60_02935	ko:K02079
kcy:RIN60_02940	ko:K02744
kcy:RIN60_02945	ko:K02747
kcy:RIN60_02950	ko:K02746
kcy:RIN60_02955	ko:K02745
kcy:RIN60_02960	ko:K16371
kcy:RIN60_02965	ko:K02081
kcy:RIN60_02970	ko:K01708
kcy:RIN60_02975	ko:K12299
kcy:RIN60_02980	ko:K01630
kcy:RIN60_02985	ko:K00042
kcy:RIN60_02990	ko:K00865
kcy:RIN60_02995	ko:K01978
kcy:RIN60_03000	ko:K07592
kcy:RIN60_03005	ko:K01754
kcy:RIN60_03010	ko:K03838
kcy:RIN60_03015	ko:K00932
kcy:RIN60_03020	ko:K00656
kcy:RIN60_03025	ko:K01752
kcy:RIN60_03030	ko:K26604
kcy:RIN60_03035	ko:K26607
kcy:RIN60_03060	ko:K07393
kcy:RIN60_03065	ko:K15977
kcy:RIN60_03090	ko:K25864
kcy:RIN60_03100	ko:K19775
kcy:RIN60_03105	ko:K08191
kcy:RIN60_03110	ko:K01812
kcy:RIN60_03115	ko:K01685
kcy:RIN60_03125	ko:K07862
kcy:RIN60_03140	ko:K07043
kcy:RIN60_03145	ko:K11391
kcy:RIN60_03150	ko:K00219
kcy:RIN60_03155	ko:K10111
kcy:RIN60_03160	ko:K01840
kcy:RIN60_03170	ko:K02027
kcy:RIN60_03175	ko:K02025
kcy:RIN60_03180	ko:K02026
kcy:RIN60_03185	ko:K01226
kcy:RIN60_03190	ko:K20885
kcy:RIN60_03200	ko:K09251
kcy:RIN60_03205	ko:K03776
kcy:RIN60_03215	ko:K07229
kcy:RIN60_03220	ko:K03305
kcy:RIN60_03230	ko:K14230
kcy:RIN60_03235	ko:K03649
kcy:RIN60_03240	ko:K03086
kcy:RIN60_03245	ko:K02316
kcy:RIN60_03250	ko:K02970
kcy:RIN60_03260	ko:K08591
kcy:RIN60_03265	ko:K01633
kcy:RIN60_03270	ko:K06153
kcy:RIN60_03275	ko:K00974
kcy:RIN60_03280	ko:K07184
kcy:RIN60_03285	ko:K18446
kcy:RIN60_03290	ko:K00982
kcy:RIN60_03295	ko:K03272
kcy:RIN60_03300	ko:K09806
kcy:RIN60_03305	ko:K02858
kcy:RIN60_03310	ko:K07238
kcy:RIN60_03315	ko:K15777
kcy:RIN60_03330	ko:K12340
kcy:RIN60_03335	ko:K01515
kcy:RIN60_03340	ko:K09920
kcy:RIN60_03345	ko:K03651
kcy:RIN60_03350	ko:K07000
kcy:RIN60_03355	ko:K02622
kcy:RIN60_03360	ko:K11688
kcy:RIN60_03365	ko:K11689
kcy:RIN60_03370	ko:K11690
kcy:RIN60_03375	ko:K11688
kcy:RIN60_03380	ko:K11689
kcy:RIN60_03385	ko:K11690
kcy:RIN60_03400	ko:K02532
kcy:RIN60_03405	ko:K18581
kcy:RIN60_03420	ko:K03923
kcy:RIN60_03425	ko:K07645
kcy:RIN60_03430	ko:K07666
kcy:RIN60_03440	ko:K13652
kcy:RIN60_03445	ko:K02621
kcy:RIN60_03450	ko:K00655
kcy:RIN60_03455	ko:K04753
kcy:RIN60_03465	ko:K06221
kcy:RIN60_03470	ko:K08325
kcy:RIN60_03485	ko:K01760
kcy:RIN60_03490	ko:K03561
kcy:RIN60_03495	ko:K03559
kcy:RIN60_03500	ko:K03406
kcy:RIN60_03505	ko:K03292
kcy:RIN60_03535	ko:K19265
kcy:RIN60_03545	ko:K11209
kcy:RIN60_03555	ko:K01460
kcy:RIN60_03560	ko:K05825
kcy:RIN60_03575	ko:K07345
kcy:RIN60_03580	ko:K07351
kcy:RIN60_03585	ko:K07346
kcy:RIN60_03590	ko:K07347
kcy:RIN60_03595	ko:K07348
kcy:RIN60_03600	ko:K07349
kcy:RIN60_03605	ko:K07350
kcy:RIN60_03615	ko:K14231
kcy:RIN60_03620	ko:K07150
kcy:RIN60_03625	ko:K01581
kcy:RIN60_03630	ko:K07702
kcy:RIN60_03635	ko:K07700
kcy:RIN60_03650	ko:K01910
kcy:RIN60_03655	ko:K01646
kcy:RIN60_03660	ko:K01644
kcy:RIN60_03665	ko:K01643
kcy:RIN60_03670	ko:K05964
kcy:RIN60_03675	ko:K05966
kcy:RIN60_03680	ko:K03289
kcy:RIN60_03685	ko:K08306
kcy:RIN60_03695	ko:K03575
kcy:RIN60_03700	ko:K03439
kcy:RIN60_03705	ko:K09923
kcy:RIN60_03715	ko:K11690
kcy:RIN60_03720	ko:K11689
kcy:RIN60_03725	ko:K11688
kcy:RIN60_03735	ko:K01519
kcy:RIN60_03740	ko:K09131
kcy:RIN60_03745	ko:K02221
kcy:RIN60_03750	ko:K06997
kcy:RIN60_03755	ko:K02669
kcy:RIN60_03760	ko:K04333
kcy:RIN60_03765	ko:K07447
kcy:RIN60_03770	ko:K07735
kcy:RIN60_03775	ko:K01920
kcy:RIN60_03780	ko:K09761
kcy:RIN60_03785	ko:K01150
kcy:RIN60_03790	ko:K02742
kcy:RIN60_03795	ko:K08137
kcy:RIN60_03800	ko:K00789
kcy:RIN60_03810	ko:K01585
kcy:RIN60_03815	ko:K01480
kcy:RIN60_03855	ko:K00529
kcy:RIN60_03880	ko:K06989
kcy:RIN60_03890	ko:K01652
kcy:RIN60_03900	ko:K07387
kcy:RIN60_03905	ko:K00615
kcy:RIN60_03910	ko:K03472
kcy:RIN60_03915	ko:K00927
kcy:RIN60_03920	ko:K01624
kcy:RIN60_03925	ko:K03442
kcy:RIN60_03940	ko:K06895
kcy:RIN60_03945	ko:K09807
kcy:RIN60_03950	ko:K05596
kcy:RIN60_03955	ko:K01807
kcy:RIN60_03960	ko:K00058
kcy:RIN60_03965	ko:K01934
kcy:RIN60_03970	ko:K28358
kcy:RIN60_03975	ko:K09888
kcy:RIN60_03980	ko:K09895
kcy:RIN60_03985	ko:K01262
kcy:RIN60_03990	ko:K03185
kcy:RIN60_03995	ko:K18800
kcy:RIN60_04000	ko:K00605
kcy:RIN60_04005	ko:K02437
kcy:RIN60_04010	ko:K00281
kcy:RIN60_04020	ko:K01223
kcy:RIN60_04030	ko:K09900
kcy:RIN60_04035	ko:K11068
kcy:RIN60_04045	ko:K09159
kcy:RIN60_04050	ko:K19168
kcy:RIN60_04055	ko:K03840
kcy:RIN60_04060	ko:K04763
kcy:RIN60_04065	ko:K03981
kcy:RIN60_04070	ko:K07462
kcy:RIN60_04075	ko:K02836
kcy:RIN60_04080	ko:K04567
kcy:RIN60_04085	ko:K01823
kcy:RIN60_04090	ko:K07150
kcy:RIN60_04095	ko:K03186
kcy:RIN60_04100	ko:K22958
kcy:RIN60_04110	ko:K12943
kcy:RIN60_04115	ko:K14225
kcy:RIN60_04170	ko:K09982
kcy:RIN60_04175	ko:K22110
kcy:RIN60_04190	ko:K06975
kcy:RIN60_04205	ko:K03281
kcy:RIN60_04210	ko:K24116
kcy:RIN60_04215	ko:K02050
kcy:RIN60_04225	ko:K02049
kcy:RIN60_04230	ko:K00116
kcy:RIN60_04250	ko:K00626
kcy:RIN60_04255	ko:K22110
kcy:RIN60_04260	ko:K01730
kcy:RIN60_04265	ko:K01815
kcy:RIN60_04270	ko:K00065
kcy:RIN60_04275	ko:K02100
kcy:RIN60_04280	ko:K01730
kcy:RIN60_04285	ko:K10192
kcy:RIN60_04290	ko:K10195
kcy:RIN60_04295	ko:K10194
kcy:RIN60_04300	ko:K10193
kcy:RIN60_04320	ko:K26933
kcy:RIN60_04325	ko:K25316
kcy:RIN60_04335	ko:K01586
kcy:RIN60_04345	ko:K02761
kcy:RIN60_04350	ko:K01223
kcy:RIN60_04355	ko:K13637
kcy:RIN60_04365	ko:K02529
kcy:RIN60_04370	ko:K05939
kcy:RIN60_04375	ko:K08227
kcy:RIN60_04395	ko:K03573
kcy:RIN60_04405	ko:K08311
kcy:RIN60_04410	ko:K08484
kcy:RIN60_04415	ko:K13292
kcy:RIN60_04420	ko:K00560
kcy:RIN60_04425	ko:K02679
kcy:RIN60_04430	ko:K02680
kcy:RIN60_04440	ko:K02681
kcy:RIN60_04445	ko:K03583
kcy:RIN60_04450	ko:K01407
kcy:RIN60_04455	ko:K03582
kcy:RIN60_04460	ko:K03581
kcy:RIN60_04465	ko:K14682
kcy:RIN60_04470	ko:K01448
kcy:RIN60_04475	ko:K04720
kcy:RIN60_04480	ko:K16651
kcy:RIN60_04485	ko:K02224
kcy:RIN60_04490	ko:K02227
kcy:RIN60_04495	ko:K06042
kcy:RIN60_04500	ko:K02188
kcy:RIN60_04505	ko:K03399
kcy:RIN60_04510	ko:K02191
kcy:RIN60_04515	ko:K05936
kcy:RIN60_04520	ko:K02189
kcy:RIN60_04525	ko:K05934
kcy:RIN60_04530	ko:K05895
kcy:RIN60_04535	ko:K02190
kcy:RIN60_04540	ko:K03394
kcy:RIN60_04545	ko:K02007
kcy:RIN60_04550	ko:K02009
kcy:RIN60_04555	ko:K02008
kcy:RIN60_04560	ko:K02006
kcy:RIN60_04565	ko:K02232
kcy:RIN60_04570	ko:K14230
kcy:RIN60_04575	ko:K14230
kcy:RIN60_04580	ko:K14230
kcy:RIN60_04585	ko:K08304
kcy:RIN60_04590	ko:K22132
kcy:RIN60_04595	ko:K02426
kcy:RIN60_04600	ko:K01766
kcy:RIN60_04605	ko:K03566
kcy:RIN60_04615	ko:K06968
kcy:RIN60_04620	ko:K02430
kcy:RIN60_04625	ko:K02431
kcy:RIN60_04630	ko:K00879
kcy:RIN60_04635	ko:K01818
kcy:RIN60_04640	ko:K02429
kcy:RIN60_04645	ko:K01628
kcy:RIN60_04650	ko:K00048
kcy:RIN60_04655	ko:K01146
kcy:RIN60_04660	ko:K01752
kcy:RIN60_04665	ko:K03837
kcy:RIN60_04670	ko:K06966
kcy:RIN60_04675	ko:K06879
kcy:RIN60_04680	ko:K15723
kcy:RIN60_04690	ko:K06175
kcy:RIN60_04700	ko:K01706
kcy:RIN60_04705	ko:K00865
kcy:RIN60_04710	ko:K07678
kcy:RIN60_04715	ko:K03215
kcy:RIN60_04720	ko:K00951
kcy:RIN60_04725	ko:K04765
kcy:RIN60_04730	ko:K01937
kcy:RIN60_04735	ko:K01689
kcy:RIN60_04745	ko:K16321
kcy:RIN60_04750	ko:K10026
kcy:RIN60_04755	ko:K01085
kcy:RIN60_04760	ko:K01737
kcy:RIN60_04765	ko:K00380
kcy:RIN60_04770	ko:K00381
kcy:RIN60_04775	ko:K00390
kcy:RIN60_04780	ko:K18922
kcy:RIN60_04785	ko:K09612
kcy:RIN60_04790	ko:K00957
kcy:RIN60_04795	ko:K00956
kcy:RIN60_04800	ko:K00860
kcy:RIN60_04810	ko:K05589
kcy:RIN60_04815	ko:K00991
kcy:RIN60_04820	ko:K01770
kcy:RIN60_04825	ko:K06176
kcy:RIN60_04830	ko:K03787
kcy:RIN60_04835	ko:K00573
kcy:RIN60_04840	ko:K06194
kcy:RIN60_04845	ko:K03087
kcy:RIN60_04850	ko:K22489
kcy:RIN60_04855	ko:K03186
kcy:RIN60_04860	ko:K01612
kcy:RIN60_04865	ko:K21759
kcy:RIN60_04870	ko:K03555
kcy:RIN60_04875	ko:K07112
kcy:RIN60_04885	ko:K03836
kcy:RIN60_04890	ko:K01667
kcy:RIN60_04895	ko:K10834
kcy:RIN60_04900	ko:K25133
kcy:RIN60_04905	ko:K25132
kcy:RIN60_04910	ko:K07225
kcy:RIN60_04915	ko:K16087
kcy:RIN60_04920	ko:K07401
kcy:RIN60_04940	ko:K04069
kcy:RIN60_04955	ko:K02019
kcy:RIN60_04960	ko:K15836
kcy:RIN60_04965	ko:K04655
kcy:RIN60_04970	ko:K04654
kcy:RIN60_04975	ko:K04653
kcy:RIN60_04980	ko:K04652
kcy:RIN60_04985	ko:K04651
kcy:RIN60_04990	ko:K15833
kcy:RIN60_04995	ko:K15827
kcy:RIN60_05000	ko:K15828
kcy:RIN60_05005	ko:K15829
kcy:RIN60_05010	ko:K15830
kcy:RIN60_05015	ko:K15831
kcy:RIN60_05020	ko:K15832
kcy:RIN60_05025	ko:K15834
kcy:RIN60_05030	ko:K08315
kcy:RIN60_05040	ko:K00633
kcy:RIN60_05045	ko:K02532
kcy:RIN60_05050	ko:K01190
kcy:RIN60_05055	ko:K27069
kcy:RIN60_05060	ko:K01223
kcy:RIN60_05065	ko:K02753
kcy:RIN60_05070	ko:K03487
kcy:RIN60_05075	ko:K05796
kcy:RIN60_05080	ko:K22015
kcy:RIN60_05085	ko:K04656
kcy:RIN60_05090	ko:K07241
kcy:RIN60_05095	ko:K12265
kcy:RIN60_05100	ko:K12264
kcy:RIN60_05105	ko:K12266
kcy:RIN60_05110	ko:K02467
kcy:RIN60_05115	ko:K08305
kcy:RIN60_05120	ko:K02074
kcy:RIN60_05125	ko:K02075
kcy:RIN60_05130	ko:K02077
kcy:RIN60_05140	ko:K03743
kcy:RIN60_05145	ko:K03553
kcy:RIN60_05150	ko:K03565
kcy:RIN60_05155	ko:K01872
kcy:RIN60_05160	ko:K03563
kcy:RIN60_05165	ko:K14233
kcy:RIN60_05170	ko:K14219
kcy:RIN60_05175	ko:K14219
kcy:RIN60_05180	ko:K14219
kcy:RIN60_05185	ko:K14219
kcy:RIN60_05205	ko:K01919
kcy:RIN60_05210	ko:K07173
kcy:RIN60_05215	ko:K07491
kcy:RIN60_05220	ko:K03446
kcy:RIN60_05225	ko:K03543
kcy:RIN60_05230	ko:K15974
kcy:RIN60_05240	ko:K02002
kcy:RIN60_05245	ko:K02001
kcy:RIN60_05250	ko:K02000
kcy:RIN60_05260	ko:K00375
kcy:RIN60_05275	ko:K28156
kcy:RIN60_05295	ko:K07345
kcy:RIN60_05300	ko:K07346
kcy:RIN60_05305	ko:K07347
kcy:RIN60_05310	ko:K07345
kcy:RIN60_05315	ko:K02016
kcy:RIN60_05320	ko:K02014
kcy:RIN60_05330	ko:K10834
kcy:RIN60_05335	ko:K25133
kcy:RIN60_05345	ko:K07227
kcy:RIN60_05350	ko:K21936
kcy:RIN60_05355	ko:K25132
kcy:RIN60_05360	ko:K16087
kcy:RIN60_05385	ko:K03630
kcy:RIN60_05425	ko:K07733
kcy:RIN60_05450	ko:K01154
kcy:RIN60_05455	ko:K03427
kcy:RIN60_05460	ko:K01153
kcy:RIN60_05475	ko:K15035
kcy:RIN60_05480	ko:K03664
kcy:RIN60_05490	ko:K09801
kcy:RIN60_05495	ko:K06186
kcy:RIN60_05500	ko:K03631
kcy:RIN60_05505	ko:K00858
kcy:RIN60_05510	ko:K03687
kcy:RIN60_05515	ko:K03699
kcy:RIN60_05525	ko:K03106
kcy:RIN60_05530	ko:K02959
kcy:RIN60_05535	ko:K02860
kcy:RIN60_05540	ko:K00554
kcy:RIN60_05545	ko:K02884
kcy:RIN60_05565	ko:K21021
kcy:RIN60_05575	ko:K01626
kcy:RIN60_05580	ko:K14187
kcy:RIN60_05590	ko:K14170
kcy:RIN60_05600	ko:K05809
kcy:RIN60_05605	ko:K05807
kcy:RIN60_05610	ko:K06180
kcy:RIN60_05615	ko:K05810
kcy:RIN60_05620	ko:K03695
kcy:RIN60_05625	ko:K01977
kcy:RIN60_05630	ko:K14224
kcy:RIN60_05635	ko:K01980
kcy:RIN60_05640	ko:K01985
kcy:RIN60_05645	ko:K03761
kcy:RIN60_05650	ko:K05811
kcy:RIN60_05655	ko:K00998
kcy:RIN60_05660	ko:K09181
kcy:RIN60_05665	ko:K05812
kcy:RIN60_05670	ko:K03672
kcy:RIN60_05675	ko:K03214
kcy:RIN60_05680	ko:K03648
kcy:RIN60_05685	ko:K06866
kcy:RIN60_05690	ko:K02757
kcy:RIN60_05695	ko:K08323
kcy:RIN60_05705	ko:K05590
kcy:RIN60_05710	ko:K15460
kcy:RIN60_05715	ko:K00278
kcy:RIN60_05720	ko:K03088
kcy:RIN60_05725	ko:K03597
kcy:RIN60_05730	ko:K03598
kcy:RIN60_05735	ko:K03803
kcy:RIN60_05740	ko:K03596
kcy:RIN60_05745	ko:K03100
kcy:RIN60_05750	ko:K03685
kcy:RIN60_05755	ko:K03595
kcy:RIN60_05760	ko:K03584
kcy:RIN60_05765	ko:K03474
kcy:RIN60_05770	ko:K00997
kcy:RIN60_05880	ko:K06919
kcy:RIN60_05910	ko:K07319
kcy:RIN60_05920	ko:K01185
kcy:RIN60_06090	ko:K21528
kcy:RIN60_06115	ko:K01584
kcy:RIN60_06120	ko:K03756
kcy:RIN60_06130	ko:K18697
kcy:RIN60_06135	ko:K11991
kcy:RIN60_06140	ko:K18691
kcy:RIN60_06145	ko:K01952
kcy:RIN60_06150	ko:K07711
kcy:RIN60_06160	ko:K07715
kcy:RIN60_06165	ko:K04751
kcy:RIN60_06170	ko:K05916
kcy:RIN60_06180	ko:K00600
kcy:RIN60_06185	ko:K15977
kcy:RIN60_06190	ko:K00529
kcy:RIN60_06195	ko:K05711
kcy:RIN60_06200	ko:K05710
kcy:RIN60_06205	ko:K05709
kcy:RIN60_06210	ko:K05708
kcy:RIN60_06215	ko:K05817
kcy:RIN60_06220	ko:K05820
kcy:RIN60_06235	ko:K08970
kcy:RIN60_06240	ko:K01092
kcy:RIN60_06245	ko:K15396
kcy:RIN60_06250	ko:K13643
kcy:RIN60_06255	ko:K04487
kcy:RIN60_06260	ko:K04488
kcy:RIN60_06265	ko:K13628
kcy:RIN60_06270	ko:K04082
kcy:RIN60_06275	ko:K04044
kcy:RIN60_06280	ko:K04755
kcy:RIN60_06290	ko:K07751
kcy:RIN60_06305	ko:K01011
kcy:RIN60_06310	ko:K01232
kcy:RIN60_06315	ko:K02791
kcy:RIN60_06320	ko:K06894
kcy:RIN60_06325	ko:K05367
kcy:RIN60_06330	ko:K00940
kcy:RIN60_06335	ko:K06941
kcy:RIN60_06340	ko:K15539
kcy:RIN60_06345	ko:K03526
kcy:RIN60_06350	ko:K01892
kcy:RIN60_06360	ko:K17713
kcy:RIN60_06365	ko:K03977
kcy:RIN60_06390	ko:K26603
kcy:RIN60_06395	ko:K01760
kcy:RIN60_06410	ko:K03601
kcy:RIN60_06415	ko:K00088
kcy:RIN60_06420	ko:K01951
kcy:RIN60_06440	ko:K03442
kcy:RIN60_06450	ko:K26149
kcy:RIN60_06455	ko:K01524
kcy:RIN60_06460	ko:K00937
kcy:RIN60_06465	ko:K11175
kcy:RIN60_06470	ko:K01933
kcy:RIN60_06475	ko:K18673
kcy:RIN60_06480	ko:K01223
kcy:RIN60_06485	ko:K00761
kcy:RIN60_06490	ko:K02824
kcy:RIN60_06495	ko:K10763
kcy:RIN60_06500	ko:K01255
kcy:RIN60_06505	ko:K01444
kcy:RIN60_06510	ko:K02761
kcy:RIN60_06520	ko:K00537
kcy:RIN60_06525	ko:K01423
kcy:RIN60_06530	ko:K03548
kcy:RIN60_06535	ko:K03564
kcy:RIN60_06540	ko:K03567
kcy:RIN60_06545	ko:K01714
kcy:RIN60_06550	ko:K07287
kcy:RIN60_06555	ko:K01923
kcy:RIN60_06560	ko:K07054
kcy:RIN60_06565	ko:K06957
kcy:RIN60_06570	ko:K06999
kcy:RIN60_06580	ko:K01439
kcy:RIN60_06605	ko:K12945
kcy:RIN60_06625	ko:K00029
kcy:RIN60_06630	ko:K00228
kcy:RIN60_06635	ko:K01448
kcy:RIN60_06655	ko:K07223
kcy:RIN60_06665	ko:K02048
kcy:RIN60_06670	ko:K02046
kcy:RIN60_06675	ko:K02047
kcy:RIN60_06680	ko:K02045
kcy:RIN60_06685	ko:K12339
kcy:RIN60_06695	ko:K01951
kcy:RIN60_06705	ko:K00868
kcy:RIN60_06715	ko:K02777
kcy:RIN60_06720	ko:K08483
kcy:RIN60_06725	ko:K02784
kcy:RIN60_06730	ko:K01738
kcy:RIN60_06735	ko:K06203
kcy:RIN60_06740	ko:K03528
kcy:RIN60_06745	ko:K01972
kcy:RIN60_06750	ko:K09954
kcy:RIN60_06755	ko:K14347
kcy:RIN60_06780	ko:K14229
kcy:RIN60_06785	ko:K14237
kcy:RIN60_06790	ko:K14237
kcy:RIN60_06795	ko:K14237
kcy:RIN60_06800	ko:K01885
kcy:RIN60_06815	ko:K14218
kcy:RIN60_06820	ko:K14218
kcy:RIN60_06825	ko:K26149
kcy:RIN60_06830	ko:K11535
kcy:RIN60_06835	ko:K03322
kcy:RIN60_06845	ko:K01443
kcy:RIN60_06850	ko:K01756
kcy:RIN60_06855	ko:K02791
kcy:RIN60_06865	ko:K19265
kcy:RIN60_06870	ko:K04103
kcy:RIN60_06875	ko:K03281
kcy:RIN60_06880	ko:K00845
kcy:RIN60_06885	ko:K27885
kcy:RIN60_06890	ko:K27884
kcy:RIN60_06895	ko:K14261
kcy:RIN60_06905	ko:K18767
kcy:RIN60_06920	ko:K12678
kcy:RIN60_06935	ko:K09912
kcy:RIN60_06945	ko:K13069
kcy:RIN60_06950	ko:K14219
kcy:RIN60_06955	ko:K21990
kcy:RIN60_06960	ko:K04754
kcy:RIN60_06965	ko:K06076
kcy:RIN60_06975	ko:K00632
kcy:RIN60_06980	ko:K01782
kcy:RIN60_06985	ko:K08296
kcy:RIN60_06995	ko:K07320
kcy:RIN60_07000	ko:K01736
kcy:RIN60_07005	ko:K07261
kcy:RIN60_07010	ko:K07090
kcy:RIN60_07015	ko:K09906
kcy:RIN60_07025	ko:K15461
kcy:RIN60_07030	ko:K00647
kcy:RIN60_07040	ko:K03482
kcy:RIN60_07045	ko:K02760
kcy:RIN60_07050	ko:K02761
kcy:RIN60_07055	ko:K10124
kcy:RIN60_07070	ko:K03473
kcy:RIN60_07080	ko:K06173
kcy:RIN60_07085	ko:K03975
kcy:RIN60_07090	ko:K01963
kcy:RIN60_07095	ko:K11754
kcy:RIN60_07100	ko:K03749
kcy:RIN60_07105	ko:K03558
kcy:RIN60_07110	ko:K00764
kcy:RIN60_07115	ko:K03186
kcy:RIN60_07120	ko:K10013
kcy:RIN60_07125	ko:K10014
kcy:RIN60_07130	ko:K10016
kcy:RIN60_07135	ko:K10015
kcy:RIN60_07140	ko:K10017
kcy:RIN60_07150	ko:K07071
kcy:RIN60_07155	ko:K07589
kcy:RIN60_07165	ko:K00128
kcy:RIN60_07170	ko:K00799
kcy:RIN60_07175	ko:K07095
kcy:RIN60_07185	ko:K13788
kcy:RIN60_07190	ko:K00925
kcy:RIN60_07195	ko:K09899
kcy:RIN60_07200	ko:K09161
kcy:RIN60_07205	ko:K19270
kcy:RIN60_07215	ko:K08722
kcy:RIN60_07220	ko:K14260
kcy:RIN60_07230	ko:K00330
kcy:RIN60_07235	ko:K00331
kcy:RIN60_07240	ko:K13378
kcy:RIN60_07245	ko:K00334
kcy:RIN60_07250	ko:K00335
kcy:RIN60_07255	ko:K00336
kcy:RIN60_07260	ko:K00337
kcy:RIN60_07265	ko:K00338
kcy:RIN60_07270	ko:K00339
kcy:RIN60_07275	ko:K00340
kcy:RIN60_07280	ko:K00341
kcy:RIN60_07285	ko:K00342
kcy:RIN60_07290	ko:K00343
kcy:RIN60_07295	ko:K11249
kcy:RIN60_07315	ko:K00549
kcy:RIN60_07340	ko:K01821
kcy:RIN60_07345	ko:K07120
kcy:RIN60_07365	ko:K03415
kcy:RIN60_07370	ko:K00784
kcy:RIN60_07375	ko:K02348
kcy:RIN60_07380	ko:K02552
kcy:RIN60_07385	ko:K02551
kcy:RIN60_07390	ko:K08680
kcy:RIN60_07400	ko:K02549
kcy:RIN60_07405	ko:K01911
kcy:RIN60_07420	ko:K00113
kcy:RIN60_07425	ko:K00112
kcy:RIN60_07430	ko:K00111
kcy:RIN60_07435	ko:K11107
kcy:RIN60_07440	ko:K00526
kcy:RIN60_07445	ko:K00525
kcy:RIN60_07450	ko:K00568
kcy:RIN60_07455	ko:K02469
kcy:RIN60_07465	ko:K07677
kcy:RIN60_07470	ko:K07687
kcy:RIN60_07475	ko:K07676
kcy:RIN60_07480	ko:K09475
kcy:RIN60_07485	ko:K03734
kcy:RIN60_07490	ko:K10778
kcy:RIN60_07495	ko:K03919
kcy:RIN60_07500	ko:K06159
kcy:RIN60_07505	ko:K06213
kcy:RIN60_07510	ko:K03321
kcy:RIN60_07515	ko:K00116
kcy:RIN60_07520	ko:K08276
kcy:RIN60_07530	ko:K00638
kcy:RIN60_07540	ko:K14232
kcy:RIN60_07545	ko:K07014
kcy:RIN60_07550	ko:K09904
kcy:RIN60_07555	ko:K06899
kcy:RIN60_07560	ko:K18650
kcy:RIN60_07565	ko:K02897
kcy:RIN60_07575	ko:K03098
kcy:RIN60_07580	ko:K19789
kcy:RIN60_07585	ko:K06183
kcy:RIN60_07590	ko:K07552
kcy:RIN60_07600	ko:K13896
kcy:RIN60_07605	ko:K13895
kcy:RIN60_07610	ko:K13894
kcy:RIN60_07620	ko:K26148
kcy:RIN60_07625	ko:K13694
kcy:RIN60_07630	ko:K19803
kcy:RIN60_07645	ko:K01686
kcy:RIN60_07650	ko:K02356
kcy:RIN60_07655	ko:K06940
kcy:RIN60_07660	ko:K03291
kcy:RIN60_07665	ko:K11183
kcy:RIN60_07670	ko:K00882
kcy:RIN60_07675	ko:K02770
kcy:RIN60_07680	ko:K01151
kcy:RIN60_07695	ko:K11733
kcy:RIN60_07700	ko:K16089
kcy:RIN60_07705	ko:K18581
kcy:RIN60_07710	ko:K02532
kcy:RIN60_07725	ko:K01070
kcy:RIN60_07730	ko:K01495
kcy:RIN60_07735	ko:K07148
kcy:RIN60_07740	ko:K02529
kcy:RIN60_07745	ko:K10540
kcy:RIN60_07750	ko:K10542
kcy:RIN60_07755	ko:K10541
kcy:RIN60_07765	ko:K17723
kcy:RIN60_07770	ko:K17722
kcy:RIN60_07775	ko:K03748
kcy:RIN60_07780	ko:K01489
kcy:RIN60_07790	ko:K06518
kcy:RIN60_07800	ko:K05541
kcy:RIN60_07805	ko:K03488
kcy:RIN60_07825	ko:K18139
kcy:RIN60_07840	ko:K07262
kcy:RIN60_07850	ko:K03777
kcy:RIN60_07855	ko:K05349
kcy:RIN60_07880	ko:K16210
kcy:RIN60_07890	ko:K05845
kcy:RIN60_07895	ko:K05846
kcy:RIN60_07900	ko:K05847
kcy:RIN60_07905	ko:K05846
kcy:RIN60_07915	ko:K21089
kcy:RIN60_07920	ko:K27882
kcy:RIN60_07925	ko:K27883
kcy:RIN60_07935	ko:K01874
kcy:RIN60_07945	ko:K23243
kcy:RIN60_07955	ko:K00657
kcy:RIN60_07960	ko:K06901
kcy:RIN60_07985	ko:K13652
kcy:RIN60_08000	ko:K00878
kcy:RIN60_08005	ko:K00941
kcy:RIN60_08030	ko:K11645
kcy:RIN60_08040	ko:K02035
kcy:RIN60_08045	ko:K02033
kcy:RIN60_08050	ko:K02034
kcy:RIN60_08055	ko:K02031
kcy:RIN60_08060	ko:K02032
kcy:RIN60_08065	ko:K10192
kcy:RIN60_08085	ko:K08303
kcy:RIN60_08090	ko:K09946
kcy:RIN60_08095	ko:K07664
kcy:RIN60_08100	ko:K07642
kcy:RIN60_08105	ko:K18326
kcy:RIN60_08110	ko:K07789
kcy:RIN60_08115	ko:K07788
kcy:RIN60_08120	ko:K07799
kcy:RIN60_08125	ko:K04046
kcy:RIN60_08130	ko:K01247
kcy:RIN60_08135	ko:K21084
kcy:RIN60_08140	ko:K00876
kcy:RIN60_08145	ko:K01494
kcy:RIN60_08150	ko:K07289
kcy:RIN60_08160	ko:K01991
kcy:RIN60_08165	ko:K25307
kcy:RIN60_08170	ko:K16692
kcy:RIN60_08175	ko:K25875
kcy:RIN60_08180	ko:K03819
kcy:RIN60_08185	ko:K13684
kcy:RIN60_08190	ko:K13620
kcy:RIN60_08195	ko:K13683
kcy:RIN60_08200	ko:K03818
kcy:RIN60_08205	ko:K01711
kcy:RIN60_08210	ko:K02377
kcy:RIN60_08215	ko:K03207
kcy:RIN60_08220	ko:K03208
kcy:RIN60_08225	ko:K00971
kcy:RIN60_08230	ko:K01840
kcy:RIN60_08235	ko:K03606
kcy:RIN60_08240	ko:K16695
kcy:RIN60_08245	ko:K16710
kcy:RIN60_08250	ko:K16703
kcy:RIN60_08255	ko:K16711
kcy:RIN60_08260	ko:K19997
kcy:RIN60_08265	ko:K00963
kcy:RIN60_08285	ko:K00971
kcy:RIN60_08290	ko:K01840
kcy:RIN60_08310	ko:K23067
kcy:RIN60_08315	ko:K00033
kcy:RIN60_08320	ko:K00012
kcy:RIN60_08325	ko:K08679
kcy:RIN60_08330	ko:K11755
kcy:RIN60_08335	ko:K02500
kcy:RIN60_08340	ko:K01814
kcy:RIN60_08345	ko:K02501
kcy:RIN60_08350	ko:K01089
kcy:RIN60_08355	ko:K00817
kcy:RIN60_08360	ko:K00013
kcy:RIN60_08365	ko:K00765
kcy:RIN60_08385	ko:K07112
kcy:RIN60_08395	ko:K01141
kcy:RIN60_08400	ko:K07258
kcy:RIN60_08410	ko:K09802
kcy:RIN60_08415	ko:K02231
kcy:RIN60_08420	ko:K02233
kcy:RIN60_08425	ko:K00768
kcy:RIN60_08430	ko:K03566
kcy:RIN60_08440	ko:K14220
kcy:RIN60_08445	ko:K26937
kcy:RIN60_08450	ko:K14220
kcy:RIN60_08455	ko:K01241
kcy:RIN60_08460	ko:K19236
kcy:RIN60_08470	ko:K06177
kcy:RIN60_08475	ko:K14220
kcy:RIN60_08480	ko:K19338
kcy:RIN60_08485	ko:K13635
kcy:RIN60_08500	ko:K14220
kcy:RIN60_08505	ko:K09933
kcy:RIN60_08510	ko:K14233
kcy:RIN60_08520	ko:K03286
kcy:RIN60_08535	ko:K00847
kcy:RIN60_08540	ko:K07804
kcy:RIN60_08545	ko:K01676
kcy:RIN60_08550	ko:K11106
kcy:RIN60_08555	ko:K28482
kcy:RIN60_08560	ko:K03734
kcy:RIN60_08565	ko:K07703
kcy:RIN60_08570	ko:K07701
kcy:RIN60_08575	ko:K07106
kcy:RIN60_08580	ko:K14062
kcy:RIN60_08590	ko:K06950
kcy:RIN60_08595	ko:K00558
kcy:RIN60_08600	ko:K07458
kcy:RIN60_08610	ko:K09781
kcy:RIN60_08620	ko:K21085
kcy:RIN60_08635	ko:K07781
kcy:RIN60_08640	ko:K02421
kcy:RIN60_08645	ko:K02420
kcy:RIN60_08650	ko:K02419
kcy:RIN60_08655	ko:K02418
kcy:RIN60_08660	ko:K02417
kcy:RIN60_08665	ko:K02416
kcy:RIN60_08670	ko:K02415
kcy:RIN60_08675	ko:K02414
kcy:RIN60_08680	ko:K02413
kcy:RIN60_08685	ko:K02412
kcy:RIN60_08690	ko:K02411
kcy:RIN60_08695	ko:K02410
kcy:RIN60_08700	ko:K02409
kcy:RIN60_08705	ko:K02408
kcy:RIN60_08720	ko:K02423
kcy:RIN60_08725	ko:K02422
kcy:RIN60_08730	ko:K02407
kcy:RIN60_08735	ko:K02406
kcy:RIN60_08740	ko:K02405
kcy:RIN60_08745	ko:K02425
kcy:RIN60_08750	ko:K02424
kcy:RIN60_08755	ko:K05396
kcy:RIN60_08760	ko:K10009
kcy:RIN60_08765	ko:K10010
kcy:RIN60_08770	ko:K07782
kcy:RIN60_08780	ko:K07689
kcy:RIN60_08785	ko:K03703
kcy:RIN60_08790	ko:K00995
kcy:RIN60_08795	ko:K14225
kcy:RIN60_08800	ko:K14222
kcy:RIN60_08805	ko:K14228
kcy:RIN60_08820	ko:K01999
kcy:RIN60_08825	ko:K01997
kcy:RIN60_08830	ko:K01998
kcy:RIN60_08835	ko:K01995
kcy:RIN60_08840	ko:K01996
kcy:RIN60_08845	ko:K07039
kcy:RIN60_08850	ko:K00598
kcy:RIN60_08855	ko:K00261
kcy:RIN60_08860	ko:K03834
kcy:RIN60_08870	ko:K02217
kcy:RIN60_08905	ko:K02255
kcy:RIN60_08915	ko:K10537
kcy:RIN60_08920	ko:K10539
kcy:RIN60_08925	ko:K10538
kcy:RIN60_08930	ko:K14064
kcy:RIN60_08935	ko:K02403
kcy:RIN60_08940	ko:K02402
kcy:RIN60_08945	ko:K02556
kcy:RIN60_08950	ko:K02557
kcy:RIN60_08955	ko:K03407
kcy:RIN60_08960	ko:K03408
kcy:RIN60_08970	ko:K05875
kcy:RIN60_08975	ko:K05877
kcy:RIN60_08980	ko:K00575
kcy:RIN60_08985	ko:K03412
kcy:RIN60_08990	ko:K03413
kcy:RIN60_08995	ko:K03414
kcy:RIN60_09005	ko:K07347
kcy:RIN60_09010	ko:K07346
kcy:RIN60_09015	ko:K07345
kcy:RIN60_09020	ko:K02401
kcy:RIN60_09025	ko:K02400
kcy:RIN60_09030	ko:K03516
kcy:RIN60_09035	ko:K16210
kcy:RIN60_09040	ko:K15532
kcy:RIN60_09045	ko:K16210
kcy:RIN60_09050	ko:K05515
kcy:RIN60_09055	ko:K01887
kcy:RIN60_09060	ko:K09907
kcy:RIN60_09065	ko:K06201
kcy:RIN60_09070	ko:K15257
kcy:RIN60_09075	ko:K15256
kcy:RIN60_09080	ko:K07136
kcy:RIN60_09095	ko:K01876
kcy:RIN60_09100	ko:K08310
kcy:RIN60_09110	ko:K01159
kcy:RIN60_09115	ko:K03550
kcy:RIN60_09120	ko:K03551
kcy:RIN60_09125	ko:K09816
kcy:RIN60_09130	ko:K09817
kcy:RIN60_09135	ko:K09815
kcy:RIN60_09140	ko:K19304
kcy:RIN60_09145	ko:K02560
kcy:RIN60_09150	ko:K00873
kcy:RIN60_09155	ko:K19337
kcy:RIN60_09160	ko:K00036
kcy:RIN60_09165	ko:K01690
kcy:RIN60_09170	ko:K01625
kcy:RIN60_09175	ko:K08289
kcy:RIN60_09185	ko:K01354
kcy:RIN60_09190	ko:K10857
kcy:RIN60_09200	ko:K02345
kcy:RIN60_09205	ko:K07156
kcy:RIN60_09210	ko:K07245
kcy:RIN60_09235	ko:K12974
kcy:RIN60_09245	ko:K11392
kcy:RIN60_09250	ko:K06192
kcy:RIN60_09255	ko:K03808
kcy:RIN60_09260	ko:K08968
kcy:RIN60_09265	ko:K03607
kcy:RIN60_09270	ko:K03797
kcy:RIN60_09275	ko:K03799
kcy:RIN60_09280	ko:K08169
kcy:RIN60_09285	ko:K19333
kcy:RIN60_09310	ko:K03704
kcy:RIN60_09315	ko:K00563
kcy:RIN60_09320	ko:K23242
kcy:RIN60_09330	ko:K02796
kcy:RIN60_09335	ko:K02795
kcy:RIN60_09340	ko:K02794
kcy:RIN60_09350	ko:K21090
kcy:RIN60_09355	ko:K01752
kcy:RIN60_09365	ko:K01665
kcy:RIN60_09370	ko:K09917
kcy:RIN60_09390	ko:K02027
kcy:RIN60_09395	ko:K02025
kcy:RIN60_09400	ko:K02026
kcy:RIN60_09405	ko:K10112
kcy:RIN60_09420	ko:K03722
kcy:RIN60_09425	ko:K14742
kcy:RIN60_09430	ko:K07285
kcy:RIN60_09435	ko:K01897
kcy:RIN60_09440	ko:K03684
kcy:RIN60_09445	ko:K03608
kcy:RIN60_09450	ko:K03609
kcy:RIN60_09455	ko:K03610
kcy:RIN60_09460	ko:K09902
kcy:RIN60_09465	ko:K29029
kcy:RIN60_09470	ko:K09160
kcy:RIN60_09475	ko:K03611
kcy:RIN60_09480	ko:K03314
kcy:RIN60_09485	ko:K03603
kcy:RIN60_09490	ko:K06415
kcy:RIN60_09495	ko:K00285
kcy:RIN60_09500	ko:K01775
kcy:RIN60_09505	ko:K11105
kcy:RIN60_09510	ko:K01297
kcy:RIN60_09515	ko:K08308
kcy:RIN60_09520	ko:K21087
kcy:RIN60_09530	ko:K02014
kcy:RIN60_09535	ko:K02511
kcy:RIN60_09545	ko:K01426
kcy:RIN60_09550	ko:K22027
kcy:RIN60_09575	ko:K00059
kcy:RIN60_09585	ko:K09024
kcy:RIN60_09595	ko:K01856
kcy:RIN60_09600	ko:K03464
kcy:RIN60_09605	ko:K03381
kcy:RIN60_09610	ko:K02002
kcy:RIN60_09640	ko:K26606
kcy:RIN60_09645	ko:K26605
kcy:RIN60_09665	ko:K07345
kcy:RIN60_09670	ko:K15540
kcy:RIN60_09675	ko:K07347
kcy:RIN60_09715	ko:K06889
kcy:RIN60_09720	ko:K06889
kcy:RIN60_09725	ko:K24082
kcy:RIN60_09800	ko:K08151
kcy:RIN60_09805	ko:K06942
kcy:RIN60_09810	ko:K01056
kcy:RIN60_09820	ko:K00928
kcy:RIN60_09825	ko:K00836
kcy:RIN60_09830	ko:K13745
kcy:RIN60_09835	ko:K03321
kcy:RIN60_09840	ko:K00948
kcy:RIN60_09845	ko:K00919
kcy:RIN60_09850	ko:K02494
kcy:RIN60_09855	ko:K02492
kcy:RIN60_09860	ko:K02835
kcy:RIN60_09865	ko:K02493
kcy:RIN60_09880	ko:K01627
kcy:RIN60_09895	ko:K20265
kcy:RIN60_09900	ko:K07300
kcy:RIN60_09905	ko:K07232
kcy:RIN60_09915	ko:K06039
kcy:RIN60_09925	ko:K15576
kcy:RIN60_09930	ko:K15577
kcy:RIN60_09935	ko:K15578
kcy:RIN60_09940	ko:K00361
kcy:RIN60_09945	ko:K00372
kcy:RIN60_09955	ko:K07684
kcy:RIN60_09960	ko:K07673
kcy:RIN60_09965	ko:K02575
kcy:RIN60_09970	ko:K00370
kcy:RIN60_09975	ko:K00371
kcy:RIN60_09980	ko:K00373
kcy:RIN60_09985	ko:K00374
kcy:RIN60_10005	ko:K14236
kcy:RIN60_10010	ko:K14236
kcy:RIN60_10015	ko:K01433
kcy:RIN60_10020	ko:K09858
kcy:RIN60_10025	ko:K07001
kcy:RIN60_10030	ko:K02485
kcy:RIN60_10035	ko:K00963
kcy:RIN60_10040	ko:K03746
kcy:RIN60_10045	ko:K00857
kcy:RIN60_10050	ko:K04072
kcy:RIN60_10060	ko:K15580
kcy:RIN60_10065	ko:K15581
kcy:RIN60_10070	ko:K15582
kcy:RIN60_10075	ko:K15583
kcy:RIN60_10080	ko:K10823
kcy:RIN60_10085	ko:K10716
kcy:RIN60_10090	ko:K07491
kcy:RIN60_10095	ko:K09901
kcy:RIN60_10100	ko:K06131
kcy:RIN60_10110	ko:K09780
kcy:RIN60_10115	ko:K03832
kcy:RIN60_10125	ko:K16370
kcy:RIN60_10130	ko:K07283
kcy:RIN60_10145	ko:K03704
kcy:RIN60_10150	ko:K03704
kcy:RIN60_10175	ko:K01868
kcy:RIN60_10180	ko:K02520
kcy:RIN60_10185	ko:K02916
kcy:RIN60_10190	ko:K02887
kcy:RIN60_10200	ko:K01889
kcy:RIN60_10205	ko:K01890
kcy:RIN60_10210	ko:K04764
kcy:RIN60_10215	ko:K06073
kcy:RIN60_10220	ko:K00432
kcy:RIN60_10225	ko:K06074
kcy:RIN60_10230	ko:K13695
kcy:RIN60_10240	ko:K08997
kcy:RIN60_10250	ko:K01626
kcy:RIN60_10255	ko:K09773
kcy:RIN60_10260	ko:K01007
kcy:RIN60_10265	ko:K17641
kcy:RIN60_10270	ko:K18518
kcy:RIN60_10280	ko:K26063
kcy:RIN60_10285	ko:K19222
kcy:RIN60_10290	ko:K03587
kcy:RIN60_10295	ko:K03503
kcy:RIN60_10300	ko:K03502
kcy:RIN60_10310	ko:K00760
kcy:RIN60_10315	ko:K03286
kcy:RIN60_10325	ko:K05997
kcy:RIN60_10330	ko:K09014
kcy:RIN60_10335	ko:K09013
kcy:RIN60_10340	ko:K09015
kcy:RIN60_10345	ko:K11717
kcy:RIN60_10350	ko:K02426
kcy:RIN60_10355	ko:K19236
kcy:RIN60_10360	ko:K06078
kcy:RIN60_10365	ko:K00873
kcy:RIN60_10375	ko:K01675
kcy:RIN60_10385	ko:K26400
kcy:RIN60_10390	ko:K08194
kcy:RIN60_10400	ko:K02020
kcy:RIN60_10405	ko:K02013
kcy:RIN60_10410	ko:K02015
kcy:RIN60_10415	ko:K02016
kcy:RIN60_10420	ko:K18862
kcy:RIN60_10440	ko:K05818
kcy:RIN60_10445	ko:K05712
kcy:RIN60_10450	ko:K05713
kcy:RIN60_10455	ko:K05714
kcy:RIN60_10460	ko:K02554
kcy:RIN60_10465	ko:K04073
kcy:RIN60_10470	ko:K01666
kcy:RIN60_10475	ko:K05819
kcy:RIN60_10480	ko:K05275
kcy:RIN60_10490	ko:K01118
kcy:RIN60_10495	ko:K03578
kcy:RIN60_10505	ko:K18139
kcy:RIN60_10520	ko:K06075
kcy:RIN60_10540	ko:K07248
kcy:RIN60_10545	ko:K10778
kcy:RIN60_10555	ko:K00134
kcy:RIN60_10560	ko:K12262
kcy:RIN60_10565	ko:K11250
kcy:RIN60_10575	ko:K23239
kcy:RIN60_10580	ko:K00121
kcy:RIN60_10585	ko:K05876
kcy:RIN60_10590	ko:K05358
kcy:RIN60_10605	ko:K00448
kcy:RIN60_10610	ko:K00449
kcy:RIN60_10615	ko:K25986
kcy:RIN60_10620	ko:K03929
kcy:RIN60_10630	ko:K03817
kcy:RIN60_10640	ko:K05835
kcy:RIN60_10645	ko:K03304
kcy:RIN60_10650	ko:K16868
kcy:RIN60_10665	ko:K07506
kcy:RIN60_10670	ko:K05782
kcy:RIN60_10675	ko:K23779
kcy:RIN60_10680	ko:K24847
kcy:RIN60_10695	ko:K00426
kcy:RIN60_10700	ko:K00425
kcy:RIN60_10710	ko:K03088
kcy:RIN60_10725	ko:K02055
kcy:RIN60_10730	ko:K02052
kcy:RIN60_10735	ko:K02054
kcy:RIN60_10740	ko:K02053
kcy:RIN60_10745	ko:K00137
kcy:RIN60_10755	ko:K28274
kcy:RIN60_10760	ko:K11744
kcy:RIN60_10765	ko:K11743
kcy:RIN60_10770	ko:K11742
kcy:RIN60_10780	ko:K04775
kcy:RIN60_10795	ko:K08224
kcy:RIN60_10805	ko:K15545
kcy:RIN60_10810	ko:K01935
kcy:RIN60_10815	ko:K03281
kcy:RIN60_10820	ko:K23349
kcy:RIN60_10825	ko:K07312
kcy:RIN60_10830	ko:K07307
kcy:RIN60_10835	ko:K07309
kcy:RIN60_10860	ko:K09771
kcy:RIN60_10865	ko:K08323
kcy:RIN60_10870	ko:K01812
kcy:RIN60_10875	ko:K16210
kcy:RIN60_10880	ko:K00040
kcy:RIN60_10895	ko:K11932
kcy:RIN60_10900	ko:K22293
kcy:RIN60_10905	ko:K16066
kcy:RIN60_10910	ko:K01284
kcy:RIN60_10925	ko:K13633
kcy:RIN60_10945	ko:K15268
kcy:RIN60_10950	ko:K13630
kcy:RIN60_10955	ko:K13632
kcy:RIN60_10960	ko:K03712
kcy:RIN60_10965	ko:K05595
kcy:RIN60_10970	ko:K08159
kcy:RIN60_10980	ko:K00016
kcy:RIN60_10985	ko:K03829
kcy:RIN60_10995	ko:K08324
kcy:RIN60_11000	ko:K01425
kcy:RIN60_11010	ko:K18968
kcy:RIN60_11020	ko:K00041
kcy:RIN60_11025	ko:K08994
kcy:RIN60_11055	ko:K00574
kcy:RIN60_11065	ko:K07154
kcy:RIN60_11070	ko:K03837
kcy:RIN60_11155	ko:K01783
kcy:RIN60_11160	ko:K11530
kcy:RIN60_11165	ko:K08321
kcy:RIN60_11180	ko:K21968
kcy:RIN60_11185	ko:K21967
kcy:RIN60_11190	ko:K21966
kcy:RIN60_11195	ko:K21965
kcy:RIN60_11200	ko:K21964
kcy:RIN60_11210	ko:K07497
kcy:RIN60_11265	ko:K13979
kcy:RIN60_11280	ko:K18138
kcy:RIN60_11285	ko:K03585
kcy:RIN60_11290	ko:K18325
kcy:RIN60_11295	ko:K12151
kcy:RIN60_11300	ko:K13979
kcy:RIN60_11305	ko:K06221
kcy:RIN60_11345	ko:K07644
kcy:RIN60_11350	ko:K07665
kcy:RIN60_11355	ko:K06889
kcy:RIN60_11360	ko:K07552
kcy:RIN60_11375	ko:K07486
kcy:RIN60_11440	ko:K16089
kcy:RIN60_11500	ko:K13979
kcy:RIN60_11505	ko:K00027
kcy:RIN60_11515	ko:K01507
kcy:RIN60_11520	ko:K13953
kcy:RIN60_11525	ko:K08156
kcy:RIN60_11530	ko:K08350
kcy:RIN60_11535	ko:K08349
kcy:RIN60_11540	ko:K08348
kcy:RIN60_11550	ko:K08167
kcy:RIN60_11560	ko:K02575
kcy:RIN60_11565	ko:K00370
kcy:RIN60_11570	ko:K00371
kcy:RIN60_11575	ko:K00373
kcy:RIN60_11580	ko:K00374
kcy:RIN60_11585	ko:K06213
kcy:RIN60_11590	ko:K06897
kcy:RIN60_11595	ko:K00891
kcy:RIN60_11600	ko:K00675
kcy:RIN60_11605	ko:K02011
kcy:RIN60_11610	ko:K02012
kcy:RIN60_11615	ko:K02010
kcy:RIN60_11625	ko:K01821
kcy:RIN60_11640	ko:K02617
kcy:RIN60_11645	ko:K02616
kcy:RIN60_11650	ko:K01912
kcy:RIN60_11655	ko:K02615
kcy:RIN60_11660	ko:K02614
kcy:RIN60_11665	ko:K00074
kcy:RIN60_11670	ko:K15866
kcy:RIN60_11675	ko:K01692
kcy:RIN60_11680	ko:K02613
kcy:RIN60_11685	ko:K02612
kcy:RIN60_11690	ko:K02611
kcy:RIN60_11695	ko:K02610
kcy:RIN60_11700	ko:K02609
kcy:RIN60_11705	ko:K02618
kcy:RIN60_11710	ko:K00276
kcy:RIN60_11720	ko:K01438
kcy:RIN60_11735	ko:K07222
kcy:RIN60_11745	ko:K02028
kcy:RIN60_11745	ko:K02029
kcy:RIN60_11755	ko:K02030
kcy:RIN60_11765	ko:K18900
kcy:RIN60_11775	ko:K03446
kcy:RIN60_11780	ko:K03543
kcy:RIN60_11790	ko:K01476
kcy:RIN60_11810	ko:K01649
kcy:RIN60_11825	ko:K09918
kcy:RIN60_11845	ko:K06911
kcy:RIN60_11860	ko:K00134
kcy:RIN60_11885	ko:K00432
kcy:RIN60_11890	ko:K07090
kcy:RIN60_11905	ko:K00146
kcy:RIN60_11910	ko:K14063
kcy:RIN60_11925	ko:K02014
kcy:RIN60_11930	ko:K13654
kcy:RIN60_11940	ko:K24217
kcy:RIN60_11945	ko:K09936
kcy:RIN60_11965	ko:K12368
kcy:RIN60_11985	ko:K00141
kcy:RIN60_11990	ko:K01051
kcy:RIN60_11995	ko:K01607
kcy:RIN60_12000	ko:K01055
kcy:RIN60_12005	ko:K01857
kcy:RIN60_12010	ko:K07823
kcy:RIN60_12015	ko:K01032
kcy:RIN60_12020	ko:K01031
kcy:RIN60_12025	ko:K02624
kcy:RIN60_12035	ko:K00567
kcy:RIN60_12040	ko:K01420
kcy:RIN60_12045	ko:K26148
kcy:RIN60_12050	ko:K14055
kcy:RIN60_12060	ko:K00325
kcy:RIN60_12065	ko:K00324
kcy:RIN60_12075	ko:K03758
kcy:RIN60_12080	ko:K13938
kcy:RIN60_12090	ko:K15584
kcy:RIN60_12095	ko:K15585
kcy:RIN60_12100	ko:K15586
kcy:RIN60_12105	ko:K15587
kcy:RIN60_12110	ko:K10824
kcy:RIN60_12115	ko:K07722
kcy:RIN60_12120	ko:K07661
kcy:RIN60_12130	ko:K06956
kcy:RIN60_12140	ko:K07639
kcy:RIN60_12145	ko:K10748
kcy:RIN60_12150	ko:K01679
kcy:RIN60_12155	ko:K01676
kcy:RIN60_12160	ko:K01809
kcy:RIN60_12170	ko:K16136
kcy:RIN60_12175	ko:K02791
kcy:RIN60_12180	ko:K14155
kcy:RIN60_12195	ko:K09958
kcy:RIN60_12210	ko:K01488
kcy:RIN60_12220	ko:K22718
kcy:RIN60_12225	ko:K01223
kcy:RIN60_12240	ko:K03617
kcy:RIN60_12245	ko:K03616
kcy:RIN60_12250	ko:K03615
kcy:RIN60_12255	ko:K03614
kcy:RIN60_12260	ko:K03612
kcy:RIN60_12265	ko:K03613
kcy:RIN60_12270	ko:K10773
kcy:RIN60_12275	ko:K03305
kcy:RIN60_12280	ko:K00799
kcy:RIN60_12285	ko:K00868
kcy:RIN60_12290	ko:K01866
kcy:RIN60_12295	ko:K00275
kcy:RIN60_12305	ko:K09001
kcy:RIN60_12310	ko:K06077
kcy:RIN60_12320	ko:K06075
kcy:RIN60_12345	ko:K06938
kcy:RIN60_12350	ko:K16137
kcy:RIN60_12355	ko:K10680
kcy:RIN60_12360	ko:K01759
kcy:RIN60_12365	ko:K03683
kcy:RIN60_12370	ko:K07390
kcy:RIN60_12375	ko:K19303
kcy:RIN60_12380	ko:K04564
kcy:RIN60_12385	ko:K19577
kcy:RIN60_12395	ko:K03604
kcy:RIN60_12405	ko:K28371
kcy:RIN60_12410	ko:K00574
kcy:RIN60_12415	ko:K00793
kcy:RIN60_12420	ko:K26939
kcy:RIN60_12430	ko:K14237
kcy:RIN60_12435	ko:K14237
kcy:RIN60_12440	ko:K14237
kcy:RIN60_12450	ko:K03972
kcy:RIN60_12465	ko:K22720
kcy:RIN60_12480	ko:K00020
kcy:RIN60_12490	ko:K02016
kcy:RIN60_12495	ko:K02015
kcy:RIN60_12500	ko:K02015
kcy:RIN60_12505	ko:K02013
kcy:RIN60_12510	ko:K02014
kcy:RIN60_12515	ko:K19236
kcy:RIN60_12520	ko:K12151
kcy:RIN60_12525	ko:K22041
kcy:RIN60_12535	ko:K03885
kcy:RIN60_12540	ko:K07000
kcy:RIN60_12545	ko:K01207
kcy:RIN60_12550	ko:K07251
kcy:RIN60_12555	ko:K07337
kcy:RIN60_12565	ko:K02503
kcy:RIN60_12570	ko:K09978
kcy:RIN60_12585	ko:K03778
kcy:RIN60_12590	ko:K03668
kcy:RIN60_12600	ko:K03737
kcy:RIN60_12605	ko:K14062
kcy:RIN60_12610	ko:K08364
kcy:RIN60_12615	ko:K08363
kcy:RIN60_12635	ko:K14058
kcy:RIN60_12640	ko:K05591
kcy:RIN60_12645	ko:K16074
kcy:RIN60_12655	ko:K21023
kcy:RIN60_12660	ko:K19286
kcy:RIN60_12670	ko:K19336
kcy:RIN60_12675	ko:K01176
kcy:RIN60_12685	ko:K15580
kcy:RIN60_12690	ko:K14054
kcy:RIN60_12695	ko:K19802
kcy:RIN60_12700	ko:K11065
kcy:RIN60_12705	ko:K03721
kcy:RIN60_12710	ko:K02032
kcy:RIN60_12715	ko:K02031
kcy:RIN60_12720	ko:K02034
kcy:RIN60_12725	ko:K02033
kcy:RIN60_12730	ko:K02035
kcy:RIN60_12735	ko:K08990
kcy:RIN60_12740	ko:K06918
kcy:RIN60_12745	ko:K03971
kcy:RIN60_12750	ko:K03973
kcy:RIN60_12755	ko:K03970
kcy:RIN60_12760	ko:K03969
kcy:RIN60_12765	ko:K03974
kcy:RIN60_12770	ko:K07345
kcy:RIN60_12775	ko:K07346
kcy:RIN60_12785	ko:K07347
kcy:RIN60_12795	ko:K07345
kcy:RIN60_12805	ko:K19226
kcy:RIN60_12810	ko:K19227
kcy:RIN60_12815	ko:K19228
kcy:RIN60_12820	ko:K19229
kcy:RIN60_12825	ko:K19230
kcy:RIN60_12830	ko:K00208
kcy:RIN60_12840	ko:K01147
kcy:RIN60_12845	ko:K14051
kcy:RIN60_12860	ko:K04062
kcy:RIN60_12865	ko:K03113
kcy:RIN60_12870	ko:K01591
kcy:RIN60_12875	ko:K19804
kcy:RIN60_12880	ko:K08992
kcy:RIN60_12885	ko:K01096
kcy:RIN60_12890	ko:K01497
kcy:RIN60_12895	ko:K27802
kcy:RIN60_12910	ko:K13634
kcy:RIN60_12915	ko:K03168
kcy:RIN60_12925	ko:K04774
kcy:RIN60_12935	ko:K19221
kcy:RIN60_12945	ko:K05349
kcy:RIN60_12950	ko:K03292
kcy:RIN60_12955	ko:K06178
kcy:RIN60_12975	ko:K07053
kcy:RIN60_12980	ko:K01657
kcy:RIN60_12985	ko:K13497
kcy:RIN60_12990	ko:K13498
kcy:RIN60_12995	ko:K01696
kcy:RIN60_13000	ko:K01695
kcy:RIN60_13020	ko:K25227
kcy:RIN60_13030	ko:K06076
kcy:RIN60_13035	ko:K25227
kcy:RIN60_13040	ko:K07275
kcy:RIN60_13055	ko:K06190
kcy:RIN60_13060	ko:K10806
kcy:RIN60_13070	ko:K24204
kcy:RIN60_13075	ko:K00065
kcy:RIN60_13080	ko:K07038
kcy:RIN60_13085	ko:K06956
kcy:RIN60_13090	ko:K15722
kcy:RIN60_13095	ko:K03478
kcy:RIN60_13100	ko:K01222
kcy:RIN60_13105	ko:K03490
kcy:RIN60_13110	ko:K02759
kcy:RIN60_13115	ko:K02761
kcy:RIN60_13120	ko:K02760
kcy:RIN60_13125	ko:K04064
kcy:RIN60_13130	ko:K01916
kcy:RIN60_13135	ko:K06006
kcy:RIN60_13140	ko:K05526
kcy:RIN60_13145	ko:K01484
kcy:RIN60_13150	ko:K06447
kcy:RIN60_13155	ko:K00673
kcy:RIN60_13160	ko:K00840
kcy:RIN60_13165	ko:K01142
kcy:RIN60_13185	ko:K05777
kcy:RIN60_13190	ko:K05778
kcy:RIN60_13195	ko:K05779
kcy:RIN60_13200	ko:K21028
kcy:RIN60_13215	ko:K08320
kcy:RIN60_13225	ko:K00262
kcy:RIN60_13230	ko:K03169
kcy:RIN60_13235	ko:K01008
kcy:RIN60_13255	ko:K04773
kcy:RIN60_13260	ko:K01424
kcy:RIN60_13265	ko:K08281
kcy:RIN60_13270	ko:K01183
kcy:RIN60_13275	ko:K20938
kcy:RIN60_13285	ko:K04091
kcy:RIN60_13295	ko:K09916
kcy:RIN60_13300	ko:K07305
kcy:RIN60_13305	ko:K00134
kcy:RIN60_13310	ko:K01792
kcy:RIN60_13320	ko:K07274
kcy:RIN60_13325	ko:K07180
kcy:RIN60_13330	ko:K09786
kcy:RIN60_13340	ko:K19055
kcy:RIN60_13350	ko:K25495
kcy:RIN60_13355	ko:K25494
kcy:RIN60_13375	ko:K09712
kcy:RIN60_13385	ko:K07497
kcy:RIN60_13410	ko:K13069
kcy:RIN60_13445	ko:K01673
kcy:RIN60_13475	ko:K00031
kcy:RIN60_13480	ko:K06181
kcy:RIN60_13485	ko:K06214
kcy:RIN60_13490	ko:K04338
kcy:RIN60_13495	ko:K04337
kcy:RIN60_13500	ko:K04333
kcy:RIN60_13505	ko:K04335
kcy:RIN60_13515	ko:K04336
kcy:RIN60_13520	ko:K12152
kcy:RIN60_13525	ko:K00566
kcy:RIN60_13530	ko:K07153
kcy:RIN60_13535	ko:K01756
kcy:RIN60_13540	ko:K07660
kcy:RIN60_13545	ko:K07637
kcy:RIN60_13550	ko:K18850
kcy:RIN60_13555	ko:K01258
kcy:RIN60_13560	ko:K11072
kcy:RIN60_13565	ko:K11071
kcy:RIN60_13570	ko:K11070
kcy:RIN60_13575	ko:K11069
kcy:RIN60_13580	ko:K12410
kcy:RIN60_13585	ko:K28207
kcy:RIN60_13590	ko:K09808
kcy:RIN60_13595	ko:K09810
kcy:RIN60_13600	ko:K09808
kcy:RIN60_13605	ko:K08984
kcy:RIN60_13610	ko:K15383
kcy:RIN60_13615	ko:K11104
kcy:RIN60_13620	ko:K07406
kcy:RIN60_13625	ko:K23237
kcy:RIN60_13630	ko:K03723
kcy:RIN60_13665	ko:K07347
kcy:RIN60_13670	ko:K15540
kcy:RIN60_13675	ko:K07345
kcy:RIN60_13680	ko:K16088
kcy:RIN60_13685	ko:K02779
kcy:RIN60_13690	ko:K03424
kcy:RIN60_13695	ko:K02341
kcy:RIN60_13700	ko:K00943
kcy:RIN60_13705	ko:K07082
kcy:RIN60_13710	ko:K02619
kcy:RIN60_13715	ko:K09458
kcy:RIN60_13720	ko:K02078
kcy:RIN60_13725	ko:K00059
kcy:RIN60_13730	ko:K00645
kcy:RIN60_13735	ko:K00648
kcy:RIN60_13740	ko:K03621
kcy:RIN60_13745	ko:K02911
kcy:RIN60_13750	ko:K07040
kcy:RIN60_13755	ko:K25422
kcy:RIN60_13770	ko:K06179
kcy:RIN60_13775	ko:K08300
kcy:RIN60_13790	ko:K02397
kcy:RIN60_13795	ko:K02396
kcy:RIN60_13800	ko:K02395
kcy:RIN60_13805	ko:K02394
kcy:RIN60_13810	ko:K02393
kcy:RIN60_13815	ko:K02392
kcy:RIN60_13820	ko:K02391
kcy:RIN60_13825	ko:K02390
kcy:RIN60_13830	ko:K02389
kcy:RIN60_13835	ko:K02388
kcy:RIN60_13840	ko:K02387
kcy:RIN60_13845	ko:K02386
kcy:RIN60_13850	ko:K02398
kcy:RIN60_13855	ko:K02399
kcy:RIN60_13860	ko:K03980
kcy:RIN60_13865	ko:K03810
kcy:RIN60_13870	ko:K09915
kcy:RIN60_13875	ko:K03790
kcy:RIN60_13880	ko:K03425
kcy:RIN60_13890	ko:K01465
kcy:RIN60_13895	ko:K12149
kcy:RIN60_13900	ko:K12148
kcy:RIN60_13905	ko:K02846
kcy:RIN60_13915	ko:K07146
kcy:RIN60_13920	ko:K02517
kcy:RIN60_13925	ko:K08161
kcy:RIN60_13930	ko:K12147
kcy:RIN60_13940	ko:K03669
kcy:RIN60_13945	ko:K03670
kcy:RIN60_13950	ko:K11941
kcy:RIN60_13955	ko:K23518
kcy:RIN60_13975	ko:K04333
kcy:RIN60_13990	ko:K04477
kcy:RIN60_13995	ko:K12972
kcy:RIN60_14000	ko:K14233
kcy:RIN60_14015	ko:K06911
kcy:RIN60_14020	ko:K14233
kcy:RIN60_14025	ko:K02071
kcy:RIN60_14030	ko:K02073
kcy:RIN60_14035	ko:K02072
kcy:RIN60_14045	ko:K06217
kcy:RIN60_14050	ko:K16301
kcy:RIN60_14055	ko:K07224
kcy:RIN60_14060	ko:K07243
kcy:RIN60_14065	ko:K11928
kcy:RIN60_14070	ko:K13821
kcy:RIN60_14075	ko:K26937
kcy:RIN60_14085	ko:K09017
kcy:RIN60_14090	ko:K06884
kcy:RIN60_14100	ko:K03809
kcy:RIN60_14110	ko:K02029
kcy:RIN60_14115	ko:K02029
kcy:RIN60_14120	ko:K02028
kcy:RIN60_14125	ko:K02030
kcy:RIN60_14140	ko:K01821
kcy:RIN60_14155	ko:K15555
kcy:RIN60_14160	ko:K15554
kcy:RIN60_14165	ko:K15553
kcy:RIN60_14200	ko:K06889
kcy:RIN60_14205	ko:K05847
kcy:RIN60_14210	ko:K05846
kcy:RIN60_14215	ko:K05846
kcy:RIN60_14220	ko:K05845
kcy:RIN60_14275	ko:K21265
kcy:RIN60_14295	ko:K00132
kcy:RIN60_14310	ko:K20038
kcy:RIN60_14315	ko:K20037
kcy:RIN60_14325	ko:K15024
kcy:RIN60_14335	ko:K03297
kcy:RIN60_14340	ko:K03297
kcy:RIN60_14350	ko:K11688
kcy:RIN60_14355	ko:K11689
kcy:RIN60_14360	ko:K11690
kcy:RIN60_14365	ko:K20525
kcy:RIN60_14380	ko:K00059
kcy:RIN60_14385	ko:K26148
kcy:RIN60_14400	ko:K05810
kcy:RIN60_14405	ko:K02028
kcy:RIN60_14410	ko:K02029
kcy:RIN60_14415	ko:K02030
kcy:RIN60_14430	ko:K18954
kcy:RIN60_14450	ko:K18954
kcy:RIN60_14455	ko:K27672
kcy:RIN60_14480	ko:K02015
kcy:RIN60_14485	ko:K02013
kcy:RIN60_14490	ko:K02016
kcy:RIN60_14505	ko:K02078
kcy:RIN60_14510	ko:K02078
kcy:RIN60_14535	ko:K07107
kcy:RIN60_14555	ko:K00647
kcy:RIN60_14565	ko:K00059
kcy:RIN60_14570	ko:K09458
kcy:RIN60_14575	ko:K06133
kcy:RIN60_14590	ko:K03805
kcy:RIN60_14600	ko:K08344
kcy:RIN60_14615	ko:K03787
kcy:RIN60_14630	ko:K11738
kcy:RIN60_14665	ko:K12542
kcy:RIN60_14670	ko:K12541
kcy:RIN60_14675	ko:K12543
kcy:RIN60_14680	ko:K20276
kcy:RIN60_14685	ko:K01584
kcy:RIN60_14690	ko:K21907
kcy:RIN60_14695	ko:K21908
kcy:RIN60_14700	ko:K19777
kcy:RIN60_14705	ko:K03755
kcy:RIN60_14710	ko:K03759
kcy:RIN60_14715	ko:K19778
kcy:RIN60_14730	ko:K26977
kcy:RIN60_14735	ko:K26976
kcy:RIN60_14745	ko:K26975
kcy:RIN60_14750	ko:K26974
kcy:RIN60_14755	ko:K26973
kcy:RIN60_14770	ko:K26970
kcy:RIN60_14775	ko:K26969
kcy:RIN60_14780	ko:K26968
kcy:RIN60_14785	ko:K26967
kcy:RIN60_14790	ko:K26966
kcy:RIN60_14795	ko:K26965
kcy:RIN60_14800	ko:K26961
kcy:RIN60_14805	ko:K26962
kcy:RIN60_14810	ko:K21511
kcy:RIN60_14820	ko:K26964
kcy:RIN60_14825	ko:K21512
kcy:RIN60_14830	ko:K22014
kcy:RIN60_14845	ko:K01185
kcy:RIN60_14905	ko:K26148
kcy:RIN60_14925	ko:K10762
kcy:RIN60_14940	ko:K07729
kcy:RIN60_14955	ko:K13643
kcy:RIN60_14960	ko:K10906
kcy:RIN60_14985	ko:K14233
kcy:RIN60_14990	ko:K15580
kcy:RIN60_14995	ko:K19416
kcy:RIN60_15000	ko:K11179
kcy:RIN60_15005	ko:K01512
kcy:RIN60_15010	ko:K06969
kcy:RIN60_15015	ko:K11940
kcy:RIN60_15020	ko:K06929
kcy:RIN60_15025	ko:K01734
kcy:RIN60_15030	ko:K03658
kcy:RIN60_15045	ko:K07343
kcy:RIN60_15050	ko:K13053
kcy:RIN60_15055	ko:K03286
kcy:RIN60_15060	ko:K09911
kcy:RIN60_15065	ko:K04770
kcy:RIN60_15070	ko:K01716
kcy:RIN60_15075	ko:K03812
kcy:RIN60_15080	ko:K09857
kcy:RIN60_15085	ko:K06192
kcy:RIN60_15090	ko:K03808
kcy:RIN60_15095	ko:K15738
kcy:RIN60_15100	ko:K12297
kcy:RIN60_15105	ko:K07140
kcy:RIN60_15110	ko:K18657
kcy:RIN60_15115	ko:K00254
kcy:RIN60_15120	ko:K00299
kcy:RIN60_15125	ko:K01256
kcy:RIN60_15130	ko:K00763
kcy:RIN60_15135	ko:K01893
kcy:RIN60_15140	ko:K09476
kcy:RIN60_15145	ko:K00813
kcy:RIN60_15150	ko:K01069
kcy:RIN60_15160	ko:K21470
kcy:RIN60_15165	ko:K03632
kcy:RIN60_15170	ko:K03804
kcy:RIN60_15175	ko:K03633
kcy:RIN60_15180	ko:K06219
kcy:RIN60_15195	ko:K00979
kcy:RIN60_15200	ko:K09791
kcy:RIN60_15205	ko:K09927
kcy:RIN60_15210	ko:K00912
kcy:RIN60_15215	ko:K11085
kcy:RIN60_15220	ko:K02238
kcy:RIN60_15225	ko:K05788
kcy:RIN60_15230	ko:K02945
kcy:RIN60_15235	ko:K00945
kcy:RIN60_15240	ko:K00800
kcy:RIN60_15245	ko:K00831
kcy:RIN60_15255	ko:K09136
kcy:RIN60_15260	ko:K06212
kcy:RIN60_15265	ko:K00656
kcy:RIN60_15270	ko:K04069
kcy:RIN60_15280	ko:K08219
kcy:RIN60_15285	ko:K07308
kcy:RIN60_15290	ko:K07307
kcy:RIN60_15295	ko:K07306
kcy:RIN60_15300	ko:K01875
kcy:RIN60_15305	ko:K07478
kcy:RIN60_15310	ko:K03634
kcy:RIN60_15315	ko:K03466
kcy:RIN60_15320	ko:K03719
kcy:RIN60_15325	ko:K00384
kcy:RIN60_15330	ko:K16013
kcy:RIN60_15335	ko:K16012
kcy:RIN60_15340	ko:K00684
kcy:RIN60_15345	ko:K02518
kcy:RIN60_15350	ko:K03694
kcy:RIN60_15355	ko:K06891
kcy:RIN60_15360	ko:K03704
kcy:RIN60_15365	ko:K05685
kcy:RIN60_15370	ko:K13888
kcy:RIN60_15375	ko:K09824
kcy:RIN60_15380	ko:K09824
kcy:RIN60_15385	ko:K07459
kcy:RIN60_15390	ko:K06188
kcy:RIN60_15395	ko:K28370
kcy:RIN60_15400	ko:K05601
kcy:RIN60_15405	ko:K11933
kcy:RIN60_15450	ko:K15977
kcy:RIN60_15455	ko:K00156
kcy:RIN60_15460	ko:K01620
kcy:RIN60_15475	ko:K11066
kcy:RIN60_15490	ko:K10000
kcy:RIN60_15495	ko:K09997
kcy:RIN60_15500	ko:K09999
kcy:RIN60_15505	ko:K09998
kcy:RIN60_15510	ko:K09996
kcy:RIN60_15540	ko:K03212
kcy:RIN60_15550	ko:K11074
kcy:RIN60_15555	ko:K11075
kcy:RIN60_15560	ko:K11076
kcy:RIN60_15565	ko:K11073
kcy:RIN60_15575	ko:K05844
kcy:RIN60_15580	ko:K10678
kcy:RIN60_15590	ko:K03674
kcy:RIN60_15600	ko:K07085
kcy:RIN60_15615	ko:K23778
kcy:RIN60_15625	ko:K20861
kcy:RIN60_15630	ko:K08160
kcy:RIN60_15635	ko:K19302
kcy:RIN60_15645	ko:K11203
kcy:RIN60_15655	ko:K11202
kcy:RIN60_15660	ko:K04477
kcy:RIN60_15665	ko:K00615
kcy:RIN60_15670	ko:K19270
kcy:RIN60_15675	ko:K23991
kcy:RIN60_15680	ko:K02769
kcy:RIN60_15685	ko:K02770
kcy:RIN60_15695	ko:K00616
kcy:RIN60_15700	ko:K11534
kcy:RIN60_15705	ko:K07258
kcy:RIN60_15710	ko:K00799
kcy:RIN60_15715	ko:K02529
kcy:RIN60_15725	ko:K10192
kcy:RIN60_15730	ko:K12308
kcy:RIN60_15735	ko:K27069
kcy:RIN60_15740	ko:K02532
kcy:RIN60_15745	ko:K19688
kcy:RIN60_15750	ko:K14441
kcy:RIN60_15755	ko:K13891
kcy:RIN60_15760	ko:K13890
kcy:RIN60_15765	ko:K13889
kcy:RIN60_15770	ko:K13892
kcy:RIN60_15775	ko:K13051
kcy:RIN60_15780	ko:K03750
kcy:RIN60_15785	ko:K21029
kcy:RIN60_15790	ko:K08313
kcy:RIN60_15795	ko:K04069
kcy:RIN60_15805	ko:K07757
kcy:RIN60_15820	ko:K08191
kcy:RIN60_15825	ko:K01187
kcy:RIN60_15840	ko:K19236
kcy:RIN60_15845	ko:K03492
kcy:RIN60_15850	ko:K01223
kcy:RIN60_15860	ko:K11924
kcy:RIN60_15875	ko:K08970
kcy:RIN60_15880	ko:K11934
kcy:RIN60_15885	ko:K11939
kcy:RIN60_15890	ko:K04047
kcy:RIN60_15895	ko:K10036
kcy:RIN60_15900	ko:K10037
kcy:RIN60_15905	ko:K10038
kcy:RIN60_15910	ko:K06970
kcy:RIN60_15920	ko:K13650
kcy:RIN60_15925	ko:K16090
kcy:RIN60_15930	ko:K07336
kcy:RIN60_15945	ko:K03722
kcy:RIN60_15950	ko:K11927
kcy:RIN60_15955	ko:K23777
kcy:RIN60_15960	ko:K25183
kcy:RIN60_15965	ko:K25182
kcy:RIN60_15970	ko:K25181
kcy:RIN60_15975	ko:K25180
kcy:RIN60_15985	ko:K06890
kcy:RIN60_15990	ko:K03635
kcy:RIN60_15995	ko:K03636
kcy:RIN60_16000	ko:K03637
kcy:RIN60_16005	ko:K03638
kcy:RIN60_16010	ko:K03639
kcy:RIN60_16020	ko:K03760
kcy:RIN60_16025	ko:K07771
kcy:RIN60_16030	ko:K07643
kcy:RIN60_16035	ko:K03702
kcy:RIN60_16045	ko:K01935
kcy:RIN60_16050	ko:K02169
kcy:RIN60_16055	ko:K00652
kcy:RIN60_16060	ko:K01012
kcy:RIN60_16065	ko:K00833
kcy:RIN60_16075	ko:K02800
kcy:RIN60_16080	ko:K00009
kcy:RIN60_16085	ko:K02562
kcy:RIN60_16090	ko:K01051
kcy:RIN60_16095	ko:K07404
kcy:RIN60_16100	ko:K28853
kcy:RIN60_16105	ko:K02017
kcy:RIN60_16110	ko:K02018
kcy:RIN60_16115	ko:K02020
kcy:RIN60_16120	ko:K25859
kcy:RIN60_16125	ko:K02019
kcy:RIN60_16130	ko:K05776
kcy:RIN60_16135	ko:K01784
kcy:RIN60_16140	ko:K00965
kcy:RIN60_16145	ko:K00849
kcy:RIN60_16150	ko:K01785
kcy:RIN60_16155	ko:K01834
kcy:RIN60_16160	ko:K01626
kcy:RIN60_16165	ko:K16264
kcy:RIN60_16170	ko:K03811
kcy:RIN60_16175	ko:K03517
kcy:RIN60_16185	ko:K14229
kcy:RIN60_16190	ko:K14229
kcy:RIN60_16195	ko:K14229
kcy:RIN60_16200	ko:K14237
kcy:RIN60_16205	ko:K14229
kcy:RIN60_16210	ko:K14237
kcy:RIN60_16215	ko:K14229
kcy:RIN60_16225	ko:K03640
kcy:RIN60_16230	ko:K03641
kcy:RIN60_16235	ko:K03646
kcy:RIN60_16240	ko:K03560
kcy:RIN60_16245	ko:K03562
kcy:RIN60_16250	ko:K07107
kcy:RIN60_16260	ko:K00424
kcy:RIN60_16265	ko:K00426
kcy:RIN60_16270	ko:K00425
kcy:RIN60_16275	ko:K15524
kcy:RIN60_16280	ko:K11200
kcy:RIN60_16285	ko:K11922
kcy:RIN60_16290	ko:K01902
kcy:RIN60_16295	ko:K01903
kcy:RIN60_16300	ko:K00658
kcy:RIN60_16305	ko:K00164
kcy:RIN60_16310	ko:K00240
kcy:RIN60_16315	ko:K00239
kcy:RIN60_16320	ko:K00242
kcy:RIN60_16325	ko:K00241
kcy:RIN60_16330	ko:K01647
kcy:RIN60_16335	ko:K05522
kcy:RIN60_16345	ko:K07160
kcy:RIN60_16350	ko:K23124
kcy:RIN60_16355	ko:K23123
kcy:RIN60_16365	ko:K03305
kcy:RIN60_16370	ko:K01669
kcy:RIN60_16380	ko:K01545
kcy:RIN60_16385	ko:K01546
kcy:RIN60_16390	ko:K01547
kcy:RIN60_16395	ko:K01548
kcy:RIN60_16400	ko:K07646
kcy:RIN60_16405	ko:K07667
kcy:RIN60_16415	ko:K01581
kcy:RIN60_16420	ko:K03756
kcy:RIN60_16425	ko:K07005
kcy:RIN60_16435	ko:K01835
kcy:RIN60_16440	ko:K03645
kcy:RIN60_16445	ko:K01175
kcy:RIN60_16455	ko:K03839
kcy:RIN60_16460	ko:K03711
kcy:RIN60_16480	ko:K01886
kcy:RIN60_16485	ko:K02804
kcy:RIN60_16490	ko:K02564
kcy:RIN60_16495	ko:K01443
kcy:RIN60_16500	ko:K02565
kcy:RIN60_16505	ko:K02566
kcy:RIN60_16510	ko:K01953
kcy:RIN60_16545	ko:K14230
kcy:RIN60_16550	ko:K14228
kcy:RIN60_16555	ko:K14223
kcy:RIN60_16560	ko:K14223
kcy:RIN60_16565	ko:K14230
kcy:RIN60_16570	ko:K14223
kcy:RIN60_16575	ko:K14223
kcy:RIN60_16580	ko:K03184
kcy:RIN60_16585	ko:K06168
kcy:RIN60_16590	ko:K06217
kcy:RIN60_16595	ko:K07042
kcy:RIN60_16600	ko:K06189
kcy:RIN60_16605	ko:K03820
kcy:RIN60_16610	ko:K10001
kcy:RIN60_16615	ko:K10003
kcy:RIN60_16620	ko:K10002
kcy:RIN60_16625	ko:K10004
kcy:RIN60_16630	ko:K01250
kcy:RIN60_16640	ko:K01869
kcy:RIN60_16645	ko:K03643
kcy:RIN60_16650	ko:K02340
kcy:RIN60_16655	ko:K00969
kcy:RIN60_16660	ko:K02226
kcy:RIN60_16665	ko:K09710
kcy:RIN60_16670	ko:K00783
kcy:RIN60_16675	ko:K05515
kcy:RIN60_16680	ko:K05837
kcy:RIN60_16685	ko:K03642
kcy:RIN60_16690	ko:K07258
kcy:RIN60_16695	ko:K09158
kcy:RIN60_16700	ko:K03801
kcy:RIN60_16710	ko:K03644
kcy:RIN60_16715	ko:K03425
kcy:RIN60_16720	ko:K11206
kcy:RIN60_16725	ko:K06199
kcy:RIN60_16730	ko:K03704
kcy:RIN60_16735	ko:K12973
kcy:RIN60_16740	ko:K03326
kcy:RIN60_16745	ko:K01169
kcy:RIN60_16750	ko:K00433
kcy:RIN60_16755	ko:K06140
kcy:RIN60_16760	ko:K11932
kcy:RIN60_16765	ko:K03387
kcy:RIN60_16770	ko:K24119
kcy:RIN60_16790	ko:K14287
kcy:RIN60_16800	ko:K06200
kcy:RIN60_16805	ko:K24147
kcy:RIN60_16815	ko:K01252
kcy:RIN60_16820	ko:K02363
kcy:RIN60_16825	ko:K02361
kcy:RIN60_16830	ko:K23185
kcy:RIN60_16835	ko:K08225
kcy:RIN60_16840	ko:K23186
kcy:RIN60_16845	ko:K23187
kcy:RIN60_16850	ko:K23188
kcy:RIN60_16855	ko:K02364
kcy:RIN60_16865	ko:K07214
kcy:RIN60_16870	ko:K19611
kcy:RIN60_16875	ko:K02362
kcy:RIN60_16880	ko:K12942
kcy:RIN60_16885	ko:K15372
kcy:RIN60_16890	ko:K15373
kcy:RIN60_16895	ko:K02028
kcy:RIN60_16900	ko:K02029
kcy:RIN60_16905	ko:K02029
kcy:RIN60_16910	ko:K02030
kcy:RIN60_16915	ko:K00375
kcy:RIN60_16920	ko:K18138
kcy:RIN60_16925	ko:K03585
kcy:RIN60_16940	ko:K18325
kcy:RIN60_16960	ko:K10679
kcy:RIN60_16985	ko:K16053
kcy:RIN60_17010	ko:K11732
kcy:RIN60_17015	ko:K02014
kcy:RIN60_17035	ko:K07470
kcy:RIN60_17040	ko:K14219
kcy:RIN60_17045	ko:K01491
kcy:RIN60_17050	ko:K14761
kcy:RIN60_17055	ko:K07038
kcy:RIN60_17060	ko:K03783
kcy:RIN60_17065	ko:K06141
kcy:RIN60_17075	ko:K01883
kcy:RIN60_17080	ko:K03768
kcy:RIN60_17085	ko:K03269
kcy:RIN60_17090	ko:K01588
kcy:RIN60_17095	ko:K01589
kcy:RIN60_17100	ko:K06917
kcy:RIN60_17105	ko:K02032
kcy:RIN60_17110	ko:K02031
kcy:RIN60_17115	ko:K02034
kcy:RIN60_17120	ko:K02033
kcy:RIN60_17125	ko:K02035
kcy:RIN60_17135	ko:K02004
kcy:RIN60_17140	ko:K02003
kcy:RIN60_17145	ko:K10804
kcy:RIN60_17155	ko:K05838
kcy:RIN60_17160	ko:K02069
kcy:RIN60_17165	ko:K02068
kcy:RIN60_17175	ko:K07340
kcy:RIN60_17180	ko:K19591
kcy:RIN60_17185	ko:K17686
kcy:RIN60_17190	ko:K09973
kcy:RIN60_17195	ko:K03976
kcy:RIN60_17200	ko:K11751
kcy:RIN60_17205	ko:K08223
kcy:RIN60_17210	ko:K26735
kcy:RIN60_17215	ko:K00892
kcy:RIN60_17220	ko:K01772
kcy:RIN60_17225	ko:K00939
kcy:RIN60_17230	ko:K04079
kcy:RIN60_17235	ko:K06187
kcy:RIN60_17240	ko:K09747
kcy:RIN60_17245	ko:K02343
kcy:RIN60_17250	ko:K00759
kcy:RIN60_17255	ko:K09790
kcy:RIN60_17260	ko:K04067
kcy:RIN60_17275	ko:K05802
kcy:RIN60_17280	ko:K03577
kcy:RIN60_17285	ko:K03585
kcy:RIN60_17290	ko:K18138
kcy:RIN60_17295	ko:K19162
kcy:RIN60_17300	ko:K05839
kcy:RIN60_17305	ko:K00661
kcy:RIN60_17315	ko:K00375
kcy:RIN60_17325	ko:K02919
kcy:RIN60_17330	ko:K02909
kcy:RIN60_17340	ko:K02073
kcy:RIN60_17345	ko:K02071
kcy:RIN60_17350	ko:K02072
kcy:RIN60_17355	ko:K26148
kcy:RIN60_17360	ko:K23240
kcy:RIN60_17365	ko:K08970
kcy:RIN60_17395	ko:K01983
kcy:RIN60_17400	ko:K07443
kcy:RIN60_17405	ko:K09914
kcy:RIN60_17410	ko:K10805
kcy:RIN60_17415	ko:K03320
kcy:RIN60_17420	ko:K04752
kcy:RIN60_17425	ko:K18890
kcy:RIN60_17430	ko:K18889
kcy:RIN60_17435	ko:K05800
kcy:RIN60_17440	ko:K28981
kcy:RIN60_17445	ko:K11938
kcy:RIN60_17455	ko:K06920
kcy:RIN60_17460	ko:K12500
kcy:RIN60_17465	ko:K02237
kcy:RIN60_17470	ko:K03770
kcy:RIN60_17475	ko:K03530
kcy:RIN60_17480	ko:K01338
kcy:RIN60_17485	ko:K03544
kcy:RIN60_17490	ko:K01358
kcy:RIN60_17495	ko:K03545
kcy:RIN60_17500	ko:K05527
kcy:RIN60_17505	ko:K07286
kcy:RIN60_17510	ko:K08218
kcy:RIN60_17515	ko:K02297
kcy:RIN60_17520	ko:K02298
kcy:RIN60_17525	ko:K02299
kcy:RIN60_17530	ko:K02300
kcy:RIN60_17535	ko:K02257
kcy:RIN60_17540	ko:K02624
kcy:RIN60_17570	ko:K08195
kcy:RIN60_17585	ko:K09767
kcy:RIN60_17590	ko:K00077
kcy:RIN60_17595	ko:K03152
kcy:RIN60_17600	ko:K03151
kcy:RIN60_17605	ko:K03602
kcy:RIN60_17610	ko:K00795
kcy:RIN60_17615	ko:K01662
kcy:RIN60_17620	ko:K23107
kcy:RIN60_17625	ko:K01095
kcy:RIN60_17630	ko:K00946
kcy:RIN60_17635	ko:K03625
kcy:RIN60_17640	ko:K00794
kcy:RIN60_17645	ko:K11752
kcy:RIN60_17650	ko:K07738
kcy:RIN60_17660	ko:K05517
kcy:RIN60_17665	ko:K18862
kcy:RIN60_17675	ko:K03074
kcy:RIN60_17680	ko:K03072
kcy:RIN60_17685	ko:K03210
kcy:RIN60_17690	ko:K00773
kcy:RIN60_17695	ko:K07568
kcy:RIN60_17700	ko:K08682
kcy:RIN60_17705	ko:K03386
kcy:RIN60_17715	ko:K09932
kcy:RIN60_17730	ko:K01187
kcy:RIN60_17735	ko:K11736
kcy:RIN60_17740	ko:K03311
kcy:RIN60_17745	ko:K07636
kcy:RIN60_17750	ko:K07657
kcy:RIN60_17755	ko:K03547
kcy:RIN60_17760	ko:K03546
kcy:RIN60_17770	ko:K03554
kcy:RIN60_17775	ko:K09913
kcy:RIN60_17780	ko:K14591
kcy:RIN60_17785	ko:K00891
kcy:RIN60_17790	ko:K09768
kcy:RIN60_17795	ko:K00286
kcy:RIN60_17805	ko:K01077
kcy:RIN60_17815	ko:K08161
kcy:RIN60_17820	ko:K01921
kcy:RIN60_17840	ko:K17938
kcy:RIN60_17845	ko:K18988
kcy:RIN60_17855	ko:K01698
kcy:RIN60_17865	ko:K03119
kcy:RIN60_17870	ko:K15552
kcy:RIN60_17875	ko:K10831
kcy:RIN60_17880	ko:K15551
kcy:RIN60_17885	ko:K00547
kcy:RIN60_17890	ko:K16235
kcy:RIN60_17895	ko:K18850
kcy:RIN60_17900	ko:K07552
kcy:RIN60_17915	ko:K00484
kcy:RIN60_17920	ko:K00483
kcy:RIN60_17925	ko:K02508
kcy:RIN60_17930	ko:K02511
kcy:RIN60_17935	ko:K02510
kcy:RIN60_17940	ko:K02509
kcy:RIN60_17945	ko:K01826
kcy:RIN60_17950	ko:K00455
kcy:RIN60_17955	ko:K00151
kcy:RIN60_17960	ko:K05921
kcy:RIN60_17970	ko:K08194
kcy:RIN60_18000	ko:K20920
kcy:RIN60_18005	ko:K20988
kcy:RIN60_18010	ko:K16554
kcy:RIN60_18050	ko:K03819
kcy:RIN60_18055	ko:K11963
kcy:RIN60_18060	ko:K11962
kcy:RIN60_18065	ko:K11961
kcy:RIN60_18070	ko:K11960
kcy:RIN60_18075	ko:K11959
kcy:RIN60_18085	ko:K01941
kcy:RIN60_18090	ko:K01457
kcy:RIN60_18100	ko:K02014
kcy:RIN60_18105	ko:K08350
kcy:RIN60_18110	ko:K08349
kcy:RIN60_18115	ko:K08348
kcy:RIN60_18135	ko:K05520
kcy:RIN60_18140	ko:K10536
kcy:RIN60_18150	ko:K06889
kcy:RIN60_18160	ko:K06221
kcy:RIN60_18200	ko:K07345
kcy:RIN60_18205	ko:K07346
kcy:RIN60_18210	ko:K07347
kcy:RIN60_18215	ko:K07345
kcy:RIN60_18220	ko:K07349
kcy:RIN60_18225	ko:K14234
kcy:RIN60_18230	ko:K00147
kcy:RIN60_18235	ko:K00931
kcy:RIN60_18245	ko:K11926
kcy:RIN60_18250	ko:K11750
kcy:RIN60_18255	ko:K00769
kcy:RIN60_18260	ko:K01270
kcy:RIN60_18265	ko:K03830
kcy:RIN60_18270	ko:K02346
kcy:RIN60_18275	ko:K05952
kcy:RIN60_18280	ko:K00351
kcy:RIN60_18285	ko:K00350
kcy:RIN60_18290	ko:K00349
kcy:RIN60_18295	ko:K00348
kcy:RIN60_18300	ko:K00347
kcy:RIN60_18305	ko:K00346
kcy:RIN60_18310	ko:K28919
kcy:RIN60_18320	ko:K03271
kcy:RIN60_18325	ko:K06445
kcy:RIN60_18330	ko:K13566
kcy:RIN60_18345	ko:K14221
kcy:RIN60_18350	ko:K02342
kcy:RIN60_18355	ko:K03469
kcy:RIN60_18365	ko:K01069
kcy:RIN60_18370	ko:K08307
kcy:RIN60_18380	ko:K19577
kcy:RIN60_18390	ko:K06222
kcy:RIN60_18395	ko:K14221
kcy:RIN60_18400	ko:K01985
kcy:RIN60_18405	ko:K01980
kcy:RIN60_18410	ko:K14218
kcy:RIN60_18415	ko:K14227
kcy:RIN60_18420	ko:K01977
kcy:RIN60_18425	ko:K03273
kcy:RIN60_18430	ko:K02071
kcy:RIN60_18435	ko:K02072
kcy:RIN60_18440	ko:K02073
kcy:RIN60_18445	ko:K06080
kcy:RIN60_18450	ko:K22900
kcy:RIN60_18455	ko:K01881
kcy:RIN60_18460	ko:K06079
kcy:RIN60_18465	ko:K15034
kcy:RIN60_18480	ko:K19000
kcy:RIN60_18485	ko:K04075
kcy:RIN60_18490	ko:K08234
kcy:RIN60_18495	ko:K01582
kcy:RIN60_18500	ko:K01962
kcy:RIN60_18505	ko:K02337
kcy:RIN60_18510	ko:K03470
kcy:RIN60_18515	ko:K00748
kcy:RIN60_18520	ko:K00677
kcy:RIN60_18525	ko:K02372
kcy:RIN60_18530	ko:K02536
kcy:RIN60_18535	ko:K06142
kcy:RIN60_18540	ko:K07277
kcy:RIN60_18545	ko:K11749
kcy:RIN60_18550	ko:K00981
kcy:RIN60_18555	ko:K00806
kcy:RIN60_18560	ko:K00099
kcy:RIN60_18565	ko:K02838
kcy:RIN60_18570	ko:K09903
kcy:RIN60_18575	ko:K02357
kcy:RIN60_18580	ko:K02967
kcy:RIN60_18585	ko:K01265
kcy:RIN60_18590	ko:K00990
kcy:RIN60_18605	ko:K02647
kcy:RIN60_18610	ko:K04771
kcy:RIN60_18615	ko:K01129
kcy:RIN60_18620	ko:K01243
kcy:RIN60_18625	ko:K06858
kcy:RIN60_18635	ko:K15724
kcy:RIN60_18640	ko:K03281
kcy:RIN60_18645	ko:K03475
kcy:RIN60_18650	ko:K02822
kcy:RIN60_18655	ko:K02821
kcy:RIN60_18660	ko:K00615
kcy:RIN60_18665	ko:K11922
kcy:RIN60_18670	ko:K01845
kcy:RIN60_18675	ko:K23228
kcy:RIN60_18680	ko:K23227
kcy:RIN60_18685	ko:K10829
kcy:RIN60_18690	ko:K02014
kcy:RIN60_18695	ko:K05365
kcy:RIN60_18700	ko:K03579
kcy:RIN60_18705	ko:K01975
kcy:RIN60_18710	ko:K06206
kcy:RIN60_18715	ko:K06204
kcy:RIN60_18720	ko:K01894
kcy:RIN60_18725	ko:K00970
kcy:RIN60_18730	ko:K00950
kcy:RIN60_18735	ko:K00606
kcy:RIN60_18740	ko:K01918
kcy:RIN60_18745	ko:K01579
kcy:RIN60_18760	ko:K01992
kcy:RIN60_18765	ko:K01990
kcy:RIN60_18770	ko:K01673
kcy:RIN60_18775	ko:K00760
kcy:RIN60_18780	ko:K00117
kcy:RIN60_18785	ko:K14588
kcy:RIN60_18805	ko:K09910
kcy:RIN60_18815	ko:K01682
kcy:RIN60_18835	ko:K00382
kcy:RIN60_18840	ko:K00627
kcy:RIN60_18845	ko:K00163
kcy:RIN60_18850	ko:K05799
kcy:RIN60_18855	ko:K11734
kcy:RIN60_18865	ko:K19504
kcy:RIN60_18870	ko:K02757
kcy:RIN60_18875	ko:K03292
kcy:RIN60_18885	ko:K03807
kcy:RIN60_18890	ko:K03806
kcy:RIN60_18895	ko:K00767
kcy:RIN60_18900	ko:K02682
kcy:RIN60_18905	ko:K02504
kcy:RIN60_18910	ko:K02505
kcy:RIN60_18915	ko:K00364
kcy:RIN60_18920	ko:K00859
kcy:RIN60_18925	ko:K18778
kcy:RIN60_18930	ko:K09862
kcy:RIN60_18935	ko:K03574
kcy:RIN60_18940	ko:K03070
kcy:RIN60_18945	ko:K13301
kcy:RIN60_18950	ko:K02535
kcy:RIN60_18955	ko:K03531
kcy:RIN60_18960	ko:K03590
kcy:RIN60_18965	ko:K03589
kcy:RIN60_18970	ko:K01921
kcy:RIN60_18975	ko:K01924
kcy:RIN60_18980	ko:K02563
kcy:RIN60_18985	ko:K03588
kcy:RIN60_18990	ko:K01925
kcy:RIN60_18995	ko:K01000
kcy:RIN60_19000	ko:K01929
kcy:RIN60_19005	ko:K01928
kcy:RIN60_19010	ko:K03587
kcy:RIN60_19015	ko:K03586
kcy:RIN60_19020	ko:K03438
kcy:RIN60_19025	ko:K03925
kcy:RIN60_19030	ko:K03435
kcy:RIN60_19035	ko:K01653
kcy:RIN60_19040	ko:K01652
kcy:RIN60_19045	ko:K05798
kcy:RIN60_19050	ko:K05806
kcy:RIN60_19055	ko:K01649
kcy:RIN60_19060	ko:K00052
kcy:RIN60_19065	ko:K01703
kcy:RIN60_19070	ko:K01704
kcy:RIN60_19075	ko:K03291
kcy:RIN60_19085	ko:K11925
kcy:RIN60_19090	ko:K02064
kcy:RIN60_19095	ko:K02063
kcy:RIN60_19100	ko:K02062
kcy:RIN60_19110	ko:K02099
kcy:RIN60_19115	ko:K00853
kcy:RIN60_19120	ko:K01804
kcy:RIN60_19125	ko:K03077
kcy:RIN60_19130	ko:K02336
kcy:RIN60_19135	ko:K03580
kcy:RIN60_19140	ko:K06177
kcy:RIN60_19145	ko:K05801
kcy:RIN60_19150	ko:K04744
kcy:RIN60_19155	ko:K03771
kcy:RIN60_19160	ko:K00097
kcy:RIN60_19165	ko:K02528
kcy:RIN60_19170	ko:K06195
kcy:RIN60_19175	ko:K01525
kcy:RIN60_19180	ko:K00287
kcy:RIN60_19185	ko:K11745
kcy:RIN60_19190	ko:K11746
kcy:RIN60_19205	ko:K06146
kcy:RIN60_19210	ko:K00046
kcy:RIN60_19215	ko:K00851
kcy:RIN60_19240	ko:K06015
kcy:RIN60_19250	ko:K19337
kcy:RIN60_19255	ko:K02760
kcy:RIN60_19260	ko:K01222
kcy:RIN60_19265	ko:K02761
kcy:RIN60_19270	ko:K01955
kcy:RIN60_19275	ko:K01956
kcy:RIN60_19280	ko:K00215
kcy:RIN60_19305	ko:K12700
kcy:RIN60_19310	ko:K03527
kcy:RIN60_19315	ko:K03774
kcy:RIN60_19320	ko:K03101
kcy:RIN60_19325	ko:K01870
kcy:RIN60_19330	ko:K11753
kcy:RIN60_19335	ko:K02968
kcy:RIN60_19340	ko:K03717
kcy:RIN60_19345	ko:K03313
kcy:RIN60_19350	ko:K03686
kcy:RIN60_19355	ko:K04043
kcy:RIN60_19360	ko:K07034
kcy:RIN60_19370	ko:K03762
kcy:RIN60_19375	ko:K03831
kcy:RIN60_19385	ko:K00616
kcy:RIN60_19390	ko:K03310
kcy:RIN60_19395	ko:K09861
kcy:RIN60_19405	ko:K01733
kcy:RIN60_19410	ko:K00872
kcy:RIN60_19415	ko:K12524
kcy:RIN60_19420	ko:K02533
kcy:RIN60_19430	ko:K07773
kcy:RIN60_19435	ko:K05805
kcy:RIN60_19440	ko:K05804
kcy:RIN60_19445	ko:K15634
kcy:RIN60_19450	ko:K01529
kcy:RIN60_19455	ko:K03720
kcy:RIN60_19460	ko:K08309
kcy:RIN60_19465	ko:K06020
kcy:RIN60_19475	ko:K10107
kcy:RIN60_19485	ko:K07266
kcy:RIN60_19490	ko:K07265
kcy:RIN60_19515	ko:K09689
kcy:RIN60_19520	ko:K09688
kcy:RIN60_19525	ko:K06211
kcy:RIN60_19530	ko:K04485
kcy:RIN60_19535	ko:K01079
kcy:RIN60_19540	ko:K07186
kcy:RIN60_19545	ko:K03800
kcy:RIN60_19550	ko:K03784
kcy:RIN60_19555	ko:K01839
kcy:RIN60_19560	ko:K00758
kcy:RIN60_19565	ko:K01619
kcy:RIN60_19580	ko:K03317
kcy:RIN60_19585	ko:K03424
kcy:RIN60_19600	ko:K04065
kcy:RIN60_19605	ko:K02837
kcy:RIN60_19610	ko:K08723
kcy:RIN60_19615	ko:K03789
kcy:RIN60_19620	ko:K02344
kcy:RIN60_19625	ko:K00564
kcy:RIN60_19630	ko:K14228
kcy:RIN60_19635	ko:K14228
kcy:RIN60_19640	ko:K14228
kcy:RIN60_19655	ko:K13255
kcy:RIN60_19660	ko:K02761
kcy:RIN60_19670	ko:K22650
kcy:RIN60_19680	ko:K18954
kcy:RIN60_19685	ko:K00481
kcy:RIN60_19700	ko:K02317
kcy:RIN60_19705	ko:K02315
kcy:RIN60_19715	ko:K01002
kcy:RIN60_19725	ko:K05874
kcy:RIN60_19730	ko:K13609
kcy:RIN60_19740	ko:K23676
kcy:RIN60_19760	ko:K00135
kcy:RIN60_19765	ko:K01434
kcy:RIN60_19775	ko:K05835
kcy:RIN60_19790	ko:K22303
kcy:RIN60_19805	ko:K15532
kcy:RIN60_19830	ko:K06075
kcy:RIN60_19840	ko:K01867
kcy:RIN60_19845	ko:K01993
kcy:RIN60_19850	ko:K13926
kcy:RIN60_19855	ko:K01992
kcy:RIN60_19860	ko:K01985
kcy:RIN60_19865	ko:K01980
kcy:RIN60_19870	ko:K14218
kcy:RIN60_19875	ko:K14227
kcy:RIN60_19880	ko:K01977
kcy:RIN60_19925	ko:K07733
kcy:RIN60_19945	ko:K12070
kcy:RIN60_19960	ko:K15773
kcy:RIN60_19985	ko:K14228
kcy:RIN60_19990	ko:K12957
kcy:RIN60_19995	ko:K28825
kcy:RIN60_20000	ko:K06915
kcy:RIN60_20005	ko:K11720
kcy:RIN60_20015	ko:K01255
kcy:RIN60_20020	ko:K02339
kcy:RIN60_20025	ko:K01873
kcy:RIN60_20030	ko:K03828
kcy:RIN60_20040	ko:K06169
kcy:RIN60_20045	ko:K09893
kcy:RIN60_20050	ko:K00611
kcy:RIN60_20055	ko:K19334
kcy:RIN60_20065	ko:K00609
kcy:RIN60_20070	ko:K00610
kcy:RIN60_20075	ko:K09022
kcy:RIN60_20080	ko:K01531
kcy:RIN60_20085	ko:K03485
kcy:RIN60_20090	ko:K02819
kcy:RIN60_20095	ko:K01226
kcy:RIN60_20100	ko:K21636
kcy:RIN60_20105	ko:K04068
kcy:RIN60_20115	ko:K07404
kcy:RIN60_20125	ko:K01042
kcy:RIN60_20130	ko:K01465
kcy:RIN60_20160	ko:K15536
kcy:RIN60_20165	ko:K03592
kcy:RIN60_20170	ko:K09889
kcy:RIN60_20180	ko:K02558
kcy:RIN60_20185	ko:K03841
kcy:RIN60_20190	ko:K05874
kcy:RIN60_20195	ko:K23509
kcy:RIN60_20200	ko:K23509
kcy:RIN60_20205	ko:K10820
kcy:RIN60_20210	ko:K23508
kcy:RIN60_20215	ko:K01507
kcy:RIN60_20225	ko:K09800
kcy:RIN60_20230	ko:K07278
kcy:RIN60_20235	ko:K07304
kcy:RIN60_20265	ko:K16210
kcy:RIN60_20270	ko:K03699
kcy:RIN60_20280	ko:K07109
kcy:RIN60_20285	ko:K07262
kcy:RIN60_20290	ko:K01082
kcy:RIN60_20295	ko:K01119
kcy:RIN60_20305	ko:K19267
kcy:RIN60_20320	ko:K05874
kcy:RIN60_20325	ko:K07322
kcy:RIN60_20330	ko:K12944
kcy:RIN60_20335	ko:K11737
kcy:RIN60_20340	ko:K03773
kcy:RIN60_20345	ko:K07269
kcy:RIN60_20355	ko:K02939
kcy:RIN60_20360	ko:K02963
kcy:RIN60_20365	ko:K02686
kcy:RIN60_20370	ko:K02990
kcy:RIN60_20380	ko:K06889
kcy:RIN60_20395	ko:K09456
kcy:RIN60_20400	ko:K03218
kcy:RIN60_20405	ko:K00633
kcy:RIN60_20410	ko:K12573
kcy:RIN60_20415	ko:K13771
kcy:RIN60_20420	ko:K01939
kcy:RIN60_20425	ko:K09937
kcy:RIN60_20430	ko:K04087
kcy:RIN60_20435	ko:K04088
kcy:RIN60_20440	ko:K03665
kcy:RIN60_20445	ko:K03666
kcy:RIN60_20450	ko:K00791
kcy:RIN60_20455	ko:K03572
kcy:RIN60_20460	ko:K01448
kcy:RIN60_20465	ko:K06925
kcy:RIN60_20470	ko:K23997
kcy:RIN60_20475	ko:K18979
kcy:RIN60_20480	ko:K14225
kcy:RIN60_20485	ko:K14225
kcy:RIN60_20490	ko:K14225
kcy:RIN60_20495	ko:K13288
kcy:RIN60_20500	ko:K06949
kcy:RIN60_20505	ko:K01613
kcy:RIN60_20510	ko:K22051
kcy:RIN60_20515	ko:K04568
kcy:RIN60_20520	ko:K00244
kcy:RIN60_20525	ko:K00245
kcy:RIN60_20530	ko:K00246
kcy:RIN60_20535	ko:K00247
kcy:RIN60_20540	ko:K11741
kcy:RIN60_20545	ko:K16348
kcy:RIN60_20550	ko:K02356
kcy:RIN60_20555	ko:K19810
kcy:RIN60_20575	ko:K07346
kcy:RIN60_20580	ko:K07347
kcy:RIN60_20585	ko:K07345
kcy:RIN60_20595	ko:K13408
kcy:RIN60_20600	ko:K13409
kcy:RIN60_20615	ko:K04077
kcy:RIN60_20620	ko:K04078
kcy:RIN60_20625	ko:K16263
kcy:RIN60_20630	ko:K07113
kcy:RIN60_20635	ko:K01744
kcy:RIN60_20640	ko:K07791
kcy:RIN60_20645	ko:K03926
kcy:RIN60_20650	ko:K04084
kcy:RIN60_20670	ko:K14231
kcy:RIN60_20705	ko:K03564
kcy:RIN60_20715	ko:K01222
kcy:RIN60_20725	ko:K02761
kcy:RIN60_20740	ko:K00926
kcy:RIN60_20760	ko:K06867
kcy:RIN60_20820	ko:K12543
kcy:RIN60_20825	ko:K12541
kcy:RIN60_20830	ko:K12542
kcy:RIN60_20835	ko:K03762
kcy:RIN60_20840	ko:K02526
kcy:RIN60_20845	ko:K06193
kcy:RIN60_20850	ko:K04750
kcy:RIN60_20855	ko:K02041
kcy:RIN60_20860	ko:K02044
kcy:RIN60_20865	ko:K02042
kcy:RIN60_20870	ko:K02043
kcy:RIN60_20875	ko:K06166
kcy:RIN60_20880	ko:K06165
kcy:RIN60_20885	ko:K06164
kcy:RIN60_20890	ko:K06163
kcy:RIN60_20895	ko:K05781
kcy:RIN60_20900	ko:K05780
kcy:RIN60_20905	ko:K06162
kcy:RIN60_20910	ko:K05774
kcy:RIN60_20915	ko:K09994
kcy:RIN60_20920	ko:K06167
kcy:RIN60_20935	ko:K15549
kcy:RIN60_20940	ko:K15547
kcy:RIN60_20945	ko:K15550
kcy:RIN60_20950	ko:K22015
kcy:RIN60_20955	ko:K07126
kcy:RIN60_20960	ko:K11102
kcy:RIN60_20965	ko:K01895
kcy:RIN60_20975	ko:K14393
kcy:RIN60_20990	ko:K10192
kcy:RIN60_21010	ko:K24163
kcy:RIN60_21015	ko:K06901
kcy:RIN60_21020	ko:K13639
kcy:RIN60_21025	ko:K13631
kcy:RIN60_21045	ko:K08177
kcy:RIN60_21050	ko:K22602
kcy:RIN60_21055	ko:K03111
kcy:RIN60_21060	ko:K03701
kcy:RIN60_21070	ko:K03788
kcy:RIN60_21075	ko:K00832
kcy:RIN60_21080	ko:K01775
kcy:RIN60_21085	ko:K02314
kcy:RIN60_21090	ko:K00344
kcy:RIN60_21100	ko:K05539
kcy:RIN60_21115	ko:K09823
kcy:RIN60_21125	ko:K26937
kcy:RIN60_21130	ko:K01356
kcy:RIN60_21135	ko:K00901
kcy:RIN60_21140	ko:K00631
kcy:RIN60_21145	ko:K03179
kcy:RIN60_21150	ko:K03181
kcy:RIN60_21155	ko:K05775
kcy:RIN60_21160	ko:K02024
kcy:RIN60_21165	ko:K10111
kcy:RIN60_21170	ko:K10108
kcy:RIN60_21175	ko:K10109
kcy:RIN60_21180	ko:K10110
kcy:RIN60_21185	ko:K13256
kcy:RIN60_21220	ko:K01810
kcy:RIN60_21225	ko:K00928
kcy:RIN60_21230	ko:K03453
kcy:RIN60_21240	ko:K06182
kcy:RIN60_21250	ko:K00014
kcy:RIN60_21255	ko:K05995
kcy:RIN60_21260	ko:K03324
kcy:RIN60_21265	ko:K00548
kcy:RIN60_21270	ko:K13641
kcy:RIN60_21280	ko:K00906
kcy:RIN60_21285	ko:K01637
kcy:RIN60_21290	ko:K01638
kcy:RIN60_21295	ko:K00651
kcy:RIN60_21300	ko:K03826
kcy:RIN60_21305	ko:K01985
kcy:RIN60_21310	ko:K01980
kcy:RIN60_21315	ko:K14224
kcy:RIN60_21320	ko:K01977
kcy:RIN60_21325	ko:K00602
kcy:RIN60_21330	ko:K01945
kcy:RIN60_21335	ko:K07713
kcy:RIN60_21340	ko:K07709
kcy:RIN60_21345	ko:K07803
kcy:RIN60_21355	ko:K05787
kcy:RIN60_21360	ko:K09891
kcy:RIN60_21365	ko:K05982
kcy:RIN60_21370	ko:K01599
kcy:RIN60_21375	ko:K03426
kcy:RIN60_21380	ko:K07740
kcy:RIN60_21385	ko:K03147
kcy:RIN60_21390	ko:K00788
kcy:RIN60_21395	ko:K03148
kcy:RIN60_21400	ko:K03154
kcy:RIN60_21405	ko:K03149
kcy:RIN60_21410	ko:K03150
kcy:RIN60_21420	ko:K02760
kcy:RIN60_21425	ko:K02759
kcy:RIN60_21430	ko:K10440
kcy:RIN60_21435	ko:K10441
kcy:RIN60_21440	ko:K10439
kcy:RIN60_21445	ko:K03046
kcy:RIN60_21450	ko:K03043
kcy:RIN60_21455	ko:K02935
kcy:RIN60_21460	ko:K02864
kcy:RIN60_21465	ko:K02863
kcy:RIN60_21470	ko:K02867
kcy:RIN60_21475	ko:K02601
kcy:RIN60_21480	ko:K03073
kcy:RIN60_21485	ko:K02358
kcy:RIN60_21490	ko:K14234
kcy:RIN60_21495	ko:K14225
kcy:RIN60_21500	ko:K14236
kcy:RIN60_21505	ko:K14234
kcy:RIN60_21510	ko:K00867
kcy:RIN60_21515	ko:K03524
kcy:RIN60_21520	ko:K00075
kcy:RIN60_21525	ko:K01985
kcy:RIN60_21530	ko:K01980
kcy:RIN60_21535	ko:K14224
kcy:RIN60_21540	ko:K01977
kcy:RIN60_21545	ko:K00230
kcy:RIN60_21550	ko:K03498
kcy:RIN60_21560	ko:K01271
kcy:RIN60_21565	ko:K01825
kcy:RIN60_21570	ko:K00632
kcy:RIN60_21575	ko:K05368
kcy:RIN60_21580	ko:K03182
kcy:RIN60_21585	ko:K05785
kcy:RIN60_21590	ko:K03424
kcy:RIN60_21595	ko:K03118
kcy:RIN60_21600	ko:K03117
kcy:RIN60_21605	ko:K03116
kcy:RIN60_21610	ko:K03688
kcy:RIN60_21615	ko:K03690
kcy:RIN60_21620	ko:K03183
kcy:RIN60_21625	ko:K09760
kcy:RIN60_21630	ko:K00757
kcy:RIN60_21635	ko:K01061
kcy:RIN60_21640	ko:K00549
kcy:RIN60_21645	ko:K03576
kcy:RIN60_21655	ko:K28854
kcy:RIN60_21660	ko:K01048
kcy:RIN60_21665	ko:K05834
kcy:RIN60_21670	ko:K05835
kcy:RIN60_21675	ko:K03654
kcy:RIN60_21680	ko:K01058
kcy:RIN60_21685	ko:K01073
kcy:RIN60_21690	ko:K05786
kcy:RIN60_21695	ko:K03284
kcy:RIN60_21705	ko:K03657
kcy:RIN60_21710	ko:K20862
kcy:RIN60_21715	ko:K03733
kcy:RIN60_21720	ko:K09921
kcy:RIN60_21725	ko:K01778
kcy:RIN60_21735	ko:K06202
kcy:RIN60_21740	ko:K05851
kcy:RIN60_21745	ko:K01749
kcy:RIN60_21750	ko:K01719
kcy:RIN60_21755	ko:K02496
kcy:RIN60_21760	ko:K02498
kcy:RIN60_21765	ko:K01130
kcy:RIN60_21770	ko:K24118
kcy:RIN60_21775	ko:K14232
kcy:RIN60_21780	ko:K14232
kcy:RIN60_21785	ko:K14228
kcy:RIN60_21790	ko:K14226
kcy:RIN60_21795	ko:K14219
kcy:RIN60_21800	ko:K03293
kcy:RIN60_21805	ko:K02852
kcy:RIN60_21810	ko:K02853
kcy:RIN60_21815	ko:K12582
kcy:RIN60_21820	ko:K16693
kcy:RIN60_21825	ko:K02805
kcy:RIN60_21830	ko:K16704
kcy:RIN60_21835	ko:K00973
kcy:RIN60_21840	ko:K01710
kcy:RIN60_21845	ko:K02472
kcy:RIN60_21850	ko:K01791
kcy:RIN60_21855	ko:K05790
kcy:RIN60_21860	ko:K02851
kcy:RIN60_21865	ko:K03628
kcy:RIN60_21875	ko:K03671
kcy:RIN60_21880	ko:K03732
kcy:RIN60_21885	ko:K01524
kcy:RIN60_21890	ko:K03656
kcy:RIN60_21895	ko:K03769
kcy:RIN60_21900	ko:K03769
kcy:RIN60_21920	ko:K00053
kcy:RIN60_21925	ko:K02521
kcy:RIN60_21930	ko:K05878
kcy:RIN60_21935	ko:K05879
kcy:RIN60_21940	ko:K02784
kcy:RIN60_21945	ko:K05879
kcy:RIN60_21950	ko:K05878
kcy:RIN60_21955	ko:K03077
kcy:RIN60_21965	ko:K02775
kcy:RIN60_21970	ko:K02774
kcy:RIN60_21975	ko:K02773
kcy:RIN60_21980	ko:K01754
kcy:RIN60_21985	ko:K01687
kcy:RIN60_21990	ko:K00826
kcy:RIN60_21995	ko:K11258
kcy:RIN60_22000	ko:K01652
kcy:RIN60_22010	ko:K07391
kcy:RIN60_22015	ko:K09897
kcy:RIN60_22020	ko:K23773
kcy:RIN60_22025	ko:K14235
kcy:RIN60_22030	ko:K14221
kcy:RIN60_22035	ko:K01985
kcy:RIN60_22040	ko:K01980
kcy:RIN60_22045	ko:K14218
kcy:RIN60_22050	ko:K14227
kcy:RIN60_22055	ko:K01977
kcy:RIN60_22060	ko:K01776
kcy:RIN60_22065	ko:K16092
kcy:RIN60_22070	ko:K00557
kcy:RIN60_22080	ko:K22105
kcy:RIN60_22085	ko:K00322
kcy:RIN60_22090	ko:K04761
kcy:RIN60_22095	ko:K01755
kcy:RIN60_22100	ko:K00930
kcy:RIN60_22105	ko:K00145
kcy:RIN60_22110	ko:K01438
kcy:RIN60_22115	ko:K01595
kcy:RIN60_22125	ko:K11202
kcy:RIN60_22130	ko:K11202
kcy:RIN60_22135	ko:K11203
kcy:RIN60_22140	ko:K23991
kcy:RIN60_22145	ko:K08314
kcy:RIN60_22150	ko:K00005
kcy:RIN60_22155	ko:K03782
kcy:RIN60_22165	ko:K00297
kcy:RIN60_22170	ko:K20118
kcy:RIN60_22175	ko:K16136
kcy:RIN60_22185	ko:K01607
kcy:RIN60_22190	ko:K12525
kcy:RIN60_22195	ko:K01739
kcy:RIN60_22200	ko:K03764
kcy:RIN60_22205	ko:K00847
kcy:RIN60_22210	ko:K01193
kcy:RIN60_22215	ko:K02532
kcy:RIN60_22230	ko:K02909
kcy:RIN60_22235	ko:K04066
kcy:RIN60_22240	ko:K05499
kcy:RIN60_22245	ko:K03591
kcy:RIN60_22250	ko:K01419
kcy:RIN60_22255	ko:K03667
kcy:RIN60_22260	ko:K02548
kcy:RIN60_22265	ko:K02553
kcy:RIN60_22270	ko:K00850
kcy:RIN60_22275	ko:K13283
kcy:RIN60_22280	ko:K06006
kcy:RIN60_22285	ko:K07662
kcy:RIN60_22290	ko:K07640
kcy:RIN60_22300	ko:K04564
kcy:RIN60_22310	ko:K02854
kcy:RIN60_22315	ko:K02855
kcy:RIN60_22320	ko:K00848
kcy:RIN60_22325	ko:K01813
kcy:RIN60_22330	ko:K01629
kcy:RIN60_22335	ko:K10559
kcy:RIN60_22340	ko:K10562
kcy:RIN60_22345	ko:K10560
kcy:RIN60_22350	ko:K10561
kcy:RIN60_22355	ko:K13954
kcy:RIN60_22360	ko:K03534
kcy:RIN60_22365	ko:K01222
kcy:RIN60_22370	ko:K02761
kcy:RIN60_22375	ko:K03710
kcy:RIN60_22390	ko:K26605
kcy:RIN60_22395	ko:K26606
kcy:RIN60_22405	ko:K11201
kcy:RIN60_22410	ko:K11203
kcy:RIN60_22415	ko:K18530
kcy:RIN60_22420	ko:K18531
kcy:RIN60_22430	ko:K02379
kcy:RIN60_22435	ko:K00123
kcy:RIN60_22440	ko:K00124
kcy:RIN60_22445	ko:K00127
kcy:RIN60_22450	ko:K02380
kcy:RIN60_22465	ko:K07560
kcy:RIN60_22470	ko:K07058
kcy:RIN60_22475	ko:K20866
kcy:RIN60_22480	ko:K06207
kcy:RIN60_22485	ko:K01915
kcy:RIN60_22490	ko:K07708
kcy:RIN60_22495	ko:K07712
kcy:RIN60_22505	ko:K02495
kcy:RIN60_22510	ko:K09894
kcy:RIN60_22515	ko:K03978
kcy:RIN60_22520	ko:K02335
kcy:RIN60_22530	ko:K03673
kcy:RIN60_22540	ko:K09896
kcy:RIN60_22545	ko:K03752
kcy:RIN60_22550	ko:K03753
kcy:RIN60_22555	ko:K01985
kcy:RIN60_22560	ko:K01980
kcy:RIN60_22565	ko:K14224
kcy:RIN60_22570	ko:K01977
kcy:RIN60_22585	ko:K02529
kcy:RIN60_22590	ko:K00852
kcy:RIN60_22595	ko:K10439
kcy:RIN60_22600	ko:K10440
kcy:RIN60_22605	ko:K10441
kcy:RIN60_22610	ko:K06726
kcy:RIN60_22615	ko:K03549
kcy:RIN60_22620	ko:K03924
kcy:RIN60_22630	ko:K01914
kcy:RIN60_22635	ko:K03718
kcy:RIN60_22640	ko:K06205
kcy:RIN60_22645	ko:K03495
kcy:RIN60_22650	ko:K03501
kcy:RIN60_22655	ko:K02116
kcy:RIN60_22660	ko:K02108
kcy:RIN60_22665	ko:K02110
kcy:RIN60_22670	ko:K02109
kcy:RIN60_22675	ko:K02113
kcy:RIN60_22680	ko:K02111
kcy:RIN60_22685	ko:K02115
kcy:RIN60_22690	ko:K02112
kcy:RIN60_22695	ko:K02114
kcy:RIN60_22700	ko:K22994
kcy:RIN60_22710	ko:K00820
kcy:RIN60_22715	ko:K02040
kcy:RIN60_22720	ko:K02037
kcy:RIN60_22725	ko:K02038
kcy:RIN60_22730	ko:K02036
kcy:RIN60_22735	ko:K02039
kcy:RIN60_22745	ko:K06901
kcy:RIN60_22750	ko:K19784
kcy:RIN60_22765	ko:K08163
kcy:RIN60_22775	ko:K03650
kcy:RIN60_22780	ko:K03217
kcy:RIN60_22785	ko:K08998
kcy:RIN60_22790	ko:K03536
kcy:RIN60_22795	ko:K02914
