ksa:C813_00040	ko:K00033
ksa:C813_00045	ko:K00012
ksa:C813_00050	ko:K08679
ksa:C813_00055	ko:K05789
ksa:C813_00060	ko:K11755
ksa:C813_00065	ko:K02500
ksa:C813_00070	ko:K01814
ksa:C813_00075	ko:K02501
ksa:C813_00080	ko:K01089
ksa:C813_00085	ko:K00817
ksa:C813_00090	ko:K00013
ksa:C813_00095	ko:K00765
ksa:C813_00115	ko:K07112
ksa:C813_00125	ko:K01141
ksa:C813_00130	ko:K07258
ksa:C813_00135	ko:K07470
ksa:C813_00145	ko:K09802
ksa:C813_00150	ko:K16651
ksa:C813_00155	ko:K02224
ksa:C813_00160	ko:K02227
ksa:C813_00165	ko:K06042
ksa:C813_00170	ko:K02188
ksa:C813_00175	ko:K03399
ksa:C813_00180	ko:K02191
ksa:C813_00185	ko:K05936
ksa:C813_00190	ko:K02189
ksa:C813_00195	ko:K05934
ksa:C813_00200	ko:K05895
ksa:C813_00205	ko:K02190
ksa:C813_00210	ko:K03394
ksa:C813_00220	ko:K02231
ksa:C813_00225	ko:K02233
ksa:C813_00230	ko:K00768
ksa:C813_00240	ko:K02355
ksa:C813_00255	ko:K19236
ksa:C813_00275	ko:K09912
ksa:C813_00310	ko:K14220
ksa:C813_00315	ko:K26937
ksa:C813_00320	ko:K14220
ksa:C813_00330	ko:K01262
ksa:C813_00335	ko:K01241
ksa:C813_00340	ko:K19745
ksa:C813_00365	ko:K03406
ksa:C813_00370	ko:K14220
ksa:C813_00375	ko:K19338
ksa:C813_00380	ko:K13635
ksa:C813_00385	ko:K08172
ksa:C813_00390	ko:K04093
ksa:C813_00420	ko:K14220
ksa:C813_00425	ko:K09933
ksa:C813_00430	ko:K14233
ksa:C813_00440	ko:K06950
ksa:C813_00460	ko:K09781
ksa:C813_00470	ko:K21085
ksa:C813_00475	ko:K07026
ksa:C813_00490	ko:K07781
ksa:C813_00495	ko:K02421
ksa:C813_00500	ko:K02420
ksa:C813_00505	ko:K02419
ksa:C813_00510	ko:K02418
ksa:C813_00515	ko:K02417
ksa:C813_00520	ko:K02416
ksa:C813_00525	ko:K02415
ksa:C813_00530	ko:K02414
ksa:C813_00535	ko:K02413
ksa:C813_00540	ko:K02412
ksa:C813_00545	ko:K02411
ksa:C813_00550	ko:K02410
ksa:C813_00555	ko:K02409
ksa:C813_00560	ko:K02408
ksa:C813_00570	ko:K13069
ksa:C813_00585	ko:K07112
ksa:C813_00595	ko:K01176
ksa:C813_00600	ko:K02423
ksa:C813_00605	ko:K02422
ksa:C813_00610	ko:K02407
ksa:C813_00615	ko:K02406
ksa:C813_00620	ko:K02406
ksa:C813_00625	ko:K02406
ksa:C813_00660	ko:K02405
ksa:C813_00665	ko:K02425
ksa:C813_00670	ko:K02424
ksa:C813_00675	ko:K05396
ksa:C813_00680	ko:K10009
ksa:C813_00685	ko:K10010
ksa:C813_00690	ko:K07782
ksa:C813_00705	ko:K07689
ksa:C813_00710	ko:K03703
ksa:C813_00715	ko:K00995
ksa:C813_00720	ko:K14225
ksa:C813_00725	ko:K14222
ksa:C813_00730	ko:K14228
ksa:C813_00735	ko:K03834
ksa:C813_00750	ko:K02217
ksa:C813_00785	ko:K10537
ksa:C813_00790	ko:K10539
ksa:C813_00795	ko:K10538
ksa:C813_00800	ko:K01087
ksa:C813_00805	ko:K00697
ksa:C813_00810	ko:K14064
ksa:C813_00815	ko:K02403
ksa:C813_00820	ko:K02402
ksa:C813_00825	ko:K02556
ksa:C813_00830	ko:K02557
ksa:C813_00835	ko:K03407
ksa:C813_00840	ko:K03408
ksa:C813_00845	ko:K27078
ksa:C813_00850	ko:K27078
ksa:C813_00855	ko:K07346
ksa:C813_00860	ko:K07347
ksa:C813_00870	ko:K05875
ksa:C813_00875	ko:K05877
ksa:C813_00885	ko:K03412
ksa:C813_00890	ko:K03413
ksa:C813_00895	ko:K03414
ksa:C813_00900	ko:K07052
ksa:C813_00905	ko:K02401
ksa:C813_00910	ko:K02400
ksa:C813_00915	ko:K03516
ksa:C813_00920	ko:K16210
ksa:C813_00925	ko:K15532
ksa:C813_00930	ko:K07491
ksa:C813_00935	ko:K01887
ksa:C813_00940	ko:K09907
ksa:C813_00945	ko:K06201
ksa:C813_00950	ko:K15257
ksa:C813_00955	ko:K15256
ksa:C813_00960	ko:K07136
ksa:C813_00975	ko:K01876
ksa:C813_00980	ko:K08310
ksa:C813_00990	ko:K01159
ksa:C813_01005	ko:K03550
ksa:C813_01010	ko:K03551
ksa:C813_01015	ko:K09816
ksa:C813_01020	ko:K09817
ksa:C813_01025	ko:K09815
ksa:C813_01035	ko:K02560
ksa:C813_01040	ko:K00873
ksa:C813_01045	ko:K19337
ksa:C813_01055	ko:K00036
ksa:C813_01070	ko:K01625
ksa:C813_01075	ko:K08289
ksa:C813_01080	ko:K09918
ksa:C813_01095	ko:K01354
ksa:C813_01100	ko:K10857
ksa:C813_01105	ko:K02345
ksa:C813_01110	ko:K07156
ksa:C813_01115	ko:K07245
ksa:C813_01135	ko:K09824
ksa:C813_01140	ko:K07313
ksa:C813_01155	ko:K11392
ksa:C813_01160	ko:K06192
ksa:C813_01165	ko:K03808
ksa:C813_01170	ko:K08968
ksa:C813_01175	ko:K03607
ksa:C813_01180	ko:K03797
ksa:C813_01190	ko:K08169
ksa:C813_01195	ko:K19333
ksa:C813_01220	ko:K03704
ksa:C813_01225	ko:K00563
ksa:C813_01230	ko:K23242
ksa:C813_01240	ko:K02796
ksa:C813_01245	ko:K02795
ksa:C813_01250	ko:K02794
ksa:C813_01260	ko:K21090
ksa:C813_01285	ko:K09917
ksa:C813_01295	ko:K03722
ksa:C813_01300	ko:K14742
ksa:C813_01305	ko:K07285
ksa:C813_01310	ko:K01897
ksa:C813_01315	ko:K03684
ksa:C813_01320	ko:K03608
ksa:C813_01325	ko:K03609
ksa:C813_01330	ko:K03610
ksa:C813_01335	ko:K09902
ksa:C813_01340	ko:K29029
ksa:C813_01345	ko:K09160
ksa:C813_01355	ko:K03611
ksa:C813_01365	ko:K03603
ksa:C813_01370	ko:K06415
ksa:C813_01375	ko:K00285
ksa:C813_01380	ko:K01775
ksa:C813_01385	ko:K11105
ksa:C813_01390	ko:K01297
ksa:C813_01395	ko:K08308
ksa:C813_01400	ko:K21087
ksa:C813_01410	ko:K01194
ksa:C813_01420	ko:K11906
ksa:C813_01425	ko:K11893
ksa:C813_01430	ko:K11892
ksa:C813_01435	ko:K11891
ksa:C813_01440	ko:K11890
ksa:C813_01445	ko:K11902
ksa:C813_01450	ko:K11901
ksa:C813_01455	ko:K11900
ksa:C813_01465	ko:K11903
ksa:C813_01485	ko:K07169
ksa:C813_01490	ko:K20074
ksa:C813_01500	ko:K11898
ksa:C813_01505	ko:K11897
ksa:C813_01510	ko:K11896
ksa:C813_01515	ko:K11895
ksa:C813_01520	ko:K11907
ksa:C813_01640	ko:K11106
ksa:C813_01650	ko:K28482
ksa:C813_01655	ko:K03734
ksa:C813_01660	ko:K07703
ksa:C813_01665	ko:K07701
ksa:C813_01670	ko:K07106
ksa:C813_01690	ko:K13953
ksa:C813_01695	ko:K00433
ksa:C813_01705	ko:K00134
ksa:C813_01730	ko:K06884
ksa:C813_01745	ko:K00425
ksa:C813_01750	ko:K00426
ksa:C813_01770	ko:K03782
ksa:C813_01790	ko:K07217
ksa:C813_01800	ko:K03712
ksa:C813_01805	ko:K03543
ksa:C813_01810	ko:K03446
ksa:C813_01825	ko:K21972
ksa:C813_01830	ko:K21973
ksa:C813_01835	ko:K21974
ksa:C813_01840	ko:K21975
ksa:C813_01845	ko:K21976
ksa:C813_01865	ko:K24160
ksa:C813_01870	ko:K01621
ksa:C813_01875	ko:K00077
ksa:C813_01885	ko:K03566
ksa:C813_01895	ko:K13631
ksa:C813_01900	ko:K00782
ksa:C813_01905	ko:K18929
ksa:C813_01910	ko:K18928
ksa:C813_01915	ko:K00574
ksa:C813_01930	ko:K00901
ksa:C813_01960	ko:K05875
ksa:C813_01965	ko:K03704
ksa:C813_01995	ko:K18144
ksa:C813_02000	ko:K18143
ksa:C813_02055	ko:K08987
ksa:C813_02075	ko:K03098
ksa:C813_02080	ko:K06942
ksa:C813_02085	ko:K01056
ksa:C813_02100	ko:K03321
ksa:C813_02105	ko:K00948
ksa:C813_02110	ko:K00919
ksa:C813_02115	ko:K02494
ksa:C813_02120	ko:K02492
ksa:C813_02160	ko:K01627
ksa:C813_02165	ko:K07300
ksa:C813_02170	ko:K06197
ksa:C813_02175	ko:K07232
ksa:C813_02185	ko:K03406
ksa:C813_02190	ko:K06039
ksa:C813_02205	ko:K07684
ksa:C813_02210	ko:K07673
ksa:C813_02215	ko:K02575
ksa:C813_02220	ko:K00370
ksa:C813_02225	ko:K00371
ksa:C813_02230	ko:K00373
ksa:C813_02235	ko:K00374
ksa:C813_02245	ko:K03719
ksa:C813_02250	ko:K14236
ksa:C813_02255	ko:K14236
ksa:C813_02260	ko:K01433
ksa:C813_02265	ko:K09858
ksa:C813_02270	ko:K07001
ksa:C813_02275	ko:K02485
ksa:C813_02280	ko:K00963
ksa:C813_02285	ko:K03746
ksa:C813_02290	ko:K00857
ksa:C813_02295	ko:K04072
ksa:C813_02305	ko:K15580
ksa:C813_02310	ko:K15581
ksa:C813_02315	ko:K15582
ksa:C813_02320	ko:K15583
ksa:C813_02325	ko:K10823
ksa:C813_02330	ko:K09901
ksa:C813_02335	ko:K06131
ksa:C813_02350	ko:K03297
ksa:C813_02355	ko:K09780
ksa:C813_02360	ko:K03832
ksa:C813_02365	ko:K10806
ksa:C813_02370	ko:K06190
ksa:C813_02380	ko:K06940
ksa:C813_02385	ko:K07275
ksa:C813_02390	ko:K03281
ksa:C813_02400	ko:K01696
ksa:C813_02405	ko:K13498
ksa:C813_02410	ko:K13497
ksa:C813_02420	ko:K07053
ksa:C813_02430	ko:K06178
ksa:C813_02435	ko:K19221
ksa:C813_02445	ko:K04774
ksa:C813_02455	ko:K03168
ksa:C813_02460	ko:K13634
ksa:C813_02470	ko:K27802
ksa:C813_02475	ko:K01497
ksa:C813_02480	ko:K01096
ksa:C813_02485	ko:K08992
ksa:C813_02490	ko:K19804
ksa:C813_02505	ko:K04062
ksa:C813_02525	ko:K13816
ksa:C813_02530	ko:K14051
ksa:C813_02535	ko:K01147
ksa:C813_02550	ko:K00208
ksa:C813_02555	ko:K19230
ksa:C813_02560	ko:K19229
ksa:C813_02565	ko:K19228
ksa:C813_02595	ko:K07497
ksa:C813_02605	ko:K19227
ksa:C813_02610	ko:K19226
ksa:C813_02615	ko:K03974
ksa:C813_02620	ko:K03969
ksa:C813_02625	ko:K03970
ksa:C813_02630	ko:K03973
ksa:C813_02635	ko:K03971
ksa:C813_02640	ko:K06918
ksa:C813_02645	ko:K08990
ksa:C813_02655	ko:K03721
ksa:C813_02660	ko:K11065
ksa:C813_02665	ko:K19802
ksa:C813_02670	ko:K14054
ksa:C813_02675	ko:K15580
ksa:C813_02685	ko:K21088
ksa:C813_02690	ko:K21023
ksa:C813_02700	ko:K16074
ksa:C813_02710	ko:K05591
ksa:C813_02715	ko:K14058
ksa:C813_02725	ko:K01093
ksa:C813_02750	ko:K03737
ksa:C813_02765	ko:K03668
ksa:C813_02805	ko:K09978
ksa:C813_02815	ko:K18909
ksa:C813_02820	ko:K01118
ksa:C813_02835	ko:K18139
ksa:C813_02850	ko:K03829
ksa:C813_02870	ko:K00134
ksa:C813_02875	ko:K12262
ksa:C813_02895	ko:K23239
ksa:C813_02900	ko:K00121
ksa:C813_02905	ko:K05876
ksa:C813_02915	ko:K09945
ksa:C813_02920	ko:K03892
ksa:C813_02925	ko:K03893
ksa:C813_02930	ko:K00537
ksa:C813_02965	ko:K03929
ksa:C813_02970	ko:K03566
ksa:C813_02975	ko:K14287
ksa:C813_02980	ko:K10013
ksa:C813_02990	ko:K03817
ksa:C813_03010	ko:K03781
ksa:C813_03015	ko:K14189
ksa:C813_03025	ko:K16868
ksa:C813_03030	ko:K01258
ksa:C813_03035	ko:K12368
ksa:C813_03050	ko:K07506
ksa:C813_03060	ko:K23779
ksa:C813_03100	ko:K00426
ksa:C813_03105	ko:K00425
ksa:C813_03115	ko:K02055
ksa:C813_03120	ko:K02052
ksa:C813_03125	ko:K02054
ksa:C813_03130	ko:K02053
ksa:C813_03135	ko:K00137
ksa:C813_03155	ko:K22736
ksa:C813_03160	ko:K12262
ksa:C813_03200	ko:K12368
ksa:C813_03210	ko:K09936
ksa:C813_03215	ko:K24217
ksa:C813_03230	ko:K13654
ksa:C813_03235	ko:K05875
ksa:C813_03245	ko:K02014
ksa:C813_03260	ko:K11738
ksa:C813_03275	ko:K28525
ksa:C813_03280	ko:K02030
ksa:C813_03290	ko:K02029
ksa:C813_03295	ko:K02028
ksa:C813_03300	ko:K02030
ksa:C813_03305	ko:K03535
ksa:C813_03310	ko:K20023
ksa:C813_03315	ko:K06145
ksa:C813_03325	ko:K11208
ksa:C813_03340	ko:K01821
ksa:C813_03365	ko:K02010
ksa:C813_03370	ko:K02012
ksa:C813_03375	ko:K02011
ksa:C813_03380	ko:K00675
ksa:C813_03390	ko:K08167
ksa:C813_03400	ko:K08348
ksa:C813_03415	ko:K08350
ksa:C813_03420	ko:K08156
ksa:C813_03430	ko:K13953
ksa:C813_03460	ko:K00027
ksa:C813_03465	ko:K02972
ksa:C813_03475	ko:K02495
ksa:C813_03495	ko:K01729
ksa:C813_03500	ko:K03776
ksa:C813_03505	ko:K09972
ksa:C813_03510	ko:K09971
ksa:C813_03515	ko:K09970
ksa:C813_03520	ko:K09969
ksa:C813_03525	ko:K07090
ksa:C813_03565	ko:K00156
ksa:C813_03570	ko:K00433
ksa:C813_03640	ko:K08169
ksa:C813_03660	ko:K13745
ksa:C813_03665	ko:K00836
ksa:C813_03675	ko:K00928
ksa:C813_03720	ko:K20277
ksa:C813_03740	ko:K03304
ksa:C813_03745	ko:K01214
ksa:C813_03760	ko:K01236
ksa:C813_03765	ko:K08350
ksa:C813_03770	ko:K08349
ksa:C813_03775	ko:K08348
ksa:C813_03780	ko:K17836
ksa:C813_03805	ko:K03651
ksa:C813_03815	ko:K03737
ksa:C813_03820	ko:K02588
ksa:C813_03825	ko:K02586
ksa:C813_03830	ko:K02591
ksa:C813_03835	ko:K02593
ksa:C813_03845	ko:K02587
ksa:C813_03850	ko:K02592
ksa:C813_03855	ko:K02596
ksa:C813_03860	ko:K13819
ksa:C813_03870	ko:K02594
ksa:C813_03875	ko:K02595
ksa:C813_03880	ko:K02597
ksa:C813_03885	ko:K03769
ksa:C813_03890	ko:K03839
ksa:C813_03900	ko:K23916
ksa:C813_03905	ko:K02584
ksa:C813_03910	ko:K02585
ksa:C813_03915	ko:K15790
ksa:C813_03925	ko:K03406
ksa:C813_03930	ko:K00128
ksa:C813_03945	ko:K00375
ksa:C813_03950	ko:K08994
ksa:C813_03955	ko:K00041
ksa:C813_03970	ko:K18968
ksa:C813_03985	ko:K01425
ksa:C813_03990	ko:K05874
ksa:C813_03995	ko:K08324
ksa:C813_04005	ko:K03829
ksa:C813_04010	ko:K00016
ksa:C813_04020	ko:K22024
ksa:C813_04025	ko:K22129
ksa:C813_04035	ko:K01714
ksa:C813_04040	ko:K03307
ksa:C813_04065	ko:K08159
ksa:C813_04080	ko:K03712
ksa:C813_04085	ko:K13632
ksa:C813_04090	ko:K13630
ksa:C813_04120	ko:K13633
ksa:C813_04140	ko:K01284
ksa:C813_04145	ko:K16066
ksa:C813_04150	ko:K22293
ksa:C813_04160	ko:K00040
ksa:C813_04165	ko:K09771
ksa:C813_04175	ko:K00657
ksa:C813_04190	ko:K03566
ksa:C813_04210	ko:K07312
ksa:C813_04215	ko:K23349
ksa:C813_04230	ko:K01935
ksa:C813_04235	ko:K15545
ksa:C813_04245	ko:K08224
ksa:C813_04275	ko:K11742
ksa:C813_04280	ko:K11743
ksa:C813_04300	ko:K21134
ksa:C813_04305	ko:K21137
ksa:C813_04330	ko:K05875
ksa:C813_04350	ko:K03503
ksa:C813_04355	ko:K03502
ksa:C813_04360	ko:K00209
ksa:C813_04365	ko:K17865
ksa:C813_04375	ko:K00023
ksa:C813_04380	ko:K00634
ksa:C813_04385	ko:K00929
ksa:C813_04400	ko:K00567
ksa:C813_04410	ko:K14055
ksa:C813_04420	ko:K00325
ksa:C813_04425	ko:K00324
ksa:C813_04435	ko:K03758
ksa:C813_04445	ko:K07661
ksa:C813_04450	ko:K07639
ksa:C813_04455	ko:K10748
ksa:C813_04465	ko:K01676
ksa:C813_04470	ko:K01809
ksa:C813_04490	ko:K01488
ksa:C813_04500	ko:K22718
ksa:C813_04515	ko:K03617
ksa:C813_04520	ko:K03616
ksa:C813_04525	ko:K03615
ksa:C813_04530	ko:K03614
ksa:C813_04535	ko:K03612
ksa:C813_04540	ko:K03613
ksa:C813_04545	ko:K10773
ksa:C813_04550	ko:K08973
ksa:C813_04555	ko:K03305
ksa:C813_04565	ko:K00868
ksa:C813_04570	ko:K01866
ksa:C813_04575	ko:K00275
ksa:C813_04590	ko:K06077
ksa:C813_04595	ko:K06075
ksa:C813_04635	ko:K06938
ksa:C813_04640	ko:K16137
ksa:C813_04645	ko:K10680
ksa:C813_04650	ko:K01759
ksa:C813_04655	ko:K03683
ksa:C813_04660	ko:K07390
ksa:C813_04665	ko:K19303
ksa:C813_04670	ko:K04564
ksa:C813_04675	ko:K19577
ksa:C813_04685	ko:K03604
ksa:C813_04695	ko:K28371
ksa:C813_04700	ko:K00574
ksa:C813_04705	ko:K00793
ksa:C813_04710	ko:K26939
ksa:C813_04720	ko:K14237
ksa:C813_04725	ko:K14237
ksa:C813_04745	ko:K00873
ksa:C813_04750	ko:K06078
ksa:C813_04755	ko:K19236
ksa:C813_04760	ko:K02426
ksa:C813_04765	ko:K11717
ksa:C813_04770	ko:K09015
ksa:C813_04775	ko:K09013
ksa:C813_04780	ko:K09014
ksa:C813_04785	ko:K05997
ksa:C813_04810	ko:K12974
ksa:C813_04815	ko:K19222
ksa:C813_04840	ko:K03292
ksa:C813_04845	ko:K01007
ksa:C813_04850	ko:K09773
ksa:C813_04855	ko:K01626
ksa:C813_04865	ko:K08997
ksa:C813_04875	ko:K13695
ksa:C813_04880	ko:K06074
ksa:C813_04885	ko:K00432
ksa:C813_04890	ko:K06073
ksa:C813_04895	ko:K04764
ksa:C813_04900	ko:K01890
ksa:C813_04905	ko:K01889
ksa:C813_04910	ko:K02887
ksa:C813_04915	ko:K02916
ksa:C813_04920	ko:K02520
ksa:C813_04925	ko:K01868
ksa:C813_04930	ko:K01675
ksa:C813_04935	ko:K02406
ksa:C813_04945	ko:K07283
ksa:C813_04950	ko:K16370
ksa:C813_04970	ko:K24204
ksa:C813_04975	ko:K00065
ksa:C813_04980	ko:K07038
ksa:C813_04985	ko:K06956
ksa:C813_05005	ko:K04064
ksa:C813_05010	ko:K01916
ksa:C813_05015	ko:K05984
ksa:C813_05020	ko:K09975
ksa:C813_05025	ko:K06006
ksa:C813_05035	ko:K01484
ksa:C813_05040	ko:K06447
ksa:C813_05045	ko:K00673
ksa:C813_05050	ko:K00840
ksa:C813_05055	ko:K01142
ksa:C813_05060	ko:K21028
ksa:C813_05065	ko:K08320
ksa:C813_05075	ko:K00262
ksa:C813_05090	ko:K09474
ksa:C813_05100	ko:K04773
ksa:C813_05105	ko:K01424
ksa:C813_05110	ko:K08281
ksa:C813_05115	ko:K09916
ksa:C813_05120	ko:K07305
ksa:C813_05125	ko:K00134
ksa:C813_05130	ko:K01792
ksa:C813_05140	ko:K07274
ksa:C813_05145	ko:K03740
ksa:C813_05155	ko:K03739
ksa:C813_05160	ko:K03367
ksa:C813_05165	ko:K14188
ksa:C813_05170	ko:K07180
ksa:C813_05175	ko:K09786
ksa:C813_05180	ko:K19055
ksa:C813_05195	ko:K02029
ksa:C813_05200	ko:K02029
ksa:C813_05210	ko:K02030
ksa:C813_05215	ko:K25495
ksa:C813_05220	ko:K25494
ksa:C813_05245	ko:K09712
ksa:C813_05250	ko:K13069
ksa:C813_05270	ko:K03406
ksa:C813_05285	ko:K03776
ksa:C813_05295	ko:K02760
ksa:C813_05305	ko:K11250
ksa:C813_05315	ko:K07504
ksa:C813_05350	ko:K06867
ksa:C813_05355	ko:K00031
ksa:C813_05360	ko:K06181
ksa:C813_05365	ko:K12152
ksa:C813_05370	ko:K00566
ksa:C813_05375	ko:K07153
ksa:C813_05380	ko:K01756
ksa:C813_05385	ko:K07660
ksa:C813_05390	ko:K07637
ksa:C813_05395	ko:K18850
ksa:C813_05400	ko:K01258
ksa:C813_05405	ko:K11072
ksa:C813_05410	ko:K11071
ksa:C813_05415	ko:K11070
ksa:C813_05420	ko:K11069
ksa:C813_05435	ko:K07274
ksa:C813_05440	ko:K12410
ksa:C813_05445	ko:K28207
ksa:C813_05450	ko:K09808
ksa:C813_05455	ko:K09810
ksa:C813_05460	ko:K09808
ksa:C813_05470	ko:K03723
ksa:C813_05475	ko:K19236
ksa:C813_05480	ko:K12151
ksa:C813_05490	ko:K22041
ksa:C813_05510	ko:K07000
ksa:C813_05515	ko:K01207
ksa:C813_05520	ko:K07251
ksa:C813_05525	ko:K07337
ksa:C813_05535	ko:K02503
ksa:C813_05540	ko:K16088
ksa:C813_05545	ko:K02779
ksa:C813_05550	ko:K03424
ksa:C813_05555	ko:K02341
ksa:C813_05560	ko:K00943
ksa:C813_05565	ko:K07082
ksa:C813_05570	ko:K02619
ksa:C813_05575	ko:K09458
ksa:C813_05585	ko:K02078
ksa:C813_05590	ko:K00059
ksa:C813_05595	ko:K00645
ksa:C813_05600	ko:K00648
ksa:C813_05605	ko:K03621
ksa:C813_05610	ko:K02911
ksa:C813_05615	ko:K07040
ksa:C813_05620	ko:K25422
ksa:C813_05630	ko:K06179
ksa:C813_05655	ko:K02397
ksa:C813_05660	ko:K02396
ksa:C813_05665	ko:K02395
ksa:C813_05670	ko:K02394
ksa:C813_05675	ko:K02393
ksa:C813_05680	ko:K02392
ksa:C813_05685	ko:K02391
ksa:C813_05695	ko:K02389
ksa:C813_05700	ko:K02388
ksa:C813_05705	ko:K02387
ksa:C813_05710	ko:K02386
ksa:C813_05715	ko:K02398
ksa:C813_05720	ko:K02399
ksa:C813_05725	ko:K03980
ksa:C813_05730	ko:K03810
ksa:C813_05735	ko:K09915
ksa:C813_05740	ko:K03790
ksa:C813_05750	ko:K03675
ksa:C813_05765	ko:K01465
ksa:C813_05770	ko:K12149
ksa:C813_05775	ko:K12148
ksa:C813_05780	ko:K02846
ksa:C813_05800	ko:K07146
ksa:C813_05805	ko:K02517
ksa:C813_05810	ko:K08161
ksa:C813_05815	ko:K12147
ksa:C813_05825	ko:K03669
ksa:C813_05830	ko:K03670
ksa:C813_05835	ko:K11941
ksa:C813_05840	ko:K23518
ksa:C813_05850	ko:K04336
ksa:C813_05855	ko:K04334
ksa:C813_05860	ko:K04335
ksa:C813_05865	ko:K04333
ksa:C813_05870	ko:K04337
ksa:C813_05875	ko:K04338
ksa:C813_05880	ko:K06214
ksa:C813_05895	ko:K04477
ksa:C813_05900	ko:K12972
ksa:C813_05910	ko:K14233
ksa:C813_05945	ko:K26605
ksa:C813_05955	ko:K03406
ksa:C813_05975	ko:K01951
ksa:C813_05980	ko:K09958
ksa:C813_06025	ko:K02484
ksa:C813_06030	ko:K02483
ksa:C813_06045	ko:K00059
ksa:C813_06095	ko:K03449
ksa:C813_06110	ko:K00547
ksa:C813_06115	ko:K16235
ksa:C813_06130	ko:K02030
ksa:C813_06135	ko:K02029
ksa:C813_06140	ko:K02029
ksa:C813_06145	ko:K02028
ksa:C813_06220	ko:K08566
ksa:C813_06225	ko:K14233
ksa:C813_06240	ko:K19587
ksa:C813_06250	ko:K19586
ksa:C813_06255	ko:K13632
ksa:C813_06260	ko:K03303
ksa:C813_06265	ko:K18928
ksa:C813_06270	ko:K18929
ksa:C813_06275	ko:K00782
ksa:C813_06280	ko:K01184
ksa:C813_06290	ko:K04093
ksa:C813_06295	ko:K06217
ksa:C813_06310	ko:K16301
ksa:C813_06320	ko:K07243
ksa:C813_06325	ko:K03317
ksa:C813_06335	ko:K11928
ksa:C813_06345	ko:K13821
ksa:C813_06365	ko:K00875
ksa:C813_06370	ko:K02057
ksa:C813_06375	ko:K02057
ksa:C813_06380	ko:K02056
ksa:C813_06385	ko:K02058
ksa:C813_06390	ko:K09962
ksa:C813_06400	ko:K09017
ksa:C813_06415	ko:K03809
ksa:C813_06425	ko:K01085
ksa:C813_06435	ko:K07124
ksa:C813_06450	ko:K13069
ksa:C813_06465	ko:K00645
ksa:C813_06480	ko:K02004
ksa:C813_06490	ko:K02003
ksa:C813_06515	ko:K02078
ksa:C813_06525	ko:K00059
ksa:C813_06550	ko:K14233
ksa:C813_06555	ko:K15580
ksa:C813_06560	ko:K19416
ksa:C813_06565	ko:K11179
ksa:C813_06575	ko:K06969
ksa:C813_06580	ko:K11940
ksa:C813_06585	ko:K06929
ksa:C813_06595	ko:K01734
ksa:C813_06600	ko:K03658
ksa:C813_06615	ko:K07343
ksa:C813_06620	ko:K13053
ksa:C813_06625	ko:K03286
ksa:C813_06630	ko:K09911
ksa:C813_06635	ko:K04770
ksa:C813_06640	ko:K01716
ksa:C813_06645	ko:K03812
ksa:C813_06650	ko:K09857
ksa:C813_06670	ko:K12297
ksa:C813_06675	ko:K07140
ksa:C813_06680	ko:K18657
ksa:C813_06685	ko:K00254
ksa:C813_06690	ko:K00299
ksa:C813_06695	ko:K15553
ksa:C813_06700	ko:K04091
ksa:C813_06705	ko:K15554
ksa:C813_06710	ko:K15555
ksa:C813_06715	ko:K01256
ksa:C813_06720	ko:K00763
ksa:C813_06725	ko:K01893
ksa:C813_06730	ko:K09476
ksa:C813_06735	ko:K00813
ksa:C813_06740	ko:K01069
ksa:C813_06765	ko:K03804
ksa:C813_06770	ko:K03633
ksa:C813_06775	ko:K06219
ksa:C813_06790	ko:K00979
ksa:C813_06795	ko:K09791
ksa:C813_06810	ko:K11085
ksa:C813_06815	ko:K02238
ksa:C813_06825	ko:K02945
ksa:C813_06835	ko:K00800
ksa:C813_06840	ko:K00831
ksa:C813_06850	ko:K09136
ksa:C813_06855	ko:K06212
ksa:C813_06860	ko:K00656
ksa:C813_06865	ko:K04069
ksa:C813_06870	ko:K08219
ksa:C813_06885	ko:K01875
ksa:C813_06890	ko:K07478
ksa:C813_06895	ko:K03634
ksa:C813_06915	ko:K03719
ksa:C813_06920	ko:K00384
ksa:C813_06925	ko:K16013
ksa:C813_06935	ko:K00684
ksa:C813_06940	ko:K02518
ksa:C813_06965	ko:K03694
ksa:C813_06970	ko:K06891
ksa:C813_06975	ko:K03704
ksa:C813_06990	ko:K13888
ksa:C813_06995	ko:K09824
ksa:C813_07000	ko:K07459
ksa:C813_07005	ko:K06188
ksa:C813_07010	ko:K28370
ksa:C813_07020	ko:K11933
ksa:C813_07025	ko:K15977
ksa:C813_07030	ko:K00156
ksa:C813_07035	ko:K01620
ksa:C813_07055	ko:K11066
ksa:C813_07070	ko:K10000
ksa:C813_07075	ko:K09997
ksa:C813_07080	ko:K09999
ksa:C813_07085	ko:K09998
ksa:C813_07090	ko:K09996
ksa:C813_07095	ko:K03212
ksa:C813_07110	ko:K11075
ksa:C813_07115	ko:K11076
ksa:C813_07120	ko:K11073
ksa:C813_07130	ko:K05844
ksa:C813_07135	ko:K10678
ksa:C813_07140	ko:K03674
ksa:C813_07150	ko:K07085
ksa:C813_07170	ko:K06905
ksa:C813_07175	ko:K06906
ksa:C813_07190	ko:K06908
ksa:C813_07195	ko:K06907
ksa:C813_07225	ko:K06903
ksa:C813_07255	ko:K01185
ksa:C813_07395	ko:K05979
ksa:C813_07400	ko:K23778
ksa:C813_07410	ko:K08160
ksa:C813_07415	ko:K19302
ksa:C813_07420	ko:K11534
ksa:C813_07425	ko:K07258
ksa:C813_07430	ko:K00799
ksa:C813_07445	ko:K04761
ksa:C813_07450	ko:K02406
ksa:C813_07465	ko:K21430
ksa:C813_07470	ko:K19688
ksa:C813_07475	ko:K00799
ksa:C813_07485	ko:K03574
ksa:C813_07505	ko:K23721
ksa:C813_07525	ko:K14441
ksa:C813_07530	ko:K13891
ksa:C813_07535	ko:K13890
ksa:C813_07540	ko:K13889
ksa:C813_07545	ko:K13892
ksa:C813_07550	ko:K13051
ksa:C813_07555	ko:K03750
ksa:C813_07560	ko:K21029
ksa:C813_07565	ko:K04069
ksa:C813_07595	ko:K08191
ksa:C813_07600	ko:K01187
ksa:C813_07610	ko:K19236
ksa:C813_07615	ko:K03492
ksa:C813_07620	ko:K02761
ksa:C813_07625	ko:K01223
ksa:C813_07635	ko:K18904
ksa:C813_07640	ko:K03446
ksa:C813_07645	ko:K03543
ksa:C813_07655	ko:K11924
ksa:C813_07670	ko:K11934
ksa:C813_07675	ko:K11939
ksa:C813_07685	ko:K10036
ksa:C813_07690	ko:K10037
ksa:C813_07695	ko:K10038
ksa:C813_07700	ko:K22044
ksa:C813_07705	ko:K06970
ksa:C813_07730	ko:K03722
ksa:C813_07740	ko:K03488
ksa:C813_07745	ko:K02757
ksa:C813_07755	ko:K01223
ksa:C813_07765	ko:K11927
ksa:C813_07770	ko:K23777
ksa:C813_07775	ko:K25183
ksa:C813_07780	ko:K25182
ksa:C813_07785	ko:K25181
ksa:C813_07790	ko:K25180
ksa:C813_07810	ko:K07027
ksa:C813_07815	ko:K06890
ksa:C813_07820	ko:K06890
ksa:C813_07825	ko:K03635
ksa:C813_07830	ko:K03636
ksa:C813_07835	ko:K03637
ksa:C813_07840	ko:K03638
ksa:C813_07845	ko:K03639
ksa:C813_07855	ko:K03760
ksa:C813_07860	ko:K07771
ksa:C813_07865	ko:K07643
ksa:C813_07875	ko:K03702
ksa:C813_07880	ko:K11963
ksa:C813_07885	ko:K01935
ksa:C813_07890	ko:K02169
ksa:C813_07895	ko:K00652
ksa:C813_07900	ko:K01012
ksa:C813_07905	ko:K00833
ksa:C813_07915	ko:K01051
ksa:C813_07920	ko:K07404
ksa:C813_07925	ko:K28853
ksa:C813_07930	ko:K02017
ksa:C813_07935	ko:K02018
ksa:C813_07940	ko:K02020
ksa:C813_07945	ko:K25859
ksa:C813_07950	ko:K02019
ksa:C813_07955	ko:K05776
ksa:C813_07970	ko:K01784
ksa:C813_07975	ko:K00965
ksa:C813_07980	ko:K00849
ksa:C813_07985	ko:K01785
ksa:C813_07990	ko:K01834
ksa:C813_08005	ko:K16264
ksa:C813_08010	ko:K03811
ksa:C813_08015	ko:K03517
ksa:C813_08025	ko:K14229
ksa:C813_08030	ko:K14229
ksa:C813_08035	ko:K14229
ksa:C813_08040	ko:K14237
ksa:C813_08045	ko:K14229
ksa:C813_08055	ko:K03640
ksa:C813_08060	ko:K03641
ksa:C813_08065	ko:K03646
ksa:C813_08070	ko:K03560
ksa:C813_08075	ko:K03562
ksa:C813_08080	ko:K07107
ksa:C813_08095	ko:K00426
ksa:C813_08100	ko:K00425
ksa:C813_08115	ko:K01902
ksa:C813_08120	ko:K01903
ksa:C813_08125	ko:K00658
ksa:C813_08130	ko:K00164
ksa:C813_08140	ko:K00240
ksa:C813_08145	ko:K00239
ksa:C813_08150	ko:K00242
ksa:C813_08155	ko:K00241
ksa:C813_08160	ko:K01647
ksa:C813_08165	ko:K05522
ksa:C813_08170	ko:K07160
ksa:C813_08175	ko:K23124
ksa:C813_08180	ko:K23123
ksa:C813_08190	ko:K01669
ksa:C813_08205	ko:K01546
ksa:C813_08210	ko:K01547
ksa:C813_08215	ko:K01548
ksa:C813_08225	ko:K07667
ksa:C813_08230	ko:K08978
ksa:C813_08235	ko:K01835
ksa:C813_08240	ko:K03645
ksa:C813_08245	ko:K01175
ksa:C813_08255	ko:K03839
ksa:C813_08260	ko:K03711
ksa:C813_08265	ko:K12373
ksa:C813_08275	ko:K01886
ksa:C813_08285	ko:K02804
ksa:C813_08290	ko:K02564
ksa:C813_08295	ko:K01443
ksa:C813_08300	ko:K02565
ksa:C813_08305	ko:K02566
ksa:C813_08310	ko:K01953
ksa:C813_08315	ko:K14230
ksa:C813_08320	ko:K14228
ksa:C813_08325	ko:K14223
ksa:C813_08330	ko:K14223
ksa:C813_08335	ko:K14230
ksa:C813_08340	ko:K14223
ksa:C813_08345	ko:K14223
ksa:C813_08355	ko:K03184
ksa:C813_08360	ko:K06168
ksa:C813_08365	ko:K06217
ksa:C813_08370	ko:K07042
ksa:C813_08380	ko:K03820
ksa:C813_08385	ko:K10001
ksa:C813_08390	ko:K10003
ksa:C813_08395	ko:K10002
ksa:C813_08400	ko:K10004
ksa:C813_08410	ko:K01869
ksa:C813_08415	ko:K03643
ksa:C813_08420	ko:K02340
ksa:C813_08425	ko:K00969
ksa:C813_08430	ko:K04720
ksa:C813_08435	ko:K02226
ksa:C813_08445	ko:K09710
ksa:C813_08450	ko:K00783
ksa:C813_08455	ko:K05515
ksa:C813_08460	ko:K05837
ksa:C813_08465	ko:K03642
ksa:C813_08470	ko:K07258
ksa:C813_08475	ko:K09158
ksa:C813_08480	ko:K03801
ksa:C813_08490	ko:K03644
ksa:C813_08495	ko:K03425
ksa:C813_08500	ko:K11206
ksa:C813_08505	ko:K06199
ksa:C813_08510	ko:K03704
ksa:C813_08515	ko:K12973
ksa:C813_08535	ko:K07796
ksa:C813_08540	ko:K07810
ksa:C813_08550	ko:K03326
ksa:C813_08555	ko:K01169
ksa:C813_08560	ko:K06140
ksa:C813_08565	ko:K11932
ksa:C813_08585	ko:K24119
ksa:C813_08590	ko:K03805
ksa:C813_08595	ko:K14287
ksa:C813_08600	ko:K08964
ksa:C813_08605	ko:K09880
ksa:C813_08610	ko:K08967
ksa:C813_08635	ko:K07724
ksa:C813_08695	ko:K01649
ksa:C813_08705	ko:K13255
ksa:C813_08710	ko:K25130
ksa:C813_08715	ko:K25111
ksa:C813_08720	ko:K25110
ksa:C813_08725	ko:K25109
ksa:C813_08730	ko:K02014
ksa:C813_08750	ko:K02013
ksa:C813_08755	ko:K02015
ksa:C813_08760	ko:K02016
ksa:C813_08775	ko:K08963
ksa:C813_08780	ko:K00899
ksa:C813_08790	ko:K02058
ksa:C813_08795	ko:K02057
ksa:C813_08800	ko:K02056
ksa:C813_08805	ko:K08317
ksa:C813_08810	ko:K00108
ksa:C813_08815	ko:K00130
ksa:C813_08820	ko:K02167
ksa:C813_08825	ko:K02168
ksa:C813_08835	ko:K00059
ksa:C813_08850	ko:K24147
ksa:C813_08855	ko:K00216
ksa:C813_08860	ko:K01252
ksa:C813_08865	ko:K02363
ksa:C813_08870	ko:K02361
ksa:C813_08875	ko:K23185
ksa:C813_08880	ko:K08225
ksa:C813_08885	ko:K23186
ksa:C813_08890	ko:K23187
ksa:C813_08895	ko:K23188
ksa:C813_08900	ko:K02364
ksa:C813_08910	ko:K07214
ksa:C813_08915	ko:K19611
ksa:C813_08920	ko:K03406
ksa:C813_08930	ko:K15372
ksa:C813_08935	ko:K15373
ksa:C813_08955	ko:K09475
ksa:C813_08960	ko:K18325
ksa:C813_08970	ko:K01118
ksa:C813_08985	ko:K07396
ksa:C813_09040	ko:K02016
ksa:C813_09045	ko:K02015
ksa:C813_09050	ko:K02013
ksa:C813_09070	ko:K02035
ksa:C813_09075	ko:K02032
ksa:C813_09085	ko:K02034
ksa:C813_09090	ko:K02033
ksa:C813_09115	ko:K22110
ksa:C813_09120	ko:K01728
ksa:C813_09130	ko:K03406
ksa:C813_09185	ko:K03746
ksa:C813_09190	ko:K10124
ksa:C813_09195	ko:K02757
ksa:C813_09205	ko:K01223
ksa:C813_09210	ko:K03488
ksa:C813_09230	ko:K22214
ksa:C813_09235	ko:K11264
ksa:C813_09240	ko:K07588
ksa:C813_09245	ko:K01847
ksa:C813_09260	ko:K04080
ksa:C813_09280	ko:K14219
ksa:C813_09295	ko:K08088
ksa:C813_09300	ko:K07688
ksa:C813_09305	ko:K07355
ksa:C813_09310	ko:K07356
ksa:C813_09315	ko:K07354
ksa:C813_09320	ko:K07353
ksa:C813_09325	ko:K07351
ksa:C813_09330	ko:K07352
ksa:C813_09335	ko:K01491
ksa:C813_09340	ko:K14761
ksa:C813_09345	ko:K20118
ksa:C813_09350	ko:K16136
ksa:C813_09355	ko:K07038
ksa:C813_09360	ko:K01883
ksa:C813_09365	ko:K03768
ksa:C813_09370	ko:K03269
ksa:C813_09375	ko:K01588
ksa:C813_09385	ko:K06917
ksa:C813_09390	ko:K02072
ksa:C813_09395	ko:K02071
ksa:C813_09400	ko:K02073
ksa:C813_09410	ko:K02004
ksa:C813_09420	ko:K10804
ksa:C813_09430	ko:K05838
ksa:C813_09440	ko:K07340
ksa:C813_09455	ko:K19591
ksa:C813_09465	ko:K17686
ksa:C813_09470	ko:K09973
ksa:C813_09475	ko:K03976
ksa:C813_09480	ko:K11751
ksa:C813_09485	ko:K08223
ksa:C813_09510	ko:K01772
ksa:C813_09515	ko:K00939
ksa:C813_09520	ko:K04079
ksa:C813_09525	ko:K06187
ksa:C813_09530	ko:K09747
ksa:C813_09535	ko:K02343
ksa:C813_09540	ko:K00759
ksa:C813_09545	ko:K09790
ksa:C813_09550	ko:K04067
ksa:C813_09560	ko:K05802
ksa:C813_09565	ko:K03577
ksa:C813_09570	ko:K03585
ksa:C813_09575	ko:K18138
ksa:C813_09580	ko:K19162
ksa:C813_09585	ko:K05839
ksa:C813_09600	ko:K00375
ksa:C813_09610	ko:K02919
ksa:C813_09615	ko:K02909
ksa:C813_09625	ko:K02073
ksa:C813_09635	ko:K02072
ksa:C813_09640	ko:K02757
ksa:C813_09645	ko:K08323
ksa:C813_09655	ko:K26148
ksa:C813_09670	ko:K01190
ksa:C813_09675	ko:K27069
ksa:C813_09755	ko:K07443
ksa:C813_09760	ko:K09914
ksa:C813_09765	ko:K10805
ksa:C813_09770	ko:K03320
ksa:C813_09775	ko:K04752
ksa:C813_09780	ko:K18890
ksa:C813_09785	ko:K18889
ksa:C813_09790	ko:K05800
ksa:C813_09795	ko:K28981
ksa:C813_09800	ko:K11938
ksa:C813_09810	ko:K06920
ksa:C813_09815	ko:K12500
ksa:C813_09820	ko:K02237
ksa:C813_09825	ko:K03770
ksa:C813_09830	ko:K03530
ksa:C813_09835	ko:K01338
ksa:C813_09840	ko:K03544
ksa:C813_09845	ko:K01358
ksa:C813_09850	ko:K03545
ksa:C813_09860	ko:K05527
ksa:C813_09870	ko:K07286
ksa:C813_09875	ko:K08218
ksa:C813_09885	ko:K02297
ksa:C813_09890	ko:K02298
ksa:C813_09895	ko:K02299
ksa:C813_09900	ko:K02300
ksa:C813_09915	ko:K09767
ksa:C813_09920	ko:K00077
ksa:C813_09925	ko:K03152
ksa:C813_09930	ko:K03151
ksa:C813_09935	ko:K03602
ksa:C813_09940	ko:K00795
ksa:C813_09945	ko:K01662
ksa:C813_09950	ko:K23107
ksa:C813_09955	ko:K01095
ksa:C813_09960	ko:K00946
ksa:C813_09965	ko:K03625
ksa:C813_09970	ko:K00794
ksa:C813_09980	ko:K07738
ksa:C813_09990	ko:K05517
ksa:C813_10000	ko:K06996
ksa:C813_10005	ko:K02003
ksa:C813_10010	ko:K02004
ksa:C813_10030	ko:K07679
ksa:C813_10040	ko:K07687
ksa:C813_10045	ko:K03074
ksa:C813_10050	ko:K03072
ksa:C813_10055	ko:K03210
ksa:C813_10060	ko:K00773
ksa:C813_10065	ko:K07568
ksa:C813_10070	ko:K08682
ksa:C813_10075	ko:K03386
ksa:C813_10090	ko:K01187
ksa:C813_10100	ko:K11736
ksa:C813_10105	ko:K03311
ksa:C813_10110	ko:K07636
ksa:C813_10115	ko:K07657
ksa:C813_10120	ko:K03547
ksa:C813_10125	ko:K03546
ksa:C813_10130	ko:K00847
ksa:C813_10135	ko:K03554
ksa:C813_10140	ko:K09913
ksa:C813_10145	ko:K14591
ksa:C813_10155	ko:K00891
ksa:C813_10160	ko:K09768
ksa:C813_10165	ko:K00286
ksa:C813_10170	ko:K22747
ksa:C813_10180	ko:K01077
ksa:C813_10190	ko:K08161
ksa:C813_10200	ko:K01921
ksa:C813_10220	ko:K17938
ksa:C813_10230	ko:K18988
ksa:C813_10235	ko:K01698
ksa:C813_10250	ko:K16238
ksa:C813_10255	ko:K03735
ksa:C813_10260	ko:K03736
ksa:C813_10290	ko:K03566
ksa:C813_10295	ko:K10834
ksa:C813_10300	ko:K25133
ksa:C813_10305	ko:K25132
ksa:C813_10310	ko:K07225
ksa:C813_10315	ko:K16087
ksa:C813_10325	ko:K07401
ksa:C813_10335	ko:K06199
ksa:C813_10340	ko:K23242
ksa:C813_10350	ko:K22041
ksa:C813_10370	ko:K14234
ksa:C813_10375	ko:K00147
ksa:C813_10380	ko:K00931
ksa:C813_10385	ko:K11929
ksa:C813_10390	ko:K11926
ksa:C813_10395	ko:K11750
ksa:C813_10400	ko:K00769
ksa:C813_10405	ko:K01270
ksa:C813_10410	ko:K02346
ksa:C813_10415	ko:K28919
ksa:C813_10425	ko:K03271
ksa:C813_10430	ko:K06445
ksa:C813_10440	ko:K00681
ksa:C813_10450	ko:K02033
ksa:C813_10455	ko:K02035
ksa:C813_10460	ko:K02032
ksa:C813_10465	ko:K02031
ksa:C813_10475	ko:K02083
ksa:C813_10480	ko:K00839
ksa:C813_10500	ko:K22601
ksa:C813_10510	ko:K00390
ksa:C813_10515	ko:K00381
ksa:C813_10520	ko:K00380
ksa:C813_10525	ko:K01737
ksa:C813_10535	ko:K10026
ksa:C813_10540	ko:K06872
ksa:C813_10550	ko:K01689
ksa:C813_10555	ko:K01937
ksa:C813_10560	ko:K04765
ksa:C813_10565	ko:K00951
ksa:C813_10570	ko:K03215
ksa:C813_10590	ko:K00865
ksa:C813_10595	ko:K01706
ksa:C813_10600	ko:K13918
ksa:C813_10605	ko:K03535
ksa:C813_10620	ko:K06175
ksa:C813_10630	ko:K15723
ksa:C813_10635	ko:K06879
ksa:C813_10640	ko:K06966
ksa:C813_10655	ko:K01752
ksa:C813_10660	ko:K01146
ksa:C813_10665	ko:K16842
ksa:C813_10670	ko:K16841
ksa:C813_10680	ko:K03457
ksa:C813_10685	ko:K14221
ksa:C813_10695	ko:K02342
ksa:C813_10700	ko:K03469
ksa:C813_10710	ko:K01069
ksa:C813_10715	ko:K08307
ksa:C813_10730	ko:K06222
ksa:C813_10740	ko:K03543
ksa:C813_10745	ko:K03446
ksa:C813_10750	ko:K09458
ksa:C813_10755	ko:K14221
ksa:C813_10760	ko:K01985
ksa:C813_10765	ko:K01980
ksa:C813_10775	ko:K14224
ksa:C813_10780	ko:K01977
ksa:C813_10790	ko:K03273
ksa:C813_10795	ko:K02071
ksa:C813_10800	ko:K02072
ksa:C813_10805	ko:K02073
ksa:C813_10810	ko:K06080
ksa:C813_10815	ko:K22900
ksa:C813_10820	ko:K01881
ksa:C813_10825	ko:K06079
ksa:C813_10830	ko:K15034
ksa:C813_10845	ko:K19000
ksa:C813_10850	ko:K04075
ksa:C813_10855	ko:K08234
ksa:C813_10860	ko:K01582
ksa:C813_10865	ko:K01962
ksa:C813_10875	ko:K03470
ksa:C813_10880	ko:K00748
ksa:C813_10885	ko:K00677
ksa:C813_10890	ko:K02372
ksa:C813_10895	ko:K02536
ksa:C813_10900	ko:K06142
ksa:C813_10905	ko:K07277
ksa:C813_10910	ko:K11749
ksa:C813_10915	ko:K00981
ksa:C813_10920	ko:K00806
ksa:C813_10925	ko:K00099
ksa:C813_10930	ko:K02838
ksa:C813_10935	ko:K09903
ksa:C813_10940	ko:K02357
ksa:C813_10945	ko:K02967
ksa:C813_10950	ko:K01265
ksa:C813_10955	ko:K00990
ksa:C813_10960	ko:K00674
ksa:C813_10970	ko:K02647
ksa:C813_10975	ko:K04771
ksa:C813_10985	ko:K01243
ksa:C813_10990	ko:K06858
ksa:C813_11000	ko:K15724
ksa:C813_11005	ko:K03281
ksa:C813_11010	ko:K01845
ksa:C813_11015	ko:K11021
ksa:C813_11025	ko:K23227
ksa:C813_11030	ko:K10829
ksa:C813_11035	ko:K02014
ksa:C813_11050	ko:K03579
ksa:C813_11055	ko:K01975
ksa:C813_11065	ko:K06204
ksa:C813_11070	ko:K01894
ksa:C813_11075	ko:K00970
ksa:C813_11080	ko:K00950
ksa:C813_11085	ko:K00606
ksa:C813_11090	ko:K01918
ksa:C813_11095	ko:K01579
ksa:C813_11105	ko:K01992
ksa:C813_11110	ko:K01990
ksa:C813_11115	ko:K01673
ksa:C813_11120	ko:K00760
ksa:C813_11125	ko:K00117
ksa:C813_11130	ko:K14588
ksa:C813_11140	ko:K00797
ksa:C813_11145	ko:K01611
ksa:C813_11150	ko:K09910
ksa:C813_11155	ko:K01682
ksa:C813_11170	ko:K00382
ksa:C813_11175	ko:K00627
ksa:C813_11180	ko:K00163
ksa:C813_11185	ko:K05799
ksa:C813_11190	ko:K11734
ksa:C813_11195	ko:K03292
ksa:C813_11205	ko:K03807
ksa:C813_11215	ko:K00767
ksa:C813_11220	ko:K02682
ksa:C813_11225	ko:K02504
ksa:C813_11230	ko:K02505
ksa:C813_11235	ko:K00364
ksa:C813_11240	ko:K00859
ksa:C813_11245	ko:K18778
ksa:C813_11250	ko:K09862
ksa:C813_11255	ko:K03574
ksa:C813_11260	ko:K03070
ksa:C813_11265	ko:K13301
ksa:C813_11270	ko:K02535
ksa:C813_11275	ko:K03531
ksa:C813_11280	ko:K03590
ksa:C813_11285	ko:K03589
ksa:C813_11290	ko:K01921
ksa:C813_11295	ko:K01924
ksa:C813_11300	ko:K02563
ksa:C813_11305	ko:K03588
ksa:C813_11310	ko:K01925
ksa:C813_11315	ko:K01000
ksa:C813_11320	ko:K01929
ksa:C813_11325	ko:K01928
ksa:C813_11330	ko:K03587
ksa:C813_11335	ko:K03586
ksa:C813_11340	ko:K03438
ksa:C813_11345	ko:K03925
ksa:C813_11350	ko:K03435
ksa:C813_11355	ko:K01653
ksa:C813_11365	ko:K05798
ksa:C813_11370	ko:K01649
ksa:C813_11375	ko:K00052
ksa:C813_11380	ko:K01703
ksa:C813_11385	ko:K01704
ksa:C813_11390	ko:K03291
ksa:C813_11400	ko:K11925
ksa:C813_11405	ko:K02064
ksa:C813_11410	ko:K02063
ksa:C813_11415	ko:K02062
ksa:C813_11425	ko:K02099
ksa:C813_11430	ko:K00853
ksa:C813_11435	ko:K01804
ksa:C813_11440	ko:K03077
ksa:C813_11445	ko:K02336
ksa:C813_11450	ko:K03580
ksa:C813_11455	ko:K06177
ksa:C813_11465	ko:K04744
ksa:C813_11470	ko:K03771
ksa:C813_11475	ko:K00097
ksa:C813_11480	ko:K02528
ksa:C813_11485	ko:K06195
ksa:C813_11490	ko:K01525
ksa:C813_11495	ko:K00287
ksa:C813_11500	ko:K11745
ksa:C813_11505	ko:K11746
ksa:C813_11515	ko:K01955
ksa:C813_11520	ko:K01956
ksa:C813_11530	ko:K00215
ksa:C813_11545	ko:K12700
ksa:C813_11550	ko:K03527
ksa:C813_11555	ko:K03774
ksa:C813_11560	ko:K03101
ksa:C813_11565	ko:K01870
ksa:C813_11570	ko:K11753
ksa:C813_11575	ko:K02968
ksa:C813_11580	ko:K03717
ksa:C813_11585	ko:K03313
ksa:C813_11590	ko:K03686
ksa:C813_11595	ko:K04043
ksa:C813_11600	ko:K07034
ksa:C813_11605	ko:K03762
ksa:C813_11610	ko:K03831
ksa:C813_11615	ko:K00616
ksa:C813_11620	ko:K03310
ksa:C813_11625	ko:K09861
ksa:C813_11630	ko:K01733
ksa:C813_11635	ko:K00872
ksa:C813_11640	ko:K12524
ksa:C813_11645	ko:K02533
ksa:C813_11650	ko:K07773
ksa:C813_11655	ko:K06143
ksa:C813_11660	ko:K07641
ksa:C813_11675	ko:K05805
ksa:C813_11680	ko:K05804
ksa:C813_11685	ko:K15634
ksa:C813_11690	ko:K01529
ksa:C813_11695	ko:K03720
ksa:C813_11700	ko:K08309
ksa:C813_11705	ko:K06020
ksa:C813_11715	ko:K06211
ksa:C813_11720	ko:K04485
ksa:C813_11725	ko:K01079
ksa:C813_11730	ko:K07186
ksa:C813_11735	ko:K03800
ksa:C813_11740	ko:K03784
ksa:C813_11745	ko:K01839
ksa:C813_11750	ko:K00758
ksa:C813_11755	ko:K01619
ksa:C813_11770	ko:K03424
ksa:C813_11785	ko:K04065
ksa:C813_11795	ko:K08723
ksa:C813_11800	ko:K03789
ksa:C813_11805	ko:K02344
ksa:C813_11810	ko:K00564
ksa:C813_11815	ko:K14228
ksa:C813_11820	ko:K14228
ksa:C813_11825	ko:K14228
ksa:C813_11840	ko:K13255
ksa:C813_11845	ko:K02761
ksa:C813_11855	ko:K22650
ksa:C813_11875	ko:K23775
ksa:C813_11880	ko:K04063
ksa:C813_11885	ko:K02317
ksa:C813_11890	ko:K02315
ksa:C813_11910	ko:K05874
ksa:C813_11940	ko:K09803
ksa:C813_11945	ko:K00135
ksa:C813_11955	ko:K14665
ksa:C813_11980	ko:K05835
ksa:C813_12020	ko:K06075
ksa:C813_12025	ko:K21265
ksa:C813_12035	ko:K01358
ksa:C813_12055	ko:K02405
ksa:C813_12075	ko:K07106
ksa:C813_12080	ko:K11192
ksa:C813_12085	ko:K02014
ksa:C813_12100	ko:K00355
ksa:C813_12110	ko:K03585
ksa:C813_12115	ko:K18138
ksa:C813_12120	ko:K18139
ksa:C813_12125	ko:K07552
ksa:C813_12130	ko:K19166
ksa:C813_12135	ko:K18831
ksa:C813_12145	ko:K02016
ksa:C813_12150	ko:K02015
ksa:C813_12155	ko:K02015
ksa:C813_12160	ko:K02013
ksa:C813_12165	ko:K02014
ksa:C813_12170	ko:K05814
ksa:C813_12175	ko:K05815
ksa:C813_12180	ko:K03651
ksa:C813_12185	ko:K05816
ksa:C813_12190	ko:K05813
ksa:C813_12235	ko:K15977
ksa:C813_12240	ko:K03809
ksa:C813_12260	ko:K03566
ksa:C813_12315	ko:K07497
ksa:C813_12320	ko:K07483
ksa:C813_12330	ko:K14228
ksa:C813_12365	ko:K01185
ksa:C813_12385	ko:K12957
ksa:C813_12390	ko:K28825
ksa:C813_12400	ko:K11720
ksa:C813_12405	ko:K07091
ksa:C813_12410	ko:K01255
ksa:C813_12415	ko:K02339
ksa:C813_12420	ko:K01873
ksa:C813_12430	ko:K03828
ksa:C813_12435	ko:K06169
ksa:C813_12440	ko:K09893
ksa:C813_12445	ko:K00611
ksa:C813_12450	ko:K19334
ksa:C813_12455	ko:K01478
ksa:C813_12460	ko:K00926
ksa:C813_12465	ko:K00611
ksa:C813_12475	ko:K03402
ksa:C813_12485	ko:K00609
ksa:C813_12495	ko:K09022
ksa:C813_12500	ko:K12373
ksa:C813_12515	ko:K03485
ksa:C813_12520	ko:K02819
ksa:C813_12525	ko:K01226
ksa:C813_12530	ko:K21636
ksa:C813_12535	ko:K04068
ksa:C813_12540	ko:K06218
ksa:C813_12545	ko:K18918
ksa:C813_12565	ko:K07404
ksa:C813_12575	ko:K01042
ksa:C813_12580	ko:K01465
ksa:C813_12625	ko:K15536
ksa:C813_12630	ko:K03592
ksa:C813_12635	ko:K09889
ksa:C813_12645	ko:K02558
ksa:C813_12655	ko:K03841
ksa:C813_12665	ko:K05874
ksa:C813_12670	ko:K23509
ksa:C813_12675	ko:K23509
ksa:C813_12680	ko:K10820
ksa:C813_12685	ko:K23508
ksa:C813_12695	ko:K01507
ksa:C813_12715	ko:K07278
ksa:C813_12720	ko:K07304
ksa:C813_12725	ko:K03699
ksa:C813_12735	ko:K07109
ksa:C813_12740	ko:K01082
ksa:C813_12760	ko:K19267
ksa:C813_12775	ko:K05874
ksa:C813_12780	ko:K07322
ksa:C813_12790	ko:K03773
ksa:C813_12795	ko:K07269
ksa:C813_12810	ko:K02939
ksa:C813_12815	ko:K02963
ksa:C813_12820	ko:K02686
ksa:C813_12825	ko:K02990
ksa:C813_12845	ko:K06889
ksa:C813_12865	ko:K09456
ksa:C813_12885	ko:K08989
ksa:C813_12900	ko:K09980
ksa:C813_12905	ko:K03218
ksa:C813_12910	ko:K12573
ksa:C813_12915	ko:K13771
ksa:C813_12920	ko:K01939
ksa:C813_12925	ko:K09937
ksa:C813_12930	ko:K04087
ksa:C813_12935	ko:K04088
ksa:C813_12940	ko:K03665
ksa:C813_12945	ko:K03666
ksa:C813_12950	ko:K00791
ksa:C813_12955	ko:K03572
ksa:C813_12960	ko:K01448
ksa:C813_12965	ko:K06925
ksa:C813_12970	ko:K23997
ksa:C813_12975	ko:K18979
ksa:C813_12980	ko:K14225
ksa:C813_12985	ko:K14225
ksa:C813_12990	ko:K14225
ksa:C813_12995	ko:K13288
ksa:C813_13000	ko:K06949
ksa:C813_13005	ko:K01613
ksa:C813_13010	ko:K22051
ksa:C813_13015	ko:K04568
ksa:C813_13025	ko:K00244
ksa:C813_13030	ko:K00245
ksa:C813_13035	ko:K00246
ksa:C813_13040	ko:K00247
ksa:C813_13045	ko:K03098
ksa:C813_13050	ko:K11741
ksa:C813_13060	ko:K16348
ksa:C813_13070	ko:K02356
ksa:C813_13075	ko:K19810
ksa:C813_13090	ko:K04077
ksa:C813_13095	ko:K04078
ksa:C813_13100	ko:K16263
ksa:C813_13105	ko:K07113
ksa:C813_13110	ko:K01744
ksa:C813_13115	ko:K07791
ksa:C813_13120	ko:K03926
ksa:C813_13125	ko:K04084
ksa:C813_13145	ko:K14231
ksa:C813_13175	ko:K07724
ksa:C813_13185	ko:K07733
ksa:C813_13200	ko:K03194
ksa:C813_13205	ko:K03197
ksa:C813_13210	ko:K03199
ksa:C813_13215	ko:K03200
ksa:C813_13220	ko:K03201
ksa:C813_13230	ko:K03203
ksa:C813_13235	ko:K03204
ksa:C813_13240	ko:K03195
ksa:C813_13245	ko:K03196
ksa:C813_13270	ko:K07497
ksa:C813_13275	ko:K07483
ksa:C813_13285	ko:K03427
ksa:C813_13290	ko:K01154
ksa:C813_13305	ko:K01153
ksa:C813_13330	ko:K07483
ksa:C813_13335	ko:K07497
ksa:C813_13340	ko:K08984
ksa:C813_13345	ko:K08970
ksa:C813_13360	ko:K02526
ksa:C813_13375	ko:K06193
ksa:C813_13380	ko:K04750
ksa:C813_13385	ko:K02043
ksa:C813_13390	ko:K06166
ksa:C813_13395	ko:K06165
ksa:C813_13400	ko:K06164
ksa:C813_13405	ko:K06163
ksa:C813_13410	ko:K05781
ksa:C813_13415	ko:K05780
ksa:C813_13420	ko:K06162
ksa:C813_13425	ko:K05774
ksa:C813_13430	ko:K06167
ksa:C813_13450	ko:K10441
ksa:C813_13465	ko:K09988
ksa:C813_13470	ko:K01624
ksa:C813_13490	ko:K22015
ksa:C813_13495	ko:K22015
ksa:C813_13505	ko:K15256
ksa:C813_13535	ko:K11102
ksa:C813_13540	ko:K01895
ksa:C813_13555	ko:K14393
ksa:C813_13570	ko:K06518
ksa:C813_13580	ko:K24163
ksa:C813_13585	ko:K06901
ksa:C813_13595	ko:K00799
ksa:C813_13600	ko:K13639
ksa:C813_13605	ko:K13631
ksa:C813_13610	ko:K26148
ksa:C813_13635	ko:K02053
ksa:C813_13640	ko:K02054
ksa:C813_13665	ko:K01092
ksa:C813_13670	ko:K11312
ksa:C813_13720	ko:K11904
ksa:C813_13730	ko:K03111
ksa:C813_13735	ko:K03701
ksa:C813_13745	ko:K18144
ksa:C813_13760	ko:K03788
ksa:C813_13765	ko:K00832
ksa:C813_13770	ko:K06211
ksa:C813_13775	ko:K03811
ksa:C813_13780	ko:K01775
ksa:C813_13785	ko:K02314
ksa:C813_13790	ko:K00344
ksa:C813_13800	ko:K05539
ksa:C813_13815	ko:K09823
ksa:C813_13830	ko:K01356
ksa:C813_13835	ko:K00901
ksa:C813_13840	ko:K00631
ksa:C813_13845	ko:K03179
ksa:C813_13850	ko:K03181
ksa:C813_13855	ko:K05775
ksa:C813_13860	ko:K02024
ksa:C813_13865	ko:K10111
ksa:C813_13870	ko:K10108
ksa:C813_13875	ko:K10109
ksa:C813_13880	ko:K10110
ksa:C813_13885	ko:K13256
ksa:C813_13920	ko:K01810
ksa:C813_13925	ko:K00928
ksa:C813_13930	ko:K07074
ksa:C813_13935	ko:K14415
ksa:C813_13945	ko:K14414
ksa:C813_13950	ko:K03453
ksa:C813_13955	ko:K18831
ksa:C813_13960	ko:K19166
ksa:C813_13970	ko:K06182
ksa:C813_13975	ko:K03324
ksa:C813_13990	ko:K00548
ksa:C813_14000	ko:K13641
ksa:C813_14010	ko:K00906
ksa:C813_14015	ko:K01637
ksa:C813_14020	ko:K01638
ksa:C813_14025	ko:K00651
ksa:C813_14035	ko:K01985
ksa:C813_14040	ko:K01980
ksa:C813_14045	ko:K14224
ksa:C813_14050	ko:K01977
ksa:C813_14060	ko:K00602
ksa:C813_14065	ko:K01945
ksa:C813_14075	ko:K05787
ksa:C813_14080	ko:K09891
ksa:C813_14085	ko:K05982
ksa:C813_14090	ko:K01599
ksa:C813_14095	ko:K03426
ksa:C813_14100	ko:K07740
ksa:C813_14110	ko:K03147
ksa:C813_14115	ko:K00788
ksa:C813_14120	ko:K03148
ksa:C813_14125	ko:K03154
ksa:C813_14130	ko:K03149
ksa:C813_14135	ko:K03150
ksa:C813_14145	ko:K02760
ksa:C813_14150	ko:K02759
ksa:C813_14165	ko:K03046
ksa:C813_14170	ko:K03043
ksa:C813_14180	ko:K02864
ksa:C813_14185	ko:K02863
ksa:C813_14190	ko:K02867
ksa:C813_14195	ko:K02601
ksa:C813_14200	ko:K03073
ksa:C813_14225	ko:K14234
ksa:C813_14230	ko:K14225
ksa:C813_14235	ko:K14236
ksa:C813_14240	ko:K14234
ksa:C813_14245	ko:K19113
ksa:C813_14250	ko:K00867
ksa:C813_14255	ko:K03524
ksa:C813_14260	ko:K00075
ksa:C813_14265	ko:K01985
ksa:C813_14270	ko:K01980
ksa:C813_14275	ko:K14218
ksa:C813_14280	ko:K14227
ksa:C813_14285	ko:K01977
ksa:C813_14295	ko:K00230
ksa:C813_14300	ko:K03498
ksa:C813_14310	ko:K01271
ksa:C813_14315	ko:K01825
ksa:C813_14320	ko:K00632
ksa:C813_14335	ko:K03182
ksa:C813_14340	ko:K05785
ksa:C813_14345	ko:K03424
ksa:C813_14350	ko:K03118
ksa:C813_14355	ko:K03117
ksa:C813_14360	ko:K03116
ksa:C813_14365	ko:K03688
ksa:C813_14370	ko:K03690
ksa:C813_14375	ko:K03183
ksa:C813_14380	ko:K09760
ksa:C813_14385	ko:K00757
ksa:C813_14390	ko:K01061
ksa:C813_14395	ko:K00549
ksa:C813_14410	ko:K28854
ksa:C813_14415	ko:K01048
ksa:C813_14420	ko:K05834
ksa:C813_14425	ko:K05835
ksa:C813_14430	ko:K03654
ksa:C813_14435	ko:K01058
ksa:C813_14440	ko:K01073
ksa:C813_14460	ko:K03284
ksa:C813_14465	ko:K03657
ksa:C813_14470	ko:K20862
ksa:C813_14475	ko:K03733
ksa:C813_14480	ko:K09921
ksa:C813_14485	ko:K01778
ksa:C813_14500	ko:K05851
ksa:C813_14505	ko:K01749
ksa:C813_14510	ko:K01719
ksa:C813_14515	ko:K02496
ksa:C813_14520	ko:K02498
ksa:C813_14525	ko:K14232
ksa:C813_14530	ko:K14228
ksa:C813_14535	ko:K14226
ksa:C813_14540	ko:K14219
ksa:C813_14545	ko:K03293
ksa:C813_14550	ko:K02852
ksa:C813_14555	ko:K02853
ksa:C813_14560	ko:K12582
ksa:C813_14565	ko:K16693
ksa:C813_14570	ko:K02805
ksa:C813_14575	ko:K16704
ksa:C813_14580	ko:K02472
ksa:C813_14585	ko:K01791
ksa:C813_14590	ko:K05790
ksa:C813_14600	ko:K03628
ksa:C813_14605	ko:K03671
ksa:C813_14610	ko:K03732
ksa:C813_14615	ko:K01524
ksa:C813_14620	ko:K03656
ksa:C813_14625	ko:K03769
ksa:C813_14640	ko:K00053
ksa:C813_14645	ko:K02521
ksa:C813_14650	ko:K01754
ksa:C813_14655	ko:K01687
ksa:C813_14665	ko:K00826
ksa:C813_14670	ko:K11258
ksa:C813_14675	ko:K01652
ksa:C813_14680	ko:K07391
ksa:C813_14685	ko:K09897
ksa:C813_14690	ko:K23773
ksa:C813_14695	ko:K14235
ksa:C813_14700	ko:K14221
ksa:C813_14705	ko:K01985
ksa:C813_14710	ko:K01980
ksa:C813_14715	ko:K14218
ksa:C813_14720	ko:K14227
ksa:C813_14725	ko:K01977
ksa:C813_14730	ko:K01776
ksa:C813_14735	ko:K16092
ksa:C813_14740	ko:K00557
ksa:C813_14755	ko:K22105
ksa:C813_14760	ko:K00322
ksa:C813_14765	ko:K04761
ksa:C813_14770	ko:K01755
ksa:C813_14775	ko:K00930
ksa:C813_14780	ko:K00145
ksa:C813_14785	ko:K01438
ksa:C813_14790	ko:K01595
ksa:C813_14805	ko:K08314
ksa:C813_14810	ko:K00005
ksa:C813_14815	ko:K00297
ksa:C813_14825	ko:K12525
ksa:C813_14830	ko:K01739
ksa:C813_14835	ko:K03764
ksa:C813_14845	ko:K02909
ksa:C813_14855	ko:K05499
ksa:C813_14860	ko:K03591
ksa:C813_14865	ko:K01419
ksa:C813_14870	ko:K03667
ksa:C813_14875	ko:K02548
ksa:C813_14880	ko:K02553
ksa:C813_14885	ko:K09892
ksa:C813_14890	ko:K02440
ksa:C813_14895	ko:K00864
ksa:C813_14900	ko:K02446
ksa:C813_14920	ko:K01803
ksa:C813_14930	ko:K01521
ksa:C813_14935	ko:K23163
ksa:C813_14940	ko:K00850
ksa:C813_14945	ko:K13283
ksa:C813_14950	ko:K06006
ksa:C813_14955	ko:K07662
ksa:C813_14960	ko:K07640
ksa:C813_14970	ko:K22397
ksa:C813_14975	ko:K02526
ksa:C813_14980	ko:K04564
ksa:C813_14985	ko:K02856
ksa:C813_14990	ko:K02854
ksa:C813_14995	ko:K02855
ksa:C813_15000	ko:K00848
ksa:C813_15005	ko:K01813
ksa:C813_15010	ko:K01629
ksa:C813_15015	ko:K10559
ksa:C813_15020	ko:K10562
ksa:C813_15025	ko:K10560
ksa:C813_15030	ko:K10561
ksa:C813_15035	ko:K13954
ksa:C813_15040	ko:K03534
ksa:C813_15055	ko:K07347
ksa:C813_15065	ko:K07345
ksa:C813_15075	ko:K26605
ksa:C813_15080	ko:K26606
ksa:C813_15090	ko:K12340
ksa:C813_15100	ko:K02003
ksa:C813_15105	ko:K03516
ksa:C813_15130	ko:K02379
ksa:C813_15135	ko:K00123
ksa:C813_15145	ko:K00124
ksa:C813_15150	ko:K00127
ksa:C813_15155	ko:K02380
ksa:C813_15175	ko:K07560
ksa:C813_15180	ko:K07058
ksa:C813_15185	ko:K20866
ksa:C813_15190	ko:K07491
ksa:C813_15195	ko:K06207
ksa:C813_15200	ko:K01915
ksa:C813_15205	ko:K07708
ksa:C813_15225	ko:K02495
ksa:C813_15230	ko:K09894
ksa:C813_15235	ko:K03978
ksa:C813_15255	ko:K03673
ksa:C813_15265	ko:K09896
ksa:C813_15270	ko:K03752
ksa:C813_15275	ko:K03753
ksa:C813_15280	ko:K01985
ksa:C813_15285	ko:K01980
ksa:C813_15290	ko:K14224
ksa:C813_15295	ko:K01977
ksa:C813_15310	ko:K02529
ksa:C813_15315	ko:K00852
ksa:C813_15320	ko:K10439
ksa:C813_15325	ko:K10440
ksa:C813_15330	ko:K10441
ksa:C813_15335	ko:K06726
ksa:C813_15345	ko:K03924
ksa:C813_15355	ko:K01914
ksa:C813_15360	ko:K03718
ksa:C813_15365	ko:K06205
ksa:C813_15370	ko:K03495
ksa:C813_15375	ko:K03501
ksa:C813_15380	ko:K02116
ksa:C813_15385	ko:K02108
ksa:C813_15390	ko:K02110
ksa:C813_15395	ko:K02109
ksa:C813_15400	ko:K02113
ksa:C813_15405	ko:K02111
ksa:C813_15410	ko:K02115
ksa:C813_15415	ko:K02112
ksa:C813_15420	ko:K02114
ksa:C813_15435	ko:K22994
ksa:C813_15445	ko:K04042
ksa:C813_15450	ko:K00820
ksa:C813_15460	ko:K02040
ksa:C813_15465	ko:K02037
ksa:C813_15470	ko:K02038
ksa:C813_15475	ko:K02036
ksa:C813_15480	ko:K02039
ksa:C813_15490	ko:K09925
ksa:C813_15500	ko:K06901
ksa:C813_15505	ko:K19784
ksa:C813_15515	ko:K03650
ksa:C813_15520	ko:K03217
ksa:C813_15530	ko:K03536
ksa:C813_15535	ko:K02313
ksa:C813_15540	ko:K02338
ksa:C813_15545	ko:K03629
ksa:C813_15550	ko:K02470
ksa:C813_15575	ko:K04080
ksa:C813_15580	ko:K04081
ksa:C813_15585	ko:K08177
ksa:C813_15590	ko:K07085
ksa:C813_15595	ko:K03482
ksa:C813_15600	ko:K02750
ksa:C813_15605	ko:K01232
ksa:C813_15610	ko:K00389
ksa:C813_15620	ko:K24118
ksa:C813_15625	ko:K01753
ksa:C813_15655	ko:K03222
ksa:C813_15665	ko:K03223
ksa:C813_15680	ko:K03219
ksa:C813_15705	ko:K03230
ksa:C813_15710	ko:K03220
ksa:C813_15715	ko:K03224
ksa:C813_15725	ko:K03225
ksa:C813_15730	ko:K03226
ksa:C813_15735	ko:K03227
ksa:C813_15740	ko:K03228
ksa:C813_15745	ko:K03229
ksa:C813_15765	ko:K01653
ksa:C813_15785	ko:K03445
ksa:C813_15795	ko:K02024
ksa:C813_15800	ko:K02759
ksa:C813_15805	ko:K01223
ksa:C813_15815	ko:K02760
ksa:C813_15840	ko:K02035
ksa:C813_15850	ko:K02034
ksa:C813_15855	ko:K02031
ksa:C813_15860	ko:K02032
ksa:C813_15875	ko:K10679
ksa:C813_15915	ko:K01714
ksa:C813_15920	ko:K07120
ksa:C813_15930	ko:K10680
ksa:C813_15945	ko:K19048
ksa:C813_15960	ko:K14238
ksa:C813_15965	ko:K03292
ksa:C813_15970	ko:K01811
ksa:C813_15980	ko:K16345
ksa:C813_15985	ko:K03655
ksa:C813_15990	ko:K00556
ksa:C813_16000	ko:K03060
ksa:C813_16005	ko:K00942
ksa:C813_16010	ko:K01972
ksa:C813_16025	ko:K00989
ksa:C813_16030	ko:K00762
ksa:C813_16035	ko:K01053
ksa:C813_16040	ko:K05501
ksa:C813_16045	ko:K01520
ksa:C813_16050	ko:K13038
ksa:C813_16070	ko:K02902
ksa:C813_16075	ko:K02913
ksa:C813_16080	ko:K10563
ksa:C813_16085	ko:K00954
ksa:C813_16095	ko:K02527
ksa:C813_16110	ko:K19354
ksa:C813_16125	ko:K02844
ksa:C813_16130	ko:K02849
ksa:C813_16140	ko:K02843
ksa:C813_16145	ko:K03274
ksa:C813_16155	ko:K00060
ksa:C813_16160	ko:K09798
ksa:C813_16165	ko:K22719
ksa:C813_16170	ko:K15633
ksa:C813_16180	ko:K03676
ksa:C813_16185	ko:K03071
ksa:C813_16190	ko:K00057
ksa:C813_16200	ko:K03216
ksa:C813_16215	ko:K14348
ksa:C813_16220	ko:K00427
ksa:C813_16225	ko:K14762
ksa:C813_16230	ko:K02562
ksa:C813_16235	ko:K00009
ksa:C813_16240	ko:K02800
ksa:C813_16250	ko:K01042
ksa:C813_16255	ko:K03833
ksa:C813_16275	ko:K00835
ksa:C813_16280	ko:K01176
ksa:C813_16285	ko:K03796
ksa:C813_16290	ko:K02529
ksa:C813_16295	ko:K10544
ksa:C813_16300	ko:K10545
ksa:C813_16305	ko:K10543
ksa:C813_16315	ko:K00854
ksa:C813_16340	ko:K01878
ksa:C813_16345	ko:K01879
ksa:C813_16355	ko:K03410
ksa:C813_16370	ko:K07726
ksa:C813_16380	ko:K00090
ksa:C813_16390	ko:K00874
ksa:C813_16400	ko:K02525
ksa:C813_16405	ko:K08351
ksa:C813_16410	ko:K03826
ksa:C813_16415	ko:K01246
ksa:C813_16425	ko:K08177
ksa:C813_16430	ko:K04063
ksa:C813_16440	ko:K14232
ksa:C813_16455	ko:K12368
ksa:C813_16460	ko:K12369
ksa:C813_16465	ko:K12370
ksa:C813_16470	ko:K12371
ksa:C813_16475	ko:K12372
ksa:C813_16490	ko:K00694
ksa:C813_16495	ko:K20541
ksa:C813_16500	ko:K20543
ksa:C813_16510	ko:K20542
ksa:C813_16540	ko:K00694
ksa:C813_16545	ko:K20541
ksa:C813_16550	ko:K20542
ksa:C813_16565	ko:K26149
ksa:C813_16570	ko:K11103
ksa:C813_16580	ko:K00874
ksa:C813_16585	ko:K21086
ksa:C813_16590	ko:K07290
ksa:C813_16600	ko:K07058
ksa:C813_16630	ko:K01194
ksa:C813_16640	ko:K10536
ksa:C813_16645	ko:K12251
ksa:C813_16665	ko:K00383
ksa:C813_16670	ko:K07115
ksa:C813_16675	ko:K11021
ksa:C813_16680	ko:K01414
ksa:C813_16685	ko:K15984
ksa:C813_16690	ko:K06149
ksa:C813_16695	ko:K06144
ksa:C813_16700	ko:K16322
ksa:C813_16725	ko:K11904
ksa:C813_16800	ko:K13936
ksa:C813_16810	ko:K07722
ksa:C813_16820	ko:K15587
ksa:C813_16825	ko:K15586
ksa:C813_16830	ko:K15585
ksa:C813_16835	ko:K15584
ksa:C813_16845	ko:K13727
ksa:C813_16850	ko:K07806
ksa:C813_16855	ko:K10012
ksa:C813_16860	ko:K10011
ksa:C813_16865	ko:K13014
ksa:C813_16870	ko:K07264
ksa:C813_16875	ko:K12962
ksa:C813_16890	ko:K27311
ksa:C813_16895	ko:K09125
ksa:C813_16900	ko:K04085
ksa:C813_16905	ko:K01534
ksa:C813_16920	ko:K08993
ksa:C813_16925	ko:K08316
ksa:C813_16930	ko:K03110
ksa:C813_16935	ko:K09812
ksa:C813_16940	ko:K09811
ksa:C813_16945	ko:K03089
ksa:C813_16955	ko:K01999
ksa:C813_16965	ko:K01999
ksa:C813_16970	ko:K01997
ksa:C813_16975	ko:K01998
ksa:C813_16980	ko:K01995
ksa:C813_16985	ko:K01996
ksa:C813_16990	ko:K18921
ksa:C813_16995	ko:K05813
ksa:C813_17000	ko:K05814
ksa:C813_17005	ko:K05815
ksa:C813_17010	ko:K05816
ksa:C813_17015	ko:K01126
ksa:C813_17025	ko:K00681
ksa:C813_17030	ko:K03825
ksa:C813_17040	ko:K06911
ksa:C813_17045	ko:K06145
ksa:C813_17050	ko:K00851
ksa:C813_17065	ko:K00133
ksa:C813_17070	ko:K00700
ksa:C813_17075	ko:K02438
ksa:C813_17080	ko:K00975
ksa:C813_17085	ko:K00703
ksa:C813_17090	ko:K00688
ksa:C813_17095	ko:K00111
ksa:C813_17100	ko:K02439
ksa:C813_17105	ko:K02441
ksa:C813_17110	ko:K02444
ksa:C813_17115	ko:K03556
ksa:C813_17125	ko:K00688
ksa:C813_17135	ko:K06155
ksa:C813_17145	ko:K07400
ksa:C813_17155	ko:K02170
ksa:C813_17160	ko:K07490
ksa:C813_17165	ko:K04759
ksa:C813_17170	ko:K04758
ksa:C813_17185	ko:K04760
ksa:C813_17195	ko:K07638
ksa:C813_17200	ko:K07491
ksa:C813_17205	ko:K01610
ksa:C813_17210	ko:K04083
ksa:C813_17215	ko:K04762
ksa:C813_17220	ko:K20881
ksa:C813_17230	ko:K08312
ksa:C813_17235	ko:K05366
ksa:C813_17240	ko:K12288
ksa:C813_17245	ko:K12289
ksa:C813_17250	ko:K12290
ksa:C813_17255	ko:K12291
ksa:C813_17260	ko:K02507
ksa:C813_17265	ko:K00891
ksa:C813_17270	ko:K01735
ksa:C813_17275	ko:K03112
ksa:C813_17285	ko:K01783
ksa:C813_17290	ko:K01091
ksa:C813_17295	ko:K01867
ksa:C813_17300	ko:K02302
ksa:C813_17305	ko:K02598
ksa:C813_17310	ko:K00363
ksa:C813_17315	ko:K00362
ksa:C813_17320	ko:K01485
ksa:C813_17325	ko:K03767
ksa:C813_17335	ko:K04095
ksa:C813_17340	ko:K01664
ksa:C813_17345	ko:K00821
ksa:C813_17355	ko:K10914
ksa:C813_17360	ko:K07397
ksa:C813_17365	ko:K28462
ksa:C813_17370	ko:K09898
ksa:C813_17375	ko:K07019
ksa:C813_17395	ko:K00948
ksa:C813_17400	ko:K03462
ksa:C813_17405	ko:K13929
ksa:C813_17425	ko:K13931
ksa:C813_17430	ko:K13932
ksa:C813_17435	ko:K13933
ksa:C813_17440	ko:K13936
ksa:C813_17445	ko:K13934
ksa:C813_17450	ko:K13935
ksa:C813_17455	ko:K13928
ksa:C813_17460	ko:K06158
ksa:C813_17465	ko:K11748
ksa:C813_17470	ko:K11747
ksa:C813_17475	ko:K07070
ksa:C813_17480	ko:K03775
ksa:C813_17485	ko:K03745
ksa:C813_17490	ko:K03772
ksa:C813_17500	ko:K07235
ksa:C813_17505	ko:K07236
ksa:C813_17510	ko:K07237
ksa:C813_17515	ko:K02950
ksa:C813_17520	ko:K02992
ksa:C813_17525	ko:K02355
ksa:C813_17530	ko:K02358
ksa:C813_17540	ko:K03594
ksa:C813_17545	ko:K02506
ksa:C813_17550	ko:K02946
ksa:C813_17555	ko:K02906
ksa:C813_17560	ko:K02926
ksa:C813_17565	ko:K02892
ksa:C813_17570	ko:K02886
ksa:C813_17575	ko:K02965
ksa:C813_17580	ko:K02890
ksa:C813_17585	ko:K02982
ksa:C813_17590	ko:K02878
ksa:C813_17595	ko:K02904
ksa:C813_17600	ko:K02961
ksa:C813_17605	ko:K02874
ksa:C813_17610	ko:K02895
ksa:C813_17615	ko:K02931
ksa:C813_17620	ko:K02954
ksa:C813_17625	ko:K02994
ksa:C813_17630	ko:K02933
ksa:C813_17635	ko:K02881
ksa:C813_17640	ko:K02988
ksa:C813_17645	ko:K02907
ksa:C813_17650	ko:K02876
ksa:C813_17655	ko:K03076
ksa:C813_17660	ko:K02919
ksa:C813_17665	ko:K02952
ksa:C813_17670	ko:K02948
ksa:C813_17675	ko:K02986
ksa:C813_17680	ko:K03040
ksa:C813_17685	ko:K02879
ksa:C813_17695	ko:K13638
ksa:C813_17700	ko:K09890
ksa:C813_17705	ko:K03282
ksa:C813_17710	ko:K03499
ksa:C813_17715	ko:K03500
ksa:C813_17720	ko:K00604
ksa:C813_17725	ko:K01462
ksa:C813_17730	ko:K04096
ksa:C813_17735	ko:K03747
ksa:C813_17740	ko:K07479
ksa:C813_17745	ko:K07566
ksa:C813_17770	ko:K01977
ksa:C813_17775	ko:K14227
ksa:C813_17780	ko:K14218
ksa:C813_17785	ko:K01980
ksa:C813_17790	ko:K01985
ksa:C813_17795	ko:K14234
ksa:C813_17800	ko:K01985
ksa:C813_17805	ko:K09972
ksa:C813_17810	ko:K09971
ksa:C813_17815	ko:K09970
ksa:C813_17820	ko:K09969
ksa:C813_17835	ko:K21023
ksa:C813_17845	ko:K03557
ksa:C813_17850	ko:K05540
ksa:C813_17855	ko:K02687
ksa:C813_17860	ko:K14392
ksa:C813_17870	ko:K01961
ksa:C813_17875	ko:K02160
ksa:C813_17880	ko:K03786
ksa:C813_17890	ko:K17247
ksa:C813_17895	ko:K07147
ksa:C813_17900	ko:K18765
ksa:C813_17905	ko:K03569
ksa:C813_17910	ko:K03570
ksa:C813_17915	ko:K03571
ksa:C813_17920	ko:K06287
ksa:C813_17935	ko:K03568
ksa:C813_17940	ko:K21698
ksa:C813_17945	ko:K21695
ksa:C813_17950	ko:K15548
ksa:C813_17955	ko:K03468
ksa:C813_17970	ko:K03623
ksa:C813_17985	ko:K03402
ksa:C813_17990	ko:K00024
ksa:C813_17995	ko:K04691
ksa:C813_18000	ko:K04772
ksa:C813_18005	ko:K09908
ksa:C813_18010	ko:K06916
ksa:C813_18015	ko:K02871
ksa:C813_18020	ko:K02996
ksa:C813_18030	ko:K03599
ksa:C813_18035	ko:K03600
ksa:C813_18040	ko:K00266
ksa:C813_18045	ko:K00265
ksa:C813_18055	ko:K07139
ksa:C813_18060	ko:K07648
ksa:C813_18075	ko:K03814
ksa:C813_18080	ko:K08485
ksa:C813_18085	ko:K06958
ksa:C813_18090	ko:K02806
ksa:C813_18095	ko:K05808
ksa:C813_18100	ko:K03092
ksa:C813_18105	ko:K06861
ksa:C813_18110	ko:K09774
ksa:C813_18115	ko:K11719
ksa:C813_18120	ko:K03270
ksa:C813_18125	ko:K06041
ksa:C813_18130	ko:K07301
ksa:C813_18135	ko:K02065
ksa:C813_18140	ko:K02066
ksa:C813_18145	ko:K02067
ksa:C813_18150	ko:K07323
ksa:C813_18155	ko:K07122
ksa:C813_18165	ko:K00790
ksa:C813_18170	ko:K07724
ksa:C813_18175	ko:K02523
ksa:C813_18180	ko:K02888
ksa:C813_18185	ko:K02899
ksa:C813_18195	ko:K03979
ksa:C813_18200	ko:K07259
ksa:C813_18205	ko:K03624
ksa:C813_18210	ko:K07574
ksa:C813_18215	ko:K02427
ksa:C813_18220	ko:K03798
ksa:C813_18225	ko:K00796
ksa:C813_18230	ko:K03431
ksa:C813_18235	ko:K03075
ksa:C813_18240	ko:K14228
ksa:C813_18245	ko:K21965
ksa:C813_18255	ko:K21966
ksa:C813_18265	ko:K14230
ksa:C813_18270	ko:K09748
ksa:C813_18275	ko:K02600
ksa:C813_18280	ko:K02519
ksa:C813_18285	ko:K02834
ksa:C813_18290	ko:K03177
ksa:C813_18295	ko:K02956
ksa:C813_18300	ko:K00962
ksa:C813_18305	ko:K05803
ksa:C813_18310	ko:K05592
ksa:C813_18325	ko:K24845
ksa:C813_18330	ko:K24844
ksa:C813_18335	ko:K24843
ksa:C813_18340	ko:K03824
ksa:C813_18345	ko:K07461
ksa:C813_18350	ko:K09979
ksa:C813_18365	ko:K07089
ksa:C813_18370	ko:K28369
ksa:C813_18380	ko:K07460
ksa:C813_18390	ko:K07056
ksa:C813_18395	ko:K10986
ksa:C813_18400	ko:K10985
ksa:C813_18405	ko:K10984
ksa:C813_18410	ko:K08302
ksa:C813_18415	ko:K02082
ksa:C813_18420	ko:K02744
ksa:C813_18425	ko:K16371
ksa:C813_18430	ko:K02081
ksa:C813_18435	ko:K01708
ksa:C813_18440	ko:K12299
ksa:C813_18445	ko:K01630
ksa:C813_18450	ko:K00042
ksa:C813_18455	ko:K00865
ksa:C813_18510	ko:K07393
ksa:C813_18515	ko:K15977
ksa:C813_18540	ko:K25864
ksa:C813_18550	ko:K19775
ksa:C813_18555	ko:K08191
ksa:C813_18560	ko:K01812
ksa:C813_18565	ko:K01685
ksa:C813_18575	ko:K07862
ksa:C813_18590	ko:K07043
ksa:C813_18595	ko:K11391
ksa:C813_18600	ko:K00219
ksa:C813_18605	ko:K11216
ksa:C813_18610	ko:K08321
ksa:C813_18615	ko:K11530
ksa:C813_18620	ko:K09251
ksa:C813_18630	ko:K03776
ksa:C813_18635	ko:K05875
ksa:C813_18645	ko:K07229
ksa:C813_18680	ko:K14230
ksa:C813_18690	ko:K03086
ksa:C813_18695	ko:K02316
ksa:C813_18700	ko:K02970
ksa:C813_18705	ko:K25706
ksa:C813_18710	ko:K08591
ksa:C813_18715	ko:K01633
ksa:C813_18720	ko:K06153
ksa:C813_18725	ko:K00974
ksa:C813_18730	ko:K07184
ksa:C813_18740	ko:K18446
ksa:C813_18745	ko:K00982
ksa:C813_18755	ko:K09806
ksa:C813_18760	ko:K02858
ksa:C813_18770	ko:K07238
ksa:C813_18775	ko:K15777
ksa:C813_18785	ko:K11688
ksa:C813_18790	ko:K11689
ksa:C813_18795	ko:K11690
ksa:C813_18810	ko:K12340
ksa:C813_18815	ko:K01515
ksa:C813_18820	ko:K09920
ksa:C813_18825	ko:K03651
ksa:C813_18830	ko:K07000
ksa:C813_18835	ko:K02622
ksa:C813_18860	ko:K02532
ksa:C813_18865	ko:K18581
ksa:C813_18875	ko:K03923
ksa:C813_18880	ko:K07645
ksa:C813_18900	ko:K02621
ksa:C813_18905	ko:K00655
ksa:C813_18920	ko:K06221
ksa:C813_18925	ko:K08325
ksa:C813_18940	ko:K01760
ksa:C813_18945	ko:K03561
ksa:C813_18980	ko:K19265
ksa:C813_19000	ko:K06282
ksa:C813_19015	ko:K06281
ksa:C813_19020	ko:K03605
ksa:C813_19030	ko:K04651
ksa:C813_19035	ko:K04653
ksa:C813_19040	ko:K02430
ksa:C813_19050	ko:K11209
ksa:C813_19065	ko:K02014
ksa:C813_19075	ko:K02012
ksa:C813_19080	ko:K02011
ksa:C813_19085	ko:K02010
ksa:C813_19100	ko:K01051
ksa:C813_19130	ko:K01575
ksa:C813_19135	ko:K01652
ksa:C813_19140	ko:K03366
ksa:C813_19150	ko:K15256
ksa:C813_19160	ko:K16210
ksa:C813_19170	ko:K02040
ksa:C813_19180	ko:K02362
ksa:C813_19200	ko:K11901
ksa:C813_19205	ko:K11900
ksa:C813_19215	ko:K11892
ksa:C813_19225	ko:K11903
ksa:C813_19230	ko:K11907
ksa:C813_19235	ko:K11904
ksa:C813_19260	ko:K11891
ksa:C813_19265	ko:K11910
ksa:C813_19280	ko:K11896
ksa:C813_19285	ko:K11895
ksa:C813_19290	ko:K11906
ksa:C813_19295	ko:K11905
ksa:C813_19300	ko:K11911
ksa:C813_19305	ko:K14231
ksa:C813_19310	ko:K07150
ksa:C813_19320	ko:K01581
ksa:C813_19325	ko:K07702
ksa:C813_19330	ko:K07700
ksa:C813_19350	ko:K01910
ksa:C813_19355	ko:K01646
ksa:C813_19360	ko:K01644
ksa:C813_19365	ko:K01643
ksa:C813_19370	ko:K05964
ksa:C813_19375	ko:K05966
ksa:C813_19380	ko:K03289
ksa:C813_19385	ko:K08306
ksa:C813_19395	ko:K03575
ksa:C813_19400	ko:K03439
ksa:C813_19405	ko:K09923
ksa:C813_19425	ko:K01519
ksa:C813_19430	ko:K09131
ksa:C813_19435	ko:K02221
ksa:C813_19440	ko:K06997
ksa:C813_19445	ko:K02669
ksa:C813_19460	ko:K07447
ksa:C813_19465	ko:K07735
ksa:C813_19470	ko:K01920
ksa:C813_19475	ko:K01150
ksa:C813_19480	ko:K02742
ksa:C813_19485	ko:K08137
ksa:C813_19490	ko:K00789
ksa:C813_19505	ko:K07387
ksa:C813_19510	ko:K00615
ksa:C813_19520	ko:K03472
ksa:C813_19525	ko:K00927
ksa:C813_19530	ko:K01624
ksa:C813_19535	ko:K03442
ksa:C813_19540	ko:K06895
ksa:C813_19545	ko:K09807
ksa:C813_19550	ko:K05596
ksa:C813_19555	ko:K01807
ksa:C813_19565	ko:K00058
ksa:C813_19570	ko:K01934
ksa:C813_19575	ko:K09888
ksa:C813_19580	ko:K09895
ksa:C813_19585	ko:K01262
ksa:C813_19590	ko:K03185
ksa:C813_19595	ko:K18800
ksa:C813_19600	ko:K00605
ksa:C813_19605	ko:K02437
ksa:C813_19610	ko:K00281
ksa:C813_19620	ko:K01223
ksa:C813_19630	ko:K11068
ksa:C813_19635	ko:K06980
ksa:C813_19640	ko:K09159
ksa:C813_19645	ko:K19168
ksa:C813_19650	ko:K03840
ksa:C813_19655	ko:K04763
ksa:C813_19660	ko:K03981
ksa:C813_19665	ko:K07462
ksa:C813_19670	ko:K02836
ksa:C813_19675	ko:K04567
ksa:C813_19680	ko:K01823
ksa:C813_19685	ko:K12943
ksa:C813_19695	ko:K14225
ksa:C813_19720	ko:K18475
ksa:C813_19735	ko:K06975
ksa:C813_19745	ko:K16321
ksa:C813_19750	ko:K01686
ksa:C813_19755	ko:K03704
ksa:C813_19800	ko:K18850
ksa:C813_19805	ko:K19163
ksa:C813_19810	ko:K19164
ksa:C813_19815	ko:K07078
ksa:C813_19825	ko:K01758
ksa:C813_19830	ko:K01697
ksa:C813_19835	ko:K02071
ksa:C813_19840	ko:K02072
ksa:C813_19845	ko:K02073
ksa:C813_19850	ko:K00626
ksa:C813_19855	ko:K22110
ksa:C813_19860	ko:K01730
ksa:C813_19865	ko:K01815
ksa:C813_19870	ko:K00065
ksa:C813_19875	ko:K02100
ksa:C813_19880	ko:K01730
ksa:C813_19885	ko:K10192
ksa:C813_19890	ko:K10195
ksa:C813_19895	ko:K10194
ksa:C813_19900	ko:K10193
ksa:C813_19905	ko:K26933
ksa:C813_19910	ko:K25316
ksa:C813_19930	ko:K02761
ksa:C813_19935	ko:K01223
ksa:C813_19940	ko:K02760
ksa:C813_19945	ko:K13637
ksa:C813_19955	ko:K02529
ksa:C813_19960	ko:K05939
ksa:C813_19965	ko:K08227
ksa:C813_19985	ko:K03573
ksa:C813_19990	ko:K08311
ksa:C813_19995	ko:K08484
ksa:C813_20005	ko:K00560
ksa:C813_20010	ko:K02679
ksa:C813_20015	ko:K02680
ksa:C813_20030	ko:K03583
ksa:C813_20035	ko:K01407
ksa:C813_20040	ko:K03582
ksa:C813_20045	ko:K03581
ksa:C813_20050	ko:K14682
ksa:C813_20060	ko:K14230
ksa:C813_20065	ko:K14230
ksa:C813_20070	ko:K08304
ksa:C813_20075	ko:K22132
ksa:C813_20080	ko:K02426
ksa:C813_20085	ko:K01766
ksa:C813_20095	ko:K03566
ksa:C813_20105	ko:K06968
ksa:C813_20110	ko:K09612
ksa:C813_20115	ko:K02302
ksa:C813_20120	ko:K00957
ksa:C813_20125	ko:K00956
ksa:C813_20130	ko:K00860
ksa:C813_20140	ko:K05589
ksa:C813_20145	ko:K00991
ksa:C813_20150	ko:K01770
ksa:C813_20155	ko:K06176
ksa:C813_20160	ko:K03787
ksa:C813_20165	ko:K00573
ksa:C813_20170	ko:K06194
ksa:C813_20175	ko:K03087
ksa:C813_20190	ko:K03555
ksa:C813_20265	ko:K03630
ksa:C813_20270	ko:K04763
ksa:C813_20285	ko:K06919
ksa:C813_20295	ko:K07483
ksa:C813_20300	ko:K07497
ksa:C813_20340	ko:K00847
ksa:C813_20350	ko:K01193
ksa:C813_20360	ko:K01193
ksa:C813_20365	ko:K02532
ksa:C813_20455	ko:K07497
ksa:C813_20460	ko:K07483
ksa:C813_20475	ko:K18991
ksa:C813_20495	ko:K14189
ksa:C813_20500	ko:K07124
ksa:C813_20510	ko:K10124
ksa:C813_20515	ko:K03478
ksa:C813_20520	ko:K01222
ksa:C813_20525	ko:K03490
ksa:C813_20530	ko:K02759
ksa:C813_20535	ko:K02761
ksa:C813_20540	ko:K02760
ksa:C813_20550	ko:K13650
ksa:C813_20555	ko:K15977
ksa:C813_20560	ko:K07644
ksa:C813_20565	ko:K07665
ksa:C813_20595	ko:K00355
ksa:C813_20610	ko:K15576
ksa:C813_20615	ko:K15577
ksa:C813_20620	ko:K15578
ksa:C813_20625	ko:K00361
ksa:C813_20630	ko:K00380
ksa:C813_20650	ko:K15836
ksa:C813_20655	ko:K04655
ksa:C813_20660	ko:K04654
ksa:C813_20665	ko:K04653
ksa:C813_20670	ko:K04652
ksa:C813_20675	ko:K04651
ksa:C813_20680	ko:K15833
ksa:C813_20685	ko:K15827
ksa:C813_20690	ko:K15828
ksa:C813_20695	ko:K15829
ksa:C813_20700	ko:K15830
ksa:C813_20705	ko:K15831
ksa:C813_20710	ko:K15832
ksa:C813_20715	ko:K15834
ksa:C813_20720	ko:K08315
ksa:C813_20780	ko:K10778
ksa:C813_20795	ko:K01223
ksa:C813_20800	ko:K02753
ksa:C813_20805	ko:K03487
ksa:C813_20810	ko:K05796
ksa:C813_20815	ko:K22015
ksa:C813_20820	ko:K04656
ksa:C813_20825	ko:K12265
ksa:C813_20830	ko:K12264
ksa:C813_20835	ko:K12266
ksa:C813_20840	ko:K02467
ksa:C813_20845	ko:K02468
ksa:C813_20850	ko:K02466
ksa:C813_20855	ko:K00068
ksa:C813_20860	ko:K02781
ksa:C813_20865	ko:K02782
ksa:C813_20870	ko:K02783
ksa:C813_20875	ko:K08305
ksa:C813_20885	ko:K02074
ksa:C813_20890	ko:K02075
ksa:C813_20895	ko:K02077
ksa:C813_20900	ko:K03743
ksa:C813_20905	ko:K03553
ksa:C813_20910	ko:K03565
ksa:C813_20915	ko:K01872
ksa:C813_20920	ko:K03563
ksa:C813_20925	ko:K14233
ksa:C813_20930	ko:K14219
ksa:C813_20935	ko:K14219
ksa:C813_20940	ko:K14219
ksa:C813_20945	ko:K14219
ksa:C813_20960	ko:K01919
ksa:C813_20965	ko:K07173
ksa:C813_20980	ko:K03446
ksa:C813_20985	ko:K03543
ksa:C813_20990	ko:K15974
ksa:C813_20995	ko:K26606
ksa:C813_21000	ko:K26605
ksa:C813_21015	ko:K02002
ksa:C813_21020	ko:K02001
ksa:C813_21025	ko:K02000
ksa:C813_21030	ko:K00526
ksa:C813_21035	ko:K00525
ksa:C813_21040	ko:K03647
ksa:C813_21045	ko:K06191
ksa:C813_21060	ko:K28156
ksa:C813_21080	ko:K03406
ksa:C813_21085	ko:K00558
ksa:C813_21090	ko:K07559
ksa:C813_21115	ko:K01193
ksa:C813_21120	ko:K02810
ksa:C813_21125	ko:K16077
ksa:C813_21130	ko:K00847
ksa:C813_21135	ko:K01580
ksa:C813_21140	ko:K20265
ksa:C813_21145	ko:K19777
ksa:C813_21150	ko:K02042
ksa:C813_21160	ko:K02044
ksa:C813_21165	ko:K02041
ksa:C813_21175	ko:K02012
ksa:C813_21180	ko:K02011
ksa:C813_21185	ko:K02010
ksa:C813_21205	ko:K03564
ksa:C813_21235	ko:K02399
ksa:C813_21240	ko:K02398
ksa:C813_21245	ko:K02386
ksa:C813_21250	ko:K02387
ksa:C813_21255	ko:K02388
ksa:C813_21260	ko:K02389
ksa:C813_21265	ko:K02390
ksa:C813_21270	ko:K02391
ksa:C813_21275	ko:K02392
ksa:C813_21280	ko:K02393
ksa:C813_21285	ko:K02394
ksa:C813_21290	ko:K02395
ksa:C813_21295	ko:K02396
ksa:C813_21300	ko:K02397
ksa:C813_21305	ko:K05874
ksa:C813_21310	ko:K02405
ksa:C813_21315	ko:K02403
ksa:C813_21320	ko:K02402
ksa:C813_21325	ko:K02556
ksa:C813_21330	ko:K02557
ksa:C813_21335	ko:K03407
ksa:C813_21340	ko:K03408
ksa:C813_21350	ko:K07497
ksa:C813_21355	ko:K07483
ksa:C813_21365	ko:K06919
ksa:C813_21390	ko:K07733
ksa:C813_21420	ko:K03664
ksa:C813_21430	ko:K09801
ksa:C813_21435	ko:K06186
ksa:C813_21440	ko:K03631
ksa:C813_21445	ko:K00858
ksa:C813_21450	ko:K03687
ksa:C813_21455	ko:K03699
ksa:C813_21470	ko:K03106
ksa:C813_21475	ko:K02959
ksa:C813_21480	ko:K02860
ksa:C813_21485	ko:K00554
ksa:C813_21490	ko:K02884
ksa:C813_21500	ko:K06905
ksa:C813_21505	ko:K06906
ksa:C813_21525	ko:K06908
ksa:C813_21530	ko:K06907
ksa:C813_21570	ko:K06903
ksa:C813_21590	ko:K01185
ksa:C813_21650	ko:K01626
ksa:C813_21655	ko:K14187
ksa:C813_21665	ko:K14170
ksa:C813_21670	ko:K05809
ksa:C813_21675	ko:K05807
ksa:C813_21680	ko:K06180
ksa:C813_21685	ko:K05810
ksa:C813_21690	ko:K03695
ksa:C813_21695	ko:K01977
ksa:C813_21700	ko:K14224
ksa:C813_21705	ko:K01980
ksa:C813_21710	ko:K01985
ksa:C813_21715	ko:K03761
ksa:C813_21720	ko:K05811
ksa:C813_21725	ko:K00998
ksa:C813_21735	ko:K05812
ksa:C813_21740	ko:K03672
ksa:C813_21745	ko:K03214
ksa:C813_21750	ko:K03648
ksa:C813_21755	ko:K06866
ksa:C813_21760	ko:K05590
ksa:C813_21765	ko:K15460
ksa:C813_21770	ko:K00278
ksa:C813_21775	ko:K03088
ksa:C813_21780	ko:K03597
ksa:C813_21785	ko:K03598
ksa:C813_21790	ko:K03803
ksa:C813_21795	ko:K03596
ksa:C813_21800	ko:K03100
ksa:C813_21805	ko:K03685
ksa:C813_21810	ko:K03595
ksa:C813_21815	ko:K03584
ksa:C813_21820	ko:K03474
ksa:C813_21825	ko:K00997
ksa:C813_21835	ko:K11018
ksa:C813_21850	ko:K18697
ksa:C813_21855	ko:K11991
ksa:C813_21860	ko:K18691
ksa:C813_21865	ko:K01952
ksa:C813_21870	ko:K07711
ksa:C813_21880	ko:K07715
ksa:C813_21885	ko:K04751
ksa:C813_21890	ko:K05916
ksa:C813_21895	ko:K00600
ksa:C813_21900	ko:K08970
ksa:C813_21905	ko:K23240
ksa:C813_21910	ko:K05820
ksa:C813_21925	ko:K08970
ksa:C813_21930	ko:K01092
ksa:C813_21940	ko:K13643
ksa:C813_21945	ko:K04487
ksa:C813_21950	ko:K04488
ksa:C813_21955	ko:K13628
ksa:C813_21960	ko:K04082
ksa:C813_21965	ko:K04044
ksa:C813_21970	ko:K04755
ksa:C813_21980	ko:K07751
ksa:C813_22000	ko:K01011
ksa:C813_22005	ko:K01232
ksa:C813_22010	ko:K02791
ksa:C813_22020	ko:K06894
ksa:C813_22025	ko:K05367
ksa:C813_22030	ko:K00940
ksa:C813_22035	ko:K06941
ksa:C813_22040	ko:K15539
ksa:C813_22045	ko:K03526
ksa:C813_22050	ko:K01892
ksa:C813_22060	ko:K17713
ksa:C813_22065	ko:K03977
ksa:C813_22090	ko:K03601
ksa:C813_22095	ko:K00088
ksa:C813_22125	ko:K07724
ksa:C813_22130	ko:K05876
ksa:C813_22155	ko:K26149
ksa:C813_22160	ko:K01524
ksa:C813_22165	ko:K00937
ksa:C813_22170	ko:K11175
ksa:C813_22175	ko:K01933
ksa:C813_22180	ko:K00761
ksa:C813_22185	ko:K02824
ksa:C813_22190	ko:K10763
ksa:C813_22195	ko:K00537
ksa:C813_22210	ko:K03548
ksa:C813_22215	ko:K06212
ksa:C813_22220	ko:K12146
ksa:C813_22225	ko:K12145
ksa:C813_22230	ko:K12144
ksa:C813_22240	ko:K12142
ksa:C813_22250	ko:K12140
ksa:C813_22260	ko:K12138
ksa:C813_22265	ko:K12137
ksa:C813_22270	ko:K12136
ksa:C813_22275	ko:K03564
ksa:C813_22285	ko:K01714
ksa:C813_22290	ko:K07287
ksa:C813_22295	ko:K01923
ksa:C813_22300	ko:K07054
ksa:C813_22305	ko:K06957
ksa:C813_22310	ko:K06999
ksa:C813_22320	ko:K01439
ksa:C813_22330	ko:K22450
ksa:C813_22335	ko:K18324
ksa:C813_22340	ko:K07674
ksa:C813_22350	ko:K12945
ksa:C813_22365	ko:K00615
ksa:C813_22370	ko:K00616
ksa:C813_22375	ko:K00029
ksa:C813_22385	ko:K01448
ksa:C813_22405	ko:K07223
ksa:C813_22410	ko:K02048
ksa:C813_22415	ko:K02046
ksa:C813_22420	ko:K02047
ksa:C813_22430	ko:K12339
ksa:C813_22435	ko:K00868
ksa:C813_22440	ko:K02777
ksa:C813_22445	ko:K08483
ksa:C813_22450	ko:K02784
ksa:C813_22455	ko:K01738
ksa:C813_22460	ko:K06203
ksa:C813_22465	ko:K03528
ksa:C813_22470	ko:K01972
ksa:C813_22475	ko:K09954
ksa:C813_22480	ko:K14347
ksa:C813_22495	ko:K14229
ksa:C813_22500	ko:K14237
ksa:C813_22505	ko:K14237
ksa:C813_22510	ko:K14237
ksa:C813_22515	ko:K01885
ksa:C813_22520	ko:K07491
ksa:C813_22525	ko:K07078
ksa:C813_22535	ko:K03406
ksa:C813_22540	ko:K06048
ksa:C813_22545	ko:K00375
ksa:C813_22550	ko:K02030
ksa:C813_22555	ko:K02029
ksa:C813_22560	ko:K02029
ksa:C813_22565	ko:K02028
ksa:C813_22605	ko:K02014
ksa:C813_22620	ko:K06218
ksa:C813_22625	ko:K18918
ksa:C813_22630	ko:K09470
ksa:C813_22635	ko:K08310
ksa:C813_22645	ko:K03406
ksa:C813_22650	ko:K01759
ksa:C813_22705	ko:K18325
ksa:C813_22720	ko:K14218
ksa:C813_22725	ko:K14218
ksa:C813_22740	ko:K11535
ksa:C813_22745	ko:K03322
ksa:C813_22755	ko:K19265
ksa:C813_22760	ko:K04103
ksa:C813_22765	ko:K03281
ksa:C813_22770	ko:K00845
ksa:C813_22775	ko:K27885
ksa:C813_22780	ko:K27884
ksa:C813_22785	ko:K14261
ksa:C813_22800	ko:K01745
ksa:C813_22810	ko:K01468
ksa:C813_22815	ko:K01712
ksa:C813_22820	ko:K05847
ksa:C813_22825	ko:K05846
ksa:C813_22830	ko:K05846
ksa:C813_22835	ko:K05845
ksa:C813_22840	ko:K01745
ksa:C813_22850	ko:K09975
ksa:C813_22855	ko:K05836
ksa:C813_22865	ko:K14219
ksa:C813_22870	ko:K21990
ksa:C813_22875	ko:K04754
ksa:C813_22880	ko:K06076
ksa:C813_22890	ko:K00632
ksa:C813_22900	ko:K08296
ksa:C813_22910	ko:K07320
ksa:C813_22915	ko:K01736
ksa:C813_22920	ko:K07261
ksa:C813_22925	ko:K07090
ksa:C813_22930	ko:K09906
ksa:C813_22940	ko:K15461
ksa:C813_22945	ko:K00647
ksa:C813_22965	ko:K03473
ksa:C813_22975	ko:K06173
ksa:C813_22985	ko:K01963
ksa:C813_22990	ko:K11754
ksa:C813_22995	ko:K03749
ksa:C813_23000	ko:K03558
ksa:C813_23005	ko:K00764
ksa:C813_23010	ko:K03186
ksa:C813_23015	ko:K10013
ksa:C813_23020	ko:K10014
ksa:C813_23025	ko:K10016
ksa:C813_23030	ko:K10015
ksa:C813_23035	ko:K10017
ksa:C813_23050	ko:K07071
ksa:C813_23055	ko:K11209
ksa:C813_23060	ko:K00799
ksa:C813_23075	ko:K13788
ksa:C813_23080	ko:K00925
ksa:C813_23090	ko:K09899
ksa:C813_23095	ko:K09161
ksa:C813_23100	ko:K19270
ksa:C813_23110	ko:K08722
ksa:C813_23115	ko:K14260
ksa:C813_23125	ko:K00330
ksa:C813_23135	ko:K13378
ksa:C813_23140	ko:K00334
ksa:C813_23145	ko:K00335
ksa:C813_23150	ko:K00336
ksa:C813_23155	ko:K00337
ksa:C813_23160	ko:K00338
ksa:C813_23165	ko:K00339
ksa:C813_23170	ko:K00340
ksa:C813_23175	ko:K00341
ksa:C813_23180	ko:K00342
ksa:C813_23190	ko:K03415
ksa:C813_23200	ko:K02348
ksa:C813_23205	ko:K05594
ksa:C813_23210	ko:K02552
ksa:C813_23215	ko:K02551
ksa:C813_23220	ko:K08680
ksa:C813_23225	ko:K01661
ksa:C813_23235	ko:K01911
ksa:C813_23250	ko:K12944
ksa:C813_23265	ko:K00113
ksa:C813_23270	ko:K00112
ksa:C813_23275	ko:K00111
ksa:C813_23280	ko:K02445
ksa:C813_23285	ko:K01126
ksa:C813_23290	ko:K11107
ksa:C813_23295	ko:K00526
ksa:C813_23300	ko:K00525
ksa:C813_23305	ko:K00568
ksa:C813_23310	ko:K02469
ksa:C813_23320	ko:K07687
ksa:C813_23325	ko:K07676
ksa:C813_23335	ko:K09475
ksa:C813_23340	ko:K03734
ksa:C813_23345	ko:K10778
ksa:C813_23350	ko:K03919
ksa:C813_23355	ko:K06159
ksa:C813_23360	ko:K06213
ksa:C813_23370	ko:K00116
ksa:C813_23375	ko:K14232
ksa:C813_23380	ko:K07014
ksa:C813_23385	ko:K09904
ksa:C813_23390	ko:K06899
ksa:C813_23395	ko:K02897
ksa:C813_23400	ko:K19789
ksa:C813_23405	ko:K06183
ksa:C813_23410	ko:K07552
ksa:C813_23420	ko:K13896
ksa:C813_23425	ko:K13895
ksa:C813_23430	ko:K13894
ksa:C813_23435	ko:K13893
ksa:C813_23440	ko:K26148
ksa:C813_23445	ko:K13694
ksa:C813_23450	ko:K19803
ksa:C813_23465	ko:K01686
ksa:C813_23470	ko:K02356
ksa:C813_23475	ko:K06940
ksa:C813_23480	ko:K03291
ksa:C813_23485	ko:K11183
ksa:C813_23490	ko:K00882
ksa:C813_23495	ko:K02770
ksa:C813_23500	ko:K07491
ksa:C813_23525	ko:K02030
ksa:C813_23530	ko:K02029
ksa:C813_23535	ko:K02029
ksa:C813_23540	ko:K02028
ksa:C813_23550	ko:K16089
ksa:C813_23565	ko:K01070
ksa:C813_23575	ko:K01495
ksa:C813_23585	ko:K02529
ksa:C813_23590	ko:K10540
ksa:C813_23600	ko:K10541
ksa:C813_23620	ko:K01489
ksa:C813_23630	ko:K06518
ksa:C813_23635	ko:K05541
ksa:C813_23670	ko:K07262
ksa:C813_23680	ko:K03777
ksa:C813_23685	ko:K05349
ksa:C813_23690	ko:K27078
ksa:C813_23695	ko:K07346
ksa:C813_23700	ko:K27078
ksa:C813_23705	ko:K27078
ksa:C813_23710	ko:K07347
ksa:C813_23720	ko:K05845
ksa:C813_23725	ko:K05846
ksa:C813_23730	ko:K05847
ksa:C813_23745	ko:K21089
ksa:C813_23750	ko:K27882
ksa:C813_23755	ko:K27883
ksa:C813_23770	ko:K01874
ksa:C813_23775	ko:K03593
ksa:C813_23785	ko:K23243
ksa:C813_23795	ko:K10111
ksa:C813_23805	ko:K15771
ksa:C813_23810	ko:K15772
ksa:C813_23815	ko:K01224
ksa:C813_23820	ko:K12308
ksa:C813_23825	ko:K02778
ksa:C813_23830	ko:K02024
ksa:C813_23835	ko:K27069
ksa:C813_23855	ko:K07497
ksa:C813_23860	ko:K07483
ksa:C813_23875	ko:K00878
ksa:C813_23880	ko:K00941
ksa:C813_23885	ko:K11645
ksa:C813_23895	ko:K02035
ksa:C813_23900	ko:K02033
ksa:C813_23905	ko:K02034
ksa:C813_23910	ko:K02031
ksa:C813_23915	ko:K02032
ksa:C813_23925	ko:K08303
ksa:C813_23940	ko:K07664
ksa:C813_23945	ko:K07642
ksa:C813_23955	ko:K07789
ksa:C813_23960	ko:K07788
ksa:C813_23965	ko:K07799
ksa:C813_23970	ko:K04046
ksa:C813_23975	ko:K01247
ksa:C813_23990	ko:K00876
ksa:C813_23995	ko:K01494
ksa:C813_24000	ko:K07289
ksa:C813_24025	ko:K01991
ksa:C813_24030	ko:K25307
ksa:C813_24035	ko:K16692
ksa:C813_24040	ko:K25875
ksa:C813_24045	ko:K03819
ksa:C813_24050	ko:K13684
ksa:C813_24055	ko:K13620
ksa:C813_24060	ko:K13683
ksa:C813_24065	ko:K03818
ksa:C813_24070	ko:K01711
ksa:C813_24080	ko:K03207
ksa:C813_24085	ko:K03208
ksa:C813_24090	ko:K00971
ksa:C813_24095	ko:K01840
ksa:C813_24100	ko:K03606
ksa:C813_24105	ko:K16695
ksa:C813_24110	ko:K16710
ksa:C813_24115	ko:K16703
ksa:C813_24120	ko:K16711
ksa:C813_24125	ko:K00963
ksa:C813_24130	ko:K01710
ksa:C813_24135	ko:K00067
ksa:C813_24140	ko:K00973
ksa:C813_24145	ko:K01790
ksa:C813_24150	ko:K02805
ksa:C813_24160	ko:K02232
ksa:C813_24190	ko:K16137
ksa:C813_24195	ko:K07458
ksa:C813_24215	ko:K27078
ksa:C813_24220	ko:K00575
ksa:C813_24235	ko:K19304
ksa:C813_24240	ko:K01690
ksa:C813_24250	ko:K03799
ksa:C813_24255	ko:K01752
ksa:C813_24260	ko:K01665
ksa:C813_24270	ko:K11904
ksa:C813_24275	ko:K01676
ksa:C813_24285	ko:K00116
ksa:C813_24290	ko:K21405
ksa:C813_24295	ko:K00138
ksa:C813_24300	ko:K00123
ksa:C813_24320	ko:K03760
ksa:C813_24325	ko:K18146
ksa:C813_24345	ko:K02835
ksa:C813_24350	ko:K02493
ksa:C813_24415	ko:K03778
ksa:C813_24420	ko:K03578
ksa:C813_24430	ko:K07248
ksa:C813_24435	ko:K03762
ksa:C813_24440	ko:K05835
ksa:C813_24450	ko:K25986
ksa:C813_24455	ko:K05782
ksa:C813_24460	ko:K24847
ksa:C813_24485	ko:K23256
ksa:C813_24500	ko:K08348
ksa:C813_24505	ko:K08349
ksa:C813_24520	ko:K21973
ksa:C813_24545	ko:K06044
ksa:C813_24560	ko:K04487
ksa:C813_24570	ko:K05595
ksa:C813_24575	ko:K15268
ksa:C813_24585	ko:K07309
ksa:C813_24590	ko:K07307
ksa:C813_24600	ko:K01299
ksa:C813_24610	ko:K04775
ksa:C813_24620	ko:K00626
ksa:C813_24625	ko:K01420
ksa:C813_24630	ko:K01679
ksa:C813_24635	ko:K02791
ksa:C813_24640	ko:K14155
ksa:C813_24645	ko:K00799
ksa:C813_24650	ko:K09001
ksa:C813_24660	ko:K04565
ksa:C813_24680	ko:K26063
ksa:C813_24690	ko:K17641
ksa:C813_24700	ko:K15722
ksa:C813_24705	ko:K03781
ksa:C813_24710	ko:K05526
ksa:C813_24715	ko:K03169
ksa:C813_24720	ko:K01008
ksa:C813_24755	ko:K03885
ksa:C813_24765	ko:K08300
ksa:C813_24770	ko:K02390
ksa:C813_24775	ko:K08162
ksa:C813_24830	ko:K19585
ksa:C813_24845	ko:K07224
ksa:C813_24870	ko:K01512
ksa:C813_24880	ko:K06192
ksa:C813_24885	ko:K03808
ksa:C813_24890	ko:K15738
ksa:C813_24895	ko:K21470
ksa:C813_24900	ko:K03632
ksa:C813_24905	ko:K09927
ksa:C813_24910	ko:K00912
ksa:C813_24915	ko:K05788
ksa:C813_24920	ko:K00945
ksa:C813_24930	ko:K03466
ksa:C813_24935	ko:K16012
ksa:C813_24945	ko:K05685
ksa:C813_24950	ko:K05601
ksa:C813_24960	ko:K11074
ksa:C813_25005	ko:K03414
ksa:C813_25015	ko:K07757
ksa:C813_25025	ko:K04047
ksa:C813_25030	ko:K01223
ksa:C813_25035	ko:K06131
ksa:C813_25045	ko:K01626
ksa:C813_25060	ko:K07646
ksa:C813_25065	ko:K06189
ksa:C813_25075	ko:K07787
ksa:C813_25080	ko:K07798
ksa:C813_25090	ko:K03387
ksa:C813_25095	ko:K09702
ksa:C813_25100	ko:K06200
ksa:C813_25120	ko:K08162
ksa:C813_25125	ko:K02031
ksa:C813_25130	ko:K18457
ksa:C813_25135	ko:K18900
ksa:C813_25160	ko:K01589
ksa:C813_25165	ko:K02003
ksa:C813_25170	ko:K26735
ksa:C813_25175	ko:K07491
ksa:C813_25180	ko:K00892
ksa:C813_25190	ko:K00661
ksa:C813_25195	ko:K07483
ksa:C813_25200	ko:K07497
ksa:C813_25220	ko:K02257
ksa:C813_25225	ko:K11752
ksa:C813_25240	ko:K06884
ksa:C813_25245	ko:K12151
ksa:C813_25250	ko:K13566
ksa:C813_25255	ko:K02034
ksa:C813_25260	ko:K22602
ksa:C813_25265	ko:K07678
ksa:C813_25275	ko:K03837
ksa:C813_25290	ko:K02337
ksa:C813_25295	ko:K01129
ksa:C813_25300	ko:K23228
ksa:C813_25305	ko:K05365
ksa:C813_25310	ko:K06206
ksa:C813_25315	ko:K03806
ksa:C813_25320	ko:K01652
ksa:C813_25330	ko:K05801
ksa:C813_25335	ko:K07663
ksa:C813_25345	ko:K02837
ksa:C813_25350	ko:K01002
ksa:C813_25360	ko:K23676
ksa:C813_25380	ko:K07483
ksa:C813_25385	ko:K07497
ksa:C813_25395	ko:K01185
ksa:C813_25400	ko:K00610
ksa:C813_25405	ko:K01531
ksa:C813_25420	ko:K00344
ksa:C813_25425	ko:K09800
ksa:C813_25430	ko:K01119
ksa:C813_25435	ko:K11737
ksa:C813_25445	ko:K03406
ksa:C813_25450	ko:K03762
ksa:C813_25480	ko:K03762
ksa:C813_25485	ko:K10440
ksa:C813_25490	ko:K10439
ksa:C813_25535	ko:K26937
ksa:C813_25555	ko:K02935
ksa:C813_25560	ko:K02358
ksa:C813_25565	ko:K05368
ksa:C813_25575	ko:K03576
ksa:C813_25585	ko:K05786
ksa:C813_25590	ko:K06202
ksa:C813_25595	ko:K02851
ksa:C813_25610	ko:K04066
ksa:C813_25615	ko:K00528
ksa:C813_25620	ko:K02004
ksa:C813_25625	ko:K00123
ksa:C813_25630	ko:K07712
ksa:C813_25640	ko:K02335
ksa:C813_25645	ko:K03549
ksa:C813_25675	ko:K08154
ksa:C813_25695	ko:K01652
ksa:C813_25705	ko:K02761
ksa:C813_25710	ko:K02033
ksa:C813_25720	ko:K07552
ksa:C813_25740	ko:K01139
ksa:C813_25745	ko:K03630
ksa:C813_25750	ko:K12984
ksa:C813_25755	ko:K02841
ksa:C813_25760	ko:K00639
ksa:C813_25765	ko:K00640
ksa:C813_25770	ko:K29125
ksa:C813_25780	ko:K01805
ksa:C813_25785	ko:K12975
ksa:C813_25790	ko:K20543
ksa:C813_25820	ko:K10824
ksa:C813_25825	ko:K00823
ksa:C813_25830	ko:K06156
ksa:C813_25835	ko:K00705
ksa:C813_25840	ko:K06959
ksa:C813_25845	ko:K07659
ksa:C813_25855	ko:K06223
ksa:C813_25885	ko:K00014
ksa:C813_25900	ko:K08301
ksa:C813_25905	ko:K00135
ksa:C813_25915	ko:K01940
ksa:C813_25920	ko:K03835
ksa:C813_25925	ko:K05520
ksa:C813_25930	ko:K12961
ksa:C813_25935	ko:K07121
ksa:C813_25945	ko:K01951
ksa:C813_25965	ko:K03649
ksa:C813_25975	ko:K03272
ksa:C813_25990	ko:K07666
ksa:C813_25995	ko:K04753
ksa:C813_26000	ko:K03559
ksa:C813_26005	ko:K03406
ksa:C813_26040	ko:K11893
ksa:C813_26050	ko:K01585
ksa:C813_26070	ko:K01586
ksa:C813_26075	ko:K13292
ksa:C813_26080	ko:K02681
ksa:C813_26085	ko:K01448
ksa:C813_26115	ko:K18567
ksa:C813_26125	ko:K05275
ksa:C813_26130	ko:K03487
ksa:C813_26135	ko:K02757
ksa:C813_26190	ko:K09181
ksa:C813_26200	ko:K15396
ksa:C813_26210	ko:K01951
ksa:C813_26220	ko:K01423
ksa:C813_26225	ko:K12143
ksa:C813_26230	ko:K12141
ksa:C813_26235	ko:K12139
ksa:C813_26240	ko:K03567
ksa:C813_26245	ko:K00228
ksa:C813_26250	ko:K02045
ksa:C813_26255	ko:K11732
ksa:C813_26260	ko:K26149
ksa:C813_26270	ko:K01458
ksa:C813_26275	ko:K05603
ksa:C813_26280	ko:K01782
ksa:C813_26285	ko:K01223
ksa:C813_26290	ko:K03975
ksa:C813_26295	ko:K07095
ksa:C813_26300	ko:K00343
ksa:C813_26305	ko:K00784
ksa:C813_26310	ko:K02549
ksa:C813_26320	ko:K07677
ksa:C813_26330	ko:K03321
ksa:C813_26335	ko:K01151
ksa:C813_26340	ko:K11733
ksa:C813_26350	ko:K07148
ksa:C813_26355	ko:K10542
ksa:C813_26360	ko:K03748
ksa:C813_26370	ko:K05846
ksa:C813_26380	ko:K15770
ksa:C813_26385	ko:K12678
ksa:C813_26400	ko:K18326
ksa:C813_26405	ko:K21084
ksa:C813_26415	ko:K02377
ksa:C813_26420	ko:K01978
ksa:C813_26430	ko:K19148
ksa:C813_26465	ko:K13930
ksa:C813_26470	ko:K02192
ksa:C813_26485	ko:K28358
ksa:C813_26495	ko:K15035
ksa:C813_26565	ko:K28274
ksa:C813_26570	ko:K28274
ksa:C813_26590	ko:K18518
ksa:C813_26645	ko:K00424
ksa:C813_26650	ko:K01545
ksa:C813_26660	ko:K01983
