limn:HKT17_00005	ko:K02313
limn:HKT17_00010	ko:K02338
limn:HKT17_00015	ko:K02470
limn:HKT17_00040	ko:K07497
limn:HKT17_00060	ko:K28280
limn:HKT17_00070	ko:K03427
limn:HKT17_00075	ko:K01154
limn:HKT17_00080	ko:K01153
limn:HKT17_00135	ko:K16090
limn:HKT17_00140	ko:K07336
limn:HKT17_00145	ko:K03284
limn:HKT17_00150	ko:K23541
limn:HKT17_00160	ko:K09771
limn:HKT17_00165	ko:K08167
limn:HKT17_00185	ko:K00574
limn:HKT17_00195	ko:K00123
limn:HKT17_00200	ko:K22515
limn:HKT17_00205	ko:K07001
limn:HKT17_00220	ko:K09796
limn:HKT17_00225	ko:K02014
limn:HKT17_00240	ko:K01113
limn:HKT17_00245	ko:K07093
limn:HKT17_00250	ko:K03406
limn:HKT17_00270	ko:K20974
limn:HKT17_00275	ko:K07112
limn:HKT17_00280	ko:K07112
limn:HKT17_00285	ko:K15461
limn:HKT17_00290	ko:K03169
limn:HKT17_00295	ko:K04096
limn:HKT17_00300	ko:K01462
limn:HKT17_00305	ko:K00604
limn:HKT17_00310	ko:K03799
limn:HKT17_00315	ko:K03500
limn:HKT17_00325	ko:K13598
limn:HKT17_00330	ko:K13599
limn:HKT17_00335	ko:K03499
limn:HKT17_00340	ko:K03498
limn:HKT17_00360	ko:K01625
limn:HKT17_00365	ko:K01690
limn:HKT17_00370	ko:K00036
limn:HKT17_00375	ko:K01595
limn:HKT17_00385	ko:K26730
limn:HKT17_00390	ko:K01515
limn:HKT17_00400	ko:K01069
limn:HKT17_00410	ko:K17893
limn:HKT17_00435	ko:K07726
limn:HKT17_00455	ko:K03496
limn:HKT17_00475	ko:K15773
limn:HKT17_00480	ko:K07154
limn:HKT17_00545	ko:K15725
limn:HKT17_00550	ko:K15727
limn:HKT17_00555	ko:K15727
limn:HKT17_00560	ko:K15726
limn:HKT17_00570	ko:K09771
limn:HKT17_00590	ko:K07665
limn:HKT17_00595	ko:K07644
limn:HKT17_00600	ko:K03760
limn:HKT17_00610	ko:K16264
limn:HKT17_00620	ko:K15726
limn:HKT17_00625	ko:K15727
limn:HKT17_00630	ko:K15725
limn:HKT17_00640	ko:K07644
limn:HKT17_00645	ko:K07665
limn:HKT17_00665	ko:K07001
limn:HKT17_00675	ko:K07796
limn:HKT17_00685	ko:K07787
limn:HKT17_00700	ko:K02483
limn:HKT17_00750	ko:K00548
limn:HKT17_00760	ko:K03230
limn:HKT17_00765	ko:K03220
limn:HKT17_00770	ko:K03224
limn:HKT17_00785	ko:K03226
limn:HKT17_00790	ko:K03227
limn:HKT17_00795	ko:K03228
limn:HKT17_00800	ko:K03229
limn:HKT17_00865	ko:K03219
limn:HKT17_00880	ko:K03222
limn:HKT17_00905	ko:K00249
limn:HKT17_00910	ko:K13777
limn:HKT17_00915	ko:K11731
limn:HKT17_00920	ko:K13778
limn:HKT17_00925	ko:K13774
limn:HKT17_00940	ko:K03577
limn:HKT17_00945	ko:K03585
limn:HKT17_00950	ko:K18138
limn:HKT17_00955	ko:K18139
limn:HKT17_00960	ko:K09946
limn:HKT17_00965	ko:K07044
limn:HKT17_00985	ko:K22348
limn:HKT17_01010	ko:K00249
limn:HKT17_01020	ko:K04047
limn:HKT17_01025	ko:K03088
limn:HKT17_01040	ko:K10914
limn:HKT17_01065	ko:K00113
limn:HKT17_01070	ko:K07391
limn:HKT17_01075	ko:K09806
limn:HKT17_01085	ko:K04752
limn:HKT17_01090	ko:K03320
limn:HKT17_01095	ko:K01919
limn:HKT17_01100	ko:K01920
limn:HKT17_01105	ko:K02793
limn:HKT17_01110	ko:K02784
limn:HKT17_01115	ko:K08483
limn:HKT17_01120	ko:K00641
limn:HKT17_01135	ko:K11942
limn:HKT17_01155	ko:K03801
limn:HKT17_01160	ko:K03644
limn:HKT17_01185	ko:K11890
limn:HKT17_01190	ko:K11891
limn:HKT17_01195	ko:K11892
limn:HKT17_01200	ko:K11893
limn:HKT17_01210	ko:K11904
limn:HKT17_01230	ko:K07169
limn:HKT17_01235	ko:K20074
limn:HKT17_01250	ko:K11477
limn:HKT17_01265	ko:K03799
limn:HKT17_01275	ko:K03717
limn:HKT17_01280	ko:K24180
limn:HKT17_01290	ko:K07304
limn:HKT17_01295	ko:K24847
limn:HKT17_01300	ko:K02037
limn:HKT17_01305	ko:K02038
limn:HKT17_01310	ko:K02036
limn:HKT17_01315	ko:K02040
limn:HKT17_01320	ko:K28614
limn:HKT17_01325	ko:K03741
limn:HKT17_01330	ko:K03741
limn:HKT17_01335	ko:K03892
limn:HKT17_01340	ko:K03821
limn:HKT17_01345	ko:K02616
limn:HKT17_01350	ko:K19745
limn:HKT17_01380	ko:K22468
limn:HKT17_01385	ko:K01113
limn:HKT17_01420	ko:K07044
limn:HKT17_01425	ko:K07107
limn:HKT17_01440	ko:K00635
limn:HKT17_01455	ko:K00694
limn:HKT17_01475	ko:K20543
limn:HKT17_01480	ko:K20542
limn:HKT17_01485	ko:K20541
limn:HKT17_01490	ko:K04749
limn:HKT17_01495	ko:K20977
limn:HKT17_01505	ko:K01058
limn:HKT17_01515	ko:K15738
limn:HKT17_01525	ko:K05837
limn:HKT17_01530	ko:K05515
limn:HKT17_01535	ko:K03571
limn:HKT17_01540	ko:K03570
limn:HKT17_01545	ko:K03569
limn:HKT17_01550	ko:K02435
limn:HKT17_01555	ko:K02433
limn:HKT17_01560	ko:K02434
limn:HKT17_01565	ko:K01142
limn:HKT17_01570	ko:K00762
limn:HKT17_01575	ko:K09158
limn:HKT17_01580	ko:K07258
limn:HKT17_01585	ko:K07018
limn:HKT17_01600	ko:K03524
limn:HKT17_01605	ko:K03525
limn:HKT17_01625	ko:K01633
limn:HKT17_01630	ko:K14058
limn:HKT17_01635	ko:K01754
limn:HKT17_01645	ko:K03673
limn:HKT17_01650	ko:K03642
limn:HKT17_01655	ko:K01419
limn:HKT17_01660	ko:K03667
limn:HKT17_01665	ko:K00930
limn:HKT17_01680	ko:K04042
limn:HKT17_01685	ko:K00820
limn:HKT17_01705	ko:K08218
limn:HKT17_01710	ko:K14236
limn:HKT17_01715	ko:K14225
limn:HKT17_01720	ko:K14234
limn:HKT17_01725	ko:K02358
limn:HKT17_01730	ko:K14235
limn:HKT17_01735	ko:K03073
limn:HKT17_01740	ko:K02601
limn:HKT17_01745	ko:K02867
limn:HKT17_01750	ko:K02863
limn:HKT17_01755	ko:K02864
limn:HKT17_01760	ko:K02935
limn:HKT17_01765	ko:K03043
limn:HKT17_01770	ko:K03046
limn:HKT17_01775	ko:K02950
limn:HKT17_01780	ko:K02992
limn:HKT17_01785	ko:K02355
limn:HKT17_01790	ko:K02358
limn:HKT17_01795	ko:K02946
limn:HKT17_01800	ko:K02906
limn:HKT17_01805	ko:K02926
limn:HKT17_01810	ko:K02892
limn:HKT17_01815	ko:K02886
limn:HKT17_01820	ko:K02965
limn:HKT17_01825	ko:K02890
limn:HKT17_01830	ko:K02982
limn:HKT17_01835	ko:K02878
limn:HKT17_01840	ko:K02904
limn:HKT17_01845	ko:K02961
limn:HKT17_01850	ko:K02874
limn:HKT17_01855	ko:K02895
limn:HKT17_01860	ko:K02931
limn:HKT17_01865	ko:K02954
limn:HKT17_01870	ko:K02994
limn:HKT17_01875	ko:K02933
limn:HKT17_01880	ko:K02881
limn:HKT17_01885	ko:K02988
limn:HKT17_01890	ko:K02907
limn:HKT17_01895	ko:K02876
limn:HKT17_01900	ko:K03076
limn:HKT17_01905	ko:K02518
limn:HKT17_01910	ko:K02919
limn:HKT17_01915	ko:K02952
limn:HKT17_01920	ko:K02948
limn:HKT17_01925	ko:K02986
limn:HKT17_01930	ko:K03040
limn:HKT17_01935	ko:K02879
limn:HKT17_01940	ko:K09695
limn:HKT17_01945	ko:K09694
limn:HKT17_01950	ko:K03926
limn:HKT17_01955	ko:K04084
limn:HKT17_01960	ko:K03284
limn:HKT17_01965	ko:K01698
limn:HKT17_01970	ko:K03978
limn:HKT17_01980	ko:K07399
limn:HKT17_01990	ko:K01586
limn:HKT17_02000	ko:K06202
limn:HKT17_02005	ko:K05366
limn:HKT17_02015	ko:K02663
limn:HKT17_02020	ko:K02664
limn:HKT17_02030	ko:K02666
limn:HKT17_02035	ko:K00891
limn:HKT17_02040	ko:K01735
limn:HKT17_02045	ko:K01129
limn:HKT17_02050	ko:K07491
limn:HKT17_02055	ko:K00265
limn:HKT17_02060	ko:K00266
limn:HKT17_02065	ko:K22044
limn:HKT17_02075	ko:K03701
limn:HKT17_02085	ko:K03111
limn:HKT17_02095	ko:K20975
limn:HKT17_02140	ko:K01876
limn:HKT17_02145	ko:K08310
limn:HKT17_02155	ko:K06131
limn:HKT17_02160	ko:K07577
limn:HKT17_02175	ko:K02484
limn:HKT17_02180	ko:K02483
limn:HKT17_02185	ko:K06006
limn:HKT17_02195	ko:K01673
limn:HKT17_02210	ko:K22108
limn:HKT17_02235	ko:K01750
limn:HKT17_02240	ko:K01476
limn:HKT17_02245	ko:K13821
limn:HKT17_02250	ko:K03724
limn:HKT17_02255	ko:K06953
limn:HKT17_02260	ko:K15977
limn:HKT17_02270	ko:K20035
limn:HKT17_02275	ko:K07516
limn:HKT17_02280	ko:K00632
limn:HKT17_02300	ko:K21430
limn:HKT17_02320	ko:K07795
limn:HKT17_02325	ko:K07794
limn:HKT17_02330	ko:K07793
limn:HKT17_02335	ko:K03710
limn:HKT17_02340	ko:K10806
limn:HKT17_02355	ko:K24821
limn:HKT17_02360	ko:K21645
limn:HKT17_02365	ko:K01744
limn:HKT17_02370	ko:K10001
limn:HKT17_02375	ko:K10003
limn:HKT17_02380	ko:K10002
limn:HKT17_02385	ko:K10004
limn:HKT17_02395	ko:K02841
limn:HKT17_02400	ko:K02527
limn:HKT17_02405	ko:K12340
limn:HKT17_02410	ko:K00573
limn:HKT17_02420	ko:K00826
limn:HKT17_02430	ko:K02843
limn:HKT17_02435	ko:K01433
limn:HKT17_02445	ko:K07019
limn:HKT17_02460	ko:K22132
limn:HKT17_02465	ko:K07304
limn:HKT17_02470	ko:K03210
limn:HKT17_02475	ko:K03072
limn:HKT17_02480	ko:K03074
limn:HKT17_02515	ko:K01756
limn:HKT17_02525	ko:K00566
limn:HKT17_02535	ko:K02014
limn:HKT17_02540	ko:K02016
limn:HKT17_02545	ko:K00324
limn:HKT17_02550	ko:K00324
limn:HKT17_02555	ko:K00325
limn:HKT17_02565	ko:K07568
limn:HKT17_02570	ko:K14228
limn:HKT17_02580	ko:K00018
limn:HKT17_02585	ko:K11927
limn:HKT17_02590	ko:K01894
limn:HKT17_02600	ko:K06911
limn:HKT17_02605	ko:K03809
limn:HKT17_02610	ko:K02337
limn:HKT17_02615	ko:K11085
limn:HKT17_02620	ko:K02849
limn:HKT17_02645	ko:K01012
limn:HKT17_02650	ko:K00833
limn:HKT17_02655	ko:K01935
limn:HKT17_02660	ko:K02169
limn:HKT17_02665	ko:K02170
limn:HKT17_02670	ko:K00652
limn:HKT17_02675	ko:K08301
limn:HKT17_02680	ko:K06287
limn:HKT17_02685	ko:K00783
limn:HKT17_02690	ko:K09710
limn:HKT17_02695	ko:K00969
limn:HKT17_02700	ko:K00228
limn:HKT17_02705	ko:K01945
limn:HKT17_02715	ko:K03282
limn:HKT17_02720	ko:K00285
limn:HKT17_02725	ko:K01886
limn:HKT17_02735	ko:K00798
limn:HKT17_02740	ko:K03147
limn:HKT17_02745	ko:K03699
limn:HKT17_02750	ko:K13586
limn:HKT17_02755	ko:K13585
limn:HKT17_02765	ko:K03517
limn:HKT17_02770	ko:K00767
limn:HKT17_02775	ko:K00278
limn:HKT17_02785	ko:K03439
limn:HKT17_02790	ko:K03149
limn:HKT17_02795	ko:K03154
limn:HKT17_02815	ko:K00941
limn:HKT17_02820	ko:K00788
limn:HKT17_02825	ko:K01845
limn:HKT17_02835	ko:K01669
limn:HKT17_02840	ko:K07735
limn:HKT17_02845	ko:K07447
limn:HKT17_02850	ko:K02825
limn:HKT17_02855	ko:K00609
limn:HKT17_02860	ko:K01465
limn:HKT17_02865	ko:K00655
limn:HKT17_02870	ko:K01525
limn:HKT17_02875	ko:K15778
limn:HKT17_02880	ko:K09941
limn:HKT17_02885	ko:K10026
limn:HKT17_02890	ko:K01737
limn:HKT17_02905	ko:K06182
limn:HKT17_02910	ko:K18138
limn:HKT17_02915	ko:K03585
limn:HKT17_02935	ko:K00262
limn:HKT17_02940	ko:K00355
limn:HKT17_02965	ko:K15576
limn:HKT17_02970	ko:K15577
limn:HKT17_02975	ko:K15578
limn:HKT17_02980	ko:K01725
limn:HKT17_02985	ko:K03772
limn:HKT17_02995	ko:K01008
limn:HKT17_03010	ko:K18911
limn:HKT17_03015	ko:K02042
limn:HKT17_03020	ko:K02042
limn:HKT17_03025	ko:K02041
limn:HKT17_03030	ko:K02044
limn:HKT17_03050	ko:K09922
limn:HKT17_03060	ko:K07301
limn:HKT17_03095	ko:K14229
limn:HKT17_03100	ko:K07042
limn:HKT17_03105	ko:K06217
limn:HKT17_03115	ko:K02483
limn:HKT17_03120	ko:K01591
limn:HKT17_03130	ko:K23163
limn:HKT17_03135	ko:K07002
limn:HKT17_03140	ko:K02046
limn:HKT17_03145	ko:K02047
limn:HKT17_03150	ko:K02045
limn:HKT17_03155	ko:K13635
limn:HKT17_03165	ko:K00773
limn:HKT17_03170	ko:K03408
limn:HKT17_03175	ko:K03406
limn:HKT17_03185	ko:K14393
limn:HKT17_03210	ko:K06872
limn:HKT17_03215	ko:K03744
limn:HKT17_03220	ko:K03628
limn:HKT17_03225	ko:K03671
limn:HKT17_03230	ko:K16899
limn:HKT17_03235	ko:K16898
limn:HKT17_03240	ko:K01983
limn:HKT17_03245	ko:K02343
limn:HKT17_03250	ko:K09747
limn:HKT17_03255	ko:K06187
limn:HKT17_03260	ko:K18313
limn:HKT17_03265	ko:K00616
limn:HKT17_03275	ko:K03611
limn:HKT17_03300	ko:K27079
limn:HKT17_03305	ko:K12511
limn:HKT17_03310	ko:K12510
limn:HKT17_03315	ko:K02283
limn:HKT17_03320	ko:K02282
limn:HKT17_03325	ko:K02280
limn:HKT17_03330	ko:K02279
limn:HKT17_03335	ko:K12513
limn:HKT17_03340	ko:K02651
limn:HKT17_03350	ko:K04090
limn:HKT17_03365	ko:K16052
limn:HKT17_03370	ko:K21345
limn:HKT17_03395	ko:K03292
limn:HKT17_03405	ko:K00574
limn:HKT17_03410	ko:K09701
limn:HKT17_03415	ko:K06954
limn:HKT17_03420	ko:K09007
limn:HKT17_03425	ko:K22491
limn:HKT17_03435	ko:K06876
limn:HKT17_03440	ko:K07393
limn:HKT17_03445	ko:K00974
limn:HKT17_03450	ko:K11741
limn:HKT17_03465	ko:K07090
limn:HKT17_03475	ko:K07734
limn:HKT17_03485	ko:K01887
limn:HKT17_03500	ko:K07636
limn:HKT17_03505	ko:K07657
limn:HKT17_03515	ko:K03183
limn:HKT17_03525	ko:K03690
limn:HKT17_03530	ko:K03688
limn:HKT17_03535	ko:K03307
limn:HKT17_03540	ko:K12339
limn:HKT17_03545	ko:K08305
limn:HKT17_03555	ko:K01673
limn:HKT17_03560	ko:K03521
limn:HKT17_03565	ko:K03522
limn:HKT17_03570	ko:K20035
limn:HKT17_03600	ko:K00387
limn:HKT17_03620	ko:K03453
limn:HKT17_03625	ko:K01956
limn:HKT17_03630	ko:K01955
limn:HKT17_03635	ko:K03624
limn:HKT17_03645	ko:K07574
limn:HKT17_03650	ko:K02427
limn:HKT17_03655	ko:K03798
limn:HKT17_03660	ko:K00796
limn:HKT17_03670	ko:K03431
limn:HKT17_03690	ko:K14232
limn:HKT17_03695	ko:K14219
limn:HKT17_03700	ko:K14226
limn:HKT17_03715	ko:K07755
limn:HKT17_03730	ko:K07221
limn:HKT17_03735	ko:K02484
limn:HKT17_03755	ko:K06886
limn:HKT17_03770	ko:K01501
limn:HKT17_03785	ko:K07123
limn:HKT17_03795	ko:K07222
limn:HKT17_03800	ko:K07107
limn:HKT17_03805	ko:K15735
limn:HKT17_03810	ko:K10217
limn:HKT17_03815	ko:K10216
limn:HKT17_03820	ko:K18364
limn:HKT17_03825	ko:K18366
limn:HKT17_03830	ko:K18365
limn:HKT17_03835	ko:K01617
limn:HKT17_03840	ko:K01821
limn:HKT17_03850	ko:K07003
limn:HKT17_03870	ko:K00446
limn:HKT17_03880	ko:K16246
limn:HKT17_03885	ko:K16245
limn:HKT17_03890	ko:K16242
limn:HKT17_03895	ko:K16244
limn:HKT17_03900	ko:K16243
limn:HKT17_03905	ko:K16249
limn:HKT17_03910	ko:K23541
limn:HKT17_03920	ko:K03782
limn:HKT17_03935	ko:K06911
limn:HKT17_03940	ko:K00249
limn:HKT17_03980	ko:K03088
limn:HKT17_03985	ko:K02014
limn:HKT17_04000	ko:K12349
limn:HKT17_04010	ko:K03781
limn:HKT17_04020	ko:K02014
limn:HKT17_04025	ko:K03821
limn:HKT17_04055	ko:K01061
limn:HKT17_04060	ko:K23775
limn:HKT17_04065	ko:K04063
limn:HKT17_04075	ko:K07010
limn:HKT17_04085	ko:K11811
limn:HKT17_04090	ko:K02020
limn:HKT17_04095	ko:K02018
limn:HKT17_04100	ko:K02017
limn:HKT17_04115	ko:K19337
limn:HKT17_04125	ko:K01810
limn:HKT17_04130	ko:K03559
limn:HKT17_04135	ko:K03561
limn:HKT17_04140	ko:K03832
limn:HKT17_04145	ko:K02014
limn:HKT17_04150	ko:K03594
limn:HKT17_04155	ko:K02192
limn:HKT17_04165	ko:K16091
limn:HKT17_04190	ko:K02014
limn:HKT17_04200	ko:K07231
limn:HKT17_04210	ko:K07338
limn:HKT17_04215	ko:K09947
limn:HKT17_04220	ko:K00114
limn:HKT17_04235	ko:K24180
limn:HKT17_04240	ko:K09959
limn:HKT17_04245	ko:K00138
limn:HKT17_04255	ko:K17226
limn:HKT17_04265	ko:K00114
limn:HKT17_04270	ko:K06076
limn:HKT17_04275	ko:K01992
limn:HKT17_04280	ko:K01990
limn:HKT17_04285	ko:K06139
limn:HKT17_04290	ko:K06138
limn:HKT17_04295	ko:K06137
limn:HKT17_04300	ko:K06136
limn:HKT17_04305	ko:K06135
limn:HKT17_04325	ko:K02030
limn:HKT17_04335	ko:K03738
limn:HKT17_04345	ko:K03636
limn:HKT17_04365	ko:K07080
limn:HKT17_04370	ko:K20264
limn:HKT17_04440	ko:K07240
limn:HKT17_04450	ko:K19784
limn:HKT17_04455	ko:K02406
limn:HKT17_04460	ko:K05773
limn:HKT17_04465	ko:K06857
limn:HKT17_04470	ko:K05772
limn:HKT17_04475	ko:K07219
limn:HKT17_04490	ko:K18904
limn:HKT17_04495	ko:K03786
limn:HKT17_04505	ko:K16872
limn:HKT17_04510	ko:K00012
limn:HKT17_04545	ko:K01826
limn:HKT17_04560	ko:K17229
limn:HKT17_04565	ko:K17230
limn:HKT17_04585	ko:K02003
limn:HKT17_04590	ko:K02004
limn:HKT17_04595	ko:K09950
limn:HKT17_04615	ko:K03406
limn:HKT17_04620	ko:K03413
limn:HKT17_04630	ko:K03407
limn:HKT17_04640	ko:K03408
limn:HKT17_04660	ko:K06718
limn:HKT17_04665	ko:K00836
limn:HKT17_04670	ko:K06720
limn:HKT17_04675	ko:K10674
limn:HKT17_04680	ko:K11928
limn:HKT17_04695	ko:K02421
limn:HKT17_04700	ko:K02420
limn:HKT17_04705	ko:K02419
limn:HKT17_04710	ko:K02418
limn:HKT17_04715	ko:K02417
limn:HKT17_04720	ko:K02416
limn:HKT17_04725	ko:K02415
limn:HKT17_04730	ko:K02414
limn:HKT17_04735	ko:K02413
limn:HKT17_04740	ko:K02412
limn:HKT17_04745	ko:K02411
limn:HKT17_04750	ko:K02410
limn:HKT17_04755	ko:K02409
limn:HKT17_04760	ko:K02408
limn:HKT17_04765	ko:K06915
limn:HKT17_04770	ko:K21087
limn:HKT17_04775	ko:K04061
limn:HKT17_04785	ko:K02423
limn:HKT17_04790	ko:K02422
limn:HKT17_04795	ko:K02407
limn:HKT17_04800	ko:K06603
limn:HKT17_04805	ko:K02406
limn:HKT17_04810	ko:K02406
limn:HKT17_04815	ko:K02406
limn:HKT17_04820	ko:K02406
limn:HKT17_04825	ko:K02403
limn:HKT17_04830	ko:K02402
limn:HKT17_04835	ko:K02556
limn:HKT17_04840	ko:K02557
limn:HKT17_04845	ko:K03415
limn:HKT17_04850	ko:K03413
limn:HKT17_04855	ko:K03414
limn:HKT17_04860	ko:K03407
limn:HKT17_04865	ko:K03406
limn:HKT17_04875	ko:K02401
limn:HKT17_04880	ko:K02400
limn:HKT17_04885	ko:K02404
limn:HKT17_04895	ko:K02405
limn:HKT17_04910	ko:K02399
limn:HKT17_04915	ko:K02398
limn:HKT17_04920	ko:K02386
limn:HKT17_04925	ko:K02387
limn:HKT17_04930	ko:K02388
limn:HKT17_04935	ko:K02389
limn:HKT17_04940	ko:K02390
limn:HKT17_04945	ko:K02391
limn:HKT17_04950	ko:K02392
limn:HKT17_04955	ko:K02393
limn:HKT17_04960	ko:K02394
limn:HKT17_04965	ko:K02395
limn:HKT17_04970	ko:K02396
limn:HKT17_04975	ko:K02397
limn:HKT17_04980	ko:K07689
limn:HKT17_04990	ko:K00575
limn:HKT17_04995	ko:K03411
limn:HKT17_05000	ko:K03412
limn:HKT17_05010	ko:K04760
limn:HKT17_05015	ko:K01139
limn:HKT17_05020	ko:K03608
limn:HKT17_05025	ko:K03609
limn:HKT17_05030	ko:K03610
limn:HKT17_05035	ko:K03060
limn:HKT17_05040	ko:K00942
limn:HKT17_05055	ko:K02346
limn:HKT17_05060	ko:K00989
limn:HKT17_05065	ko:K01519
limn:HKT17_05080	ko:K03695
limn:HKT17_05085	ko:K07044
limn:HKT17_05095	ko:K02553
limn:HKT17_05105	ko:K01637
limn:HKT17_05110	ko:K03406
limn:HKT17_05115	ko:K26735
limn:HKT17_05120	ko:K03406
limn:HKT17_05135	ko:K01560
limn:HKT17_05145	ko:K03704
limn:HKT17_05150	ko:K22310
limn:HKT17_05155	ko:K01524
limn:HKT17_05160	ko:K00937
limn:HKT17_05170	ko:K00951
limn:HKT17_05180	ko:K00019
limn:HKT17_05200	ko:K02238
limn:HKT17_05205	ko:K03424
limn:HKT17_05210	ko:K09928
limn:HKT17_05215	ko:K09810
limn:HKT17_05220	ko:K09808
limn:HKT17_05230	ko:K07462
limn:HKT17_05235	ko:K02836
limn:HKT17_05240	ko:K04567
limn:HKT17_05270	ko:K00275
limn:HKT17_05275	ko:K11209
limn:HKT17_05285	ko:K17838
limn:HKT17_05290	ko:K06132
limn:HKT17_05300	ko:K04755
limn:HKT17_05305	ko:K04044
limn:HKT17_05310	ko:K04082
limn:HKT17_05315	ko:K13628
limn:HKT17_05320	ko:K04488
limn:HKT17_05325	ko:K04487
limn:HKT17_05330	ko:K13643
limn:HKT17_05335	ko:K25307
limn:HKT17_05340	ko:K03702
limn:HKT17_05345	ko:K00812
limn:HKT17_05350	ko:K14220
limn:HKT17_05365	ko:K14623
limn:HKT17_05370	ko:K03427
limn:HKT17_05375	ko:K01154
limn:HKT17_05390	ko:K01153
limn:HKT17_05430	ko:K13775
limn:HKT17_05455	ko:K09456
limn:HKT17_05475	ko:K00255
limn:HKT17_05490	ko:K07090
limn:HKT17_05505	ko:K03746
limn:HKT17_05510	ko:K10764
limn:HKT17_05515	ko:K01885
limn:HKT17_05525	ko:K02035
limn:HKT17_05530	ko:K02033
limn:HKT17_05535	ko:K02034
limn:HKT17_05540	ko:K02031
limn:HKT17_05540	ko:K02032
limn:HKT17_05545	ko:K08307
limn:HKT17_05550	ko:K01069
limn:HKT17_05560	ko:K03469
limn:HKT17_05565	ko:K02342
limn:HKT17_05570	ko:K07289
limn:HKT17_05575	ko:K07001
limn:HKT17_05600	ko:K01768
limn:HKT17_05640	ko:K02200
limn:HKT17_05645	ko:K02194
limn:HKT17_05650	ko:K02195
limn:HKT17_05655	ko:K02197
limn:HKT17_05660	ko:K02198
limn:HKT17_05665	ko:K02199
limn:HKT17_05670	ko:K02200
limn:HKT17_05695	ko:K21449
limn:HKT17_05710	ko:K06020
limn:HKT17_05715	ko:K05297
limn:HKT17_05735	ko:K06445
limn:HKT17_05745	ko:K07180
limn:HKT17_05750	ko:K09786
limn:HKT17_05755	ko:K06415
limn:HKT17_05760	ko:K02225
limn:HKT17_05785	ko:K01652
limn:HKT17_05790	ko:K01653
limn:HKT17_05795	ko:K00053
limn:HKT17_05800	ko:K13085
limn:HKT17_05805	ko:K01613
limn:HKT17_05810	ko:K17103
limn:HKT17_05815	ko:K01649
limn:HKT17_05820	ko:K02956
limn:HKT17_05825	ko:K00962
limn:HKT17_05835	ko:K01803
limn:HKT17_05840	ko:K03075
limn:HKT17_05845	ko:K14228
limn:HKT17_05850	ko:K00330
limn:HKT17_05855	ko:K00331
limn:HKT17_05860	ko:K00332
limn:HKT17_05865	ko:K00333
limn:HKT17_05870	ko:K00334
limn:HKT17_05875	ko:K00335
limn:HKT17_05880	ko:K00336
limn:HKT17_05885	ko:K00337
limn:HKT17_05890	ko:K00338
limn:HKT17_05895	ko:K00339
limn:HKT17_05900	ko:K00340
limn:HKT17_05905	ko:K00341
limn:HKT17_05910	ko:K00342
limn:HKT17_05915	ko:K00343
limn:HKT17_05930	ko:K00311
limn:HKT17_05935	ko:K01028
limn:HKT17_05940	ko:K01029
limn:HKT17_05945	ko:K01937
limn:HKT17_05950	ko:K01627
limn:HKT17_05955	ko:K01689
limn:HKT17_05960	ko:K05589
limn:HKT17_05965	ko:K04083
limn:HKT17_05980	ko:K07053
limn:HKT17_05995	ko:K01867
limn:HKT17_06005	ko:K01714
limn:HKT17_06010	ko:K07287
limn:HKT17_06025	ko:K18850
limn:HKT17_06030	ko:K03775
limn:HKT17_06040	ko:K03555
limn:HKT17_06045	ko:K01092
limn:HKT17_06050	ko:K02533
limn:HKT17_06055	ko:K00640
limn:HKT17_06060	ko:K03269
limn:HKT17_06065	ko:K03768
limn:HKT17_06080	ko:K01883
limn:HKT17_06085	ko:K01247
limn:HKT17_06090	ko:K01962
limn:HKT17_06095	ko:K04075
limn:HKT17_06100	ko:K02342
limn:HKT17_06140	ko:K07080
limn:HKT17_06145	ko:K02837
limn:HKT17_06155	ko:K08762
limn:HKT17_06165	ko:K07001
limn:HKT17_06175	ko:K28138
limn:HKT17_06195	ko:K00154
limn:HKT17_06205	ko:K01897
limn:HKT17_06210	ko:K02990
limn:HKT17_06215	ko:K02686
limn:HKT17_06220	ko:K02963
limn:HKT17_06225	ko:K02939
limn:HKT17_06230	ko:K02314
limn:HKT17_06245	ko:K07175
limn:HKT17_06250	ko:K03564
limn:HKT17_06265	ko:K14260
limn:HKT17_06270	ko:K00003
limn:HKT17_06275	ko:K01733
limn:HKT17_06285	ko:K02482
limn:HKT17_06290	ko:K03753
limn:HKT17_06295	ko:K03750
limn:HKT17_06300	ko:K03636
limn:HKT17_06305	ko:K03635
limn:HKT17_06310	ko:K06199
limn:HKT17_06320	ko:K20712
limn:HKT17_06330	ko:K07708
limn:HKT17_06335	ko:K07712
limn:HKT17_06340	ko:K03406
limn:HKT17_06345	ko:K01142
limn:HKT17_06350	ko:K01414
limn:HKT17_06355	ko:K01491
limn:HKT17_06370	ko:K00163
limn:HKT17_06375	ko:K00627
limn:HKT17_06380	ko:K00382
limn:HKT17_06385	ko:K01807
limn:HKT17_06390	ko:K02039
limn:HKT17_06405	ko:K00287
limn:HKT17_06410	ko:K00560
limn:HKT17_06415	ko:K06147
limn:HKT17_06425	ko:K02004
limn:HKT17_06430	ko:K02003
limn:HKT17_06435	ko:K00208
limn:HKT17_06440	ko:K27597
limn:HKT17_06450	ko:K08993
limn:HKT17_06455	ko:K14237
limn:HKT17_06460	ko:K01868
limn:HKT17_06465	ko:K02520
limn:HKT17_06470	ko:K02916
limn:HKT17_06475	ko:K02887
limn:HKT17_06480	ko:K01889
limn:HKT17_06485	ko:K01890
limn:HKT17_06490	ko:K04764
limn:HKT17_06500	ko:K14232
limn:HKT17_06510	ko:K09712
limn:HKT17_06545	ko:K07646
limn:HKT17_06550	ko:K07667
limn:HKT17_06555	ko:K03549
limn:HKT17_06560	ko:K07093
limn:HKT17_06575	ko:K08994
limn:HKT17_06585	ko:K00344
limn:HKT17_06590	ko:K07157
limn:HKT17_06625	ko:K00459
limn:HKT17_06635	ko:K02297
limn:HKT17_06640	ko:K02298
limn:HKT17_06645	ko:K02299
limn:HKT17_06650	ko:K02300
limn:HKT17_06655	ko:K14998
limn:HKT17_06660	ko:K15011
limn:HKT17_06665	ko:K15012
limn:HKT17_06680	ko:K17225
limn:HKT17_06690	ko:K17226
limn:HKT17_06695	ko:K17227
limn:HKT17_06700	ko:K17222
limn:HKT17_06705	ko:K17223
limn:HKT17_06710	ko:K17224
limn:HKT17_06740	ko:K14219
limn:HKT17_06770	ko:K02622
limn:HKT17_06775	ko:K14162
limn:HKT17_06780	ko:K14161
limn:HKT17_06785	ko:K14160
limn:HKT17_06790	ko:K01356
limn:HKT17_06795	ko:K09861
limn:HKT17_06800	ko:K03787
limn:HKT17_06805	ko:K00573
limn:HKT17_06810	ko:K06194
limn:HKT17_06815	ko:K03215
limn:HKT17_06820	ko:K19416
limn:HKT17_06825	ko:K00940
limn:HKT17_06830	ko:K06941
limn:HKT17_06835	ko:K15539
limn:HKT17_06840	ko:K03526
limn:HKT17_06845	ko:K01892
limn:HKT17_06855	ko:K17713
limn:HKT17_06860	ko:K03977
limn:HKT17_06875	ko:K18208
limn:HKT17_06880	ko:K01736
limn:HKT17_06885	ko:K05820
limn:HKT17_06895	ko:K01703
limn:HKT17_06900	ko:K16348
limn:HKT17_06905	ko:K01704
limn:HKT17_06910	ko:K00052
limn:HKT17_06915	ko:K00133
limn:HKT17_06920	ko:K08086
limn:HKT17_06925	ko:K06173
limn:HKT17_06930	ko:K01817
limn:HKT17_06935	ko:K01696
limn:HKT17_06940	ko:K01695
limn:HKT17_06945	ko:K01963
limn:HKT17_06950	ko:K11754
limn:HKT17_06955	ko:K03749
limn:HKT17_06960	ko:K03558
limn:HKT17_06965	ko:K00764
limn:HKT17_06970	ko:K00928
limn:HKT17_06975	ko:K14233
limn:HKT17_07010	ko:K05916
limn:HKT17_07015	ko:K12266
limn:HKT17_07020	ko:K03802
limn:HKT17_07025	ko:K03802
limn:HKT17_07030	ko:K06147
limn:HKT17_07040	ko:K02402
limn:HKT17_07045	ko:K02403
limn:HKT17_07055	ko:K01426
limn:HKT17_07060	ko:K09858
limn:HKT17_07065	ko:K04080
limn:HKT17_07070	ko:K23123
limn:HKT17_07075	ko:K23124
limn:HKT17_07080	ko:K07160
limn:HKT17_07085	ko:K06940
limn:HKT17_07090	ko:K07182
limn:HKT17_07095	ko:K02342
limn:HKT17_07100	ko:K06917
limn:HKT17_07105	ko:K07107
limn:HKT17_07120	ko:K00219
limn:HKT17_07125	ko:K02004
limn:HKT17_07130	ko:K06886
limn:HKT17_07135	ko:K09760
limn:HKT17_07140	ko:K01424
limn:HKT17_07145	ko:K12543
limn:HKT17_07155	ko:K12542
limn:HKT17_07160	ko:K12541
limn:HKT17_07165	ko:K03750
limn:HKT17_07170	ko:K03752
limn:HKT17_07175	ko:K02379
limn:HKT17_07180	ko:K03639
limn:HKT17_07210	ko:K00123
limn:HKT17_07215	ko:K00124
limn:HKT17_07225	ko:K00127
limn:HKT17_07235	ko:K08300
limn:HKT17_07240	ko:K06179
limn:HKT17_07245	ko:K01091
limn:HKT17_07255	ko:K04773
limn:HKT17_07260	ko:K07056
limn:HKT17_07265	ko:K25422
limn:HKT17_07270	ko:K07040
limn:HKT17_07275	ko:K02911
limn:HKT17_07280	ko:K03621
limn:HKT17_07285	ko:K00648
limn:HKT17_07290	ko:K00645
limn:HKT17_07295	ko:K00059
limn:HKT17_07300	ko:K02078
limn:HKT17_07305	ko:K09458
limn:HKT17_07310	ko:K03088
limn:HKT17_07315	ko:K03597
limn:HKT17_07320	ko:K03598
limn:HKT17_07325	ko:K04771
limn:HKT17_07330	ko:K03596
limn:HKT17_07335	ko:K03100
limn:HKT17_07340	ko:K03685
limn:HKT17_07345	ko:K03595
limn:HKT17_07350	ko:K03584
limn:HKT17_07355	ko:K03474
limn:HKT17_07360	ko:K00997
limn:HKT17_07365	ko:K01207
limn:HKT17_07370	ko:K03769
limn:HKT17_07375	ko:K05527
limn:HKT17_07380	ko:K06190
limn:HKT17_07385	ko:K07305
limn:HKT17_07390	ko:K08997
limn:HKT17_07395	ko:K20034
limn:HKT17_07415	ko:K06980
limn:HKT17_07420	ko:K07082
limn:HKT17_07425	ko:K00943
limn:HKT17_07430	ko:K02341
limn:HKT17_07435	ko:K02676
limn:HKT17_07440	ko:K03424
limn:HKT17_07445	ko:K06867
limn:HKT17_07450	ko:K03776
limn:HKT17_07460	ko:K03733
limn:HKT17_07485	ko:K03101
limn:HKT17_07500	ko:K07483
limn:HKT17_07505	ko:K08365
limn:HKT17_07510	ko:K08363
limn:HKT17_07515	ko:K08364
limn:HKT17_07520	ko:K00520
limn:HKT17_07525	ko:K07126
limn:HKT17_07535	ko:K07001
limn:HKT17_07555	ko:K22348
limn:HKT17_07580	ko:K07665
limn:HKT17_07585	ko:K07644
limn:HKT17_07615	ko:K07240
limn:HKT17_07620	ko:K04564
limn:HKT17_07645	ko:K14645
limn:HKT17_07680	ko:K08289
limn:HKT17_07690	ko:K01297
limn:HKT17_07700	ko:K01998
limn:HKT17_07705	ko:K01997
limn:HKT17_07710	ko:K01999
limn:HKT17_07715	ko:K01996
limn:HKT17_07720	ko:K01995
limn:HKT17_07725	ko:K01951
limn:HKT17_07735	ko:K00088
limn:HKT17_07740	ko:K09801
limn:HKT17_07750	ko:K03664
limn:HKT17_07765	ko:K01007
limn:HKT17_07770	ko:K09773
limn:HKT17_07775	ko:K01669
limn:HKT17_07780	ko:K03437
limn:HKT17_07785	ko:K03470
limn:HKT17_07790	ko:K00748
limn:HKT17_07795	ko:K00677
limn:HKT17_07800	ko:K02372
limn:HKT17_07805	ko:K02536
limn:HKT17_07810	ko:K06142
limn:HKT17_07815	ko:K07277
limn:HKT17_07820	ko:K11749
limn:HKT17_07825	ko:K00099
limn:HKT17_07830	ko:K00981
limn:HKT17_07835	ko:K00806
limn:HKT17_07840	ko:K02838
limn:HKT17_07845	ko:K09903
limn:HKT17_07850	ko:K02357
limn:HKT17_07855	ko:K02967
limn:HKT17_07860	ko:K01265
limn:HKT17_07865	ko:K00990
limn:HKT17_07870	ko:K19696
limn:HKT17_07875	ko:K00963
limn:HKT17_07880	ko:K01972
limn:HKT17_07890	ko:K03529
limn:HKT17_07895	ko:K09457
limn:HKT17_07900	ko:K14267
limn:HKT17_07905	ko:K00674
limn:HKT17_07915	ko:K07320
limn:HKT17_07920	ko:K06158
limn:HKT17_07930	ko:K11209
limn:HKT17_07935	ko:K01897
limn:HKT17_07945	ko:K07461
limn:HKT17_07960	ko:K01875
limn:HKT17_07965	ko:K07478
limn:HKT17_07970	ko:K03634
limn:HKT17_07975	ko:K03466
limn:HKT17_07980	ko:K00384
limn:HKT17_07995	ko:K04751
limn:HKT17_08000	ko:K01950
limn:HKT17_08005	ko:K09919
limn:HKT17_08010	ko:K01507
limn:HKT17_08015	ko:K02498
limn:HKT17_08020	ko:K13543
limn:HKT17_08025	ko:K01749
limn:HKT17_08030	ko:K01755
limn:HKT17_08035	ko:K11689
limn:HKT17_08040	ko:K11690
limn:HKT17_08055	ko:K11688
limn:HKT17_08060	ko:K03592
limn:HKT17_08065	ko:K09889
limn:HKT17_08070	ko:K03831
limn:HKT17_08075	ko:K06999
limn:HKT17_08100	ko:K06076
limn:HKT17_08105	ko:K18904
limn:HKT17_08110	ko:K18138
limn:HKT17_08115	ko:K03585
limn:HKT17_08125	ko:K14224
limn:HKT17_08130	ko:K14218
limn:HKT17_08140	ko:K00684
limn:HKT17_08145	ko:K21420
limn:HKT17_08150	ko:K00254
limn:HKT17_08155	ko:K18929
limn:HKT17_08160	ko:K18928
limn:HKT17_08170	ko:K07262
limn:HKT17_08195	ko:K03578
limn:HKT17_08200	ko:K14682
limn:HKT17_08205	ko:K01760
limn:HKT17_08210	ko:K01584
limn:HKT17_08220	ko:K01494
limn:HKT17_08230	ko:K01259
limn:HKT17_08235	ko:K03593
limn:HKT17_08270	ko:K00528
limn:HKT17_08275	ko:K01607
limn:HKT17_08305	ko:K13985
limn:HKT17_08330	ko:K09966
limn:HKT17_08335	ko:K19222
limn:HKT17_08340	ko:K00797
limn:HKT17_08345	ko:K01613
limn:HKT17_08350	ko:K01845
limn:HKT17_08360	ko:K00249
limn:HKT17_08370	ko:K21703
limn:HKT17_08375	ko:K07086
limn:HKT17_08385	ko:K03576
limn:HKT17_08390	ko:K00549
limn:HKT17_08395	ko:K00626
limn:HKT17_08400	ko:K11747
limn:HKT17_08425	ko:K06079
limn:HKT17_08450	ko:K02575
limn:HKT17_08460	ko:K01113
limn:HKT17_08465	ko:K07093
limn:HKT17_08520	ko:K09125
limn:HKT17_08525	ko:K13694
limn:HKT17_08530	ko:K03310
limn:HKT17_08535	ko:K07126
limn:HKT17_08550	ko:K07124
limn:HKT17_08560	ko:K02616
limn:HKT17_08565	ko:K07044
limn:HKT17_08570	ko:K06076
limn:HKT17_08580	ko:K22108
limn:HKT17_08590	ko:K06978
limn:HKT17_08595	ko:K00529
limn:HKT17_08610	ko:K04755
limn:HKT17_08635	ko:K07044
limn:HKT17_08645	ko:K13444
limn:HKT17_08695	ko:K00784
limn:HKT17_08715	ko:K01424
limn:HKT17_08725	ko:K07305
limn:HKT17_08730	ko:K07304
limn:HKT17_08745	ko:K20034
limn:HKT17_08755	ko:K14219
limn:HKT17_08760	ko:K00111
limn:HKT17_08765	ko:K00864
limn:HKT17_08800	ko:K14233
limn:HKT17_08810	ko:K15576
limn:HKT17_08815	ko:K15577
limn:HKT17_08820	ko:K15578
limn:HKT17_08825	ko:K11688
limn:HKT17_08830	ko:K11689
limn:HKT17_08835	ko:K11690
limn:HKT17_08845	ko:K03313
limn:HKT17_08850	ko:K14233
limn:HKT17_08860	ko:K00995
limn:HKT17_08865	ko:K03703
limn:HKT17_08870	ko:K21929
limn:HKT17_08875	ko:K01952
limn:HKT17_08880	ko:K23997
limn:HKT17_08885	ko:K02003
limn:HKT17_08890	ko:K10804
limn:HKT17_08900	ko:K03770
limn:HKT17_08905	ko:K14221
limn:HKT17_08910	ko:K14237
limn:HKT17_08915	ko:K03530
limn:HKT17_08920	ko:K01338
limn:HKT17_08925	ko:K03544
limn:HKT17_08930	ko:K01358
limn:HKT17_08935	ko:K03545
limn:HKT17_08940	ko:K14228
limn:HKT17_08945	ko:K02291
limn:HKT17_08950	ko:K18303
limn:HKT17_08955	ko:K18302
limn:HKT17_08960	ko:K04485
limn:HKT17_08965	ko:K01775
limn:HKT17_08970	ko:K08227
limn:HKT17_08975	ko:K21929
limn:HKT17_08980	ko:K03789
limn:HKT17_08985	ko:K14742
limn:HKT17_08990	ko:K01770
limn:HKT17_08995	ko:K00991
limn:HKT17_09000	ko:K03723
limn:HKT17_09005	ko:K07126
limn:HKT17_09010	ko:K01079
limn:HKT17_09015	ko:K12536
limn:HKT17_09020	ko:K12537
limn:HKT17_09025	ko:K12538
limn:HKT17_09040	ko:K00626
limn:HKT17_09045	ko:K14441
limn:HKT17_09055	ko:K00023
limn:HKT17_09060	ko:K00626
limn:HKT17_09065	ko:K03821
limn:HKT17_09070	ko:K05810
limn:HKT17_09075	ko:K06180
limn:HKT17_09080	ko:K05807
limn:HKT17_09085	ko:K03722
limn:HKT17_09100	ko:K06959
limn:HKT17_09105	ko:K06916
limn:HKT17_09110	ko:K00382
limn:HKT17_09115	ko:K00658
limn:HKT17_09120	ko:K00164
limn:HKT17_09130	ko:K01647
limn:HKT17_09135	ko:K09159
limn:HKT17_09140	ko:K00240
limn:HKT17_09145	ko:K00239
limn:HKT17_09150	ko:K00242
limn:HKT17_09155	ko:K00241
limn:HKT17_09160	ko:K03710
limn:HKT17_09165	ko:K00024
limn:HKT17_09170	ko:K01644
limn:HKT17_09190	ko:K07290
limn:HKT17_09195	ko:K06970
limn:HKT17_09210	ko:K15034
limn:HKT17_09215	ko:K02688
limn:HKT17_09220	ko:K03417
limn:HKT17_09225	ko:K01659
limn:HKT17_09230	ko:K20455
limn:HKT17_09235	ko:K09788
limn:HKT17_09240	ko:K01595
limn:HKT17_09245	ko:K01426
limn:HKT17_09255	ko:K01682
limn:HKT17_09280	ko:K27802
limn:HKT17_09285	ko:K02011
limn:HKT17_09290	ko:K02010
limn:HKT17_09305	ko:K12543
limn:HKT17_09310	ko:K12542
limn:HKT17_09315	ko:K12541
limn:HKT17_09335	ko:K06920
limn:HKT17_09340	ko:K14225
limn:HKT17_09345	ko:K14222
limn:HKT17_09350	ko:K14228
limn:HKT17_09355	ko:K01874
limn:HKT17_09360	ko:K03321
limn:HKT17_09370	ko:K05896
limn:HKT17_09375	ko:K03686
limn:HKT17_09380	ko:K04043
limn:HKT17_09385	ko:K03687
limn:HKT17_09390	ko:K01772
limn:HKT17_09395	ko:K03705
limn:HKT17_09400	ko:K00858
limn:HKT17_09405	ko:K03631
limn:HKT17_09410	ko:K03711
limn:HKT17_09415	ko:K06186
limn:HKT17_09420	ko:K00215
limn:HKT17_09425	ko:K09892
limn:HKT17_09430	ko:K09888
limn:HKT17_09440	ko:K07090
limn:HKT17_09445	ko:K13292
limn:HKT17_09450	ko:K01687
limn:HKT17_09460	ko:K08738
limn:HKT17_09470	ko:K01999
limn:HKT17_09475	ko:K01997
limn:HKT17_09480	ko:K01998
limn:HKT17_09485	ko:K01995
limn:HKT17_09490	ko:K01996
limn:HKT17_09495	ko:K00523
limn:HKT17_09515	ko:K00782
limn:HKT17_09520	ko:K05524
limn:HKT17_09525	ko:K00528
limn:HKT17_09530	ko:K05973
limn:HKT17_09535	ko:K03616
limn:HKT17_09540	ko:K10773
limn:HKT17_09570	ko:K09989
limn:HKT17_09585	ko:K04079
limn:HKT17_09590	ko:K02621
limn:HKT17_09595	ko:K03218
limn:HKT17_09600	ko:K12573
limn:HKT17_09605	ko:K14228
limn:HKT17_09615	ko:K07101
limn:HKT17_09620	ko:K01939
limn:HKT17_09625	ko:K02502
limn:HKT17_09630	ko:K09937
limn:HKT17_09635	ko:K04087
limn:HKT17_09640	ko:K04088
limn:HKT17_09645	ko:K03665
limn:HKT17_09650	ko:K03666
limn:HKT17_09655	ko:K07058
limn:HKT17_09660	ko:K03809
limn:HKT17_09675	ko:K05539
limn:HKT17_09680	ko:K06207
limn:HKT17_09685	ko:K03177
limn:HKT17_09690	ko:K02834
limn:HKT17_09695	ko:K02519
limn:HKT17_09700	ko:K02600
limn:HKT17_09705	ko:K09748
limn:HKT17_09710	ko:K06178
limn:HKT17_09715	ko:K06024
limn:HKT17_09720	ko:K06938
limn:HKT17_09730	ko:K14230
limn:HKT17_09735	ko:K00433
limn:HKT17_09755	ko:K18900
limn:HKT17_09770	ko:K19591
limn:HKT17_09775	ko:K00355
limn:HKT17_09780	ko:K09958
limn:HKT17_09785	ko:K07006
limn:HKT17_09890	ko:K12957
limn:HKT17_09960	ko:K02016
limn:HKT17_09970	ko:K03554
limn:HKT17_09975	ko:K00507
limn:HKT17_09980	ko:K06134
limn:HKT17_09985	ko:K14761
limn:HKT17_09995	ko:K01638
limn:HKT17_10010	ko:K07746
limn:HKT17_10015	ko:K19092
limn:HKT17_10055	ko:K07032
limn:HKT17_10070	ko:K07126
limn:HKT17_10165	ko:K07044
limn:HKT17_10170	ko:K06911
limn:HKT17_10180	ko:K01897
limn:HKT17_10190	ko:K07509
limn:HKT17_10200	ko:K00249
limn:HKT17_10210	ko:K00219
limn:HKT17_10220	ko:K00496
limn:HKT17_10225	ko:K07107
limn:HKT17_10250	ko:K09913
limn:HKT17_10275	ko:K09797
limn:HKT17_10290	ko:K18138
limn:HKT17_10295	ko:K03585
limn:HKT17_10300	ko:K23777
limn:HKT17_10310	ko:K28139
limn:HKT17_10315	ko:K22770
limn:HKT17_10320	ko:K22769
limn:HKT17_10345	ko:K03321
limn:HKT17_10360	ko:K02044
limn:HKT17_10365	ko:K02042
limn:HKT17_10370	ko:K02041
limn:HKT17_10375	ko:K03651
limn:HKT17_10395	ko:K11688
limn:HKT17_10400	ko:K11689
limn:HKT17_10405	ko:K11690
limn:HKT17_10410	ko:K07090
limn:HKT17_10415	ko:K22602
limn:HKT17_10425	ko:K02041
limn:HKT17_10430	ko:K02042
limn:HKT17_10435	ko:K02044
limn:HKT17_10470	ko:K02014
limn:HKT17_10480	ko:K24119
limn:HKT17_10485	ko:K03387
limn:HKT17_10520	ko:K03585
limn:HKT17_10525	ko:K18138
limn:HKT17_10535	ko:K27080
limn:HKT17_10560	ko:K15383
limn:HKT17_10565	ko:K16216
limn:HKT17_10570	ko:K03885
limn:HKT17_10575	ko:K03585
limn:HKT17_10580	ko:K18138
limn:HKT17_10585	ko:K18139
limn:HKT17_10590	ko:K16138
limn:HKT17_10595	ko:K02015
limn:HKT17_10600	ko:K02013
limn:HKT17_10605	ko:K19591
limn:HKT17_10610	ko:K17686
limn:HKT17_10615	ko:K07213
limn:HKT17_10625	ko:K03308
limn:HKT17_10630	ko:K25227
limn:HKT17_10635	ko:K06991
limn:HKT17_10665	ko:K06218
limn:HKT17_10670	ko:K14233
limn:HKT17_10675	ko:K14393
limn:HKT17_10680	ko:K01895
limn:HKT17_10690	ko:K01676
limn:HKT17_10700	ko:K01908
limn:HKT17_10705	ko:K02012
limn:HKT17_10725	ko:K00059
limn:HKT17_10730	ko:K00799
limn:HKT17_10735	ko:K07146
limn:HKT17_10740	ko:K03699
limn:HKT17_10755	ko:K03527
limn:HKT17_10760	ko:K03774
limn:HKT17_10765	ko:K01759
limn:HKT17_10770	ko:K03630
limn:HKT17_10775	ko:K02902
limn:HKT17_10780	ko:K02913
limn:HKT17_10785	ko:K00507
limn:HKT17_10790	ko:K03500
limn:HKT17_10795	ko:K11175
limn:HKT17_10800	ko:K11753
limn:HKT17_10805	ko:K01870
limn:HKT17_10810	ko:K03101
limn:HKT17_10815	ko:K13038
limn:HKT17_10820	ko:K01520
limn:HKT17_10830	ko:K03694
limn:HKT17_10835	ko:K06891
limn:HKT17_10840	ko:K03704
limn:HKT17_10845	ko:K00031
limn:HKT17_10850	ko:K09005
limn:HKT17_10855	ko:K04564
limn:HKT17_10860	ko:K03601
limn:HKT17_10865	ko:K03561
limn:HKT17_10870	ko:K03559
limn:HKT17_10875	ko:K00912
limn:HKT17_10880	ko:K09791
limn:HKT17_10885	ko:K00979
limn:HKT17_10890	ko:K00939
limn:HKT17_10895	ko:K03980
limn:HKT17_10900	ko:K02968
limn:HKT17_10910	ko:K09007
limn:HKT17_10915	ko:K01662
limn:HKT17_10920	ko:K00795
limn:HKT17_10925	ko:K03602
limn:HKT17_10935	ko:K03710
limn:HKT17_10945	ko:K16267
limn:HKT17_10950	ko:K01061
limn:HKT17_10955	ko:K02335
limn:HKT17_10965	ko:K02204
limn:HKT17_10975	ko:K03657
limn:HKT17_10980	ko:K01869
limn:HKT17_10985	ko:K03643
limn:HKT17_10990	ko:K02340
limn:HKT17_10995	ko:K00147
limn:HKT17_11000	ko:K08973
limn:HKT17_11005	ko:K25137
limn:HKT17_11010	ko:K00432
limn:HKT17_11015	ko:K02669
limn:HKT17_11020	ko:K06997
limn:HKT17_11025	ko:K00286
limn:HKT17_11030	ko:K03179
limn:HKT17_11035	ko:K04761
limn:HKT17_11050	ko:K03655
limn:HKT17_11055	ko:K02884
limn:HKT17_11060	ko:K00554
limn:HKT17_11065	ko:K02860
limn:HKT17_11070	ko:K02959
limn:HKT17_11080	ko:K03274
limn:HKT17_11085	ko:K21344
limn:HKT17_11090	ko:K19804
limn:HKT17_11100	ko:K05788
limn:HKT17_11105	ko:K02945
limn:HKT17_11110	ko:K00945
limn:HKT17_11115	ko:K00800
limn:HKT17_11120	ko:K04517
limn:HKT17_11125	ko:K00817
limn:HKT17_11130	ko:K14170
limn:HKT17_11135	ko:K00831
limn:HKT17_11140	ko:K02469
limn:HKT17_11145	ko:K12960
limn:HKT17_11150	ko:K03286
limn:HKT17_11155	ko:K00568
limn:HKT17_11160	ko:K22292
limn:HKT17_11165	ko:K15035
limn:HKT17_11170	ko:K08738
limn:HKT17_11175	ko:K21430
limn:HKT17_11180	ko:K05786
limn:HKT17_11190	ko:K10680
limn:HKT17_11205	ko:K01070
limn:HKT17_11210	ko:K00121
limn:HKT17_11225	ko:K07394
limn:HKT17_11230	ko:K03415
limn:HKT17_11240	ko:K06987
limn:HKT17_11245	ko:K07003
limn:HKT17_11265	ko:K10778
limn:HKT17_11285	ko:K01985
limn:HKT17_11290	ko:K01980
limn:HKT17_11295	ko:K14218
limn:HKT17_11300	ko:K14227
limn:HKT17_11305	ko:K01977
limn:HKT17_11310	ko:K06183
limn:HKT17_11315	ko:K02356
limn:HKT17_11330	ko:K03733
limn:HKT17_11335	ko:K09921
limn:HKT17_11340	ko:K01778
limn:HKT17_11345	ko:K02517
limn:HKT17_11350	ko:K02517
limn:HKT17_11355	ko:K00789
limn:HKT17_11360	ko:K01251
limn:HKT17_11365	ko:K06442
limn:HKT17_11370	ko:K00297
limn:HKT17_11375	ko:K01934
limn:HKT17_11380	ko:K08309
limn:HKT17_11390	ko:K00821
limn:HKT17_11395	ko:K00611
limn:HKT17_11400	ko:K01940
limn:HKT17_11410	ko:K00075
limn:HKT17_11415	ko:K09767
limn:HKT17_11420	ko:K03187
limn:HKT17_11425	ko:K01256
limn:HKT17_11430	ko:K03841
limn:HKT17_11435	ko:K01423
limn:HKT17_11440	ko:K03637
limn:HKT17_11445	ko:K02650
limn:HKT17_11450	ko:K01902
limn:HKT17_11455	ko:K01903
limn:HKT17_11460	ko:K03565
limn:HKT17_11465	ko:K03553
limn:HKT17_11470	ko:K03743
limn:HKT17_11475	ko:K01095
limn:HKT17_11480	ko:K00946
limn:HKT17_11485	ko:K03625
limn:HKT17_11490	ko:K00794
limn:HKT17_11495	ko:K14652
limn:HKT17_11500	ko:K03820
limn:HKT17_11505	ko:K06189
limn:HKT17_11510	ko:K06168
limn:HKT17_11515	ko:K06134
limn:HKT17_11520	ko:K07397
limn:HKT17_11525	ko:K02871
limn:HKT17_11530	ko:K02996
limn:HKT17_11535	ko:K00145
limn:HKT17_11550	ko:K15724
limn:HKT17_11555	ko:K13936
limn:HKT17_11560	ko:K00791
limn:HKT17_11565	ko:K03572
limn:HKT17_11570	ko:K01448
limn:HKT17_11575	ko:K06925
limn:HKT17_11580	ko:K18979
limn:HKT17_11585	ko:K01933
limn:HKT17_11590	ko:K10763
limn:HKT17_11595	ko:K28842
limn:HKT17_11600	ko:K00970
limn:HKT17_11605	ko:K00950
limn:HKT17_11615	ko:K00606
limn:HKT17_11620	ko:K01918
limn:HKT17_11625	ko:K01579
limn:HKT17_11630	ko:K07566
limn:HKT17_11635	ko:K01589
limn:HKT17_11640	ko:K01588
limn:HKT17_11645	ko:K01923
limn:HKT17_11650	ko:K01624
limn:HKT17_11655	ko:K00873
limn:HKT17_11660	ko:K00927
limn:HKT17_11670	ko:K14645
limn:HKT17_11675	ko:K00134
limn:HKT17_11680	ko:K00615
limn:HKT17_11685	ko:K09761
limn:HKT17_11690	ko:K00135
limn:HKT17_11695	ko:K01878
limn:HKT17_11700	ko:K01879
limn:HKT17_11705	ko:K03273
limn:HKT17_11710	ko:K00655
limn:HKT17_11720	ko:K05540
limn:HKT17_11725	ko:K03557
limn:HKT17_11730	ko:K00602
limn:HKT17_11735	ko:K01159
limn:HKT17_11740	ko:K03550
limn:HKT17_11745	ko:K03551
limn:HKT17_11750	ko:K00635
limn:HKT17_11755	ko:K07107
limn:HKT17_11760	ko:K03562
limn:HKT17_11765	ko:K03560
limn:HKT17_11775	ko:K03641
limn:HKT17_11780	ko:K03640
limn:HKT17_11790	ko:K07112
limn:HKT17_11795	ko:K14230
limn:HKT17_11820	ko:K22105
limn:HKT17_11835	ko:K09001
limn:HKT17_11845	ko:K01866
limn:HKT17_11850	ko:K15634
limn:HKT17_11855	ko:K00600
limn:HKT17_11860	ko:K07738
limn:HKT17_11865	ko:K11752
limn:HKT17_11870	ko:K00793
limn:HKT17_11885	ko:K06213
limn:HKT17_11895	ko:K03342
limn:HKT17_11900	ko:K07001
limn:HKT17_11905	ko:K00029
limn:HKT17_11920	ko:K03182
limn:HKT17_11940	ko:K07259
limn:HKT17_11955	ko:K03281
limn:HKT17_11965	ko:K11712
limn:HKT17_11970	ko:K11711
limn:HKT17_11975	ko:K11688
limn:HKT17_11985	ko:K04078
limn:HKT17_11990	ko:K04077
limn:HKT17_12000	ko:K02909
limn:HKT17_12010	ko:K26939
limn:HKT17_12015	ko:K13288
limn:HKT17_12020	ko:K06013
limn:HKT17_12025	ko:K01724
limn:HKT17_12030	ko:K06949
limn:HKT17_12035	ko:K02227
limn:HKT17_12045	ko:K03185
limn:HKT17_12050	ko:K01262
limn:HKT17_12055	ko:K00992
limn:HKT17_12060	ko:K07102
limn:HKT17_12065	ko:K04744
limn:HKT17_12070	ko:K03771
limn:HKT17_12075	ko:K00097
limn:HKT17_12080	ko:K02528
limn:HKT17_12085	ko:K01776
limn:HKT17_12095	ko:K20974
limn:HKT17_12115	ko:K00426
limn:HKT17_12120	ko:K00425
limn:HKT17_12125	ko:K07552
limn:HKT17_12140	ko:K00042
limn:HKT17_12145	ko:K13634
limn:HKT17_12150	ko:K07090
limn:HKT17_12155	ko:K00381
limn:HKT17_12165	ko:K00390
limn:HKT17_12170	ko:K00957
limn:HKT17_12175	ko:K00956
limn:HKT17_12180	ko:K02303
limn:HKT17_12190	ko:K03795
limn:HKT17_12195	ko:K11720
limn:HKT17_12200	ko:K07091
limn:HKT17_12205	ko:K01255
limn:HKT17_12210	ko:K02339
limn:HKT17_12220	ko:K03406
limn:HKT17_12225	ko:K01873
limn:HKT17_12245	ko:K04085
limn:HKT17_12255	ko:K01872
limn:HKT17_12260	ko:K01126
limn:HKT17_12270	ko:K00836
limn:HKT17_12280	ko:K00135
limn:HKT17_12290	ko:K09768
limn:HKT17_12305	ko:K00344
limn:HKT17_12325	ko:K07090
limn:HKT17_12330	ko:K03406
limn:HKT17_12335	ko:K08972
limn:HKT17_12360	ko:K22769
limn:HKT17_12365	ko:K22770
limn:HKT17_12370	ko:K02398
limn:HKT17_12395	ko:K14230
limn:HKT17_12400	ko:K03086
limn:HKT17_12405	ko:K02316
limn:HKT17_12410	ko:K09117
limn:HKT17_12415	ko:K02970
limn:HKT17_12430	ko:K00372
limn:HKT17_12435	ko:K26138
limn:HKT17_12440	ko:K26139
limn:HKT17_12455	ko:K25706
limn:HKT17_12465	ko:K00104
limn:HKT17_12470	ko:K11472
limn:HKT17_12475	ko:K11473
limn:HKT17_12490	ko:K22067
limn:HKT17_12495	ko:K07183
limn:HKT17_12500	ko:K00275
limn:HKT17_12505	ko:K04763
limn:HKT17_12510	ko:K08591
limn:HKT17_12525	ko:K03701
limn:HKT17_12550	ko:K01626
limn:HKT17_12560	ko:K03568
limn:HKT17_12565	ko:K11206
limn:HKT17_12575	ko:K00982
limn:HKT17_12580	ko:K03814
limn:HKT17_12585	ko:K00014
limn:HKT17_12590	ko:K03832
limn:HKT17_12595	ko:K01147
limn:HKT17_12600	ko:K03181
limn:HKT17_12605	ko:K07000
limn:HKT17_12610	ko:K02558
limn:HKT17_12625	ko:K02160
limn:HKT17_12630	ko:K01961
limn:HKT17_12635	ko:K02687
limn:HKT17_12645	ko:K00856
limn:HKT17_12650	ko:K06077
limn:HKT17_12655	ko:K02221
limn:HKT17_12670	ko:K10215
limn:HKT17_12725	ko:K07137
limn:HKT17_12735	ko:K09384
limn:HKT17_12740	ko:K07459
limn:HKT17_12745	ko:K03657
limn:HKT17_12770	ko:K11903
limn:HKT17_12775	ko:K00526
limn:HKT17_12780	ko:K00525
limn:HKT17_12785	ko:K03806
limn:HKT17_12790	ko:K06950
limn:HKT17_12800	ko:K03106
limn:HKT17_12810	ko:K01881
limn:HKT17_12815	ko:K08311
limn:HKT17_12835	ko:K00931
limn:HKT17_12840	ko:K03979
limn:HKT17_12845	ko:K02899
limn:HKT17_12850	ko:K02888
limn:HKT17_12855	ko:K02523
limn:HKT17_12860	ko:K02652
limn:HKT17_12865	ko:K02653
limn:HKT17_12870	ko:K02654
limn:HKT17_12875	ko:K00859
limn:HKT17_12880	ko:K18778
limn:HKT17_12885	ko:K03574
limn:HKT17_12890	ko:K06923
limn:HKT17_12895	ko:K00620
limn:HKT17_12900	ko:K03070
limn:HKT17_12915	ko:K02535
limn:HKT17_12920	ko:K24138
limn:HKT17_12925	ko:K03531
limn:HKT17_12930	ko:K03590
limn:HKT17_12935	ko:K03589
limn:HKT17_12940	ko:K01921
limn:HKT17_12945	ko:K01924
limn:HKT17_12950	ko:K02563
limn:HKT17_12955	ko:K03588
limn:HKT17_12960	ko:K01925
limn:HKT17_12965	ko:K01000
limn:HKT17_12970	ko:K01929
limn:HKT17_12975	ko:K01928
limn:HKT17_12980	ko:K03587
limn:HKT17_12985	ko:K03586
limn:HKT17_12990	ko:K03438
limn:HKT17_12995	ko:K03925
limn:HKT17_13000	ko:K01978
limn:HKT17_13010	ko:K01465
limn:HKT17_13015	ko:K11529
limn:HKT17_13040	ko:K01985
limn:HKT17_13045	ko:K01980
limn:HKT17_13050	ko:K14218
limn:HKT17_13055	ko:K14227
limn:HKT17_13060	ko:K01977
limn:HKT17_13065	ko:K01692
limn:HKT17_13075	ko:K01669
limn:HKT17_13085	ko:K19745
limn:HKT17_13095	ko:K01609
limn:HKT17_13100	ko:K00766
limn:HKT17_13105	ko:K01658
limn:HKT17_13110	ko:K01657
limn:HKT17_13115	ko:K01091
limn:HKT17_13120	ko:K01783
limn:HKT17_13125	ko:K06195
limn:HKT17_13135	ko:K08304
limn:HKT17_13140	ko:K03981
limn:HKT17_13145	ko:K18800
limn:HKT17_13150	ko:K14231
limn:HKT17_13185	ko:K03496
limn:HKT17_13190	ko:K01434
limn:HKT17_13195	ko:K03496
limn:HKT17_13200	ko:K00154
limn:HKT17_13205	ko:K07003
limn:HKT17_13235	ko:K08679
limn:HKT17_13240	ko:K00860
limn:HKT17_13300	ko:K09004
limn:HKT17_13320	ko:K06518
limn:HKT17_13330	ko:K01897
limn:HKT17_13335	ko:K01796
limn:HKT17_13340	ko:K06445
limn:HKT17_13345	ko:K01782
limn:HKT17_13350	ko:K00626
limn:HKT17_13375	ko:K03320
limn:HKT17_13390	ko:K09800
limn:HKT17_13395	ko:K07278
limn:HKT17_13420	ko:K22105
limn:HKT17_13430	ko:K02492
limn:HKT17_13435	ko:K02835
limn:HKT17_13440	ko:K02493
limn:HKT17_13445	ko:K07390
limn:HKT17_13450	ko:K03186
limn:HKT17_13460	ko:K14234
limn:HKT17_13465	ko:K03600
limn:HKT17_13470	ko:K03599
limn:HKT17_13475	ko:K00413
limn:HKT17_13480	ko:K00412
limn:HKT17_13485	ko:K00411
limn:HKT17_13495	ko:K04772
limn:HKT17_13500	ko:K03118
limn:HKT17_13505	ko:K03117
limn:HKT17_13510	ko:K03116
limn:HKT17_13515	ko:K02503
limn:HKT17_13520	ko:K01523
limn:HKT17_13525	ko:K01496
limn:HKT17_13530	ko:K02500
limn:HKT17_13535	ko:K01814
limn:HKT17_13540	ko:K02501
limn:HKT17_13545	ko:K01693
limn:HKT17_13550	ko:K00817
limn:HKT17_13555	ko:K00013
limn:HKT17_13560	ko:K00765
limn:HKT17_13565	ko:K00790
limn:HKT17_13575	ko:K01992
limn:HKT17_13580	ko:K01990
limn:HKT17_13585	ko:K07122
limn:HKT17_13590	ko:K07323
limn:HKT17_13595	ko:K04754
limn:HKT17_13600	ko:K02067
limn:HKT17_13605	ko:K02066
limn:HKT17_13610	ko:K02065
limn:HKT17_13620	ko:K02652
limn:HKT17_13655	ko:K03455
limn:HKT17_13660	ko:K06041
limn:HKT17_13665	ko:K03270
limn:HKT17_13670	ko:K11719
limn:HKT17_13675	ko:K09774
limn:HKT17_13680	ko:K06861
limn:HKT17_13685	ko:K03092
limn:HKT17_13690	ko:K05808
limn:HKT17_13695	ko:K02806
limn:HKT17_13700	ko:K06023
limn:HKT17_13705	ko:K06958
limn:HKT17_13710	ko:K03575
limn:HKT17_13715	ko:K10563
limn:HKT17_13730	ko:K00919
limn:HKT17_13735	ko:K14223
limn:HKT17_13740	ko:K00948
limn:HKT17_13745	ko:K02897
limn:HKT17_13755	ko:K03719
limn:HKT17_13760	ko:K01649
limn:HKT17_13765	ko:K01056
limn:HKT17_13775	ko:K06942
limn:HKT17_13800	ko:K00954
limn:HKT17_13805	ko:K08316
limn:HKT17_13810	ko:K07263
limn:HKT17_13815	ko:K07263
limn:HKT17_13820	ko:K03110
limn:HKT17_13825	ko:K09812
limn:HKT17_13830	ko:K09811
limn:HKT17_13840	ko:K00067
limn:HKT17_13845	ko:K01710
limn:HKT17_13855	ko:K03413
limn:HKT17_13860	ko:K05785
limn:HKT17_13865	ko:K02014
limn:HKT17_13870	ko:K01790
limn:HKT17_13875	ko:K00973
limn:HKT17_13890	ko:K20975
limn:HKT17_13895	ko:K16011
limn:HKT17_13900	ko:K02377
limn:HKT17_13905	ko:K01711
limn:HKT17_13945	ko:K25307
limn:HKT17_13950	ko:K16692
limn:HKT17_13955	ko:K01991
limn:HKT17_13970	ko:K03818
limn:HKT17_14005	ko:K01854
limn:HKT17_14015	ko:K00012
limn:HKT17_14025	ko:K01784
limn:HKT17_14045	ko:K07052
limn:HKT17_14070	ko:K07154
limn:HKT17_14085	ko:K07171
limn:HKT17_14115	ko:K18829
limn:HKT17_14120	ko:K00012
limn:HKT17_14125	ko:K08678
limn:HKT17_14160	ko:K24300
limn:HKT17_14180	ko:K03208
limn:HKT17_14195	ko:K14645
limn:HKT17_14200	ko:K07093
limn:HKT17_14210	ko:K15724
limn:HKT17_14230	ko:K18829
limn:HKT17_14255	ko:K15773
limn:HKT17_14265	ko:K01652
limn:HKT17_14285	ko:K06889
limn:HKT17_14300	ko:K06135
limn:HKT17_14305	ko:K07689
limn:HKT17_14310	ko:K07675
limn:HKT17_14330	ko:K02014
limn:HKT17_14335	ko:K03089
limn:HKT17_14340	ko:K00799
limn:HKT17_14355	ko:K07152
limn:HKT17_14360	ko:K02257
limn:HKT17_14365	ko:K02259
limn:HKT17_14375	ko:K14998
limn:HKT17_14385	ko:K02276
limn:HKT17_14395	ko:K02258
limn:HKT17_14405	ko:K02274
limn:HKT17_14410	ko:K02275
limn:HKT17_14420	ko:K02169
limn:HKT17_14430	ko:K03216
limn:HKT17_14435	ko:K00057
limn:HKT17_14440	ko:K03071
limn:HKT17_14445	ko:K03676
limn:HKT17_14455	ko:K01834
limn:HKT17_14460	ko:K22719
limn:HKT17_14465	ko:K03797
limn:HKT17_14470	ko:K21029
limn:HKT17_14475	ko:K07025
limn:HKT17_14480	ko:K08640
limn:HKT17_14490	ko:K02452
limn:HKT17_14495	ko:K02456
limn:HKT17_14500	ko:K02457
limn:HKT17_14505	ko:K02458
limn:HKT17_14510	ko:K02459
limn:HKT17_14515	ko:K02460
limn:HKT17_14520	ko:K02461
limn:HKT17_14525	ko:K02462
limn:HKT17_14530	ko:K02463
limn:HKT17_14535	ko:K02453
limn:HKT17_14540	ko:K02454
limn:HKT17_14545	ko:K02455
limn:HKT17_14570	ko:K01640
limn:HKT17_14575	ko:K01968
limn:HKT17_14580	ko:K13766
limn:HKT17_14585	ko:K01969
limn:HKT17_14605	ko:K10215
limn:HKT17_14615	ko:K00906
limn:HKT17_14625	ko:K00253
limn:HKT17_14640	ko:K06204
limn:HKT17_14650	ko:K07056
limn:HKT17_14655	ko:K07460
limn:HKT17_14660	ko:K03271
limn:HKT17_14665	ko:K28369
limn:HKT17_14675	ko:K04762
limn:HKT17_14680	ko:K07246
limn:HKT17_14695	ko:K11907
limn:HKT17_14700	ko:K11895
limn:HKT17_14705	ko:K11896
limn:HKT17_14710	ko:K11897
limn:HKT17_14715	ko:K11903
limn:HKT17_14720	ko:K11903
limn:HKT17_14725	ko:K11900
limn:HKT17_14730	ko:K11901
limn:HKT17_14735	ko:K11902
limn:HKT17_14740	ko:K00383
limn:HKT17_14750	ko:K15777
limn:HKT17_14760	ko:K07238
limn:HKT17_14770	ko:K04761
limn:HKT17_14795	ko:K16091
limn:HKT17_14800	ko:K15012
limn:HKT17_14805	ko:K15011
limn:HKT17_14810	ko:K02014
limn:HKT17_14825	ko:K07302
limn:HKT17_14830	ko:K07303
limn:HKT17_14835	ko:K07402
limn:HKT17_14840	ko:K07141
limn:HKT17_14850	ko:K07168
limn:HKT17_14890	ko:K07396
limn:HKT17_14905	ko:K00528
limn:HKT17_14915	ko:K15555
limn:HKT17_14920	ko:K15554
limn:HKT17_14925	ko:K15553
limn:HKT17_14930	ko:K05524
limn:HKT17_14950	ko:K03710
limn:HKT17_14960	ko:K21900
limn:HKT17_14980	ko:K00645
limn:HKT17_14985	ko:K13930
limn:HKT17_14990	ko:K13934
limn:HKT17_14995	ko:K13933
limn:HKT17_15000	ko:K13932
limn:HKT17_15005	ko:K13931
limn:HKT17_15010	ko:K13929
limn:HKT17_15015	ko:K11690
limn:HKT17_15020	ko:K11689
limn:HKT17_15025	ko:K11688
limn:HKT17_15030	ko:K01799
limn:HKT17_15035	ko:K01560
limn:HKT17_15070	ko:K01669
limn:HKT17_15075	ko:K06153
limn:HKT17_15105	ko:K03098
limn:HKT17_15130	ko:K07032
limn:HKT17_15135	ko:K14219
limn:HKT17_15145	ko:K16135
limn:HKT17_15150	ko:K07090
limn:HKT17_15155	ko:K07678
limn:HKT17_15170	ko:K09971
limn:HKT17_15175	ko:K09970
limn:HKT17_15180	ko:K09969
limn:HKT17_15220	ko:K07116
limn:HKT17_15225	ko:K00140
limn:HKT17_15230	ko:K03321
limn:HKT17_15245	ko:K03717
limn:HKT17_15290	ko:K03656
limn:HKT17_15295	ko:K04066
limn:HKT17_15300	ko:K01599
limn:HKT17_15305	ko:K06929
limn:HKT17_15325	ko:K02114
limn:HKT17_15330	ko:K02112
limn:HKT17_15335	ko:K02115
limn:HKT17_15340	ko:K02111
limn:HKT17_15345	ko:K02113
limn:HKT17_15350	ko:K02109
limn:HKT17_15355	ko:K02110
limn:HKT17_15360	ko:K02108
limn:HKT17_15365	ko:K02116
limn:HKT17_15370	ko:K03497
limn:HKT17_15375	ko:K03496
limn:HKT17_15380	ko:K03501
limn:HKT17_15385	ko:K03495
limn:HKT17_15390	ko:K07090
limn:HKT17_15395	ko:K01596
limn:HKT17_15435	ko:K07678
limn:HKT17_15460	ko:K03650
limn:HKT17_15465	ko:K03217
limn:HKT17_15470	ko:K08998
limn:HKT17_15475	ko:K03536
limn:HKT17_15480	ko:K02914
