lsx:H8B22_00040	ko:K00903
lsx:H8B22_00045	ko:K25590
lsx:H8B22_00050	ko:K01991
lsx:H8B22_00055	ko:K08679
lsx:H8B22_00060	ko:K02474
lsx:H8B22_00065	ko:K01784
lsx:H8B22_00075	ko:K07223
lsx:H8B22_00085	ko:K08994
lsx:H8B22_00095	ko:K00426
lsx:H8B22_00100	ko:K00425
lsx:H8B22_00135	ko:K15977
lsx:H8B22_00140	ko:K19784
lsx:H8B22_00150	ko:K06199
lsx:H8B22_00155	ko:K07478
lsx:H8B22_00160	ko:K03634
lsx:H8B22_00165	ko:K03466
lsx:H8B22_00170	ko:K00384
lsx:H8B22_00180	ko:K09919
lsx:H8B22_00185	ko:K00684
lsx:H8B22_00190	ko:K02518
lsx:H8B22_00200	ko:K03694
lsx:H8B22_00205	ko:K06891
lsx:H8B22_00220	ko:K00566
lsx:H8B22_00225	ko:K07153
lsx:H8B22_00230	ko:K01682
lsx:H8B22_00245	ko:K27802
lsx:H8B22_00255	ko:K01897
lsx:H8B22_00260	ko:K13816
lsx:H8B22_00265	ko:K10715
lsx:H8B22_00270	ko:K13815
lsx:H8B22_00275	ko:K04567
lsx:H8B22_00280	ko:K02836
lsx:H8B22_00285	ko:K07462
lsx:H8B22_00295	ko:K03624
lsx:H8B22_00300	ko:K01955
lsx:H8B22_00310	ko:K01956
lsx:H8B22_00320	ko:K00215
lsx:H8B22_00325	ko:K03686
lsx:H8B22_00330	ko:K04043
lsx:H8B22_00335	ko:K03687
lsx:H8B22_00340	ko:K03705
lsx:H8B22_00345	ko:K03631
lsx:H8B22_00350	ko:K03711
lsx:H8B22_00355	ko:K06186
lsx:H8B22_00360	ko:K09801
lsx:H8B22_00370	ko:K03664
lsx:H8B22_00380	ko:K07787
lsx:H8B22_00385	ko:K07798
lsx:H8B22_00440	ko:K02483
lsx:H8B22_00445	ko:K04063
lsx:H8B22_00450	ko:K09929
lsx:H8B22_00455	ko:K09930
lsx:H8B22_00465	ko:K15977
lsx:H8B22_00475	ko:K06196
lsx:H8B22_00485	ko:K04063
lsx:H8B22_00495	ko:K01821
lsx:H8B22_00510	ko:K00459
lsx:H8B22_00520	ko:K07124
lsx:H8B22_00530	ko:K03446
lsx:H8B22_00535	ko:K03543
lsx:H8B22_00540	ko:K00626
lsx:H8B22_00555	ko:K15035
lsx:H8B22_00565	ko:K00635
lsx:H8B22_00570	ko:K01775
lsx:H8B22_00580	ko:K02314
lsx:H8B22_00585	ko:K02939
lsx:H8B22_00590	ko:K02963
lsx:H8B22_00595	ko:K02990
lsx:H8B22_00605	ko:K13628
lsx:H8B22_00610	ko:K01893
lsx:H8B22_00625	ko:K07734
lsx:H8B22_00630	ko:K00059
lsx:H8B22_00640	ko:K10217
lsx:H8B22_00645	ko:K01673
lsx:H8B22_00650	ko:K15067
lsx:H8B22_00655	ko:K00452
lsx:H8B22_00660	ko:K03392
lsx:H8B22_00665	ko:K01556
lsx:H8B22_00670	ko:K00486
lsx:H8B22_00675	ko:K01141
lsx:H8B22_00715	ko:K01081
lsx:H8B22_00720	ko:K00858
lsx:H8B22_00725	ko:K15371
lsx:H8B22_00740	ko:K00548
lsx:H8B22_00745	ko:K00548
lsx:H8B22_00765	ko:K03745
lsx:H8B22_00770	ko:K00012
lsx:H8B22_00775	ko:K03772
lsx:H8B22_00780	ko:K03772
lsx:H8B22_00795	ko:K01990
lsx:H8B22_00800	ko:K01992
lsx:H8B22_00820	ko:K01679
lsx:H8B22_00825	ko:K01756
lsx:H8B22_00830	ko:K00799
lsx:H8B22_00835	ko:K00459
lsx:H8B22_00850	ko:K18850
lsx:H8B22_00860	ko:K00164
lsx:H8B22_00865	ko:K00658
lsx:H8B22_00870	ko:K00382
lsx:H8B22_00885	ko:K19745
lsx:H8B22_00890	ko:K02658
lsx:H8B22_00895	ko:K05516
lsx:H8B22_00900	ko:K24138
lsx:H8B22_00905	ko:K05367
lsx:H8B22_00910	ko:K06894
lsx:H8B22_00915	ko:K02469
lsx:H8B22_00920	ko:K08963
lsx:H8B22_00925	ko:K04568
lsx:H8B22_00930	ko:K01972
lsx:H8B22_00935	ko:K03528
lsx:H8B22_00940	ko:K03529
lsx:H8B22_00945	ko:K05527
lsx:H8B22_00950	ko:K09780
lsx:H8B22_00955	ko:K05896
lsx:H8B22_00960	ko:K06024
lsx:H8B22_00965	ko:K06178
lsx:H8B22_00975	ko:K17830
lsx:H8B22_00980	ko:K13566
lsx:H8B22_00985	ko:K03205
lsx:H8B22_01000	ko:K03201
lsx:H8B22_01010	ko:K03199
lsx:H8B22_01015	ko:K03198
lsx:H8B22_01020	ko:K03197
lsx:H8B22_01025	ko:K03194
lsx:H8B22_01030	ko:K03196
lsx:H8B22_01035	ko:K03195
lsx:H8B22_01040	ko:K03204
lsx:H8B22_01045	ko:K03203
lsx:H8B22_01055	ko:K14287
lsx:H8B22_01065	ko:K02193
lsx:H8B22_01070	ko:K02194
lsx:H8B22_01075	ko:K02195
lsx:H8B22_01080	ko:K02196
lsx:H8B22_01085	ko:K02197
lsx:H8B22_01090	ko:K02198
lsx:H8B22_01095	ko:K02199
lsx:H8B22_01100	ko:K02200
lsx:H8B22_01105	ko:K02200
lsx:H8B22_01110	ko:K23775
lsx:H8B22_01115	ko:K04063
lsx:H8B22_01120	ko:K00641
lsx:H8B22_01125	ko:K24700
lsx:H8B22_01130	ko:K08983
lsx:H8B22_01135	ko:K14228
lsx:H8B22_01165	ko:K03821
lsx:H8B22_01170	ko:K22881
lsx:H8B22_01175	ko:K17103
lsx:H8B22_01180	ko:K02346
lsx:H8B22_01185	ko:K07386
lsx:H8B22_01190	ko:K01126
lsx:H8B22_01195	ko:K03294
lsx:H8B22_01200	ko:K00574
lsx:H8B22_01210	ko:K06182
lsx:H8B22_01215	ko:K06975
lsx:H8B22_01245	ko:K03305
lsx:H8B22_01250	ko:K00799
lsx:H8B22_01275	ko:K07001
lsx:H8B22_01290	ko:K28138
lsx:H8B22_01310	ko:K14237
lsx:H8B22_01315	ko:K00537
lsx:H8B22_01325	ko:K02474
lsx:H8B22_01330	ko:K14228
lsx:H8B22_01335	ko:K14222
lsx:H8B22_01340	ko:K14225
lsx:H8B22_01345	ko:K00995
lsx:H8B22_01350	ko:K03703
lsx:H8B22_01355	ko:K25307
lsx:H8B22_01360	ko:K00979
lsx:H8B22_01365	ko:K00912
lsx:H8B22_01370	ko:K11085
lsx:H8B22_01375	ko:K03559
lsx:H8B22_01380	ko:K03561
lsx:H8B22_01385	ko:K02238
lsx:H8B22_01390	ko:K09810
lsx:H8B22_01395	ko:K09808
lsx:H8B22_01400	ko:K19168
lsx:H8B22_01405	ko:K09159
lsx:H8B22_01415	ko:K00240
lsx:H8B22_01420	ko:K00239
lsx:H8B22_01425	ko:K00242
lsx:H8B22_01430	ko:K00241
lsx:H8B22_01440	ko:K06980
lsx:H8B22_01445	ko:K11381
lsx:H8B22_01450	ko:K00799
lsx:H8B22_01460	ko:K00252
lsx:H8B22_01475	ko:K03424
lsx:H8B22_01480	ko:K22132
lsx:H8B22_01490	ko:K06077
lsx:H8B22_01495	ko:K02655
lsx:H8B22_01500	ko:K02674
lsx:H8B22_01505	ko:K02673
lsx:H8B22_01510	ko:K02672
lsx:H8B22_01515	ko:K02671
lsx:H8B22_01520	ko:K08084
lsx:H8B22_01525	ko:K03704
lsx:H8B22_01530	ko:K09793
lsx:H8B22_01535	ko:K01058
lsx:H8B22_01545	ko:K01676
lsx:H8B22_01570	ko:K06147
lsx:H8B22_01575	ko:K21430
lsx:H8B22_01585	ko:K00528
lsx:H8B22_01615	ko:K00432
lsx:H8B22_01620	ko:K02014
lsx:H8B22_01635	ko:K01284
lsx:H8B22_01640	ko:K14219
lsx:H8B22_01645	ko:K26061
lsx:H8B22_01650	ko:K00254
lsx:H8B22_01655	ko:K00075
lsx:H8B22_01670	ko:K03526
lsx:H8B22_01675	ko:K03601
lsx:H8B22_01685	ko:K07114
lsx:H8B22_01695	ko:K03088
lsx:H8B22_01710	ko:K06147
lsx:H8B22_01715	ko:K09456
lsx:H8B22_01725	ko:K03704
lsx:H8B22_01730	ko:K19696
lsx:H8B22_01740	ko:K00760
lsx:H8B22_01745	ko:K01207
lsx:H8B22_01755	ko:K03215
lsx:H8B22_01775	ko:K03584
lsx:H8B22_01780	ko:K03595
lsx:H8B22_01785	ko:K03685
lsx:H8B22_01795	ko:K03100
lsx:H8B22_01800	ko:K03596
lsx:H8B22_01805	ko:K04771
lsx:H8B22_01815	ko:K03088
lsx:H8B22_01820	ko:K01782
lsx:H8B22_01830	ko:K02676
lsx:H8B22_01835	ko:K02341
lsx:H8B22_01840	ko:K00943
lsx:H8B22_01845	ko:K07082
lsx:H8B22_01850	ko:K02619
lsx:H8B22_01855	ko:K25578
lsx:H8B22_01860	ko:K09458
lsx:H8B22_01865	ko:K02078
lsx:H8B22_01870	ko:K00059
lsx:H8B22_01875	ko:K00645
lsx:H8B22_01880	ko:K00648
lsx:H8B22_01885	ko:K02911
lsx:H8B22_01890	ko:K07040
lsx:H8B22_01900	ko:K25422
lsx:H8B22_01910	ko:K03924
lsx:H8B22_01920	ko:K22452
lsx:H8B22_01925	ko:K07285
lsx:H8B22_01930	ko:K02503
lsx:H8B22_01935	ko:K06187
lsx:H8B22_01940	ko:K09747
lsx:H8B22_01945	ko:K02343
lsx:H8B22_01950	ko:K14233
lsx:H8B22_01955	ko:K01983
lsx:H8B22_01960	ko:K03635
lsx:H8B22_01965	ko:K03636
lsx:H8B22_01970	ko:K03637
lsx:H8B22_01975	ko:K03639
lsx:H8B22_01985	ko:K11211
lsx:H8B22_01990	ko:K12982
lsx:H8B22_02000	ko:K14233
lsx:H8B22_02005	ko:K20074
lsx:H8B22_02010	ko:K02342
lsx:H8B22_02015	ko:K03469
lsx:H8B22_02025	ko:K01069
lsx:H8B22_02030	ko:K08307
lsx:H8B22_02035	ko:K00208
lsx:H8B22_02045	ko:K03770
lsx:H8B22_02050	ko:K14221
lsx:H8B22_02055	ko:K14237
lsx:H8B22_02060	ko:K03530
lsx:H8B22_02065	ko:K01338
lsx:H8B22_02070	ko:K03544
lsx:H8B22_02075	ko:K01358
lsx:H8B22_02080	ko:K03545
lsx:H8B22_02085	ko:K14228
lsx:H8B22_02090	ko:K14229
lsx:H8B22_02095	ko:K14226
lsx:H8B22_02100	ko:K14219
lsx:H8B22_02105	ko:K14232
lsx:H8B22_02120	ko:K00030
lsx:H8B22_02130	ko:K03676
lsx:H8B22_02135	ko:K01423
lsx:H8B22_02140	ko:K07657
lsx:H8B22_02145	ko:K07636
lsx:H8B22_02150	ko:K00937
lsx:H8B22_02155	ko:K01524
lsx:H8B22_02165	ko:K14232
lsx:H8B22_02175	ko:K04764
lsx:H8B22_02180	ko:K01890
lsx:H8B22_02185	ko:K01889
lsx:H8B22_02190	ko:K02887
lsx:H8B22_02195	ko:K02916
lsx:H8B22_02200	ko:K02520
lsx:H8B22_02205	ko:K01868
lsx:H8B22_02210	ko:K18300
lsx:H8B22_02220	ko:K19585
lsx:H8B22_02225	ko:K19586
lsx:H8B22_02245	ko:K14237
lsx:H8B22_02250	ko:K03702
lsx:H8B22_02255	ko:K08084
lsx:H8B22_02260	ko:K14220
lsx:H8B22_02280	ko:K08084
lsx:H8B22_02285	ko:K02655
lsx:H8B22_02290	ko:K06966
lsx:H8B22_02310	ko:K07390
lsx:H8B22_02315	ko:K04564
lsx:H8B22_02325	ko:K01589
lsx:H8B22_02330	ko:K01588
lsx:H8B22_02340	ko:K00767
lsx:H8B22_02360	ko:K03600
lsx:H8B22_02365	ko:K03599
lsx:H8B22_02370	ko:K00413
lsx:H8B22_02375	ko:K00412
lsx:H8B22_02380	ko:K00411
lsx:H8B22_02390	ko:K06168
lsx:H8B22_02400	ko:K01992
lsx:H8B22_02405	ko:K01990
lsx:H8B22_02410	ko:K01993
lsx:H8B22_02420	ko:K06217
lsx:H8B22_02425	ko:K07042
lsx:H8B22_02430	ko:K06189
lsx:H8B22_02435	ko:K27956
lsx:H8B22_02440	ko:K03284
lsx:H8B22_02445	ko:K06200
lsx:H8B22_02460	ko:K06867
lsx:H8B22_02475	ko:K28868
lsx:H8B22_02480	ko:K03305
lsx:H8B22_02495	ko:K00067
lsx:H8B22_02500	ko:K01790
lsx:H8B22_02505	ko:K00973
lsx:H8B22_02510	ko:K01710
lsx:H8B22_02515	ko:K03111
lsx:H8B22_02520	ko:K07506
lsx:H8B22_02535	ko:K02523
lsx:H8B22_02545	ko:K23169
lsx:H8B22_02550	ko:K23170
lsx:H8B22_02555	ko:K12526
lsx:H8B22_02565	ko:K11166
lsx:H8B22_02580	ko:K04063
lsx:H8B22_02585	ko:K02355
lsx:H8B22_02620	ko:K07117
lsx:H8B22_02630	ko:K09014
lsx:H8B22_02635	ko:K09013
lsx:H8B22_02640	ko:K09015
lsx:H8B22_02645	ko:K11717
lsx:H8B22_02660	ko:K05710
lsx:H8B22_02665	ko:K16090
lsx:H8B22_02670	ko:K09939
lsx:H8B22_02675	ko:K09975
lsx:H8B22_02680	ko:K02237
lsx:H8B22_02695	ko:K00955
lsx:H8B22_02700	ko:K00957
lsx:H8B22_02705	ko:K00380
lsx:H8B22_02710	ko:K00381
lsx:H8B22_02715	ko:K00390
lsx:H8B22_02720	ko:K13634
lsx:H8B22_02725	ko:K02302
lsx:H8B22_02730	ko:K01738
lsx:H8B22_02735	ko:K07102
lsx:H8B22_02740	ko:K00992
lsx:H8B22_02745	ko:K10763
lsx:H8B22_02755	ko:K09938
lsx:H8B22_02760	ko:K01933
lsx:H8B22_02770	ko:K11175
lsx:H8B22_02785	ko:K07482
lsx:H8B22_02790	ko:K06078
lsx:H8B22_02800	ko:K00790
lsx:H8B22_02810	ko:K06041
lsx:H8B22_02815	ko:K03270
lsx:H8B22_02820	ko:K11719
lsx:H8B22_02825	ko:K09774
lsx:H8B22_02830	ko:K06861
lsx:H8B22_02835	ko:K03092
lsx:H8B22_02840	ko:K05808
lsx:H8B22_02845	ko:K06023
lsx:H8B22_02850	ko:K06958
lsx:H8B22_02855	ko:K02793
lsx:H8B22_02860	ko:K02784
lsx:H8B22_02865	ko:K08483
lsx:H8B22_02870	ko:K06213
lsx:H8B22_02880	ko:K00609
lsx:H8B22_02885	ko:K07447
lsx:H8B22_02890	ko:K07735
lsx:H8B22_02900	ko:K01246
lsx:H8B22_02910	ko:K02670
lsx:H8B22_02915	ko:K02669
lsx:H8B22_02920	ko:K06997
lsx:H8B22_02925	ko:K00286
lsx:H8B22_02935	ko:K02016
lsx:H8B22_02940	ko:K00275
lsx:H8B22_02945	ko:K09165
lsx:H8B22_02950	ko:K00891
lsx:H8B22_02955	ko:K01735
lsx:H8B22_02965	ko:K01599
lsx:H8B22_02995	ko:K01752
lsx:H8B22_03005	ko:K00003
lsx:H8B22_03010	ko:K01739
lsx:H8B22_03015	ko:K00641
lsx:H8B22_03020	ko:K01083
lsx:H8B22_03030	ko:K02837
lsx:H8B22_03050	ko:K11068
lsx:H8B22_03060	ko:K20534
lsx:H8B22_03065	ko:K03814
lsx:H8B22_03070	ko:K04083
lsx:H8B22_03080	ko:K02014
lsx:H8B22_03095	ko:K07394
lsx:H8B22_03100	ko:K01596
lsx:H8B22_03110	ko:K06445
lsx:H8B22_03120	ko:K08987
lsx:H8B22_03125	ko:K03301
lsx:H8B22_03140	ko:K03744
lsx:H8B22_03145	ko:K01467
lsx:H8B22_03150	ko:K04744
lsx:H8B22_03155	ko:K03771
lsx:H8B22_03160	ko:K00097
lsx:H8B22_03165	ko:K02528
lsx:H8B22_03170	ko:K06195
lsx:H8B22_03175	ko:K01525
lsx:H8B22_03180	ko:K00287
lsx:H8B22_03185	ko:K00560
lsx:H8B22_03190	ko:K13292
lsx:H8B22_03200	ko:K06872
lsx:H8B22_03205	ko:K03744
lsx:H8B22_03215	ko:K00901
lsx:H8B22_03220	ko:K04750
lsx:H8B22_03225	ko:K13051
lsx:H8B22_03230	ko:K02004
lsx:H8B22_03235	ko:K02003
lsx:H8B22_03240	ko:K02005
lsx:H8B22_03255	ko:K09922
lsx:H8B22_03265	ko:K04765
lsx:H8B22_03270	ko:K01082
lsx:H8B22_03275	ko:K08312
lsx:H8B22_03280	ko:K00833
lsx:H8B22_03285	ko:K09761
lsx:H8B22_03290	ko:K06598
lsx:H8B22_03295	ko:K06597
lsx:H8B22_03300	ko:K06596
lsx:H8B22_03305	ko:K02660
lsx:H8B22_03310	ko:K02659
lsx:H8B22_03315	ko:K02658
lsx:H8B22_03320	ko:K02657
lsx:H8B22_03325	ko:K01920
lsx:H8B22_03330	ko:K03832
lsx:H8B22_03335	ko:K14742
lsx:H8B22_03340	ko:K03722
lsx:H8B22_03350	ko:K05365
lsx:H8B22_03365	ko:K00951
lsx:H8B22_03385	ko:K03578
lsx:H8B22_03390	ko:K04047
lsx:H8B22_03395	ko:K03654
lsx:H8B22_03400	ko:K14229
lsx:H8B22_03405	ko:K06920
lsx:H8B22_03410	ko:K10026
lsx:H8B22_03420	ko:K03640
lsx:H8B22_03425	ko:K03641
lsx:H8B22_03430	ko:K03646
lsx:H8B22_03435	ko:K03560
lsx:H8B22_03440	ko:K03562
lsx:H8B22_03445	ko:K07107
lsx:H8B22_03450	ko:K03551
lsx:H8B22_03455	ko:K03549
lsx:H8B22_03460	ko:K03550
lsx:H8B22_03465	ko:K01159
lsx:H8B22_03490	ko:K01876
lsx:H8B22_03505	ko:K06158
lsx:H8B22_03510	ko:K26735
lsx:H8B22_03515	ko:K09915
lsx:H8B22_03520	ko:K16092
lsx:H8B22_03525	ko:K03695
lsx:H8B22_03530	ko:K01087
lsx:H8B22_03540	ko:K00697
lsx:H8B22_03555	ko:K05810
lsx:H8B22_03560	ko:K06180
lsx:H8B22_03565	ko:K05807
lsx:H8B22_03575	ko:K01950
lsx:H8B22_03585	ko:K00526
lsx:H8B22_03590	ko:K00525
lsx:H8B22_03595	ko:K01902
lsx:H8B22_03600	ko:K01903
lsx:H8B22_03605	ko:K02668
lsx:H8B22_03610	ko:K02667
lsx:H8B22_03630	ko:K01784
lsx:H8B22_03660	ko:K01711
lsx:H8B22_03680	ko:K01711
lsx:H8B22_03690	ko:K02652
lsx:H8B22_03695	ko:K02653
lsx:H8B22_03700	ko:K02654
lsx:H8B22_03705	ko:K00859
lsx:H8B22_03710	ko:K03574
lsx:H8B22_03715	ko:K03070
lsx:H8B22_03730	ko:K02535
lsx:H8B22_03735	ko:K03531
lsx:H8B22_03740	ko:K03590
lsx:H8B22_03745	ko:K03589
lsx:H8B22_03750	ko:K01921
lsx:H8B22_03755	ko:K01924
lsx:H8B22_03760	ko:K02563
lsx:H8B22_03765	ko:K03588
lsx:H8B22_03770	ko:K01000
lsx:H8B22_03775	ko:K01929
lsx:H8B22_03780	ko:K01928
lsx:H8B22_03785	ko:K03587
lsx:H8B22_03790	ko:K03586
lsx:H8B22_03795	ko:K03438
lsx:H8B22_03800	ko:K03925
lsx:H8B22_03805	ko:K01978
lsx:H8B22_03810	ko:K07056
lsx:H8B22_03815	ko:K07121
lsx:H8B22_03820	ko:K07460
lsx:H8B22_03835	ko:K07001
lsx:H8B22_03840	ko:K00946
lsx:H8B22_03845	ko:K03625
lsx:H8B22_03850	ko:K00794
lsx:H8B22_03855	ko:K14652
lsx:H8B22_03860	ko:K00793
lsx:H8B22_03870	ko:K11752
lsx:H8B22_03880	ko:K07738
lsx:H8B22_03885	ko:K00600
lsx:H8B22_03900	ko:K06020
lsx:H8B22_03905	ko:K01591
lsx:H8B22_03925	ko:K02453
lsx:H8B22_03930	ko:K02463
lsx:H8B22_03935	ko:K02462
lsx:H8B22_03940	ko:K02461
lsx:H8B22_03945	ko:K02460
lsx:H8B22_03950	ko:K02459
lsx:H8B22_03955	ko:K02458
lsx:H8B22_03960	ko:K02457
lsx:H8B22_03965	ko:K02456
lsx:H8B22_03970	ko:K02455
lsx:H8B22_03975	ko:K02454
lsx:H8B22_03990	ko:K01952
lsx:H8B22_03995	ko:K03981
lsx:H8B22_04000	ko:K04763
lsx:H8B22_04010	ko:K11720
lsx:H8B22_04015	ko:K07091
lsx:H8B22_04020	ko:K01255
lsx:H8B22_04025	ko:K02339
lsx:H8B22_04030	ko:K01873
lsx:H8B22_04040	ko:K03789
lsx:H8B22_04050	ko:K17103
lsx:H8B22_04065	ko:K01881
lsx:H8B22_04070	ko:K03746
lsx:H8B22_04080	ko:K02066
lsx:H8B22_04085	ko:K02065
lsx:H8B22_04090	ko:K02067
lsx:H8B22_04095	ko:K18480
lsx:H8B22_04120	ko:K00311
lsx:H8B22_04130	ko:K01029
lsx:H8B22_04135	ko:K01028
lsx:H8B22_04140	ko:K16011
lsx:H8B22_04145	ko:K03521
lsx:H8B22_04150	ko:K03522
lsx:H8B22_04155	ko:K01791
lsx:H8B22_04200	ko:K02472
lsx:H8B22_04210	ko:K09691
lsx:H8B22_04215	ko:K09690
lsx:H8B22_04220	ko:K01758
lsx:H8B22_04235	ko:K01697
lsx:H8B22_04240	ko:K09794
lsx:H8B22_04250	ko:K02670
lsx:H8B22_04255	ko:K01800
lsx:H8B22_04260	ko:K16171
lsx:H8B22_04265	ko:K14223
lsx:H8B22_04270	ko:K02996
lsx:H8B22_04275	ko:K02871
lsx:H8B22_04280	ko:K11473
lsx:H8B22_04285	ko:K06134
lsx:H8B22_04290	ko:K01611
lsx:H8B22_04295	ko:K10914
lsx:H8B22_04315	ko:K01609
lsx:H8B22_04325	ko:K00766
lsx:H8B22_04330	ko:K01658
lsx:H8B22_04340	ko:K02483
lsx:H8B22_04355	ko:K01657
lsx:H8B22_04360	ko:K01783
lsx:H8B22_04370	ko:K01923
lsx:H8B22_04395	ko:K03313
lsx:H8B22_04400	ko:K07301
lsx:H8B22_04415	ko:K00451
lsx:H8B22_04420	ko:K00457
lsx:H8B22_04430	ko:K03305
lsx:H8B22_04435	ko:K00453
lsx:H8B22_04440	ko:K07004
lsx:H8B22_04445	ko:K00166
lsx:H8B22_04450	ko:K00167
lsx:H8B22_04455	ko:K09699
lsx:H8B22_04475	ko:K01867
lsx:H8B22_04500	ko:K01476
lsx:H8B22_04505	ko:K14234
lsx:H8B22_04515	ko:K03525
lsx:H8B22_04520	ko:K03524
lsx:H8B22_04530	ko:K09933
lsx:H8B22_04535	ko:K07637
lsx:H8B22_04540	ko:K07660
lsx:H8B22_04555	ko:K05539
lsx:H8B22_04590	ko:K07025
lsx:H8B22_04615	ko:K01262
lsx:H8B22_04620	ko:K09895
lsx:H8B22_04630	ko:K09892
lsx:H8B22_04635	ko:K09888
lsx:H8B22_04640	ko:K28358
lsx:H8B22_04645	ko:K01934
lsx:H8B22_04655	ko:K01807
lsx:H8B22_04665	ko:K01985
lsx:H8B22_04670	ko:K01980
lsx:H8B22_04675	ko:K14227
lsx:H8B22_04680	ko:K14218
lsx:H8B22_04685	ko:K01977
lsx:H8B22_04690	ko:K09005
lsx:H8B22_04700	ko:K00788
lsx:H8B22_04705	ko:K01845
lsx:H8B22_04710	ko:K00821
lsx:H8B22_04715	ko:K01759
lsx:H8B22_04720	ko:K13775
lsx:H8B22_04735	ko:K07157
lsx:H8B22_04740	ko:K02558
lsx:H8B22_04745	ko:K00939
lsx:H8B22_04750	ko:K21071
lsx:H8B22_04770	ko:K15987
lsx:H8B22_04775	ko:K01507
lsx:H8B22_04790	ko:K02014
lsx:H8B22_04795	ko:K07506
lsx:H8B22_04805	ko:K03147
lsx:H8B22_04810	ko:K05303
lsx:H8B22_04820	ko:K01687
lsx:H8B22_04825	ko:K00053
lsx:H8B22_04830	ko:K01652
lsx:H8B22_04835	ko:K11258
lsx:H8B22_04840	ko:K00826
lsx:H8B22_04845	ko:K01754
lsx:H8B22_04850	ko:K01649
lsx:H8B22_04855	ko:K01703
lsx:H8B22_04860	ko:K01704
lsx:H8B22_04865	ko:K00052
lsx:H8B22_04870	ko:K12524
lsx:H8B22_04875	ko:K00872
lsx:H8B22_04880	ko:K01733
lsx:H8B22_04885	ko:K18303
lsx:H8B22_04890	ko:K18302
lsx:H8B22_04895	ko:K18301
lsx:H8B22_04900	ko:K00573
lsx:H8B22_04905	ko:K12340
lsx:H8B22_04910	ko:K02527
lsx:H8B22_04915	ko:K02517
lsx:H8B22_04935	ko:K06911
lsx:H8B22_04945	ko:K09019
lsx:H8B22_04950	ko:K07276
lsx:H8B22_04955	ko:K00982
lsx:H8B22_04960	ko:K20486
lsx:H8B22_04980	ko:K21310
lsx:H8B22_04985	ko:K00274
lsx:H8B22_04995	ko:K04077
lsx:H8B22_05000	ko:K04078
lsx:H8B22_05015	ko:K03926
lsx:H8B22_05030	ko:K03786
lsx:H8B22_05035	ko:K02160
lsx:H8B22_05045	ko:K01961
lsx:H8B22_05055	ko:K02687
lsx:H8B22_05065	ko:K03557
lsx:H8B22_05070	ko:K00981
lsx:H8B22_05090	ko:K00602
lsx:H8B22_05095	ko:K01945
lsx:H8B22_05120	ko:K03807
lsx:H8B22_05125	ko:K03426
lsx:H8B22_05130	ko:K15724
lsx:H8B22_05150	ko:K03594
lsx:H8B22_05155	ko:K02192
lsx:H8B22_05160	ko:K08311
lsx:H8B22_05165	ko:K14230
lsx:H8B22_05170	ko:K06959
lsx:H8B22_05175	ko:K01737
lsx:H8B22_05190	ko:K03585
lsx:H8B22_05195	ko:K18138
lsx:H8B22_05200	ko:K01935
lsx:H8B22_05205	ko:K08968
lsx:H8B22_05275	ko:K03657
lsx:H8B22_05280	ko:K07459
lsx:H8B22_05310	ko:K01153
lsx:H8B22_05315	ko:K01154
lsx:H8B22_05320	ko:K03427
lsx:H8B22_05325	ko:K00820
lsx:H8B22_05330	ko:K02005
lsx:H8B22_05345	ko:K02003
lsx:H8B22_05350	ko:K02004
lsx:H8B22_05355	ko:K02004
lsx:H8B22_05380	ko:K04042
lsx:H8B22_05395	ko:K02114
lsx:H8B22_05400	ko:K02112
lsx:H8B22_05405	ko:K02115
lsx:H8B22_05410	ko:K02111
lsx:H8B22_05415	ko:K02113
lsx:H8B22_05420	ko:K02109
lsx:H8B22_05425	ko:K02110
lsx:H8B22_05430	ko:K02108
lsx:H8B22_05440	ko:K00382
lsx:H8B22_05450	ko:K00627
lsx:H8B22_05475	ko:K13979
lsx:H8B22_05480	ko:K09767
lsx:H8B22_05490	ko:K09941
lsx:H8B22_05505	ko:K06183
lsx:H8B22_05510	ko:K00564
lsx:H8B22_05555	ko:K01992
lsx:H8B22_05560	ko:K01990
lsx:H8B22_05585	ko:K09983
lsx:H8B22_05595	ko:K19689
lsx:H8B22_05610	ko:K01620
lsx:H8B22_05665	ko:K07304
lsx:H8B22_05670	ko:K07305
lsx:H8B22_05675	ko:K03704
lsx:H8B22_05705	ko:K03294
lsx:H8B22_05710	ko:K03293
lsx:H8B22_05715	ko:K07052
lsx:H8B22_05755	ko:K19736
lsx:H8B22_05775	ko:K09912
lsx:H8B22_05780	ko:K07043
lsx:H8B22_05855	ko:K00163
lsx:H8B22_05875	ko:K17686
lsx:H8B22_05880	ko:K19591
lsx:H8B22_05900	ko:K07233
lsx:H8B22_05915	ko:K16563
lsx:H8B22_05920	ko:K00029
lsx:H8B22_05930	ko:K06949
lsx:H8B22_05935	ko:K14260
lsx:H8B22_05955	ko:K07390
lsx:H8B22_05960	ko:K01669
lsx:H8B22_05970	ko:K03088
lsx:H8B22_05980	ko:K00507
lsx:H8B22_05985	ko:K06954
lsx:H8B22_05990	ko:K09701
lsx:H8B22_05995	ko:K00574
lsx:H8B22_06010	ko:K00574
lsx:H8B22_06015	ko:K03098
lsx:H8B22_06030	ko:K03098
lsx:H8B22_06050	ko:K01241
lsx:H8B22_06115	ko:K01595
lsx:H8B22_06120	ko:K01919
lsx:H8B22_06125	ko:K15580
lsx:H8B22_06130	ko:K22736
lsx:H8B22_06135	ko:K15581
lsx:H8B22_06140	ko:K21575
lsx:H8B22_06145	ko:K03978
lsx:H8B22_06155	ko:K03673
lsx:H8B22_06160	ko:K03673
lsx:H8B22_06190	ko:K02014
lsx:H8B22_06195	ko:K07090
lsx:H8B22_06200	ko:K08309
lsx:H8B22_06220	ko:K00974
lsx:H8B22_06225	ko:K02014
lsx:H8B22_06240	ko:K03793
lsx:H8B22_06250	ko:K00950
lsx:H8B22_06255	ko:K01633
lsx:H8B22_06260	ko:K25706
lsx:H8B22_06265	ko:K02970
lsx:H8B22_06270	ko:K09117
lsx:H8B22_06290	ko:K02316
lsx:H8B22_06310	ko:K03760
lsx:H8B22_06330	ko:K02257
lsx:H8B22_06335	ko:K02259
lsx:H8B22_06345	ko:K14998
lsx:H8B22_06355	ko:K02276
lsx:H8B22_06360	ko:K02258
lsx:H8B22_06370	ko:K02274
lsx:H8B22_06375	ko:K02275
lsx:H8B22_06380	ko:K13821
lsx:H8B22_06385	ko:K06076
lsx:H8B22_06410	ko:K03797
lsx:H8B22_06415	ko:K22719
lsx:H8B22_06420	ko:K15633
lsx:H8B22_06440	ko:K01985
lsx:H8B22_06445	ko:K01980
lsx:H8B22_06450	ko:K14227
lsx:H8B22_06455	ko:K14218
lsx:H8B22_06460	ko:K01977
lsx:H8B22_06465	ko:K01866
lsx:H8B22_06475	ko:K09001
lsx:H8B22_06485	ko:K08218
lsx:H8B22_06490	ko:K01142
lsx:H8B22_06495	ko:K00762
lsx:H8B22_06505	ko:K15778
lsx:H8B22_06510	ko:K01520
lsx:H8B22_06520	ko:K03630
lsx:H8B22_06525	ko:K01887
lsx:H8B22_06535	ko:K05886
lsx:H8B22_06540	ko:K01585
lsx:H8B22_06545	ko:K00797
lsx:H8B22_06555	ko:K04751
lsx:H8B22_06560	ko:K09806
lsx:H8B22_06565	ko:K07391
lsx:H8B22_06605	ko:K21019
lsx:H8B22_06610	ko:K01637
lsx:H8B22_06615	ko:K01638
lsx:H8B22_06660	ko:K15034
lsx:H8B22_06665	ko:K06175
lsx:H8B22_06670	ko:K07263
lsx:H8B22_06680	ko:K03688
lsx:H8B22_06685	ko:K03690
lsx:H8B22_06700	ko:K22320
lsx:H8B22_06705	ko:K22319
lsx:H8B22_06710	ko:K06940
lsx:H8B22_06715	ko:K22318
lsx:H8B22_06720	ko:K22317
lsx:H8B22_06730	ko:K07263
lsx:H8B22_06740	ko:K03216
lsx:H8B22_06780	ko:K00057
lsx:H8B22_06785	ko:K03071
lsx:H8B22_06795	ko:K07518
lsx:H8B22_06800	ko:K00019
lsx:H8B22_06825	ko:K00864
lsx:H8B22_06840	ko:K07112
lsx:H8B22_06845	ko:K23775
lsx:H8B22_06850	ko:K04063
lsx:H8B22_06855	ko:K03366
lsx:H8B22_06865	ko:K02014
lsx:H8B22_06885	ko:K01719
lsx:H8B22_06890	ko:K02496
lsx:H8B22_06895	ko:K02498
lsx:H8B22_06925	ko:K00626
lsx:H8B22_06935	ko:K04565
lsx:H8B22_06940	ko:K07712
lsx:H8B22_06945	ko:K07708
lsx:H8B22_06950	ko:K03320
lsx:H8B22_06955	ko:K04752
lsx:H8B22_06965	ko:K01915
lsx:H8B22_06970	ko:K06153
lsx:H8B22_06995	ko:K07019
lsx:H8B22_07005	ko:K19222
lsx:H8B22_07020	ko:K00799
lsx:H8B22_07025	ko:K06879
lsx:H8B22_07040	ko:K09858
lsx:H8B22_07050	ko:K07039
lsx:H8B22_07060	ko:K00031
lsx:H8B22_07080	ko:K07684
lsx:H8B22_07095	ko:K15977
lsx:H8B22_07120	ko:K03566
lsx:H8B22_07130	ko:K06181
lsx:H8B22_07135	ko:K11527
lsx:H8B22_07145	ko:K07336
lsx:H8B22_07155	ko:K03579
lsx:H8B22_07160	ko:K03424
lsx:H8B22_07175	ko:K01992
lsx:H8B22_07180	ko:K01990
lsx:H8B22_07195	ko:K07729
lsx:H8B22_07205	ko:K09697
lsx:H8B22_07210	ko:K09696
lsx:H8B22_07220	ko:K03832
lsx:H8B22_07225	ko:K03650
lsx:H8B22_07230	ko:K03217
lsx:H8B22_07235	ko:K03536
lsx:H8B22_07240	ko:K02914
lsx:H8B22_07245	ko:K02313
lsx:H8B22_07250	ko:K02338
lsx:H8B22_07255	ko:K03629
lsx:H8B22_07260	ko:K02470
lsx:H8B22_07275	ko:K03832
lsx:H8B22_07280	ko:K03561
lsx:H8B22_07285	ko:K03559
lsx:H8B22_07290	ko:K03559
lsx:H8B22_07300	ko:K03474
lsx:H8B22_07310	ko:K06131
lsx:H8B22_07340	ko:K03841
lsx:H8B22_07370	ko:K00375
lsx:H8B22_07375	ko:K19577
lsx:H8B22_07390	ko:K10979
lsx:H8B22_07395	ko:K01971
lsx:H8B22_07405	ko:K07020
lsx:H8B22_07450	ko:K00500
lsx:H8B22_07455	ko:K03719
lsx:H8B22_07475	ko:K06969
lsx:H8B22_07495	ko:K02379
lsx:H8B22_07505	ko:K09760
lsx:H8B22_07510	ko:K04754
lsx:H8B22_07515	ko:K07122
lsx:H8B22_07520	ko:K07323
lsx:H8B22_07525	ko:K02067
lsx:H8B22_07530	ko:K02066
lsx:H8B22_07535	ko:K02065
lsx:H8B22_07540	ko:K03583
lsx:H8B22_07545	ko:K03582
lsx:H8B22_07550	ko:K03581
lsx:H8B22_07560	ko:K01495
lsx:H8B22_07575	ko:K00266
lsx:H8B22_07580	ko:K00265
lsx:H8B22_07585	ko:K08151
lsx:H8B22_07595	ko:K01167
lsx:H8B22_07610	ko:K19294
lsx:H8B22_07625	ko:K04090
lsx:H8B22_07630	ko:K01443
lsx:H8B22_07635	ko:K00845
lsx:H8B22_07650	ko:K07679
lsx:H8B22_07655	ko:K00681
lsx:H8B22_07665	ko:K24180
lsx:H8B22_07675	ko:K03496
lsx:H8B22_07680	ko:K08296
lsx:H8B22_07705	ko:K03294
lsx:H8B22_07715	ko:K06916
lsx:H8B22_07720	ko:K07018
lsx:H8B22_07735	ko:K01951
lsx:H8B22_07740	ko:K01878
lsx:H8B22_07745	ko:K01879
lsx:H8B22_07755	ko:K07278
lsx:H8B22_07760	ko:K09800
lsx:H8B22_07770	ko:K03495
lsx:H8B22_07780	ko:K01754
lsx:H8B22_07795	ko:K02169
lsx:H8B22_07800	ko:K02170
lsx:H8B22_07805	ko:K00652
lsx:H8B22_07810	ko:K01012
lsx:H8B22_07825	ko:K14219
lsx:H8B22_07840	ko:K03179
lsx:H8B22_07845	ko:K02106
lsx:H8B22_07850	ko:K03118
lsx:H8B22_07855	ko:K03117
lsx:H8B22_07860	ko:K03116
lsx:H8B22_07870	ko:K01772
lsx:H8B22_07885	ko:K03554
lsx:H8B22_07890	ko:K14058
lsx:H8B22_07900	ko:K00631
lsx:H8B22_07910	ko:K27078
lsx:H8B22_07915	ko:K07346
lsx:H8B22_07920	ko:K07347
lsx:H8B22_07925	ko:K27078
lsx:H8B22_07935	ko:K03656
lsx:H8B22_07950	ko:K00857
lsx:H8B22_07955	ko:K12132
lsx:H8B22_07965	ko:K10563
lsx:H8B22_07970	ko:K00507
lsx:H8B22_07980	ko:K08679
lsx:H8B22_07995	ko:K02902
lsx:H8B22_08000	ko:K02913
lsx:H8B22_08010	ko:K05994
lsx:H8B22_08015	ko:K08604
lsx:H8B22_08060	ko:K01895
lsx:H8B22_08075	ko:K07667
lsx:H8B22_08080	ko:K07646
lsx:H8B22_08085	ko:K03549
lsx:H8B22_08090	ko:K07386
lsx:H8B22_08095	ko:K02171
lsx:H8B22_08100	ko:K02172
lsx:H8B22_08135	ko:K02477
lsx:H8B22_08155	ko:K18139
lsx:H8B22_08190	ko:K03497
lsx:H8B22_08195	ko:K03496
lsx:H8B22_08200	ko:K03501
lsx:H8B22_08205	ko:K06133
lsx:H8B22_08220	ko:K01142
lsx:H8B22_08255	ko:K03924
lsx:H8B22_08270	ko:K00433
lsx:H8B22_08280	ko:K07124
lsx:H8B22_08290	ko:K06940
lsx:H8B22_08295	ko:K00014
lsx:H8B22_08305	ko:K01698
lsx:H8B22_08310	ko:K02045
lsx:H8B22_08315	ko:K02047
lsx:H8B22_08320	ko:K02046
lsx:H8B22_08325	ko:K23163
lsx:H8B22_08330	ko:K07221
lsx:H8B22_08335	ko:K15582
lsx:H8B22_08340	ko:K10823
lsx:H8B22_08340	ko:K15583
lsx:H8B22_08350	ko:K18240
lsx:H8B22_08355	ko:K02078
lsx:H8B22_08390	ko:K00059
lsx:H8B22_08410	ko:K00647
lsx:H8B22_08425	ko:K06894
lsx:H8B22_08430	ko:K01278
lsx:H8B22_08450	ko:K03657
lsx:H8B22_08475	ko:K07657
lsx:H8B22_08485	ko:K02335
lsx:H8B22_08495	ko:K00228
lsx:H8B22_08515	ko:K09902
lsx:H8B22_08520	ko:K06867
lsx:H8B22_08525	ko:K11747
lsx:H8B22_08535	ko:K00036
lsx:H8B22_08540	ko:K01057
lsx:H8B22_08545	ko:K01690
lsx:H8B22_08550	ko:K00845
lsx:H8B22_08555	ko:K01625
lsx:H8B22_08560	ko:K02014
lsx:H8B22_08570	ko:K01187
lsx:H8B22_08575	ko:K01187
lsx:H8B22_08580	ko:K16211
lsx:H8B22_08620	ko:K03561
lsx:H8B22_08655	ko:K00799
lsx:H8B22_08660	ko:K03628
lsx:H8B22_08665	ko:K03671
lsx:H8B22_08670	ko:K03732
lsx:H8B22_08675	ko:K09812
lsx:H8B22_08680	ko:K09811
lsx:H8B22_08690	ko:K03648
lsx:H8B22_08710	ko:K03088
lsx:H8B22_08715	ko:K03089
lsx:H8B22_08735	ko:K03885
lsx:H8B22_08740	ko:K03761
lsx:H8B22_08745	ko:K00616
lsx:H8B22_08750	ko:K04066
lsx:H8B22_08765	ko:K26939
lsx:H8B22_08770	ko:K04773
lsx:H8B22_08780	ko:K08081
lsx:H8B22_08785	ko:K10804
lsx:H8B22_08790	ko:K02003
lsx:H8B22_08795	ko:K02004
lsx:H8B22_08805	ko:K07397
lsx:H8B22_08810	ko:K06911
lsx:H8B22_08830	ko:K07566
lsx:H8B22_08835	ko:K03168
lsx:H8B22_08845	ko:K02650
lsx:H8B22_08850	ko:K02650
lsx:H8B22_08855	ko:K03747
lsx:H8B22_08860	ko:K04096
lsx:H8B22_08870	ko:K01462
lsx:H8B22_08875	ko:K00604
lsx:H8B22_08880	ko:K03500
lsx:H8B22_08900	ko:K08981
lsx:H8B22_08905	ko:K09167
lsx:H8B22_08910	ko:K02517
lsx:H8B22_08915	ko:K07560
lsx:H8B22_08920	ko:K03086
lsx:H8B22_08925	ko:K14230
lsx:H8B22_08930	ko:K09788
lsx:H8B22_08940	ko:K20455
lsx:H8B22_08945	ko:K02017
lsx:H8B22_08950	ko:K02018
lsx:H8B22_08955	ko:K02020
lsx:H8B22_08960	ko:K03724
lsx:H8B22_08965	ko:K06999
lsx:H8B22_08970	ko:K08082
lsx:H8B22_08975	ko:K08083
lsx:H8B22_08980	ko:K01749
lsx:H8B22_08990	ko:K21309
lsx:H8B22_08995	ko:K21308
lsx:H8B22_09025	ko:K01322
lsx:H8B22_09030	ko:K01354
lsx:H8B22_09035	ko:K09790
lsx:H8B22_09045	ko:K01778
lsx:H8B22_09050	ko:K09921
lsx:H8B22_09055	ko:K03733
lsx:H8B22_09060	ko:K01419
lsx:H8B22_09065	ko:K03667
lsx:H8B22_09090	ko:K07451
lsx:H8B22_09100	ko:K09946
lsx:H8B22_09105	ko:K06177
lsx:H8B22_09115	ko:K01792
lsx:H8B22_09120	ko:K03365
lsx:H8B22_09125	ko:K03183
lsx:H8B22_09135	ko:K01254
lsx:H8B22_09150	ko:K19055
lsx:H8B22_09160	ko:K00856
lsx:H8B22_09165	ko:K03569
lsx:H8B22_09170	ko:K03570
lsx:H8B22_09175	ko:K03571
lsx:H8B22_09180	ko:K05515
lsx:H8B22_09185	ko:K05837
lsx:H8B22_09190	ko:K08305
lsx:H8B22_09195	ko:K03642
lsx:H8B22_09200	ko:K07258
lsx:H8B22_09210	ko:K09158
lsx:H8B22_09215	ko:K03801
lsx:H8B22_09220	ko:K03644
lsx:H8B22_09225	ko:K03797
lsx:H8B22_09230	ko:K10778
lsx:H8B22_09240	ko:K03719
lsx:H8B22_09255	ko:K05786
lsx:H8B22_09265	ko:K07303
lsx:H8B22_09270	ko:K07302
lsx:H8B22_09275	ko:K07402
lsx:H8B22_09280	ko:K07141
lsx:H8B22_09285	ko:K02004
lsx:H8B22_09290	ko:K02004
lsx:H8B22_09295	ko:K02003
lsx:H8B22_09305	ko:K01990
lsx:H8B22_09310	ko:K01992
lsx:H8B22_09315	ko:K07778
lsx:H8B22_09320	ko:K07693
lsx:H8B22_09325	ko:K01255
lsx:H8B22_09330	ko:K20862
lsx:H8B22_09360	ko:K04772
lsx:H8B22_09365	ko:K00525
lsx:H8B22_09395	ko:K07112
lsx:H8B22_09405	ko:K24915
lsx:H8B22_09425	ko:K01259
lsx:H8B22_09435	ko:K14225
lsx:H8B22_09455	ko:K00259
lsx:H8B22_09460	ko:K03719
lsx:H8B22_09475	ko:K09165
lsx:H8B22_09485	ko:K03673
lsx:H8B22_09500	ko:K23242
lsx:H8B22_09510	ko:K01271
lsx:H8B22_09535	ko:K01519
lsx:H8B22_09545	ko:K00989
lsx:H8B22_09555	ko:K00942
lsx:H8B22_09560	ko:K03060
lsx:H8B22_09565	ko:K01139
lsx:H8B22_09590	ko:K02014
lsx:H8B22_09595	ko:K03655
lsx:H8B22_09605	ko:K02909
lsx:H8B22_09610	ko:K01647
lsx:H8B22_09620	ko:K05366
lsx:H8B22_09625	ko:K02662
lsx:H8B22_09630	ko:K02663
lsx:H8B22_09635	ko:K02664
lsx:H8B22_09640	ko:K02665
lsx:H8B22_09645	ko:K02666
lsx:H8B22_09650	ko:K03924
lsx:H8B22_09665	ko:K07114
lsx:H8B22_09670	ko:K07114
lsx:H8B22_09685	ko:K00615
lsx:H8B22_09690	ko:K01113
lsx:H8B22_09695	ko:K00219
lsx:H8B22_09705	ko:K07112
lsx:H8B22_09710	ko:K07112
lsx:H8B22_09720	ko:K05986
lsx:H8B22_09725	ko:K00134
lsx:H8B22_09740	ko:K00927
lsx:H8B22_09745	ko:K01091
lsx:H8B22_09750	ko:K00873
lsx:H8B22_09760	ko:K01623
lsx:H8B22_09765	ko:K23518
lsx:H8B22_09770	ko:K03585
lsx:H8B22_09775	ko:K18138
lsx:H8B22_09780	ko:K03214
lsx:H8B22_09790	ko:K03282
lsx:H8B22_09795	ko:K16165
lsx:H8B22_09815	ko:K03439
lsx:H8B22_09820	ko:K03149
lsx:H8B22_09825	ko:K03154
lsx:H8B22_09830	ko:K12686
lsx:H8B22_09835	ko:K14225
lsx:H8B22_09845	ko:K05844
lsx:H8B22_09860	ko:K19577
lsx:H8B22_09865	ko:K00826
lsx:H8B22_09870	ko:K23743
lsx:H8B22_09885	ko:K00297
lsx:H8B22_09890	ko:K01251
lsx:H8B22_09895	ko:K00789
lsx:H8B22_09910	ko:K12132
lsx:H8B22_09920	ko:K07038
lsx:H8B22_09935	ko:K05540
lsx:H8B22_09945	ko:K03317
lsx:H8B22_09985	ko:K07340
lsx:H8B22_09990	ko:K00605
lsx:H8B22_09995	ko:K02437
lsx:H8B22_10015	ko:K00798
lsx:H8B22_10025	ko:K03185
lsx:H8B22_10030	ko:K03184
lsx:H8B22_10040	ko:K06968
lsx:H8B22_10055	ko:K01886
lsx:H8B22_10060	ko:K00759
lsx:H8B22_10070	ko:K00799
lsx:H8B22_10085	ko:K04761
lsx:H8B22_10090	ko:K03387
lsx:H8B22_10095	ko:K24119
lsx:H8B22_10100	ko:K02493
lsx:H8B22_10105	ko:K01259
lsx:H8B22_10115	ko:K01515
lsx:H8B22_10135	ko:K00324
lsx:H8B22_10160	ko:K00324
lsx:H8B22_10170	ko:K00325
lsx:H8B22_10175	ko:K07506
lsx:H8B22_10210	ko:K14645
lsx:H8B22_10215	ko:K01424
lsx:H8B22_10225	ko:K03809
lsx:H8B22_10230	ko:K07058
lsx:H8B22_10240	ko:K01512
lsx:H8B22_10250	ko:K07027
lsx:H8B22_10260	ko:K22468
lsx:H8B22_10270	ko:K03638
lsx:H8B22_10285	ko:K02835
lsx:H8B22_10290	ko:K02492
lsx:H8B22_10300	ko:K02494
lsx:H8B22_10305	ko:K00919
lsx:H8B22_10310	ko:K14223
lsx:H8B22_10315	ko:K00948
lsx:H8B22_10320	ko:K02897
lsx:H8B22_10325	ko:K01056
lsx:H8B22_10330	ko:K06942
lsx:H8B22_10335	ko:K14236
lsx:H8B22_10340	ko:K14225
lsx:H8B22_10345	ko:K14234
lsx:H8B22_10350	ko:K02358
lsx:H8B22_10355	ko:K14235
lsx:H8B22_10360	ko:K03073
lsx:H8B22_10365	ko:K02601
lsx:H8B22_10370	ko:K02867
lsx:H8B22_10375	ko:K02863
lsx:H8B22_10380	ko:K02864
lsx:H8B22_10385	ko:K02935
lsx:H8B22_10390	ko:K03043
lsx:H8B22_10395	ko:K03046
lsx:H8B22_10400	ko:K02950
lsx:H8B22_10405	ko:K02992
lsx:H8B22_10410	ko:K02355
lsx:H8B22_10415	ko:K02358
lsx:H8B22_10420	ko:K02946
lsx:H8B22_10425	ko:K02906
lsx:H8B22_10430	ko:K02926
lsx:H8B22_10435	ko:K02892
lsx:H8B22_10440	ko:K02886
lsx:H8B22_10445	ko:K02965
lsx:H8B22_10450	ko:K02890
lsx:H8B22_10455	ko:K02982
lsx:H8B22_10460	ko:K02878
lsx:H8B22_10465	ko:K02904
lsx:H8B22_10470	ko:K02961
lsx:H8B22_10475	ko:K02874
lsx:H8B22_10480	ko:K02895
lsx:H8B22_10485	ko:K02931
lsx:H8B22_10490	ko:K02954
lsx:H8B22_10495	ko:K02994
lsx:H8B22_10500	ko:K02933
lsx:H8B22_10505	ko:K02881
lsx:H8B22_10510	ko:K02988
lsx:H8B22_10515	ko:K02907
lsx:H8B22_10520	ko:K02876
lsx:H8B22_10525	ko:K03076
lsx:H8B22_10530	ko:K02952
lsx:H8B22_10535	ko:K02948
lsx:H8B22_10540	ko:K02986
lsx:H8B22_10545	ko:K03040
lsx:H8B22_10550	ko:K02879
lsx:H8B22_10555	ko:K03611
lsx:H8B22_10560	ko:K01626
lsx:H8B22_10565	ko:K01426
lsx:H8B22_10575	ko:K06207
lsx:H8B22_10580	ko:K03768
lsx:H8B22_10585	ko:K00812
lsx:H8B22_10590	ko:K00024
lsx:H8B22_10595	ko:K03417
lsx:H8B22_10600	ko:K01659
lsx:H8B22_10605	ko:K00799
lsx:H8B22_10615	ko:K15777
lsx:H8B22_10620	ko:K03286
lsx:H8B22_10625	ko:K03286
lsx:H8B22_10635	ko:K06178
lsx:H8B22_10645	ko:K00639
lsx:H8B22_10650	ko:K00060
lsx:H8B22_10670	ko:K00058
lsx:H8B22_10680	ko:K11754
lsx:H8B22_10690	ko:K03558
lsx:H8B22_10695	ko:K00764
lsx:H8B22_10710	ko:K03269
lsx:H8B22_10715	ko:K01885
lsx:H8B22_10720	ko:K09823
lsx:H8B22_10740	ko:K02077
lsx:H8B22_10745	ko:K02075
lsx:H8B22_10755	ko:K19033
lsx:H8B22_10760	ko:K01273
lsx:H8B22_10765	ko:K01468
lsx:H8B22_10770	ko:K05603
lsx:H8B22_10775	ko:K00567
lsx:H8B22_10780	ko:K13529
lsx:H8B22_10805	ko:K01712
lsx:H8B22_10825	ko:K26939
lsx:H8B22_10830	ko:K07461
lsx:H8B22_10840	ko:K07052
lsx:H8B22_10860	ko:K14761
lsx:H8B22_10865	ko:K10255
lsx:H8B22_10870	ko:K02451
lsx:H8B22_10875	ko:K02450
lsx:H8B22_10920	ko:K03566
lsx:H8B22_10965	ko:K10947
lsx:H8B22_10975	ko:K05973
lsx:H8B22_10985	ko:K08973
lsx:H8B22_10990	ko:K01077
lsx:H8B22_11005	ko:K03574
lsx:H8B22_11010	ko:K17837
lsx:H8B22_11035	ko:K03775
lsx:H8B22_11040	ko:K08646
lsx:H8B22_11045	ko:K20273
lsx:H8B22_11050	ko:K00285
lsx:H8B22_11055	ko:K01458
lsx:H8B22_11065	ko:K02622
lsx:H8B22_11085	ko:K01937
lsx:H8B22_11090	ko:K01627
lsx:H8B22_11095	ko:K01689
lsx:H8B22_11100	ko:K05589
lsx:H8B22_11105	ko:K00991
lsx:H8B22_11110	ko:K01770
lsx:H8B22_11115	ko:K06176
lsx:H8B22_11130	ko:K03787
lsx:H8B22_11135	ko:K00573
lsx:H8B22_11145	ko:K06194
lsx:H8B22_11160	ko:K07574
lsx:H8B22_11165	ko:K02427
lsx:H8B22_11170	ko:K03798
lsx:H8B22_11175	ko:K00796
lsx:H8B22_11190	ko:K00791
lsx:H8B22_11195	ko:K03666
lsx:H8B22_11200	ko:K03665
lsx:H8B22_11205	ko:K04088
lsx:H8B22_11210	ko:K04087
lsx:H8B22_11215	ko:K09937
lsx:H8B22_11220	ko:K01939
lsx:H8B22_11235	ko:K00121
lsx:H8B22_11240	ko:K01070
lsx:H8B22_11270	ko:K01897
lsx:H8B22_11295	ko:K03088
lsx:H8B22_11305	ko:K00281
lsx:H8B22_11325	ko:K07552
lsx:H8B22_11330	ko:K03294
lsx:H8B22_11335	ko:K11209
lsx:H8B22_11340	ko:K01283
lsx:H8B22_11350	ko:K03608
lsx:H8B22_11355	ko:K03609
lsx:H8B22_11360	ko:K03610
lsx:H8B22_11365	ko:K06977
lsx:H8B22_11390	ko:K01247
lsx:H8B22_11395	ko:K07260
lsx:H8B22_11425	ko:K08289
lsx:H8B22_11440	ko:K21420
lsx:H8B22_11465	ko:K10805
lsx:H8B22_11485	ko:K12297
lsx:H8B22_11490	ko:K00570
lsx:H8B22_11495	ko:K06911
lsx:H8B22_11500	ko:K06188
lsx:H8B22_11520	ko:K05982
lsx:H8B22_11530	ko:K03723
lsx:H8B22_11550	ko:K07240
lsx:H8B22_11560	ko:K07115
lsx:H8B22_11565	ko:K07663
lsx:H8B22_11570	ko:K07641
lsx:H8B22_11575	ko:K06143
lsx:H8B22_11580	ko:K19302
lsx:H8B22_11590	ko:K01662
lsx:H8B22_11605	ko:K20035
lsx:H8B22_11625	ko:K12132
lsx:H8B22_11640	ko:K17734
lsx:H8B22_11645	ko:K14231
lsx:H8B22_11660	ko:K03575
lsx:H8B22_11670	ko:K03110
lsx:H8B22_11675	ko:K08316
lsx:H8B22_11680	ko:K00954
lsx:H8B22_11695	ko:K00681
lsx:H8B22_11710	ko:K00761
lsx:H8B22_11725	ko:K07568
lsx:H8B22_11730	ko:K00773
lsx:H8B22_11735	ko:K03210
lsx:H8B22_11740	ko:K03072
lsx:H8B22_11745	ko:K03074
lsx:H8B22_11750	ko:K01092
lsx:H8B22_11755	ko:K15396
lsx:H8B22_11775	ko:K03699
lsx:H8B22_11780	ko:K07220
lsx:H8B22_11785	ko:K03306
lsx:H8B22_11795	ko:K07443
lsx:H8B22_11800	ko:K07059
lsx:H8B22_11805	ko:K07386
lsx:H8B22_11810	ko:K07386
lsx:H8B22_12025	ko:K07126
lsx:H8B22_12070	ko:K09125
lsx:H8B22_12090	ko:K05838
lsx:H8B22_12100	ko:K15383
lsx:H8B22_12110	ko:K01869
lsx:H8B22_12115	ko:K03643
lsx:H8B22_12120	ko:K02340
lsx:H8B22_12125	ko:K00969
lsx:H8B22_12130	ko:K09710
lsx:H8B22_12135	ko:K01077
lsx:H8B22_12145	ko:K00783
lsx:H8B22_12150	ko:K03832
lsx:H8B22_12155	ko:K09807
lsx:H8B22_12160	ko:K06287
lsx:H8B22_12165	ko:K08301
lsx:H8B22_12175	ko:K03568
lsx:H8B22_12180	ko:K09889
lsx:H8B22_12185	ko:K03592
lsx:H8B22_12190	ko:K09940
lsx:H8B22_12195	ko:K00795
lsx:H8B22_12200	ko:K03602
lsx:H8B22_12205	ko:K04075
lsx:H8B22_12215	ko:K01962
lsx:H8B22_12220	ko:K02337
lsx:H8B22_12245	ko:K03470
lsx:H8B22_12250	ko:K00748
lsx:H8B22_12255	ko:K00677
lsx:H8B22_12260	ko:K02372
lsx:H8B22_12265	ko:K02536
lsx:H8B22_12270	ko:K07277
lsx:H8B22_12275	ko:K11749
lsx:H8B22_12280	ko:K00099
lsx:H8B22_12285	ko:K00981
lsx:H8B22_12290	ko:K00806
lsx:H8B22_12295	ko:K02838
lsx:H8B22_12300	ko:K16264
lsx:H8B22_12305	ko:K09903
lsx:H8B22_12310	ko:K02357
lsx:H8B22_12315	ko:K02967
lsx:H8B22_12320	ko:K01265
lsx:H8B22_12325	ko:K00990
lsx:H8B22_12330	ko:K00674
lsx:H8B22_12340	ko:K01439
lsx:H8B22_12345	ko:K01434
lsx:H8B22_12350	ko:K01953
lsx:H8B22_12360	ko:K00569
lsx:H8B22_12365	ko:K02621
lsx:H8B22_12370	ko:K06140
lsx:H8B22_12375	ko:K14228
lsx:H8B22_12380	ko:K12573
lsx:H8B22_12385	ko:K03218
lsx:H8B22_12390	ko:K11741
lsx:H8B22_12395	ko:K03683
lsx:H8B22_12400	ko:K09929
lsx:H8B22_12405	ko:K09930
lsx:H8B22_12420	ko:K02039
lsx:H8B22_12425	ko:K02036
lsx:H8B22_12430	ko:K02038
lsx:H8B22_12435	ko:K02037
lsx:H8B22_12440	ko:K02040
lsx:H8B22_12445	ko:K02040
lsx:H8B22_12450	ko:K07221
lsx:H8B22_12455	ko:K10773
lsx:H8B22_12465	ko:K01715
lsx:H8B22_12470	ko:K01802
lsx:H8B22_12480	ko:K01011
lsx:H8B22_12490	ko:K09796
lsx:H8B22_12495	ko:K07107
lsx:H8B22_12500	ko:K03701
lsx:H8B22_12505	ko:K02888
lsx:H8B22_12510	ko:K02899
lsx:H8B22_12515	ko:K03979
lsx:H8B22_12520	ko:K02968
lsx:H8B22_12525	ko:K03980
lsx:H8B22_12530	ko:K11753
lsx:H8B22_12535	ko:K01870
lsx:H8B22_12540	ko:K03101
lsx:H8B22_12545	ko:K03527
lsx:H8B22_12550	ko:K14234
lsx:H8B22_12555	ko:K04485
lsx:H8B22_12560	ko:K01433
lsx:H8B22_12565	ko:K03446
lsx:H8B22_12570	ko:K03543
lsx:H8B22_12575	ko:K18139
lsx:H8B22_12590	ko:K03106
lsx:H8B22_12600	ko:K02959
lsx:H8B22_12605	ko:K02860
lsx:H8B22_12610	ko:K00554
lsx:H8B22_12615	ko:K02884
lsx:H8B22_12620	ko:K04762
lsx:H8B22_12630	ko:K03782
lsx:H8B22_12635	ko:K03555
lsx:H8B22_12640	ko:K02014
lsx:H8B22_12645	ko:K03743
lsx:H8B22_12650	ko:K01356
lsx:H8B22_12655	ko:K03553
lsx:H8B22_12660	ko:K03565
lsx:H8B22_12665	ko:K01872
lsx:H8B22_12670	ko:K03563
lsx:H8B22_12675	ko:K14233
lsx:H8B22_12680	ko:K14219
lsx:H8B22_12685	ko:K00852
lsx:H8B22_12710	ko:K00941
lsx:H8B22_12720	ko:K07175
lsx:H8B22_12725	ko:K03564
lsx:H8B22_12730	ko:K03567
lsx:H8B22_12735	ko:K01714
lsx:H8B22_12745	ko:K05524
lsx:H8B22_12750	ko:K14224
lsx:H8B22_12755	ko:K00970
lsx:H8B22_12760	ko:K00950
lsx:H8B22_12765	ko:K00606
lsx:H8B22_12770	ko:K01918
lsx:H8B22_12775	ko:K01579
lsx:H8B22_12780	ko:K01810
lsx:H8B22_12785	ko:K18979
lsx:H8B22_12790	ko:K23997
lsx:H8B22_12795	ko:K06925
lsx:H8B22_12800	ko:K01448
lsx:H8B22_12805	ko:K03572
lsx:H8B22_12810	ko:K09164
lsx:H8B22_12815	ko:K09973
lsx:H8B22_12820	ko:K03616
lsx:H8B22_12825	ko:K01874
lsx:H8B22_12840	ko:K02014
lsx:H8B22_12845	ko:K03593
lsx:H8B22_12850	ko:K14645
lsx:H8B22_12855	ko:K01494
lsx:H8B22_12860	ko:K01304
lsx:H8B22_12875	ko:K07160
lsx:H8B22_12885	ko:K23124
lsx:H8B22_12890	ko:K23123
lsx:H8B22_12905	ko:K14441
lsx:H8B22_12920	ko:K04760
lsx:H8B22_12925	ko:K06079
lsx:H8B22_12930	ko:K06915
lsx:H8B22_12935	ko:K08307
lsx:H8B22_12945	ko:K01613
lsx:H8B22_12950	ko:K07152
lsx:H8B22_12955	ko:K07320
lsx:H8B22_12960	ko:K01736
lsx:H8B22_12965	ko:K00133
lsx:H8B22_12970	ko:K08086
lsx:H8B22_12975	ko:K06173
lsx:H8B22_12980	ko:K01817
lsx:H8B22_12985	ko:K27042
lsx:H8B22_12990	ko:K01696
lsx:H8B22_12995	ko:K01695
lsx:H8B22_13000	ko:K01963
lsx:H8B22_13005	ko:K03431
lsx:H8B22_13020	ko:K01803
lsx:H8B22_13025	ko:K03075
lsx:H8B22_13030	ko:K14228
lsx:H8B22_13035	ko:K00330
lsx:H8B22_13040	ko:K00331
lsx:H8B22_13045	ko:K00332
lsx:H8B22_13050	ko:K00333
lsx:H8B22_13055	ko:K00334
lsx:H8B22_13060	ko:K00335
lsx:H8B22_13065	ko:K00336
lsx:H8B22_13070	ko:K00337
lsx:H8B22_13075	ko:K00338
lsx:H8B22_13080	ko:K00339
lsx:H8B22_13085	ko:K00340
lsx:H8B22_13090	ko:K00341
lsx:H8B22_13095	ko:K00342
lsx:H8B22_13100	ko:K00343
lsx:H8B22_13105	ko:K14230
lsx:H8B22_13110	ko:K09748
lsx:H8B22_13115	ko:K02600
lsx:H8B22_13120	ko:K02519
lsx:H8B22_13125	ko:K02834
lsx:H8B22_13130	ko:K03177
lsx:H8B22_13135	ko:K02956
lsx:H8B22_13140	ko:K00962
lsx:H8B22_13160	ko:K01420
lsx:H8B22_13165	ko:K09792
lsx:H8B22_13175	ko:K01533
lsx:H8B22_13180	ko:K09926
lsx:H8B22_13195	ko:K00406
lsx:H8B22_13200	ko:K00407
lsx:H8B22_13205	ko:K00405
lsx:H8B22_13210	ko:K00404
lsx:H8B22_13240	ko:K07152
lsx:H8B22_13250	ko:K00368
lsx:H8B22_13255	ko:K17893
lsx:H8B22_13265	ko:K07234
lsx:H8B22_13275	ko:K04561
lsx:H8B22_13280	ko:K01420
lsx:H8B22_13285	ko:K02495
lsx:H8B22_13305	ko:K14218
lsx:H8B22_13310	ko:K03684
lsx:H8B22_13330	ko:K00023
lsx:H8B22_13335	ko:K01894
lsx:H8B22_13340	ko:K03799
lsx:H8B22_13345	ko:K21025
lsx:H8B22_13350	ko:K19810
lsx:H8B22_13355	ko:K02356
lsx:H8B22_13360	ko:K12960
lsx:H8B22_13365	ko:K00568
lsx:H8B22_13370	ko:K22292
lsx:H8B22_13380	ko:K09007
lsx:H8B22_13405	ko:K01465
lsx:H8B22_13410	ko:K08998
lsx:H8B22_13415	ko:K06204
lsx:H8B22_13430	ko:K02426
lsx:H8B22_13435	ko:K01883
lsx:H8B22_13445	ko:K09065
lsx:H8B22_13450	ko:K01940
lsx:H8B22_13455	ko:K01438
lsx:H8B22_13460	ko:K22478
lsx:H8B22_13465	ko:K22479
lsx:H8B22_13470	ko:K00145
lsx:H8B22_13475	ko:K01755
lsx:H8B22_13480	ko:K00931
lsx:H8B22_13485	ko:K00147
lsx:H8B22_13490	ko:K14232
lsx:H8B22_13495	ko:K01892
lsx:H8B22_13500	ko:K01745
lsx:H8B22_13515	ko:K00765
lsx:H8B22_13520	ko:K00013
lsx:H8B22_13525	ko:K00817
lsx:H8B22_13530	ko:K01089
lsx:H8B22_13535	ko:K02501
lsx:H8B22_13540	ko:K01814
lsx:H8B22_13545	ko:K02500
lsx:H8B22_13550	ko:K11755
lsx:H8B22_13565	ko:K09880
lsx:H8B22_13575	ko:K08967
lsx:H8B22_13580	ko:K08964
lsx:H8B22_13585	ko:K03294
lsx:H8B22_13595	ko:K02356
lsx:H8B22_13620	ko:K03828
lsx:H8B22_13630	ko:K01640
lsx:H8B22_13635	ko:K01968
lsx:H8B22_13645	ko:K13766
lsx:H8B22_13650	ko:K04758
lsx:H8B22_13655	ko:K04759
lsx:H8B22_13675	ko:K01969
lsx:H8B22_13690	ko:K00626
lsx:H8B22_13695	ko:K00253
lsx:H8B22_13700	ko:K00263
lsx:H8B22_13705	ko:K00472
lsx:H8B22_13710	ko:K06132
lsx:H8B22_13715	ko:K11942
lsx:H8B22_13810	ko:K14645
lsx:H8B22_13830	ko:K06940
lsx:H8B22_13850	ko:K06182
lsx:H8B22_13860	ko:K00057
lsx:H8B22_13865	ko:K07386
lsx:H8B22_13870	ko:K09768
lsx:H8B22_13905	ko:K07727
lsx:H8B22_13925	ko:K06983
lsx:H8B22_13935	ko:K05591
lsx:H8B22_13940	ko:K02670
lsx:H8B22_13970	ko:K07576
lsx:H8B22_13975	ko:K03892
lsx:H8B22_13990	ko:K03741
lsx:H8B22_13995	ko:K28614
lsx:H8B22_14015	ko:K07386
lsx:H8B22_14020	ko:K00799
lsx:H8B22_14025	ko:K03564
lsx:H8B22_14075	ko:K00797
lsx:H8B22_14105	ko:K06193
lsx:H8B22_14110	ko:K11927
lsx:H8B22_14115	ko:K21021
lsx:H8B22_14130	ko:K04750
lsx:H8B22_14140	ko:K07146
lsx:H8B22_14160	ko:K00433
lsx:H8B22_14170	ko:K18900
lsx:H8B22_14200	ko:K01482
lsx:H8B22_14210	ko:K01951
lsx:H8B22_14225	ko:K05592
lsx:H8B22_14240	ko:K08997
lsx:H8B22_14250	ko:K15738
lsx:H8B22_14260	ko:K01975
lsx:H8B22_14285	ko:K17247
lsx:H8B22_14290	ko:K07147
lsx:H8B22_14295	ko:K00831
lsx:H8B22_14300	ko:K14170
lsx:H8B22_14305	ko:K00817
lsx:H8B22_14310	ko:K00800
lsx:H8B22_14315	ko:K03832
lsx:H8B22_14320	ko:K01875
lsx:H8B22_14325	ko:K01118
lsx:H8B22_14335	ko:K14233
lsx:H8B22_14350	ko:K00154
lsx:H8B22_14355	ko:K19702
lsx:H8B22_14360	ko:K07689
lsx:H8B22_14365	ko:K08300
lsx:H8B22_14370	ko:K06179
lsx:H8B22_14375	ko:K03832
lsx:H8B22_14380	ko:K01724
lsx:H8B22_14385	ko:K07400
lsx:H8B22_14405	ko:K03585
lsx:H8B22_14410	ko:K18138
lsx:H8B22_14415	ko:K03296
lsx:H8B22_14440	ko:K12251
lsx:H8B22_14455	ko:K02919
lsx:H8B22_14460	ko:K00945
lsx:H8B22_14465	ko:K02945
lsx:H8B22_14470	ko:K05788
lsx:H8B22_14475	ko:K08992
lsx:H8B22_14480	ko:K19804
lsx:H8B22_14495	ko:K00963
lsx:H8B22_14505	ko:K06878
lsx:H8B22_14510	ko:K00632
lsx:H8B22_14515	ko:K07516
lsx:H8B22_14525	ko:K00940
lsx:H8B22_14530	ko:K06941
lsx:H8B22_14535	ko:K02656
lsx:H8B22_14540	ko:K15539
lsx:H8B22_14550	ko:K17713
lsx:H8B22_14555	ko:K03977
lsx:H8B22_14560	ko:K03752
lsx:H8B22_14565	ko:K03750
lsx:H8B22_14570	ko:K21147
lsx:H8B22_14585	ko:K06889
lsx:H8B22_14590	ko:K09948
lsx:H8B22_14595	ko:K01491
lsx:H8B22_14600	ko:K00088
lsx:H8B22_14605	ko:K01951
lsx:H8B22_14610	ko:K11991
lsx:H8B22_14620	ko:K13288
lsx:H8B22_14625	ko:K03442
lsx:H8B22_14630	ko:K01007
lsx:H8B22_14635	ko:K09773
lsx:H8B22_14640	ko:K09920
lsx:H8B22_14645	ko:K14218
lsx:H8B22_14650	ko:K14224
lsx:H8B22_14655	ko:K14162
lsx:H8B22_14660	ko:K14161
lsx:H8B22_14665	ko:K14160
lsx:H8B22_14670	ko:K06133
