msec:LN244_00005	ko:K02313
msec:LN244_00010	ko:K02338
msec:LN244_00015	ko:K03629
msec:LN244_00020	ko:K02470
msec:LN244_00030	ko:K07497
msec:LN244_00045	ko:K01879
msec:LN244_00050	ko:K01878
msec:LN244_00055	ko:K02517
msec:LN244_00060	ko:K03498
msec:LN244_00065	ko:K03499
msec:LN244_00070	ko:K03500
msec:LN244_00075	ko:K00604
msec:LN244_00080	ko:K01462
msec:LN244_00090	ko:K04096
msec:LN244_00095	ko:K01588
msec:LN244_00100	ko:K01589
msec:LN244_00105	ko:K07566
msec:LN244_00110	ko:K00228
msec:LN244_00115	ko:K00014
msec:LN244_00125	ko:K09947
msec:LN244_00130	ko:K07338
msec:LN244_00140	ko:K07231
msec:LN244_00150	ko:K01414
msec:LN244_00155	ko:K07070
msec:LN244_00160	ko:K01246
msec:LN244_00175	ko:K26937
msec:LN244_00180	ko:K09816
msec:LN244_00185	ko:K09817
msec:LN244_00190	ko:K09823
msec:LN244_00195	ko:K09815
msec:LN244_00200	ko:K14228
msec:LN244_00205	ko:K14228
msec:LN244_00215	ko:K02058
msec:LN244_00220	ko:K03776
msec:LN244_00230	ko:K14231
msec:LN244_00240	ko:K03575
msec:LN244_00245	ko:K07289
msec:LN244_00250	ko:K01693
msec:LN244_00255	ko:K02501
msec:LN244_00260	ko:K01814
msec:LN244_00265	ko:K02500
msec:LN244_00290	ko:K14219
msec:LN244_00315	ko:K14060
msec:LN244_00325	ko:K03563
msec:LN244_00330	ko:K07497
msec:LN244_00345	ko:K07733
msec:LN244_00385	ko:K07090
msec:LN244_00390	ko:K03657
msec:LN244_00395	ko:K02204
msec:LN244_00405	ko:K02335
msec:LN244_00410	ko:K03978
msec:LN244_00420	ko:K03673
msec:LN244_00430	ko:K03688
msec:LN244_00435	ko:K01496
msec:LN244_00440	ko:K01523
msec:LN244_00445	ko:K03116
msec:LN244_00450	ko:K03117
msec:LN244_00455	ko:K03118
msec:LN244_00460	ko:K01977
msec:LN244_00465	ko:K14227
msec:LN244_00470	ko:K14218
msec:LN244_00475	ko:K01980
msec:LN244_00480	ko:K01985
msec:LN244_00485	ko:K00762
msec:LN244_00490	ko:K01142
msec:LN244_00495	ko:K00989
msec:LN244_00505	ko:K11688
msec:LN244_00510	ko:K11689
msec:LN244_00515	ko:K11690
msec:LN244_00520	ko:K00942
msec:LN244_00525	ko:K03060
msec:LN244_00530	ko:K01139
msec:LN244_00535	ko:K00681
msec:LN244_00540	ko:K01424
msec:LN244_00550	ko:K06158
msec:LN244_00560	ko:K03773
msec:LN244_00570	ko:K07740
msec:LN244_00575	ko:K02415
msec:LN244_00580	ko:K01919
msec:LN244_00585	ko:K06959
msec:LN244_00590	ko:K00873
msec:LN244_00595	ko:K10125
msec:LN244_00600	ko:K10126
msec:LN244_00605	ko:K03406
msec:LN244_00610	ko:K11688
msec:LN244_00615	ko:K11689
msec:LN244_00620	ko:K11690
msec:LN244_00630	ko:K01754
msec:LN244_00635	ko:K01807
msec:LN244_00640	ko:K19591
msec:LN244_00645	ko:K02004
msec:LN244_00650	ko:K02003
msec:LN244_00655	ko:K10804
msec:LN244_00660	ko:K07675
msec:LN244_00665	ko:K04564
msec:LN244_00670	ko:K08312
msec:LN244_00675	ko:K20881
msec:LN244_00680	ko:K04762
msec:LN244_00690	ko:K04083
msec:LN244_00695	ko:K01610
msec:LN244_00705	ko:K01524
msec:LN244_00710	ko:K03671
msec:LN244_00715	ko:K03628
msec:LN244_00720	ko:K03182
msec:LN244_00725	ko:K00523
msec:LN244_00730	ko:K01465
msec:LN244_00735	ko:K00609
msec:LN244_00740	ko:K02825
msec:LN244_00745	ko:K07447
msec:LN244_00750	ko:K07735
msec:LN244_00755	ko:K03832
msec:LN244_00760	ko:K01920
msec:LN244_00765	ko:K09761
msec:LN244_00770	ko:K00789
msec:LN244_00775	ko:K00615
msec:LN244_00780	ko:K03472
msec:LN244_00785	ko:K00927
msec:LN244_00790	ko:K01624
msec:LN244_00820	ko:K03566
msec:LN244_00825	ko:K03406
msec:LN244_00840	ko:K07394
msec:LN244_00860	ko:K09910
msec:LN244_00865	ko:K24138
msec:LN244_00875	ko:K01070
msec:LN244_00880	ko:K00121
msec:LN244_00895	ko:K03387
msec:LN244_00900	ko:K24119
msec:LN244_00915	ko:K01754
msec:LN244_00920	ko:K01126
msec:LN244_00930	ko:K03576
msec:LN244_00935	ko:K00549
msec:LN244_00940	ko:K03098
msec:LN244_00955	ko:K12410
msec:LN244_00960	ko:K03308
msec:LN244_00965	ko:K00263
msec:LN244_00970	ko:K04090
msec:LN244_00975	ko:K02014
msec:LN244_00985	ko:K03594
msec:LN244_00990	ko:K03594
msec:LN244_00995	ko:K16092
msec:LN244_01005	ko:K19221
msec:LN244_01010	ko:K02224
msec:LN244_01015	ko:K02227
msec:LN244_01020	ko:K02225
msec:LN244_01025	ko:K02232
msec:LN244_01030	ko:K02016
msec:LN244_01035	ko:K02015
msec:LN244_01040	ko:K02013
msec:LN244_01045	ko:K04719
msec:LN244_01055	ko:K02231
msec:LN244_01060	ko:K00768
msec:LN244_01065	ko:K02226
msec:LN244_01070	ko:K02233
msec:LN244_01075	ko:K07403
msec:LN244_01095	ko:K01433
msec:LN244_01100	ko:K00303
msec:LN244_01105	ko:K00304
msec:LN244_01110	ko:K00302
msec:LN244_01120	ko:K01915
msec:LN244_01125	ko:K22081
msec:LN244_01130	ko:K22082
msec:LN244_01135	ko:K22083
msec:LN244_01140	ko:K01491
msec:LN244_01145	ko:K03320
msec:LN244_01155	ko:K22344
msec:LN244_01160	ko:K22343
msec:LN244_01165	ko:K22342
msec:LN244_01170	ko:K11741
msec:LN244_01175	ko:K00059
msec:LN244_01195	ko:K07497
msec:LN244_01205	ko:K06995
msec:LN244_01210	ko:K18277
msec:LN244_01220	ko:K07684
msec:LN244_01225	ko:K07673
msec:LN244_01230	ko:K28979
msec:LN244_01235	ko:K03320
msec:LN244_01245	ko:K04033
msec:LN244_01250	ko:K16238
msec:LN244_01265	ko:K03735
msec:LN244_01270	ko:K03736
msec:LN244_01275	ko:K19745
msec:LN244_01285	ko:K16137
msec:LN244_01300	ko:K28956
msec:LN244_01305	ko:K01652
msec:LN244_01310	ko:K00375
msec:LN244_01315	ko:K07005
msec:LN244_01325	ko:K06221
msec:LN244_01330	ko:K01992
msec:LN244_01335	ko:K01990
msec:LN244_01340	ko:K01658
msec:LN244_01345	ko:K01657
msec:LN244_01350	ko:K03720
msec:LN244_01370	ko:K07157
msec:LN244_01375	ko:K03675
msec:LN244_01385	ko:K01638
msec:LN244_01395	ko:K11690
msec:LN244_01400	ko:K11689
msec:LN244_01405	ko:K11688
msec:LN244_01410	ko:K01640
msec:LN244_01415	ko:K18313
msec:LN244_01425	ko:K22051
msec:LN244_01435	ko:K00058
msec:LN244_01440	ko:K09913
msec:LN244_01450	ko:K08224
msec:LN244_01455	ko:K29029
msec:LN244_01460	ko:K08973
msec:LN244_01465	ko:K03690
msec:LN244_01470	ko:K03183
msec:LN244_01480	ko:K03667
msec:LN244_01485	ko:K01419
msec:LN244_01495	ko:K01887
msec:LN244_01500	ko:K04066
msec:LN244_01505	ko:K02909
msec:LN244_01515	ko:K00029
msec:LN244_01520	ko:K05366
msec:LN244_01525	ko:K02662
msec:LN244_01530	ko:K02663
msec:LN244_01535	ko:K02664
msec:LN244_01540	ko:K02665
msec:LN244_01545	ko:K02666
msec:LN244_01550	ko:K00891
msec:LN244_01555	ko:K01735
msec:LN244_01560	ko:K03112
msec:LN244_01565	ko:K00265
msec:LN244_01570	ko:K00266
msec:LN244_01580	ko:K11928
msec:LN244_01590	ko:K13821
msec:LN244_01600	ko:K01599
msec:LN244_01605	ko:K01673
msec:LN244_01620	ko:K01740
msec:LN244_01625	ko:K04485
msec:LN244_01640	ko:K06020
msec:LN244_01650	ko:K00600
msec:LN244_01655	ko:K07738
msec:LN244_01660	ko:K11752
msec:LN244_01665	ko:K00793
msec:LN244_01670	ko:K14652
msec:LN244_01675	ko:K00794
msec:LN244_01680	ko:K03625
msec:LN244_01685	ko:K00946
msec:LN244_01690	ko:K01095
msec:LN244_01695	ko:K01497
msec:LN244_01700	ko:K01662
msec:LN244_01705	ko:K00795
msec:LN244_01710	ko:K03602
msec:LN244_01715	ko:K02556
msec:LN244_01720	ko:K02557
msec:LN244_01735	ko:K03611
msec:LN244_01740	ko:K00262
msec:LN244_01775	ko:K07497
msec:LN244_01780	ko:K15035
msec:LN244_01785	ko:K03664
msec:LN244_01790	ko:K03308
msec:LN244_01800	ko:K09801
msec:LN244_01805	ko:K06186
msec:LN244_01810	ko:K03711
msec:LN244_01815	ko:K03631
msec:LN244_01820	ko:K03687
msec:LN244_01825	ko:K04043
msec:LN244_01830	ko:K03686
msec:LN244_01835	ko:K00215
msec:LN244_01845	ko:K02118
msec:LN244_01850	ko:K02120
msec:LN244_01855	ko:K02123
msec:LN244_01860	ko:K02124
msec:LN244_01865	ko:K02121
msec:LN244_01875	ko:K02117
msec:LN244_01890	ko:K06938
msec:LN244_01895	ko:K03699
msec:LN244_01905	ko:K03106
msec:LN244_01910	ko:K02959
msec:LN244_01915	ko:K02860
msec:LN244_01920	ko:K00554
msec:LN244_01925	ko:K02884
msec:LN244_01935	ko:K04763
msec:LN244_01940	ko:K03981
msec:LN244_01945	ko:K00003
msec:LN244_01950	ko:K01733
msec:LN244_01955	ko:K07462
msec:LN244_01965	ko:K01151
msec:LN244_01975	ko:K01515
msec:LN244_01980	ko:K09920
msec:LN244_01985	ko:K03651
msec:LN244_01990	ko:K07000
msec:LN244_01995	ko:K02622
msec:LN244_02005	ko:K21470
msec:LN244_02035	ko:K02621
msec:LN244_02045	ko:K00147
msec:LN244_02050	ko:K00969
msec:LN244_02055	ko:K09710
msec:LN244_02060	ko:K00783
msec:LN244_02065	ko:K05515
msec:LN244_02070	ko:K05837
msec:LN244_02075	ko:K08305
msec:LN244_02080	ko:K03642
msec:LN244_02085	ko:K07258
msec:LN244_02090	ko:K00824
msec:LN244_02095	ko:K09158
msec:LN244_02100	ko:K03801
msec:LN244_02105	ko:K03644
msec:LN244_02115	ko:K07560
msec:LN244_02120	ko:K01259
msec:LN244_02125	ko:K06207
msec:LN244_02135	ko:K01915
msec:LN244_02140	ko:K07708
msec:LN244_02145	ko:K07712
msec:LN244_02150	ko:K03216
msec:LN244_02165	ko:K02340
msec:LN244_02170	ko:K03643
msec:LN244_02175	ko:K01869
msec:LN244_02180	ko:K02040
msec:LN244_02190	ko:K03820
msec:LN244_02195	ko:K06189
msec:LN244_02200	ko:K07042
msec:LN244_02205	ko:K06217
msec:LN244_02210	ko:K06168
msec:LN244_02225	ko:K19810
msec:LN244_02230	ko:K02356
msec:LN244_02235	ko:K04568
msec:LN244_02240	ko:K14155
msec:LN244_02245	ko:K01649
msec:LN244_02255	ko:K03789
msec:LN244_02265	ko:K15012
msec:LN244_02270	ko:K15011
msec:LN244_02275	ko:K03451
msec:LN244_02280	ko:K07182
msec:LN244_02285	ko:K02342
msec:LN244_02295	ko:K02837
msec:LN244_02300	ko:K03424
msec:LN244_02310	ko:K18473
msec:LN244_02320	ko:K09892
msec:LN244_02330	ko:K07121
msec:LN244_02340	ko:K09860
msec:LN244_02345	ko:K00990
msec:LN244_02350	ko:K01265
msec:LN244_02355	ko:K02967
msec:LN244_02360	ko:K02357
msec:LN244_02365	ko:K09903
msec:LN244_02370	ko:K02838
msec:LN244_02375	ko:K00806
msec:LN244_02380	ko:K00981
msec:LN244_02385	ko:K11749
msec:LN244_02390	ko:K07277
msec:LN244_02395	ko:K06142
msec:LN244_02400	ko:K02536
msec:LN244_02405	ko:K02372
msec:LN244_02410	ko:K00677
msec:LN244_02415	ko:K00748
msec:LN244_02420	ko:K03470
msec:LN244_02425	ko:K02337
msec:LN244_02430	ko:K01962
msec:LN244_02435	ko:K04075
msec:LN244_02440	ko:K01937
msec:LN244_02445	ko:K01689
msec:LN244_02450	ko:K05589
msec:LN244_02455	ko:K06176
msec:LN244_02460	ko:K03787
msec:LN244_02465	ko:K00573
msec:LN244_02470	ko:K08974
msec:LN244_02475	ko:K06194
msec:LN244_02480	ko:K03087
msec:LN244_02485	ko:K05524
msec:LN244_02490	ko:K03555
msec:LN244_02495	ko:K03743
msec:LN244_02500	ko:K03553
msec:LN244_02505	ko:K03565
msec:LN244_02510	ko:K01872
msec:LN244_02515	ko:K00928
msec:LN244_02520	ko:K03563
msec:LN244_02525	ko:K14233
msec:LN244_02530	ko:K14219
msec:LN244_02535	ko:K14219
msec:LN244_02540	ko:K14219
msec:LN244_02545	ko:K03151
msec:LN244_02550	ko:K01573
msec:LN244_02555	ko:K01571
msec:LN244_02560	ko:K20509
msec:LN244_02575	ko:K06876
msec:LN244_02600	ko:K16089
msec:LN244_02620	ko:K13069
msec:LN244_02640	ko:K14228
msec:LN244_02645	ko:K07568
msec:LN244_02650	ko:K00773
msec:LN244_02655	ko:K03210
msec:LN244_02660	ko:K03072
msec:LN244_02665	ko:K03074
msec:LN244_02670	ko:K12573
msec:LN244_02680	ko:K01079
msec:LN244_02685	ko:K21025
msec:LN244_02690	ko:K14223
msec:LN244_02695	ko:K14230
msec:LN244_02700	ko:K14223
msec:LN244_02705	ko:K14230
msec:LN244_02710	ko:K06942
msec:LN244_02715	ko:K01056
msec:LN244_02720	ko:K02897
msec:LN244_02725	ko:K00948
msec:LN244_02730	ko:K14223
msec:LN244_02735	ko:K02494
msec:LN244_02745	ko:K02492
msec:LN244_02750	ko:K02835
msec:LN244_02755	ko:K02493
msec:LN244_02760	ko:K21029
msec:LN244_02765	ko:K06929
msec:LN244_02775	ko:K24180
msec:LN244_02780	ko:K08296
msec:LN244_02790	ko:K13936
msec:LN244_02800	ko:K09929
msec:LN244_02805	ko:K09930
msec:LN244_02815	ko:K09914
msec:LN244_02835	ko:K01996
msec:LN244_02840	ko:K01995
msec:LN244_02845	ko:K01998
msec:LN244_02850	ko:K01997
msec:LN244_02855	ko:K01999
msec:LN244_02880	ko:K03737
msec:LN244_02885	ko:K00226
msec:LN244_02900	ko:K00812
msec:LN244_02905	ko:K03406
msec:LN244_02920	ko:K07814
msec:LN244_02940	ko:K18118
msec:LN244_02945	ko:K05590
msec:LN244_02950	ko:K13695
msec:LN244_02955	ko:K02051
msec:LN244_02965	ko:K14233
msec:LN244_02970	ko:K14220
msec:LN244_02975	ko:K14229
msec:LN244_02980	ko:K14229
msec:LN244_02985	ko:K04760
msec:LN244_03000	ko:K16074
msec:LN244_03015	ko:K00563
msec:LN244_03020	ko:K01439
msec:LN244_03025	ko:K00674
msec:LN244_03035	ko:K14267
msec:LN244_03040	ko:K01679
msec:LN244_03055	ko:K15918
msec:LN244_03065	ko:K00275
msec:LN244_03090	ko:K07259
msec:LN244_03100	ko:K18139
msec:LN244_03125	ko:K10535
msec:LN244_03145	ko:K15034
msec:LN244_03150	ko:K06911
msec:LN244_03180	ko:K11927
msec:LN244_03190	ko:K03976
msec:LN244_03205	ko:K11741
msec:LN244_03210	ko:K06886
msec:LN244_03250	ko:K01873
msec:LN244_03255	ko:K02066
msec:LN244_03260	ko:K02065
msec:LN244_03265	ko:K02067
msec:LN244_03270	ko:K18480
msec:LN244_03275	ko:K12267
msec:LN244_03290	ko:K02004
msec:LN244_03295	ko:K02004
msec:LN244_03300	ko:K02003
msec:LN244_03305	ko:K02005
msec:LN244_03310	ko:K02339
msec:LN244_03315	ko:K01255
msec:LN244_03320	ko:K07091
msec:LN244_03325	ko:K11720
msec:LN244_03335	ko:K07126
msec:LN244_03340	ko:K03406
msec:LN244_03345	ko:K01759
msec:LN244_03355	ko:K03840
msec:LN244_03380	ko:K02836
msec:LN244_03385	ko:K04567
msec:LN244_03390	ko:K03648
msec:LN244_03405	ko:K06980
msec:LN244_03410	ko:K01613
msec:LN244_03415	ko:K01011
msec:LN244_03425	ko:K06949
msec:LN244_03430	ko:K13288
msec:LN244_03435	ko:K18979
msec:LN244_03440	ko:K23997
msec:LN244_03445	ko:K06925
msec:LN244_03450	ko:K01448
msec:LN244_03455	ko:K03572
msec:LN244_03460	ko:K00791
msec:LN244_03465	ko:K03666
msec:LN244_03470	ko:K03665
msec:LN244_03475	ko:K04088
msec:LN244_03480	ko:K04087
msec:LN244_03485	ko:K02502
msec:LN244_03490	ko:K01939
msec:LN244_03495	ko:K01092
msec:LN244_03500	ko:K15396
msec:LN244_03505	ko:K00640
msec:LN244_03510	ko:K13643
msec:LN244_03515	ko:K04487
msec:LN244_03520	ko:K04488
msec:LN244_03525	ko:K13628
msec:LN244_03530	ko:K04082
msec:LN244_03535	ko:K04044
msec:LN244_03540	ko:K04755
msec:LN244_03550	ko:K00940
msec:LN244_03555	ko:K06941
msec:LN244_03560	ko:K02656
msec:LN244_03565	ko:K15539
msec:LN244_03570	ko:K01892
msec:LN244_03580	ko:K17713
msec:LN244_03585	ko:K03977
msec:LN244_03590	ko:K01776
msec:LN244_03595	ko:K01977
msec:LN244_03600	ko:K14227
msec:LN244_03605	ko:K14218
msec:LN244_03610	ko:K01980
msec:LN244_03615	ko:K01985
msec:LN244_03620	ko:K09159
msec:LN244_03630	ko:K00278
msec:LN244_03635	ko:K03088
msec:LN244_03640	ko:K03597
msec:LN244_03645	ko:K03803
msec:LN244_03650	ko:K04771
msec:LN244_03655	ko:K03596
msec:LN244_03660	ko:K03100
msec:LN244_03670	ko:K03685
msec:LN244_03675	ko:K03595
msec:LN244_03680	ko:K03584
msec:LN244_03685	ko:K03474
msec:LN244_03690	ko:K00997
msec:LN244_03695	ko:K12339
msec:LN244_03700	ko:K00951
msec:LN244_03705	ko:K04765
msec:LN244_03710	ko:K01595
msec:LN244_03715	ko:K00939
msec:LN244_03720	ko:K03218
msec:LN244_03725	ko:K00925
msec:LN244_03730	ko:K00625
msec:LN244_03735	ko:K02503
msec:LN244_03740	ko:K06415
msec:LN244_03745	ko:K09786
msec:LN244_03750	ko:K07180
msec:LN244_03755	ko:K09699
msec:LN244_03760	ko:K00167
msec:LN244_03765	ko:K00166
msec:LN244_03770	ko:K00263
msec:LN244_03780	ko:K05834
msec:LN244_03785	ko:K01945
msec:LN244_03790	ko:K00602
msec:LN244_03795	ko:K03557
msec:LN244_03800	ko:K05540
msec:LN244_03810	ko:K02687
msec:LN244_03815	ko:K01961
msec:LN244_03820	ko:K02160
msec:LN244_03825	ko:K03786
msec:LN244_03835	ko:K03496
msec:LN244_03845	ko:K00760
msec:LN244_03850	ko:K00761
msec:LN244_03855	ko:K02824
msec:LN244_03865	ko:K02651
msec:LN244_03870	ko:K02278
msec:LN244_03880	ko:K02279
msec:LN244_03885	ko:K02280
msec:LN244_03900	ko:K12513
msec:LN244_03905	ko:K12513
msec:LN244_03910	ko:K02282
msec:LN244_03915	ko:K02283
msec:LN244_03920	ko:K12510
msec:LN244_03925	ko:K12511
msec:LN244_03935	ko:K09989
msec:LN244_03945	ko:K01507
msec:LN244_03950	ko:K03841
msec:LN244_03955	ko:K02558
msec:LN244_03960	ko:K03186
msec:LN244_03965	ko:K14742
msec:LN244_03970	ko:K06153
msec:LN244_03975	ko:K15984
msec:LN244_03980	ko:K03745
msec:LN244_03985	ko:K03704
msec:LN244_04000	ko:K03579
msec:LN244_04005	ko:K01664
msec:LN244_04010	ko:K00766
msec:LN244_04015	ko:K01609
msec:LN244_04020	ko:K07397
msec:LN244_04025	ko:K02990
msec:LN244_04030	ko:K02963
msec:LN244_04035	ko:K02939
msec:LN244_04040	ko:K02314
msec:LN244_04050	ko:K00833
msec:LN244_04060	ko:K03304
msec:LN244_04075	ko:K22900
msec:LN244_04080	ko:K03324
msec:LN244_04085	ko:K02017
msec:LN244_04090	ko:K02018
msec:LN244_04095	ko:K02020
msec:LN244_04105	ko:K01012
msec:LN244_04110	ko:K00652
msec:LN244_04115	ko:K02170
msec:LN244_04120	ko:K02169
msec:LN244_04125	ko:K01935
msec:LN244_04140	ko:K01175
msec:LN244_04145	ko:K03773
msec:LN244_04150	ko:K03601
msec:LN244_04155	ko:K00088
msec:LN244_04160	ko:K01951
msec:LN244_04165	ko:K11991
msec:LN244_04170	ko:K18691
msec:LN244_04175	ko:K01952
msec:LN244_04180	ko:K09004
msec:LN244_04185	ko:K03286
msec:LN244_04190	ko:K09780
msec:LN244_04195	ko:K06190
msec:LN244_04200	ko:K07053
msec:LN244_04210	ko:K03746
msec:LN244_04215	ko:K06178
msec:LN244_04225	ko:K22292
msec:LN244_04230	ko:K00568
msec:LN244_04240	ko:K02469
msec:LN244_04245	ko:K00831
msec:LN244_04250	ko:K14170
msec:LN244_04255	ko:K00817
msec:LN244_04260	ko:K24018
msec:LN244_04265	ko:K00945
msec:LN244_04270	ko:K02945
msec:LN244_04275	ko:K05788
msec:LN244_04285	ko:K19804
msec:LN244_04290	ko:K01591
msec:LN244_04300	ko:K24180
msec:LN244_04310	ko:K18930
msec:LN244_04315	ko:K05799
msec:LN244_04320	ko:K00163
msec:LN244_04325	ko:K00627
msec:LN244_04330	ko:K06901
msec:LN244_04335	ko:K14232
msec:LN244_04340	ko:K14232
msec:LN244_04345	ko:K06518
msec:LN244_04355	ko:K06916
msec:LN244_04360	ko:K02871
msec:LN244_04365	ko:K02996
msec:LN244_04370	ko:K00411
msec:LN244_04375	ko:K00412
msec:LN244_04380	ko:K00413
msec:LN244_04385	ko:K03599
msec:LN244_04390	ko:K03600
msec:LN244_04395	ko:K28369
msec:LN244_04400	ko:K03271
msec:LN244_04405	ko:K07460
msec:LN244_04410	ko:K07121
msec:LN244_04415	ko:K07056
msec:LN244_04420	ko:K01978
msec:LN244_04435	ko:K24217
msec:LN244_04440	ko:K06183
msec:LN244_04450	ko:K06899
msec:LN244_04470	ko:K04101
msec:LN244_04475	ko:K14750
msec:LN244_04480	ko:K14748
msec:LN244_04495	ko:K00459
msec:LN244_04505	ko:K12508
msec:LN244_04510	ko:K18366
msec:LN244_04515	ko:K18365
msec:LN244_04520	ko:K00523
msec:LN244_04525	ko:K11688
msec:LN244_04535	ko:K11690
msec:LN244_04545	ko:K25656
msec:LN244_04555	ko:K03321
msec:LN244_04560	ko:K17218
msec:LN244_04575	ko:K11743
msec:LN244_04580	ko:K11742
msec:LN244_04585	ko:K00135
msec:LN244_04595	ko:K00836
msec:LN244_04605	ko:K11474
msec:LN244_04610	ko:K11688
msec:LN244_04615	ko:K11689
msec:LN244_04620	ko:K11690
msec:LN244_04625	ko:K01638
msec:LN244_04635	ko:K00104
msec:LN244_04640	ko:K11472
msec:LN244_04645	ko:K11473
msec:LN244_04650	ko:K01724
msec:LN244_04655	ko:K06076
msec:LN244_04665	ko:K07486
msec:LN244_04675	ko:K00986
msec:LN244_04680	ko:K14225
msec:LN244_04685	ko:K16011
msec:LN244_04690	ko:K09760
msec:LN244_04705	ko:K05844
msec:LN244_04710	ko:K03605
msec:LN244_04765	ko:K18365
msec:LN244_04770	ko:K18366
msec:LN244_04775	ko:K18364
msec:LN244_04780	ko:K00076
msec:LN244_04785	ko:K23470
msec:LN244_04790	ko:K00154
msec:LN244_04810	ko:K15982
msec:LN244_04825	ko:K25775
msec:LN244_04830	ko:K05898
msec:LN244_04835	ko:K16051
msec:LN244_04840	ko:K05296
msec:LN244_04845	ko:K18687
msec:LN244_04855	ko:K01822
msec:LN244_04875	ko:K07486
msec:LN244_04905	ko:K07003
msec:LN244_04915	ko:K16047
msec:LN244_04920	ko:K15983
msec:LN244_04930	ko:K10680
msec:LN244_04935	ko:K03521
msec:LN244_04940	ko:K03522
msec:LN244_04965	ko:K28221
msec:LN244_04970	ko:K28222
msec:LN244_04975	ko:K22347
msec:LN244_04985	ko:K00799
msec:LN244_05000	ko:K01692
msec:LN244_05010	ko:K25621
msec:LN244_05015	ko:K22819
msec:LN244_05020	ko:K25622
msec:LN244_05025	ko:K25623
msec:LN244_05030	ko:K22818
msec:LN244_05045	ko:K03406
msec:LN244_05065	ko:K16050
msec:LN244_05070	ko:K07535
msec:LN244_05080	ko:K00666
msec:LN244_05115	ko:K03380
msec:LN244_05120	ko:K16049
msec:LN244_05125	ko:K28228
msec:LN244_05130	ko:K28229
msec:LN244_05135	ko:K28232
msec:LN244_05140	ko:K28226
msec:LN244_05145	ko:K28227
msec:LN244_05150	ko:K28230
msec:LN244_05155	ko:K28231
msec:LN244_05160	ko:K00632
msec:LN244_05165	ko:K28225
msec:LN244_05170	ko:K28220
msec:LN244_05175	ko:K28224
msec:LN244_05180	ko:K00632
msec:LN244_05190	ko:K03577
msec:LN244_05195	ko:K00311
msec:LN244_05200	ko:K03925
msec:LN244_05205	ko:K03438
msec:LN244_05210	ko:K03586
msec:LN244_05215	ko:K03587
msec:LN244_05220	ko:K01928
msec:LN244_05225	ko:K01929
msec:LN244_05230	ko:K01000
msec:LN244_05235	ko:K01925
msec:LN244_05240	ko:K03588
msec:LN244_05245	ko:K02563
msec:LN244_05250	ko:K01924
msec:LN244_05255	ko:K01921
msec:LN244_05260	ko:K03589
msec:LN244_05265	ko:K03590
msec:LN244_05270	ko:K03531
msec:LN244_05275	ko:K02535
msec:LN244_05280	ko:K03070
msec:LN244_05285	ko:K00620
msec:LN244_05290	ko:K03574
msec:LN244_05295	ko:K00767
msec:LN244_05300	ko:K03806
msec:LN244_05305	ko:K02010
msec:LN244_05330	ko:K07043
msec:LN244_05340	ko:K03717
msec:LN244_05360	ko:K09858
msec:LN244_05365	ko:K01141
msec:LN244_05385	ko:K10716
msec:LN244_05405	ko:K09861
msec:LN244_05420	ko:K01867
msec:LN244_05425	ko:K07223
msec:LN244_05445	ko:K07001
msec:LN244_05455	ko:K01738
msec:LN244_05475	ko:K01627
msec:LN244_05490	ko:K03744
msec:LN244_05505	ko:K03321
msec:LN244_05515	ko:K07234
msec:LN244_05520	ko:K19789
msec:LN244_05555	ko:K09950
msec:LN244_05560	ko:K02004
msec:LN244_05565	ko:K02003
msec:LN244_05575	ko:K07278
msec:LN244_05580	ko:K09800
msec:LN244_05600	ko:K03321
msec:LN244_05605	ko:K03892
msec:LN244_05610	ko:K03325
msec:LN244_05615	ko:K25224
msec:LN244_05620	ko:K25223
msec:LN244_05630	ko:K03314
msec:LN244_05635	ko:K07340
msec:LN244_05650	ko:K14236
msec:LN244_05655	ko:K00525
msec:LN244_05660	ko:K00526
msec:LN244_05665	ko:K11107
msec:LN244_05670	ko:K10773
msec:LN244_05685	ko:K03613
msec:LN244_05690	ko:K03612
msec:LN244_05695	ko:K03614
msec:LN244_05700	ko:K03615
msec:LN244_05705	ko:K03616
msec:LN244_05710	ko:K03617
msec:LN244_05715	ko:K00956
msec:LN244_05720	ko:K00957
msec:LN244_05725	ko:K00381
msec:LN244_05735	ko:K00390
msec:LN244_05760	ko:K02044
msec:LN244_05765	ko:K02041
msec:LN244_05770	ko:K02042
msec:LN244_05775	ko:K03442
msec:LN244_05785	ko:K03798
msec:LN244_05810	ko:K03704
msec:LN244_05815	ko:K03608
msec:LN244_05820	ko:K03609
msec:LN244_05825	ko:K03610
msec:LN244_05835	ko:K02302
msec:LN244_05845	ko:K07461
msec:LN244_05855	ko:K08289
msec:LN244_05860	ko:K06895
msec:LN244_05865	ko:K05596
msec:LN244_05870	ko:K05592
msec:LN244_05890	ko:K06957
msec:LN244_05905	ko:K07715
msec:LN244_05915	ko:K07711
msec:LN244_05920	ko:K09165
msec:LN244_05945	ko:K02346
msec:LN244_05955	ko:K00077
msec:LN244_05965	ko:K07566
msec:LN244_05970	ko:K01874
msec:LN244_05975	ko:K00557
msec:LN244_05980	ko:K09936
msec:LN244_05990	ko:K02427
msec:LN244_05995	ko:K03437
msec:LN244_06000	ko:K09977
msec:LN244_06010	ko:K03585
msec:LN244_06015	ko:K18138
msec:LN244_06020	ko:K03577
msec:LN244_06055	ko:K16922
msec:LN244_06065	ko:K03547
msec:LN244_06075	ko:K03546
msec:LN244_06080	ko:K07182
msec:LN244_06085	ko:K02192
msec:LN244_06100	ko:K02342
msec:LN244_06150	ko:K11175
msec:LN244_06155	ko:K01933
msec:LN244_06160	ko:K10763
msec:LN244_06165	ko:K06177
msec:LN244_06175	ko:K22132
msec:LN244_06180	ko:K07146
msec:LN244_06190	ko:K03310
msec:LN244_06195	ko:K01744
msec:LN244_06200	ko:K01424
msec:LN244_06205	ko:K04518
msec:LN244_06210	ko:K00556
msec:LN244_06220	ko:K10126
msec:LN244_06225	ko:K07080
msec:LN244_06235	ko:K15736
msec:LN244_06245	ko:K00018
msec:LN244_06255	ko:K01951
msec:LN244_06260	ko:K18138
msec:LN244_06265	ko:K03585
msec:LN244_06270	ko:K14261
msec:LN244_06295	ko:K03580
msec:LN244_06310	ko:K11688
msec:LN244_06325	ko:K01649
msec:LN244_06330	ko:K03719
msec:LN244_06340	ko:K07240
msec:LN244_06355	ko:K03809
msec:LN244_06360	ko:K07393
msec:LN244_06365	ko:K15977
msec:LN244_06370	ko:K03169
msec:LN244_06375	ko:K00128
msec:LN244_06390	ko:K11717
msec:LN244_06400	ko:K03809
msec:LN244_06405	ko:K00537
msec:LN244_06410	ko:K07058
msec:LN244_06415	ko:K01512
msec:LN244_06420	ko:K27042
msec:LN244_06425	ko:K01696
msec:LN244_06430	ko:K01695
msec:LN244_06440	ko:K01881
msec:LN244_06450	ko:K03776
msec:LN244_06455	ko:K01895
msec:LN244_06475	ko:K14987
msec:LN244_06480	ko:K14986
msec:LN244_06485	ko:K20034
msec:LN244_06490	ko:K03769
msec:LN244_06510	ko:K17865
msec:LN244_06515	ko:K20035
msec:LN244_06530	ko:K06894
msec:LN244_06535	ko:K05367
msec:LN244_06540	ko:K07552
msec:LN244_06550	ko:K00209
msec:LN244_06570	ko:K00666
msec:LN244_06580	ko:K01640
msec:LN244_06585	ko:K01968
msec:LN244_06590	ko:K13766
msec:LN244_06595	ko:K01969
msec:LN244_06600	ko:K00253
msec:LN244_06610	ko:K01995
msec:LN244_06615	ko:K01996
msec:LN244_06620	ko:K01999
msec:LN244_06625	ko:K01997
msec:LN244_06630	ko:K01998
msec:LN244_06635	ko:K01772
msec:LN244_06650	ko:K00140
msec:LN244_06670	ko:K00020
msec:LN244_06675	ko:K01908
msec:LN244_06700	ko:K18093
msec:LN244_06710	ko:K00901
msec:LN244_06715	ko:K01885
msec:LN244_06720	ko:K14218
msec:LN244_06725	ko:K14224
msec:LN244_06730	ko:K14218
msec:LN244_06740	ko:K02609
msec:LN244_06745	ko:K02610
msec:LN244_06750	ko:K02611
msec:LN244_06755	ko:K02612
msec:LN244_06760	ko:K02613
msec:LN244_06765	ko:K07010
msec:LN244_06775	ko:K03767
msec:LN244_06790	ko:K05939
msec:LN244_06795	ko:K03593
msec:LN244_06800	ko:K01494
msec:LN244_06815	ko:K12340
msec:LN244_06820	ko:K18138
msec:LN244_06825	ko:K03585
msec:LN244_06830	ko:K16137
msec:LN244_06840	ko:K00812
msec:LN244_06845	ko:K03702
msec:LN244_06850	ko:K07090
msec:LN244_06855	ko:K10910
msec:LN244_06865	ko:K11688
msec:LN244_06870	ko:K11689
msec:LN244_06875	ko:K11690
msec:LN244_06880	ko:K02480
msec:LN244_06885	ko:K07684
msec:LN244_06890	ko:K14237
msec:LN244_06895	ko:K01647
msec:LN244_06900	ko:K00241
msec:LN244_06905	ko:K00242
msec:LN244_06910	ko:K00239
msec:LN244_06915	ko:K00240
msec:LN244_06920	ko:K00164
msec:LN244_06925	ko:K00658
msec:LN244_06930	ko:K00382
msec:LN244_06935	ko:K01903
msec:LN244_06940	ko:K01902
msec:LN244_06945	ko:K05591
msec:LN244_06950	ko:K09768
msec:LN244_06960	ko:K08997
msec:LN244_06985	ko:K04079
msec:LN244_07005	ko:K00817
msec:LN244_07015	ko:K06718
msec:LN244_07020	ko:K00836
msec:LN244_07025	ko:K06720
msec:LN244_07030	ko:K00928
msec:LN244_07045	ko:K03821
msec:LN244_07050	ko:K09181
msec:LN244_07055	ko:K26605
msec:LN244_07060	ko:K26606
msec:LN244_07065	ko:K22042
msec:LN244_07080	ko:K14055
msec:LN244_07085	ko:K01142
msec:LN244_07090	ko:K00383
msec:LN244_07100	ko:K03453
msec:LN244_07105	ko:K10026
msec:LN244_07110	ko:K03554
msec:LN244_07125	ko:K01420
msec:LN244_07130	ko:K02495
msec:LN244_07135	ko:K09792
msec:LN244_07145	ko:K01533
msec:LN244_07150	ko:K09926
msec:LN244_07160	ko:K00406
msec:LN244_07165	ko:K00407
msec:LN244_07170	ko:K00405
msec:LN244_07175	ko:K00404
msec:LN244_07180	ko:K06968
msec:LN244_07190	ko:K04085
msec:LN244_07195	ko:K03607
msec:LN244_07200	ko:K03672
msec:LN244_07220	ko:K26939
msec:LN244_07225	ko:K00135
msec:LN244_07230	ko:K03821
msec:LN244_07240	ko:K08309
msec:LN244_07245	ko:K15738
msec:LN244_07250	ko:K06149
msec:LN244_07265	ko:K03168
msec:LN244_07275	ko:K13053
msec:LN244_07280	ko:K01356
msec:LN244_07285	ko:K03722
msec:LN244_07300	ko:K00057
msec:LN244_07305	ko:K08296
msec:LN244_07320	ko:K01495
msec:LN244_07325	ko:K02670
msec:LN244_07335	ko:K07320
msec:LN244_07340	ko:K01736
msec:LN244_07345	ko:K01611
msec:LN244_07350	ko:K00797
msec:LN244_07355	ko:K05820
msec:LN244_07370	ko:K03821
msec:LN244_07375	ko:K22881
msec:LN244_07385	ko:K01703
msec:LN244_07390	ko:K01704
msec:LN244_07395	ko:K00052
msec:LN244_07400	ko:K00133
msec:LN244_07405	ko:K00133
msec:LN244_07410	ko:K08086
msec:LN244_07415	ko:K06173
msec:LN244_07420	ko:K01817
msec:LN244_07425	ko:K01963
msec:LN244_07430	ko:K11754
msec:LN244_07435	ko:K03749
msec:LN244_07440	ko:K03558
msec:LN244_07445	ko:K00764
msec:LN244_07450	ko:K10764
msec:LN244_07455	ko:K05541
msec:LN244_07460	ko:K04069
msec:LN244_07465	ko:K06990
msec:LN244_07470	ko:K09141
msec:LN244_07480	ko:K01682
msec:LN244_07485	ko:K07497
msec:LN244_07505	ko:K07131
msec:LN244_07520	ko:K06169
msec:LN244_07525	ko:K03269
msec:LN244_07530	ko:K03768
msec:LN244_07535	ko:K01886
msec:LN244_07545	ko:K01883
msec:LN244_07555	ko:K01491
msec:LN244_07560	ko:K14219
msec:LN244_07565	ko:K14226
msec:LN244_07570	ko:K14228
msec:LN244_07575	ko:K14226
msec:LN244_07580	ko:K03545
msec:LN244_07585	ko:K01358
msec:LN244_07590	ko:K03544
msec:LN244_07595	ko:K11688
msec:LN244_07600	ko:K11689
msec:LN244_07605	ko:K11690
msec:LN244_07610	ko:K00138
msec:LN244_07615	ko:K06135
msec:LN244_07620	ko:K06136
msec:LN244_07625	ko:K06137
msec:LN244_07630	ko:K06138
msec:LN244_07635	ko:K06139
msec:LN244_07665	ko:K07003
msec:LN244_07675	ko:K00632
msec:LN244_07680	ko:K01825
msec:LN244_07695	ko:K01897
msec:LN244_07720	ko:K01150
msec:LN244_07725	ko:K09931
msec:LN244_07750	ko:K03502
msec:LN244_07755	ko:K03503
msec:LN244_07760	ko:K01637
msec:LN244_07765	ko:K18850
msec:LN244_07775	ko:K15396
msec:LN244_07785	ko:K01756
msec:LN244_07800	ko:K07153
msec:LN244_07805	ko:K00566
msec:LN244_07815	ko:K03635
msec:LN244_07820	ko:K06181
msec:LN244_07825	ko:K03704
msec:LN244_07830	ko:K06891
msec:LN244_07835	ko:K03694
msec:LN244_07840	ko:K02518
msec:LN244_07845	ko:K21420
msec:LN244_07850	ko:K00684
msec:LN244_07855	ko:K00384
msec:LN244_07860	ko:K03466
msec:LN244_07865	ko:K03634
msec:LN244_07870	ko:K07478
msec:LN244_07875	ko:K06199
msec:LN244_07880	ko:K01875
msec:LN244_07885	ko:K03184
msec:LN244_07905	ko:K06972
msec:LN244_07915	ko:K00031
msec:LN244_07925	ko:K00548
msec:LN244_07930	ko:K01579
msec:LN244_07935	ko:K01908
msec:LN244_07940	ko:K07112
msec:LN244_07945	ko:K07112
msec:LN244_07980	ko:K07497
msec:LN244_08020	ko:K07497
msec:LN244_08035	ko:K07689
msec:LN244_08050	ko:K00134
msec:LN244_08055	ko:K14228
msec:LN244_08070	ko:K14222
msec:LN244_08075	ko:K14225
msec:LN244_08080	ko:K14222
msec:LN244_08085	ko:K14225
msec:LN244_08090	ko:K00995
msec:LN244_08095	ko:K03703
msec:LN244_08115	ko:K00830
msec:LN244_08120	ko:K01243
msec:LN244_08125	ko:K03704
msec:LN244_08130	ko:K11927
msec:LN244_08135	ko:K07173
msec:LN244_08140	ko:K06175
msec:LN244_08145	ko:K14233
msec:LN244_08150	ko:K19416
msec:LN244_08155	ko:K07235
msec:LN244_08160	ko:K07236
msec:LN244_08165	ko:K07237
msec:LN244_08170	ko:K11179
msec:LN244_08175	ko:K01816
msec:LN244_08180	ko:K03408
msec:LN244_08190	ko:K03424
msec:LN244_08195	ko:K02676
msec:LN244_08200	ko:K02341
msec:LN244_08205	ko:K00943
msec:LN244_08210	ko:K07082
msec:LN244_08215	ko:K02619
msec:LN244_08220	ko:K09458
msec:LN244_08225	ko:K02078
msec:LN244_08230	ko:K00059
msec:LN244_08235	ko:K00645
msec:LN244_08240	ko:K03621
msec:LN244_08245	ko:K02911
msec:LN244_08250	ko:K07040
msec:LN244_08255	ko:K25422
msec:LN244_08260	ko:K04773
msec:LN244_08265	ko:K01091
msec:LN244_08285	ko:K01692
msec:LN244_08290	ko:K15866
msec:LN244_08295	ko:K00074
msec:LN244_08300	ko:K02614
msec:LN244_08305	ko:K07823
msec:LN244_08310	ko:K01912
msec:LN244_08315	ko:K06140
msec:LN244_08320	ko:K13771
msec:LN244_08350	ko:K20975
msec:LN244_08365	ko:K00114
msec:LN244_08375	ko:K17226
msec:LN244_08380	ko:K02030
msec:LN244_08390	ko:K00114
msec:LN244_08400	ko:K09004
msec:LN244_08405	ko:K02049
msec:LN244_08410	ko:K15554
msec:LN244_08415	ko:K15553
msec:LN244_08425	ko:K07675
msec:LN244_08445	ko:K01990
msec:LN244_08450	ko:K01992
msec:LN244_08470	ko:K03885
msec:LN244_08480	ko:K03776
msec:LN244_08500	ko:K04655
msec:LN244_08505	ko:K04654
msec:LN244_08510	ko:K04653
msec:LN244_08515	ko:K04652
msec:LN244_08520	ko:K04651
msec:LN244_08525	ko:K04656
msec:LN244_08530	ko:K01560
msec:LN244_08550	ko:K01008
msec:LN244_08555	ko:K06917
msec:LN244_08560	ko:K07032
msec:LN244_08585	ko:K05833
msec:LN244_08590	ko:K05832
msec:LN244_08595	ko:K01989
msec:LN244_08610	ko:K00219
msec:LN244_08635	ko:K03782
msec:LN244_08640	ko:K09136
msec:LN244_08655	ko:K14540
msec:LN244_08665	ko:K02553
msec:LN244_08670	ko:K26063
msec:LN244_08685	ko:K19055
msec:LN244_08700	ko:K00459
msec:LN244_08710	ko:K02483
msec:LN244_08730	ko:K00243
msec:LN244_08740	ko:K10679
msec:LN244_08745	ko:K04077
msec:LN244_08750	ko:K04078
msec:LN244_08760	ko:K01007
msec:LN244_08765	ko:K09773
msec:LN244_08775	ko:K02356
msec:LN244_08780	ko:K02616
msec:LN244_08790	ko:K02617
msec:LN244_08800	ko:K01907
msec:LN244_08805	ko:K04084
msec:LN244_08810	ko:K01626
msec:LN244_08820	ko:K09788
msec:LN244_08825	ko:K20455
msec:LN244_08830	ko:K01659
msec:LN244_08835	ko:K03417
msec:LN244_08850	ko:K01665
msec:LN244_08855	ko:K19304
msec:LN244_08860	ko:K02203
msec:LN244_08865	ko:K13634
msec:LN244_08875	ko:K06179
msec:LN244_08880	ko:K08300
msec:LN244_08885	ko:K00075
msec:LN244_08890	ko:K25307
msec:LN244_08895	ko:K00979
msec:LN244_08900	ko:K09791
msec:LN244_08905	ko:K00912
msec:LN244_08910	ko:K03559
msec:LN244_08915	ko:K03561
msec:LN244_08920	ko:K02238
msec:LN244_08925	ko:K09928
msec:LN244_08930	ko:K09810
msec:LN244_08935	ko:K09808
msec:LN244_08945	ko:K00322
msec:LN244_08950	ko:K05952
msec:LN244_08955	ko:K03734
msec:LN244_08960	ko:K00351
msec:LN244_08965	ko:K00350
msec:LN244_08970	ko:K00349
msec:LN244_08975	ko:K00348
msec:LN244_08980	ko:K00347
msec:LN244_08985	ko:K00346
msec:LN244_08990	ko:K00134
msec:LN244_08995	ko:K03723
msec:LN244_09005	ko:K16052
msec:LN244_09010	ko:K01207
msec:LN244_09025	ko:K04774
msec:LN244_09035	ko:K03426
msec:LN244_09040	ko:K02342
msec:LN244_09045	ko:K03469
msec:LN244_09055	ko:K01069
msec:LN244_09060	ko:K08307
msec:LN244_09070	ko:K13893
msec:LN244_09075	ko:K13894
msec:LN244_09080	ko:K13895
msec:LN244_09085	ko:K13896
msec:LN244_09090	ko:K03770
msec:LN244_09095	ko:K14221
msec:LN244_09100	ko:K03530
msec:LN244_09105	ko:K01338
msec:LN244_09110	ko:K07400
msec:LN244_09120	ko:K03215
msec:LN244_09125	ko:K06177
msec:LN244_09130	ko:K07287
msec:LN244_09135	ko:K01714
msec:LN244_09140	ko:K03564
msec:LN244_09145	ko:K03548
msec:LN244_09150	ko:K04085
msec:LN244_09155	ko:K01423
msec:LN244_09160	ko:K03517
msec:LN244_09165	ko:K14229
msec:LN244_09170	ko:K14229
msec:LN244_09175	ko:K06920
msec:LN244_09185	ko:K03640
msec:LN244_09190	ko:K03641
msec:LN244_09195	ko:K03646
msec:LN244_09200	ko:K03560
msec:LN244_09205	ko:K03562
msec:LN244_09210	ko:K01075
msec:LN244_09215	ko:K06204
msec:LN244_09220	ko:K03551
msec:LN244_09225	ko:K03550
msec:LN244_09230	ko:K01159
msec:LN244_09240	ko:K01876
msec:LN244_09250	ko:K09919
msec:LN244_09255	ko:K07084
msec:LN244_09270	ko:K03522
msec:LN244_09275	ko:K03521
msec:LN244_09280	ko:K00311
msec:LN244_09285	ko:K05539
msec:LN244_09290	ko:K00616
msec:LN244_09310	ko:K04754
msec:LN244_09320	ko:K03578
msec:LN244_09325	ko:K01897
msec:LN244_09345	ko:K13821
msec:LN244_09350	ko:K06966
msec:LN244_09355	ko:K07175
msec:LN244_09360	ko:K00116
msec:LN244_09365	ko:K08998
msec:LN244_09375	ko:K03442
msec:LN244_09380	ko:K07184
msec:LN244_09400	ko:K08484
msec:LN244_09405	ko:K14940
msec:LN244_09410	ko:K01920
msec:LN244_09435	ko:K03413
msec:LN244_09440	ko:K03406
msec:LN244_09450	ko:K22452
msec:LN244_09460	ko:K03924
msec:LN244_09465	ko:K18208
msec:LN244_09470	ko:K03775
msec:LN244_09475	ko:K03320
msec:LN244_09480	ko:K12297
msec:LN244_09485	ko:K03812
msec:LN244_09490	ko:K00254
msec:LN244_09500	ko:K15371
msec:LN244_09510	ko:K07071
msec:LN244_09515	ko:K00793
msec:LN244_09535	ko:K01256
msec:LN244_09545	ko:K09916
msec:LN244_09550	ko:K02441
msec:LN244_09560	ko:K00858
msec:LN244_09570	ko:K14221
msec:LN244_09575	ko:K14237
msec:LN244_09580	ko:K14221
msec:LN244_09585	ko:K14237
msec:LN244_09590	ko:K14221
msec:LN244_09595	ko:K14237
msec:LN244_09600	ko:K14221
msec:LN244_09605	ko:K14237
msec:LN244_09610	ko:K14221
msec:LN244_09615	ko:K14237
msec:LN244_09620	ko:K14221
msec:LN244_09625	ko:K15723
msec:LN244_09635	ko:K14260
msec:LN244_09650	ko:K06969
msec:LN244_09655	ko:K03799
msec:LN244_09670	ko:K03473
msec:LN244_09680	ko:K01696
msec:LN244_09695	ko:K07152
msec:LN244_09700	ko:K09796
msec:LN244_09710	ko:K09906
msec:LN244_09720	ko:K17224
msec:LN244_09730	ko:K17222
msec:LN244_09735	ko:K17227
msec:LN244_09740	ko:K17226
msec:LN244_09745	ko:K17223
msec:LN244_09760	ko:K14058
msec:LN244_09770	ko:K02482
msec:LN244_09790	ko:K07814
msec:LN244_09810	ko:K07793
msec:LN244_09815	ko:K07794
msec:LN244_09820	ko:K07795
msec:LN244_09825	ko:K02476
msec:LN244_09830	ko:K02475
msec:LN244_09835	ko:K03522
msec:LN244_09840	ko:K03521
msec:LN244_09845	ko:K20035
msec:LN244_09855	ko:K01501
msec:LN244_09865	ko:K14233
msec:LN244_09870	ko:K07301
msec:LN244_09875	ko:K03284
msec:LN244_09885	ko:K03719
msec:LN244_09890	ko:K04090
msec:LN244_09895	ko:K00813
msec:LN244_09900	ko:K03308
msec:LN244_09905	ko:K03451
msec:LN244_09910	ko:K22443
msec:LN244_09915	ko:K00135
msec:LN244_09920	ko:K22444
msec:LN244_09930	ko:K16135
msec:LN244_09935	ko:K07246
msec:LN244_09965	ko:K01130
msec:LN244_09975	ko:K21405
msec:LN244_09980	ko:K07285
msec:LN244_10000	ko:K06871
msec:LN244_10005	ko:K08685
msec:LN244_10010	ko:K00146
msec:LN244_10020	ko:K09936
msec:LN244_10040	ko:K09969
msec:LN244_10045	ko:K08984
msec:LN244_10070	ko:K06206
msec:LN244_10085	ko:K17865
msec:LN244_10090	ko:K04090
msec:LN244_10110	ko:K06147
msec:LN244_10125	ko:K06871
msec:LN244_10130	ko:K08685
msec:LN244_10135	ko:K07772
msec:LN244_10145	ko:K02044
msec:LN244_10160	ko:K23541
msec:LN244_10175	ko:K01923
msec:LN244_10190	ko:K03522
msec:LN244_10195	ko:K03521
msec:LN244_10200	ko:K01895
msec:LN244_10215	ko:K13896
msec:LN244_10220	ko:K02034
msec:LN244_10225	ko:K02033
msec:LN244_10230	ko:K02035
msec:LN244_10235	ko:K28842
msec:LN244_10255	ko:K00626
msec:LN244_10260	ko:K00255
msec:LN244_10270	ko:K00252
msec:LN244_10280	ko:K08994
msec:LN244_10295	ko:K09909
msec:LN244_10315	ko:K00799
msec:LN244_10325	ko:K06167
msec:LN244_10330	ko:K05774
msec:LN244_10335	ko:K06162
msec:LN244_10340	ko:K05780
msec:LN244_10345	ko:K05781
msec:LN244_10350	ko:K06163
msec:LN244_10355	ko:K06164
msec:LN244_10360	ko:K06165
msec:LN244_10365	ko:K06166
msec:LN244_10370	ko:K02043
msec:LN244_10375	ko:K02042
msec:LN244_10380	ko:K02044
msec:LN244_10385	ko:K02041
msec:LN244_10400	ko:K05306
msec:LN244_10405	ko:K03430
msec:LN244_10410	ko:K02011
msec:LN244_10415	ko:K02010
msec:LN244_10420	ko:K02012
msec:LN244_10425	ko:K28018
msec:LN244_10440	ko:K01584
msec:LN244_10445	ko:K03776
msec:LN244_10450	ko:K03406
msec:LN244_10455	ko:K03406
msec:LN244_10460	ko:K06193
msec:LN244_10480	ko:K03654
msec:LN244_10485	ko:K07039
msec:LN244_10490	ko:K06077
msec:LN244_10505	ko:K09794
msec:LN244_10510	ko:K00567
msec:LN244_10515	ko:K00800
msec:LN244_10520	ko:K05527
msec:LN244_10555	ko:K14220
msec:LN244_10560	ko:K14220
msec:LN244_10565	ko:K14232
msec:LN244_10570	ko:K13936
msec:LN244_10580	ko:K02013
msec:LN244_10585	ko:K21703
msec:LN244_10590	ko:K07086
msec:LN244_10605	ko:K01669
msec:LN244_10625	ko:K03773
msec:LN244_10630	ko:K03797
msec:LN244_10645	ko:K02945
msec:LN244_10650	ko:K01960
msec:LN244_10655	ko:K01959
msec:LN244_10660	ko:K21711
msec:LN244_10665	ko:K09160
msec:LN244_10670	ko:K09902
msec:LN244_10675	ko:K03684
msec:LN244_10680	ko:K06187
msec:LN244_10685	ko:K09747
msec:LN244_10690	ko:K02343
msec:LN244_10695	ko:K03719
msec:LN244_10700	ko:K03310
msec:LN244_10710	ko:K06902
msec:LN244_10715	ko:K01983
msec:LN244_10720	ko:K05835
msec:LN244_10725	ko:K09912
msec:LN244_10730	ko:K03413
msec:LN244_10735	ko:K01775
msec:LN244_10745	ko:K00285
msec:LN244_10755	ko:K09007
msec:LN244_10760	ko:K06442
msec:LN244_10770	ko:K03531
msec:LN244_10775	ko:K03590
msec:LN244_10780	ko:K03760
msec:LN244_10800	ko:K03406
msec:LN244_10830	ko:K09978
msec:LN244_10835	ko:K09953
msec:LN244_10845	ko:K03410
msec:LN244_10855	ko:K02014
msec:LN244_10860	ko:K03412
msec:LN244_10865	ko:K03411
msec:LN244_10870	ko:K00575
msec:LN244_10875	ko:K03408
msec:LN244_10880	ko:K03406
msec:LN244_10885	ko:K03408
msec:LN244_10890	ko:K03407
msec:LN244_10900	ko:K03413
msec:LN244_10905	ko:K03406
msec:LN244_10910	ko:K00281
msec:LN244_10920	ko:K05785
msec:LN244_10940	ko:K16922
msec:LN244_10955	ko:K07497
msec:LN244_10975	ko:K06213
msec:LN244_10980	ko:K09986
msec:LN244_10995	ko:K03113
msec:LN244_11000	ko:K01129
msec:LN244_11005	ko:K02655
msec:LN244_11015	ko:K08084
msec:LN244_11045	ko:K02652
msec:LN244_11050	ko:K02653
msec:LN244_11055	ko:K02654
msec:LN244_11060	ko:K00859
msec:LN244_11065	ko:K09862
msec:LN244_11070	ko:K01669
msec:LN244_11080	ko:K07167
msec:LN244_11085	ko:K03088
msec:LN244_11090	ko:K06954
msec:LN244_11095	ko:K09701
msec:LN244_11100	ko:K00574
msec:LN244_11130	ko:K03406
msec:LN244_11135	ko:K17686
msec:LN244_11140	ko:K02014
msec:LN244_11160	ko:K00023
msec:LN244_11165	ko:K26937
msec:LN244_11170	ko:K01130
msec:LN244_11220	ko:K11690
msec:LN244_11225	ko:K11689
msec:LN244_11230	ko:K11688
msec:LN244_11235	ko:K00446
msec:LN244_11240	ko:K11311
msec:LN244_11245	ko:K05600
msec:LN244_11250	ko:K05599
msec:LN244_11265	ko:K03070
msec:LN244_11270	ko:K16922
msec:LN244_11300	ko:K12340
msec:LN244_11310	ko:K01821
msec:LN244_11315	ko:K01617
msec:LN244_11320	ko:K18365
msec:LN244_11325	ko:K18366
msec:LN244_11330	ko:K18364
msec:LN244_11335	ko:K10217
msec:LN244_11345	ko:K05782
msec:LN244_11355	ko:K05783
msec:LN244_11360	ko:K05784
msec:LN244_11365	ko:K05550
msec:LN244_11370	ko:K05549
msec:LN244_11380	ko:K00446
msec:LN244_11385	ko:K01999
msec:LN244_11390	ko:K01997
msec:LN244_11395	ko:K01998
msec:LN244_11400	ko:K01995
msec:LN244_11405	ko:K01996
msec:LN244_11425	ko:K09932
msec:LN244_11435	ko:K01753
msec:LN244_11440	ko:K07301
msec:LN244_11455	ko:K23057
msec:LN244_11460	ko:K23056
msec:LN244_11465	ko:K23055
msec:LN244_11470	ko:K23058
msec:LN244_11480	ko:K11690
msec:LN244_11485	ko:K11689
msec:LN244_11490	ko:K11688
msec:LN244_11495	ko:K23470
msec:LN244_11500	ko:K00446
msec:LN244_11505	ko:K11690
msec:LN244_11510	ko:K11689
msec:LN244_11515	ko:K11688
msec:LN244_11525	ko:K00059
msec:LN244_11550	ko:K22027
msec:LN244_11570	ko:K07003
msec:LN244_11580	ko:K07112
msec:LN244_11590	ko:K00446
msec:LN244_11600	ko:K16246
msec:LN244_11605	ko:K16245
msec:LN244_11610	ko:K16242
msec:LN244_11615	ko:K16244
msec:LN244_11620	ko:K16243
msec:LN244_11625	ko:K16249
msec:LN244_11640	ko:K02012
msec:LN244_11645	ko:K02011
msec:LN244_11660	ko:K06879
msec:LN244_11665	ko:K01992
msec:LN244_11670	ko:K01990
msec:LN244_11680	ko:K14225
msec:LN244_11685	ko:K14224
msec:LN244_11690	ko:K14225
msec:LN244_11695	ko:K14224
msec:LN244_11700	ko:K14225
msec:LN244_11705	ko:K14224
msec:LN244_11720	ko:K14224
msec:LN244_11725	ko:K14225
msec:LN244_11760	ko:K00963
msec:LN244_11765	ko:K20949
msec:LN244_11770	ko:K01104
msec:LN244_11775	ko:K16554
msec:LN244_11780	ko:K20988
msec:LN244_11785	ko:K20920
msec:LN244_11800	ko:K07126
msec:LN244_11805	ko:K24300
msec:LN244_11810	ko:K00012
msec:LN244_11815	ko:K01810
msec:LN244_11830	ko:K24310
msec:LN244_11835	ko:K01784
msec:LN244_11855	ko:K12987
msec:LN244_11865	ko:K03328
msec:LN244_11890	ko:K00973
msec:LN244_11895	ko:K01710
msec:LN244_11900	ko:K00955
msec:LN244_11905	ko:K00957
msec:LN244_11910	ko:K01082
msec:LN244_11920	ko:K01840
msec:LN244_11935	ko:K07576
msec:LN244_11940	ko:K01465
msec:LN244_11945	ko:K04047
msec:LN244_11950	ko:K24119
msec:LN244_11965	ko:K11744
msec:LN244_11970	ko:K07107
msec:LN244_11975	ko:K02451
msec:LN244_11980	ko:K02450
msec:LN244_12005	ko:K07486
msec:LN244_12010	ko:K07481
msec:LN244_12035	ko:K02453
msec:LN244_12045	ko:K02462
msec:LN244_12050	ko:K02461
msec:LN244_12055	ko:K02460
msec:LN244_12060	ko:K02459
msec:LN244_12065	ko:K02458
msec:LN244_12070	ko:K02457
msec:LN244_12075	ko:K02456
msec:LN244_12080	ko:K02455
msec:LN244_12085	ko:K02454
msec:LN244_12090	ko:K11690
msec:LN244_12095	ko:K11689
msec:LN244_12100	ko:K11688
msec:LN244_12105	ko:K01666
msec:LN244_12110	ko:K04073
msec:LN244_12115	ko:K02554
msec:LN244_12120	ko:K05818
msec:LN244_12125	ko:K05713
msec:LN244_12130	ko:K16047
msec:LN244_12140	ko:K05714
msec:LN244_12145	ko:K03321
msec:LN244_12155	ko:K11690
msec:LN244_12160	ko:K11689
msec:LN244_12165	ko:K11688
msec:LN244_12170	ko:K11690
msec:LN244_12175	ko:K11689
msec:LN244_12180	ko:K11688
msec:LN244_12185	ko:K01826
msec:LN244_12190	ko:K02509
msec:LN244_12195	ko:K02510
msec:LN244_12200	ko:K05921
msec:LN244_12205	ko:K05921
msec:LN244_12210	ko:K00151
msec:LN244_12215	ko:K02508
msec:LN244_12230	ko:K00455
msec:LN244_12240	ko:K07552
msec:LN244_12245	ko:K00455
msec:LN244_12250	ko:K07552
msec:LN244_12255	ko:K23492
msec:LN244_12260	ko:K23470
msec:LN244_12285	ko:K01082
msec:LN244_12290	ko:K21993
msec:LN244_12300	ko:K01725
msec:LN244_12310	ko:K00626
msec:LN244_12315	ko:K00758
msec:LN244_12330	ko:K17686
msec:LN244_12335	ko:K07644
msec:LN244_12340	ko:K07665
msec:LN244_12345	ko:K07245
msec:LN244_12350	ko:K08982
msec:LN244_12355	ko:K07156
msec:LN244_12360	ko:K07787
msec:LN244_12365	ko:K07798
msec:LN244_12370	ko:K07796
msec:LN244_12380	ko:K20034
msec:LN244_12385	ko:K00135
msec:LN244_12390	ko:K20035
msec:LN244_12395	ko:K00023
msec:LN244_12400	ko:K01578
msec:LN244_12405	ko:K17865
msec:LN244_12425	ko:K03316
msec:LN244_12430	ko:K26139
msec:LN244_12435	ko:K15578
msec:LN244_12440	ko:K15577
msec:LN244_12445	ko:K15576
msec:LN244_12450	ko:K00372
msec:LN244_12455	ko:K03752
msec:LN244_12460	ko:K03750
msec:LN244_12465	ko:K03638
msec:LN244_12470	ko:K03639
msec:LN244_12475	ko:K00363
msec:LN244_12480	ko:K00362
msec:LN244_12490	ko:K02302
msec:LN244_12500	ko:K03406
msec:LN244_12530	ko:K05774
msec:LN244_12555	ko:K07160
msec:LN244_12560	ko:K11690
msec:LN244_12565	ko:K11689
msec:LN244_12570	ko:K11688
msec:LN244_12600	ko:K03775
msec:LN244_12605	ko:K03769
msec:LN244_12610	ko:K01802
msec:LN244_12615	ko:K06218
msec:LN244_12620	ko:K18923
msec:LN244_12625	ko:K01156
msec:LN244_12630	ko:K07316
msec:LN244_12650	ko:K18831
msec:LN244_12660	ko:K07000
msec:LN244_12675	ko:K14415
msec:LN244_12710	ko:K07497
msec:LN244_12755	ko:K03630
msec:LN244_12760	ko:K07474
msec:LN244_12765	ko:K14232
msec:LN244_12775	ko:K04764
msec:LN244_12780	ko:K01890
msec:LN244_12785	ko:K01889
msec:LN244_12790	ko:K02887
msec:LN244_12795	ko:K02916
msec:LN244_12800	ko:K02520
msec:LN244_12805	ko:K01868
msec:LN244_12810	ko:K14348
msec:LN244_12815	ko:K18928
msec:LN244_12820	ko:K18929
msec:LN244_12825	ko:K00782
msec:LN244_12830	ko:K01484
msec:LN244_12835	ko:K06447
msec:LN244_12840	ko:K01295
msec:LN244_12845	ko:K00840
msec:LN244_12850	ko:K06985
msec:LN244_12865	ko:K18890
msec:LN244_12880	ko:K02336
msec:LN244_12885	ko:K01597
msec:LN244_12890	ko:K00869
msec:LN244_12895	ko:K00869
msec:LN244_12900	ko:K01641
msec:LN244_12905	ko:K01823
msec:LN244_12910	ko:K00021
msec:LN244_12915	ko:K12543
msec:LN244_12925	ko:K12542
msec:LN244_12930	ko:K12541
msec:LN244_12945	ko:K01940
msec:LN244_12950	ko:K21218
msec:LN244_12955	ko:K03683
msec:LN244_12960	ko:K03386
msec:LN244_12965	ko:K07390
msec:LN244_12970	ko:K00821
msec:LN244_12975	ko:K00611
msec:LN244_12980	ko:K03576
msec:LN244_12985	ko:K01626
msec:LN244_12995	ko:K10716
msec:LN244_13005	ko:K11105
msec:LN244_13030	ko:K01433
msec:LN244_13035	ko:K00758
msec:LN244_13040	ko:K00948
msec:LN244_13065	ko:K12266
msec:LN244_13070	ko:K05916
msec:LN244_13075	ko:K11690
msec:LN244_13080	ko:K11689
msec:LN244_13085	ko:K11688
msec:LN244_13090	ko:K00140
msec:LN244_13100	ko:K03704
msec:LN244_13120	ko:K03814
msec:LN244_13135	ko:K07233
msec:LN244_13165	ko:K09939
msec:LN244_13170	ko:K16089
msec:LN244_13175	ko:K03308
msec:LN244_13185	ko:K03832
msec:LN244_13190	ko:K03559
msec:LN244_13195	ko:K03561
msec:LN244_13200	ko:K03561
msec:LN244_13210	ko:K01676
msec:LN244_13215	ko:K02548
msec:LN244_13220	ko:K08303
msec:LN244_13225	ko:K01975
msec:LN244_13230	ko:K00799
msec:LN244_13240	ko:K04077
msec:LN244_13245	ko:K04078
msec:LN244_13250	ko:K07113
msec:LN244_13255	ko:K00059
msec:LN244_13260	ko:K08218
msec:LN244_13270	ko:K09767
msec:LN244_13275	ko:K00077
msec:LN244_13280	ko:K22468
msec:LN244_13285	ko:K00798
msec:LN244_13295	ko:K09908
msec:LN244_13305	ko:K04691
msec:LN244_13310	ko:K00013
msec:LN244_13315	ko:K00765
msec:LN244_13320	ko:K00790
msec:LN244_13330	ko:K07122
msec:LN244_13335	ko:K07323
msec:LN244_13340	ko:K02067
msec:LN244_13345	ko:K02066
msec:LN244_13350	ko:K02065
msec:LN244_13355	ko:K06041
msec:LN244_13360	ko:K03270
msec:LN244_13365	ko:K11719
msec:LN244_13370	ko:K09774
msec:LN244_13375	ko:K06861
msec:LN244_13380	ko:K03092
msec:LN244_13385	ko:K05808
msec:LN244_13390	ko:K02806
msec:LN244_13395	ko:K06958
msec:LN244_13400	ko:K08485
msec:LN244_13405	ko:K06213
msec:LN244_13410	ko:K09889
msec:LN244_13420	ko:K08301
msec:LN244_13425	ko:K06287
msec:LN244_13430	ko:K03571
msec:LN244_13435	ko:K03570
msec:LN244_13440	ko:K03569
msec:LN244_13445	ko:K02435
msec:LN244_13450	ko:K02433
msec:LN244_13455	ko:K02434
msec:LN244_13465	ko:K01091
msec:LN244_13470	ko:K01783
msec:LN244_13480	ko:K05801
msec:LN244_13485	ko:K00992
msec:LN244_13490	ko:K07102
msec:LN244_13495	ko:K04744
msec:LN244_13500	ko:K03771
msec:LN244_13505	ko:K00097
msec:LN244_13510	ko:K02528
msec:LN244_13515	ko:K06195
msec:LN244_13525	ko:K02556
msec:LN244_13530	ko:K02557
msec:LN244_13540	ko:K14230
msec:LN244_13560	ko:K01525
msec:LN244_13565	ko:K02439
msec:LN244_13570	ko:K00974
msec:LN244_13575	ko:K03793
msec:LN244_13580	ko:K00950
msec:LN244_13585	ko:K01633
msec:LN244_13590	ko:K08591
msec:LN244_13595	ko:K25706
msec:LN244_13600	ko:K02970
msec:LN244_13605	ko:K09117
msec:LN244_13610	ko:K02316
msec:LN244_13615	ko:K03086
msec:LN244_13620	ko:K14230
msec:LN244_13630	ko:K02658
msec:LN244_13635	ko:K02659
msec:LN244_13640	ko:K02660
msec:LN244_13650	ko:K05559
msec:LN244_13655	ko:K05560
msec:LN244_13660	ko:K05561
msec:LN244_13665	ko:K05562
msec:LN244_13670	ko:K05563
msec:LN244_13675	ko:K05564
msec:LN244_13680	ko:K15461
msec:LN244_13695	ko:K09898
msec:LN244_13700	ko:K01972
msec:LN244_13705	ko:K03528
msec:LN244_13710	ko:K02200
msec:LN244_13715	ko:K02200
msec:LN244_13720	ko:K02199
msec:LN244_13725	ko:K02198
msec:LN244_13730	ko:K02197
msec:LN244_13735	ko:K02196
msec:LN244_13740	ko:K02195
msec:LN244_13745	ko:K02194
msec:LN244_13750	ko:K02193
msec:LN244_13770	ko:K04061
msec:LN244_13780	ko:K03408
msec:LN244_13785	ko:K03496
msec:LN244_13790	ko:K03412
msec:LN244_13795	ko:K03407
msec:LN244_13800	ko:K03414
msec:LN244_13805	ko:K03413
msec:LN244_13810	ko:K02405
msec:LN244_13815	ko:K04562
msec:LN244_13820	ko:K02404
msec:LN244_13825	ko:K02400
msec:LN244_13830	ko:K02401
msec:LN244_13835	ko:K02421
msec:LN244_13840	ko:K02420
msec:LN244_13845	ko:K02419
msec:LN244_13850	ko:K02418
msec:LN244_13855	ko:K02417
msec:LN244_13860	ko:K02416
msec:LN244_13865	ko:K02415
msec:LN244_13870	ko:K02414
msec:LN244_13880	ko:K02413
msec:LN244_13885	ko:K02412
msec:LN244_13890	ko:K02411
msec:LN244_13895	ko:K02410
msec:LN244_13900	ko:K02409
msec:LN244_13905	ko:K02408
msec:LN244_13910	ko:K02342
msec:LN244_13915	ko:K07182
msec:LN244_13920	ko:K14393
msec:LN244_13935	ko:K14393
msec:LN244_13955	ko:K01895
msec:LN244_13960	ko:K10943
msec:LN244_13965	ko:K10942
msec:LN244_13970	ko:K10941
msec:LN244_13975	ko:K02422
msec:LN244_13980	ko:K02407
msec:LN244_13985	ko:K06603
msec:LN244_14000	ko:K02423
msec:LN244_14005	ko:K02397
msec:LN244_14010	ko:K02396
msec:LN244_14015	ko:K02395
msec:LN244_14020	ko:K02394
msec:LN244_14025	ko:K02393
msec:LN244_14030	ko:K02392
msec:LN244_14035	ko:K02391
msec:LN244_14040	ko:K02390
msec:LN244_14045	ko:K02389
msec:LN244_14050	ko:K02388
msec:LN244_14055	ko:K02387
msec:LN244_14060	ko:K00575
msec:LN244_14065	ko:K03415
msec:LN244_14070	ko:K02386
msec:LN244_14075	ko:K02398
msec:LN244_14080	ko:K02399
msec:LN244_14085	ko:K14219
msec:LN244_14105	ko:K01338
msec:LN244_14205	ko:K18842
msec:LN244_14220	ko:K13924
msec:LN244_14250	ko:K07733
msec:LN244_14260	ko:K10680
msec:LN244_14275	ko:K11209
msec:LN244_14285	ko:K07107
msec:LN244_14290	ko:K16137
msec:LN244_14320	ko:K01487
msec:LN244_14325	ko:K00432
msec:LN244_14330	ko:K00784
msec:LN244_14360	ko:K07160
msec:LN244_14365	ko:K00899
msec:LN244_14370	ko:K08963
msec:LN244_14375	ko:K08967
msec:LN244_14380	ko:K09880
msec:LN244_14385	ko:K08964
msec:LN244_14390	ko:K13566
msec:LN244_14395	ko:K14287
msec:LN244_14400	ko:K02014
msec:LN244_14410	ko:K20974
msec:LN244_14425	ko:K19713
msec:LN244_14435	ko:K03581
msec:LN244_14440	ko:K03582
msec:LN244_14445	ko:K03583
msec:LN244_14455	ko:K00208
msec:LN244_14460	ko:K01985
msec:LN244_14465	ko:K01980
msec:LN244_14470	ko:K14218
msec:LN244_14475	ko:K14227
msec:LN244_14480	ko:K01977
msec:LN244_14485	ko:K01866
msec:LN244_14495	ko:K09001
msec:LN244_14500	ko:K15724
msec:LN244_14505	ko:K00145
msec:LN244_14510	ko:K03281
msec:LN244_14515	ko:K00788
msec:LN244_14520	ko:K01845
msec:LN244_14535	ko:K05365
msec:LN244_14540	ko:K07028
msec:LN244_14555	ko:K06204
msec:LN244_14560	ko:K01894
msec:LN244_14575	ko:K07713
msec:LN244_14580	ko:K00970
msec:LN244_14585	ko:K00950
msec:LN244_14590	ko:K00606
msec:LN244_14595	ko:K01918
msec:LN244_14600	ko:K00626
msec:LN244_14610	ko:K06183
msec:LN244_14615	ko:K00564
msec:LN244_14625	ko:K00962
msec:LN244_14630	ko:K02956
msec:LN244_14635	ko:K03177
msec:LN244_14640	ko:K02834
msec:LN244_14645	ko:K02519
msec:LN244_14650	ko:K02600
msec:LN244_14655	ko:K09748
msec:LN244_14660	ko:K14230
msec:LN244_14665	ko:K14228
msec:LN244_14670	ko:K03075
msec:LN244_14675	ko:K01803
msec:LN244_14680	ko:K03431
msec:LN244_14685	ko:K00796
msec:LN244_14690	ko:K03798
msec:LN244_14695	ko:K07574
msec:LN244_14700	ko:K03624
msec:LN244_14705	ko:K01955
msec:LN244_14710	ko:K01956
msec:LN244_14715	ko:K03406
msec:LN244_14720	ko:K14231
msec:LN244_14725	ko:K01985
msec:LN244_14730	ko:K01980
msec:LN244_14735	ko:K01977
msec:LN244_14745	ko:K02257
msec:LN244_14750	ko:K02259
msec:LN244_14760	ko:K14998
msec:LN244_14770	ko:K02276
msec:LN244_14775	ko:K02258
msec:LN244_14780	ko:K02274
msec:LN244_14785	ko:K02275
msec:LN244_14795	ko:K17247
msec:LN244_14800	ko:K07147
msec:LN244_14805	ko:K17103
msec:LN244_14825	ko:K00053
msec:LN244_14830	ko:K02521
msec:LN244_14850	ko:K11073
msec:LN244_14855	ko:K11076
msec:LN244_14860	ko:K11075
msec:LN244_14865	ko:K11074
msec:LN244_14870	ko:K01653
msec:LN244_14875	ko:K01652
msec:LN244_14885	ko:K07115
msec:LN244_14900	ko:K11312
msec:LN244_14915	ko:K07658
msec:LN244_14925	ko:K07114
msec:LN244_14935	ko:K05834
msec:LN244_14955	ko:K07486
msec:LN244_14995	ko:K03695
msec:LN244_15000	ko:K07093
msec:LN244_15005	ko:K05810
msec:LN244_15010	ko:K06180
msec:LN244_15015	ko:K05807
msec:LN244_15020	ko:K01950
msec:LN244_15025	ko:K03153
msec:LN244_15030	ko:K03774
msec:LN244_15035	ko:K03101
msec:LN244_15040	ko:K01870
msec:LN244_15045	ko:K11753
msec:LN244_15050	ko:K03980
msec:LN244_15055	ko:K02968
msec:LN244_15060	ko:K00931
msec:LN244_15065	ko:K03979
msec:LN244_15070	ko:K02899
msec:LN244_15075	ko:K02888
msec:LN244_15080	ko:K02523
msec:LN244_15085	ko:K00569
msec:LN244_15090	ko:K01716
msec:LN244_15095	ko:K00647
msec:LN244_15100	ko:K00655
msec:LN244_15105	ko:K03636
msec:LN244_15110	ko:K03637
msec:LN244_15120	ko:K03750
msec:LN244_15125	ko:K03638
msec:LN244_15130	ko:K03639
msec:LN244_15140	ko:K00067
msec:LN244_15145	ko:K03111
msec:LN244_15150	ko:K03701
msec:LN244_15155	ko:K02879
msec:LN244_15160	ko:K03040
msec:LN244_15165	ko:K02986
msec:LN244_15170	ko:K02948
msec:LN244_15175	ko:K02952
msec:LN244_15180	ko:K02919
msec:LN244_15185	ko:K03076
msec:LN244_15190	ko:K02876
msec:LN244_15195	ko:K02907
msec:LN244_15200	ko:K02988
msec:LN244_15205	ko:K02881
msec:LN244_15210	ko:K02933
msec:LN244_15215	ko:K02994
msec:LN244_15220	ko:K02954
msec:LN244_15225	ko:K02931
msec:LN244_15230	ko:K02895
msec:LN244_15235	ko:K02874
msec:LN244_15240	ko:K02961
msec:LN244_15245	ko:K02904
msec:LN244_15250	ko:K02878
msec:LN244_15255	ko:K02982
msec:LN244_15260	ko:K02890
msec:LN244_15265	ko:K02965
msec:LN244_15270	ko:K02886
msec:LN244_15275	ko:K02892
msec:LN244_15280	ko:K02926
msec:LN244_15285	ko:K02906
msec:LN244_15290	ko:K02946
msec:LN244_15295	ko:K02358
msec:LN244_15300	ko:K02355
msec:LN244_15305	ko:K02992
msec:LN244_15310	ko:K02950
msec:LN244_15315	ko:K03046
msec:LN244_15320	ko:K03043
msec:LN244_15325	ko:K02935
msec:LN244_15330	ko:K02864
msec:LN244_15335	ko:K02863
msec:LN244_15340	ko:K02867
msec:LN244_15345	ko:K02601
msec:LN244_15350	ko:K03073
msec:LN244_15355	ko:K14235
msec:LN244_15360	ko:K02358
msec:LN244_15365	ko:K14234
msec:LN244_15370	ko:K14225
msec:LN244_15375	ko:K14236
msec:LN244_15380	ko:K14234
msec:LN244_15390	ko:K03525
msec:LN244_15395	ko:K03524
msec:LN244_15400	ko:K00287
msec:LN244_15405	ko:K00560
msec:LN244_15410	ko:K13292
msec:LN244_15415	ko:K07090
msec:LN244_15425	ko:K08484
msec:LN244_15430	ko:K08311
msec:LN244_15435	ko:K28842
msec:LN244_15450	ko:K06969
msec:LN244_15455	ko:K02437
msec:LN244_15460	ko:K00605
msec:LN244_15465	ko:K18800
msec:LN244_15470	ko:K03185
msec:LN244_15475	ko:K01262
msec:LN244_15480	ko:K09895
msec:LN244_15485	ko:K09892
msec:LN244_15490	ko:K09888
msec:LN244_15495	ko:K28358
msec:LN244_15500	ko:K01934
msec:LN244_15505	ko:K13936
msec:LN244_15515	ko:K01755
msec:LN244_15520	ko:K01749
msec:LN244_15525	ko:K01719
msec:LN244_15530	ko:K02496
msec:LN244_15535	ko:K02498
msec:LN244_15540	ko:K02670
msec:LN244_15545	ko:K02669
msec:LN244_15550	ko:K06997
msec:LN244_15555	ko:K00286
msec:LN244_15560	ko:K02221
msec:LN244_15565	ko:K09131
msec:LN244_15570	ko:K00641
msec:LN244_15585	ko:K01519
msec:LN244_15595	ko:K03406
msec:LN244_15600	ko:K20862
msec:LN244_15605	ko:K03733
msec:LN244_15610	ko:K09921
msec:LN244_15615	ko:K01778
msec:LN244_15620	ko:K01586
msec:LN244_15630	ko:K06202
msec:LN244_15635	ko:K02527
msec:LN244_15640	ko:K20534
msec:LN244_15655	ko:K11085
msec:LN244_15660	ko:K08679
msec:LN244_15665	ko:K00012
msec:LN244_15670	ko:K02517
msec:LN244_15675	ko:K01953
msec:LN244_15700	ko:K07270
msec:LN244_15710	ko:K07276
msec:LN244_15715	ko:K00826
msec:LN244_15720	ko:K00982
msec:LN244_15730	ko:K07220
msec:LN244_15735	ko:K03306
msec:LN244_15740	ko:K01438
msec:LN244_15745	ko:K14682
msec:LN244_15750	ko:K07637
msec:LN244_15755	ko:K07660
msec:LN244_15775	ko:K00259
msec:LN244_15780	ko:K01687
msec:LN244_15795	ko:K14445
msec:LN244_15800	ko:K10806
msec:LN244_15805	ko:K02040
msec:LN244_15810	ko:K02037
msec:LN244_15815	ko:K02038
msec:LN244_15820	ko:K02036
msec:LN244_15825	ko:K02039
msec:LN244_15830	ko:K03181
msec:LN244_15835	ko:K03179
msec:LN244_15840	ko:K07657
msec:LN244_15845	ko:K07636
msec:LN244_15850	ko:K06203
msec:LN244_15870	ko:K09891
msec:LN244_15875	ko:K11689
msec:LN244_15880	ko:K11690
msec:LN244_15885	ko:K03656
msec:LN244_15895	ko:K07391
msec:LN244_15900	ko:K09806
msec:LN244_15905	ko:K04752
msec:LN244_15910	ko:K03320
msec:LN244_15915	ko:K04752
msec:LN244_15920	ko:K16348
msec:LN244_15925	ko:K00673
msec:LN244_15935	ko:K07662
msec:LN244_15940	ko:K06006
msec:LN244_15955	ko:K03439
msec:LN244_15960	ko:K03149
msec:LN244_15965	ko:K03154
msec:LN244_15975	ko:K03089
msec:LN244_15980	ko:K09811
msec:LN244_15985	ko:K09812
msec:LN244_15990	ko:K03110
msec:LN244_16000	ko:K08316
msec:LN244_16005	ko:K03577
msec:LN244_16010	ko:K00954
msec:LN244_16020	ko:K09009
msec:LN244_16025	ko:K03655
msec:LN244_16030	ko:K04761
msec:LN244_16040	ko:K00937
msec:LN244_16045	ko:K01698
msec:LN244_16065	ko:K19302
msec:LN244_16075	ko:K10563
msec:LN244_16085	ko:K02913
msec:LN244_16090	ko:K02902
msec:LN244_16095	ko:K03630
msec:LN244_16100	ko:K13038
msec:LN244_16105	ko:K01520
msec:LN244_16110	ko:K15778
msec:LN244_16115	ko:K00930
msec:LN244_16120	ko:K05501
msec:LN244_16125	ko:K03797
msec:LN244_16130	ko:K22719
msec:LN244_16135	ko:K15633
msec:LN244_16145	ko:K03676
msec:LN244_16150	ko:K03071
msec:LN244_16155	ko:K05812
msec:LN244_16165	ko:K01985
msec:LN244_16170	ko:K01980
msec:LN244_16175	ko:K01977
msec:LN244_16180	ko:K14061
msec:LN244_16190	ko:K07080
msec:LN244_16195	ko:K00850
msec:LN244_16205	ko:K01069
msec:LN244_16210	ko:K03406
msec:LN244_16225	ko:K00941
msec:LN244_16230	ko:K15600
msec:LN244_16235	ko:K15599
msec:LN244_16240	ko:K15598
msec:LN244_16245	ko:K03707
msec:LN244_16250	ko:K03147
msec:LN244_16260	ko:K11688
msec:LN244_16265	ko:K19337
msec:LN244_16285	ko:K09790
msec:LN244_16290	ko:K00820
msec:LN244_16295	ko:K04042
msec:LN244_16305	ko:K02114
msec:LN244_16310	ko:K02112
msec:LN244_16315	ko:K02115
msec:LN244_16320	ko:K02111
msec:LN244_16325	ko:K02113
msec:LN244_16330	ko:K02109
msec:LN244_16335	ko:K02110
msec:LN244_16340	ko:K02108
msec:LN244_16345	ko:K02116
msec:LN244_16350	ko:K03497
msec:LN244_16355	ko:K03496
msec:LN244_16360	ko:K03501
msec:LN244_16365	ko:K03495
msec:LN244_16380	ko:K03650
msec:LN244_16385	ko:K03217
msec:LN244_16390	ko:K03536
msec:LN244_16395	ko:K02914
