patl:KGI96_00010	ko:K03687
patl:KGI96_00020	ko:K00858
patl:KGI96_00025	ko:K03789
patl:KGI96_00030	ko:K02344
patl:KGI96_00035	ko:K00564
patl:KGI96_00040	ko:K01119
patl:KGI96_00050	ko:K18218
patl:KGI96_00055	ko:K12297
patl:KGI96_00060	ko:K08296
patl:KGI96_00065	ko:K00873
patl:KGI96_00070	ko:K12982
patl:KGI96_00075	ko:K14187
patl:KGI96_00080	ko:K03671
patl:KGI96_00085	ko:K03491
patl:KGI96_00090	ko:K02759
patl:KGI96_00095	ko:K02760
patl:KGI96_00105	ko:K02761
patl:KGI96_00120	ko:K01223
patl:KGI96_00130	ko:K01151
patl:KGI96_00135	ko:K03631
patl:KGI96_00140	ko:K01633
patl:KGI96_00145	ko:K01489
patl:KGI96_00155	ko:K01495
patl:KGI96_00165	ko:K09125
patl:KGI96_00170	ko:K11211
patl:KGI96_00175	ko:K01153
patl:KGI96_00185	ko:K01154
patl:KGI96_00190	ko:K04095
patl:KGI96_00195	ko:K03427
patl:KGI96_00200	ko:K00950
patl:KGI96_00205	ko:K00970
patl:KGI96_00210	ko:K06204
patl:KGI96_00215	ko:K21470
patl:KGI96_00225	ko:K01069
patl:KGI96_00230	ko:K02065
patl:KGI96_00235	ko:K02066
patl:KGI96_00240	ko:K02067
patl:KGI96_00245	ko:K07323
patl:KGI96_00250	ko:K07122
patl:KGI96_00260	ko:K00790
patl:KGI96_00265	ko:K12368
patl:KGI96_00270	ko:K12369
patl:KGI96_00275	ko:K12370
patl:KGI96_00280	ko:K09812
patl:KGI96_00285	ko:K09811
patl:KGI96_00290	ko:K03310
patl:KGI96_00295	ko:K08218
patl:KGI96_00300	ko:K05786
patl:KGI96_00305	ko:K06020
patl:KGI96_00310	ko:K02342
patl:KGI96_00315	ko:K14221
patl:KGI96_00320	ko:K12055
patl:KGI96_00345	ko:K03111
patl:KGI96_00365	ko:K07493
patl:KGI96_00370	ko:K03733
patl:KGI96_00445	ko:K01439
patl:KGI96_00450	ko:K14441
patl:KGI96_00455	ko:K06177
patl:KGI96_00460	ko:K03695
patl:KGI96_00465	ko:K06200
patl:KGI96_00475	ko:K01551
patl:KGI96_00480	ko:K01258
patl:KGI96_00485	ko:K03326
patl:KGI96_00490	ko:K12940
patl:KGI96_00495	ko:K07089
patl:KGI96_00500	ko:K21903
patl:KGI96_00505	ko:K07109
patl:KGI96_00510	ko:K03210
patl:KGI96_00515	ko:K03072
patl:KGI96_00520	ko:K03074
patl:KGI96_00525	ko:K09861
patl:KGI96_00540	ko:K07014
patl:KGI96_00545	ko:K09904
patl:KGI96_00565	ko:K01902
patl:KGI96_00570	ko:K01903
patl:KGI96_00580	ko:K07126
patl:KGI96_00585	ko:K01141
patl:KGI96_00590	ko:K04565
patl:KGI96_00600	ko:K01206
patl:KGI96_00605	ko:K02761
patl:KGI96_00615	ko:K00010
patl:KGI96_00620	ko:K03335
patl:KGI96_00625	ko:K03336
patl:KGI96_00630	ko:K03338
patl:KGI96_00640	ko:K00140
patl:KGI96_00650	ko:K17213
patl:KGI96_00655	ko:K17213
patl:KGI96_00660	ko:K17215
patl:KGI96_00665	ko:K17214
patl:KGI96_00670	ko:K03151
patl:KGI96_00680	ko:K06178
patl:KGI96_00690	ko:K06175
patl:KGI96_00695	ko:K01883
patl:KGI96_00700	ko:K02010
patl:KGI96_00705	ko:K02011
patl:KGI96_00710	ko:K02012
patl:KGI96_00715	ko:K02012
patl:KGI96_00720	ko:K00688
patl:KGI96_00725	ko:K05809
patl:KGI96_00730	ko:K13643
patl:KGI96_00735	ko:K04487
patl:KGI96_00740	ko:K04488
patl:KGI96_00745	ko:K13628
patl:KGI96_00750	ko:K04082
patl:KGI96_00765	ko:K04044
patl:KGI96_00770	ko:K04755
patl:KGI96_00785	ko:K06173
patl:KGI96_00790	ko:K07182
patl:KGI96_00795	ko:K02342
patl:KGI96_00810	ko:K21449
patl:KGI96_00820	ko:K03839
patl:KGI96_00825	ko:K03711
patl:KGI96_00830	ko:K06192
patl:KGI96_00835	ko:K18893
patl:KGI96_00840	ko:K01929
patl:KGI96_00845	ko:K01000
patl:KGI96_00875	ko:K03655
patl:KGI96_00880	ko:K09761
patl:KGI96_00885	ko:K07735
patl:KGI96_00890	ko:K07447
patl:KGI96_00895	ko:K11753
patl:KGI96_00900	ko:K01977
patl:KGI96_00905	ko:K14224
patl:KGI96_00910	ko:K01980
patl:KGI96_00915	ko:K01985
patl:KGI96_00920	ko:K03424
patl:KGI96_00930	ko:K03674
patl:KGI96_00935	ko:K01868
patl:KGI96_00940	ko:K00600
patl:KGI96_00945	ko:K00931
patl:KGI96_00955	ko:K07140
patl:KGI96_00960	ko:K18800
patl:KGI96_00975	ko:K07084
patl:KGI96_00980	ko:K02492
patl:KGI96_00985	ko:K07340
patl:KGI96_00990	ko:K03596
patl:KGI96_00995	ko:K03683
patl:KGI96_01010	ko:K01710
patl:KGI96_01015	ko:K00983
patl:KGI96_01025	ko:K00785
patl:KGI96_01070	ko:K06223
patl:KGI96_01090	ko:K01091
patl:KGI96_01095	ko:K01867
patl:KGI96_01100	ko:K03607
patl:KGI96_01105	ko:K03797
patl:KGI96_01110	ko:K05802
patl:KGI96_01120	ko:K15984
patl:KGI96_01125	ko:K02426
patl:KGI96_01130	ko:K03624
patl:KGI96_01135	ko:K06915
patl:KGI96_01140	ko:K02887
patl:KGI96_01145	ko:K02916
patl:KGI96_01150	ko:K02520
patl:KGI96_01160	ko:K04564
patl:KGI96_01165	ko:K01866
patl:KGI96_01170	ko:K15257
patl:KGI96_01175	ko:K13888
patl:KGI96_01180	ko:K05685
patl:KGI96_01185	ko:K07001
patl:KGI96_01190	ko:K11107
patl:KGI96_01195	ko:K00526
patl:KGI96_01200	ko:K06941
patl:KGI96_01205	ko:K02656
patl:KGI96_01210	ko:K04774
patl:KGI96_01215	ko:K11754
patl:KGI96_01220	ko:K01963
patl:KGI96_01225	ko:K07000
patl:KGI96_01235	ko:K04567
patl:KGI96_01245	ko:K01983
patl:KGI96_01250	ko:K06181
patl:KGI96_01260	ko:K00850
patl:KGI96_01265	ko:K02439
patl:KGI96_01270	ko:K03561
patl:KGI96_01275	ko:K03559
patl:KGI96_01280	ko:K03832
patl:KGI96_01285	ko:K09747
patl:KGI96_01290	ko:K06187
patl:KGI96_01295	ko:K04773
patl:KGI96_01300	ko:K07751
patl:KGI96_01305	ko:K28370
patl:KGI96_01310	ko:K04088
patl:KGI96_01315	ko:K04087
patl:KGI96_01320	ko:K01939
patl:KGI96_01325	ko:K06193
patl:KGI96_01330	ko:K26441
patl:KGI96_01335	ko:K00163
patl:KGI96_01340	ko:K00627
patl:KGI96_01345	ko:K00382
patl:KGI96_01350	ko:K01977
patl:KGI96_01355	ko:K14224
patl:KGI96_01360	ko:K01980
patl:KGI96_01365	ko:K01985
patl:KGI96_01370	ko:K28854
patl:KGI96_01375	ko:K02356
patl:KGI96_01380	ko:K19810
patl:KGI96_01385	ko:K01810
patl:KGI96_01395	ko:K09806
patl:KGI96_01400	ko:K03977
patl:KGI96_01410	ko:K06901
patl:KGI96_01430	ko:K07482
patl:KGI96_01450	ko:K01448
patl:KGI96_01460	ko:K02011
patl:KGI96_01465	ko:K02010
patl:KGI96_01470	ko:K07271
patl:KGI96_01490	ko:K03554
patl:KGI96_01495	ko:K08310
patl:KGI96_01505	ko:K09808
patl:KGI96_01600	ko:K07741
patl:KGI96_01610	ko:K07733
patl:KGI96_01630	ko:K04095
patl:KGI96_01640	ko:K14228
patl:KGI96_01645	ko:K01414
patl:KGI96_01660	ko:K03321
patl:KGI96_01665	ko:K03424
patl:KGI96_01670	ko:K01159
patl:KGI96_01675	ko:K05541
patl:KGI96_01680	ko:K08984
patl:KGI96_01685	ko:K05801
patl:KGI96_01690	ko:K00891
patl:KGI96_01695	ko:K01735
patl:KGI96_01700	ko:K06223
patl:KGI96_01710	ko:K02527
patl:KGI96_01715	ko:K00954
patl:KGI96_01720	ko:K11085
patl:KGI96_01725	ko:K19157
patl:KGI96_01730	ko:K07473
patl:KGI96_01740	ko:K06518
patl:KGI96_01745	ko:K03722
patl:KGI96_01755	ko:K03684
patl:KGI96_01760	ko:K16087
patl:KGI96_01765	ko:K09902
patl:KGI96_01770	ko:K02314
patl:KGI96_01775	ko:K04744
patl:KGI96_01780	ko:K02495
patl:KGI96_01790	ko:K09894
patl:KGI96_01820	ko:K00615
patl:KGI96_01825	ko:K02909
patl:KGI96_01830	ko:K03732
patl:KGI96_01835	ko:K03573
patl:KGI96_01845	ko:K01869
patl:KGI96_01850	ko:K03643
patl:KGI96_01855	ko:K02340
patl:KGI96_01865	ko:K00995
patl:KGI96_01870	ko:K01256
patl:KGI96_01880	ko:K00857
patl:KGI96_01885	ko:K09892
patl:KGI96_01890	ko:K03798
patl:KGI96_01895	ko:K02427
patl:KGI96_01900	ko:K03834
patl:KGI96_01905	ko:K07014
patl:KGI96_01915	ko:K11744
patl:KGI96_01920	ko:K00567
patl:KGI96_01925	ko:K01246
patl:KGI96_01940	ko:K08276
patl:KGI96_01950	ko:K09781
patl:KGI96_01960	ko:K06957
patl:KGI96_01975	ko:K01433
patl:KGI96_01980	ko:K03746
patl:KGI96_01985	ko:K02335
patl:KGI96_02010	ko:K03704
patl:KGI96_02015	ko:K06186
patl:KGI96_02020	ko:K06899
patl:KGI96_02025	ko:K09768
patl:KGI96_02030	ko:K01940
patl:KGI96_02035	ko:K10541
patl:KGI96_02040	ko:K10542
patl:KGI96_02045	ko:K10540
patl:KGI96_02050	ko:K02529
patl:KGI96_02055	ko:K00965
patl:KGI96_02060	ko:K00849
patl:KGI96_02065	ko:K01785
patl:KGI96_02070	ko:K00789
patl:KGI96_02080	ko:K02532
patl:KGI96_02085	ko:K01190
patl:KGI96_02090	ko:K03446
patl:KGI96_02095	ko:K03543
patl:KGI96_02100	ko:K15974
patl:KGI96_02105	ko:K02217
patl:KGI96_02110	ko:K02217
patl:KGI96_02115	ko:K01738
patl:KGI96_02120	ko:K09908
patl:KGI96_02125	ko:K07153
patl:KGI96_02130	ko:K01756
patl:KGI96_02145	ko:K07263
patl:KGI96_02150	ko:K17938
patl:KGI96_02160	ko:K01755
patl:KGI96_02165	ko:K23259
patl:KGI96_02175	ko:K01082
patl:KGI96_02180	ko:K00036
patl:KGI96_02185	ko:K01057
patl:KGI96_02205	ko:K00033
patl:KGI96_02210	ko:K09136
patl:KGI96_02215	ko:K08301
patl:KGI96_02240	ko:K09760
patl:KGI96_02245	ko:K01664
patl:KGI96_02250	ko:K03664
patl:KGI96_02255	ko:K01875
patl:KGI96_02260	ko:K28358
patl:KGI96_02265	ko:K09888
patl:KGI96_02270	ko:K09895
patl:KGI96_02275	ko:K00759
patl:KGI96_02280	ko:K02343
patl:KGI96_02285	ko:K01990
patl:KGI96_02290	ko:K01992
patl:KGI96_02295	ko:K12368
patl:KGI96_02300	ko:K01951
patl:KGI96_02330	ko:K00088
patl:KGI96_02335	ko:K01934
patl:KGI96_02340	ko:K03704
patl:KGI96_02350	ko:K03704
patl:KGI96_02355	ko:K00982
patl:KGI96_02360	ko:K07568
patl:KGI96_02370	ko:K02967
patl:KGI96_02375	ko:K02357
patl:KGI96_02380	ko:K09903
patl:KGI96_02385	ko:K01639
patl:KGI96_02390	ko:K00885
patl:KGI96_02395	ko:K01788
patl:KGI96_02400	ko:K11688
patl:KGI96_02405	ko:K21393
patl:KGI96_02415	ko:K01876
patl:KGI96_02425	ko:K02564
patl:KGI96_02430	ko:K03591
patl:KGI96_02435	ko:K03100
patl:KGI96_02440	ko:K03685
patl:KGI96_02445	ko:K03595
patl:KGI96_02450	ko:K06177
patl:KGI96_02455	ko:K03580
patl:KGI96_02460	ko:K01166
patl:KGI96_02470	ko:K00998
patl:KGI96_02475	ko:K01870
patl:KGI96_02480	ko:K03584
patl:KGI96_02485	ko:K01775
patl:KGI96_02490	ko:K00133
patl:KGI96_02495	ko:K01147
patl:KGI96_02500	ko:K02621
patl:KGI96_02505	ko:K14223
patl:KGI96_02510	ko:K14223
patl:KGI96_02515	ko:K14228
patl:KGI96_02520	ko:K14230
patl:KGI96_02525	ko:K00014
patl:KGI96_02530	ko:K07566
patl:KGI96_02535	ko:K07479
patl:KGI96_02540	ko:K09900
patl:KGI96_02545	ko:K03565
patl:KGI96_02550	ko:K03553
patl:KGI96_02555	ko:K03771
patl:KGI96_02560	ko:K03272
patl:KGI96_02570	ko:K15738
patl:KGI96_02580	ko:K02619
patl:KGI96_02585	ko:K02549
patl:KGI96_02590	ko:K02012
patl:KGI96_02595	ko:K03750
patl:KGI96_02600	ko:K03639
patl:KGI96_02605	ko:K03638
patl:KGI96_02610	ko:K03752
patl:KGI96_02615	ko:K03637
patl:KGI96_02620	ko:K03636
patl:KGI96_02625	ko:K03635
patl:KGI96_02630	ko:K03148
patl:KGI96_02635	ko:K03532
patl:KGI96_02640	ko:K07811
patl:KGI96_02645	ko:K03533
patl:KGI96_02650	ko:K03116
patl:KGI96_02655	ko:K02193
patl:KGI96_02660	ko:K02194
patl:KGI96_02665	ko:K02195
patl:KGI96_02670	ko:K02196
patl:KGI96_02675	ko:K02197
patl:KGI96_02680	ko:K02198
patl:KGI96_02685	ko:K02199
patl:KGI96_02690	ko:K02200
patl:KGI96_02710	ko:K19158
patl:KGI96_02715	ko:K09910
patl:KGI96_02720	ko:K01420
patl:KGI96_02735	ko:K01424
patl:KGI96_02740	ko:K01524
patl:KGI96_02745	ko:K07042
patl:KGI96_02750	ko:K03756
patl:KGI96_02755	ko:K01581
patl:KGI96_02765	ko:K03699
patl:KGI96_02775	ko:K03325
patl:KGI96_02805	ko:K07003
patl:KGI96_02825	ko:K14237
patl:KGI96_02830	ko:K01889
patl:KGI96_02835	ko:K01890
patl:KGI96_02840	ko:K04764
patl:KGI96_02845	ko:K13695
patl:KGI96_02850	ko:K03803
patl:KGI96_02855	ko:K00928
patl:KGI96_02860	ko:K19226
patl:KGI96_02865	ko:K19227
patl:KGI96_02870	ko:K19228
patl:KGI96_02875	ko:K19229
patl:KGI96_02880	ko:K03634
patl:KGI96_02885	ko:K03720
patl:KGI96_02890	ko:K03814
patl:KGI96_02895	ko:K04691
patl:KGI96_02900	ko:K00945
patl:KGI96_02905	ko:K02945
patl:KGI96_02910	ko:K05788
patl:KGI96_02915	ko:K08992
patl:KGI96_02920	ko:K19804
patl:KGI96_02925	ko:K01779
patl:KGI96_02935	ko:K03113
patl:KGI96_02940	ko:K00760
patl:KGI96_02945	ko:K03466
patl:KGI96_02960	ko:K08681
patl:KGI96_02965	ko:K06215
patl:KGI96_02970	ko:K00375
patl:KGI96_02975	ko:K00215
patl:KGI96_02980	ko:K00563
patl:KGI96_02985	ko:K14230
patl:KGI96_02990	ko:K09748
patl:KGI96_02995	ko:K02600
patl:KGI96_03000	ko:K02519
patl:KGI96_03005	ko:K02834
patl:KGI96_03010	ko:K03177
patl:KGI96_03015	ko:K01626
patl:KGI96_03020	ko:K14742
patl:KGI96_03030	ko:K14699
patl:KGI96_03035	ko:K14698
patl:KGI96_03040	ko:K00800
patl:KGI96_03045	ko:K03470
patl:KGI96_03050	ko:K00526
patl:KGI96_03055	ko:K00525
patl:KGI96_03065	ko:K00939
patl:KGI96_03070	ko:K22132
patl:KGI96_03075	ko:K09816
patl:KGI96_03080	ko:K09817
patl:KGI96_03085	ko:K19304
patl:KGI96_03090	ko:K03981
patl:KGI96_03095	ko:K07462
patl:KGI96_03100	ko:K28853
patl:KGI96_03105	ko:K06153
patl:KGI96_03110	ko:K00826
patl:KGI96_03115	ko:K03566
patl:KGI96_03130	ko:K01897
patl:KGI96_03135	ko:K03088
patl:KGI96_03140	ko:K03597
patl:KGI96_03145	ko:K15396
patl:KGI96_03150	ko:K07662
patl:KGI96_03155	ko:K06149
patl:KGI96_03160	ko:K01872
patl:KGI96_03165	ko:K03563
patl:KGI96_03170	ko:K00963
patl:KGI96_03175	ko:K03523
patl:KGI96_03180	ko:K16783
patl:KGI96_03185	ko:K16784
patl:KGI96_03190	ko:K03599
patl:KGI96_03195	ko:K03600
patl:KGI96_03205	ko:K03633
patl:KGI96_03215	ko:K03804
patl:KGI96_03220	ko:K03632
patl:KGI96_03225	ko:K07316
patl:KGI96_03230	ko:K01156
patl:KGI96_03240	ko:K04079
patl:KGI96_03245	ko:K14445
patl:KGI96_03260	ko:K01783
patl:KGI96_03265	ko:K11530
patl:KGI96_03270	ko:K08321
patl:KGI96_03275	ko:K10555
patl:KGI96_03280	ko:K10557
patl:KGI96_03285	ko:K10556
patl:KGI96_03290	ko:K10558
patl:KGI96_03295	ko:K11531
patl:KGI96_03300	ko:K11216
patl:KGI96_03310	ko:K03581
patl:KGI96_03315	ko:K11179
patl:KGI96_03320	ko:K19416
patl:KGI96_03325	ko:K03602
patl:KGI96_03330	ko:K00795
patl:KGI96_03335	ko:K04772
patl:KGI96_03340	ko:K03841
patl:KGI96_03345	ko:K06201
patl:KGI96_03350	ko:K07065
patl:KGI96_03360	ko:K00962
patl:KGI96_03365	ko:K05592
patl:KGI96_03370	ko:K09824
patl:KGI96_03375	ko:K11991
patl:KGI96_03380	ko:K04095
patl:KGI96_03395	ko:K12543
patl:KGI96_03400	ko:K12541
patl:KGI96_03405	ko:K12542
patl:KGI96_03410	ko:K01673
patl:KGI96_03415	ko:K17938
patl:KGI96_03420	ko:K01916
patl:KGI96_03425	ko:K00763
patl:KGI96_03435	ko:K01262
patl:KGI96_03440	ko:K03702
patl:KGI96_03455	ko:K07334
patl:KGI96_03460	ko:K21498
patl:KGI96_03470	ko:K03273
patl:KGI96_03475	ko:K03564
patl:KGI96_03495	ko:K07493
patl:KGI96_03505	ko:K11209
patl:KGI96_03515	ko:K05523
patl:KGI96_03520	ko:K04063
patl:KGI96_03525	ko:K08325
patl:KGI96_03530	ko:K23775
patl:KGI96_03535	ko:K00799
patl:KGI96_03540	ko:K02483
patl:KGI96_03560	ko:K03924
patl:KGI96_03575	ko:K07114
patl:KGI96_03580	ko:K07114
patl:KGI96_03595	ko:K07243
patl:KGI96_03600	ko:K07230
patl:KGI96_03610	ko:K02004
patl:KGI96_03615	ko:K02004
patl:KGI96_03620	ko:K02003
patl:KGI96_03630	ko:K09796
patl:KGI96_03635	ko:K00348
patl:KGI96_03680	ko:K26606
patl:KGI96_03685	ko:K26605
patl:KGI96_03705	ko:K03601
patl:KGI96_03720	ko:K10778
patl:KGI96_03735	ko:K18842
patl:KGI96_03740	ko:K18841
patl:KGI96_03750	ko:K02824
patl:KGI96_03785	ko:K01070
patl:KGI96_03790	ko:K00121
patl:KGI96_03800	ko:K06968
patl:KGI96_03810	ko:K00773
patl:KGI96_03820	ko:K09824
patl:KGI96_03825	ko:K14230
patl:KGI96_03830	ko:K08304
patl:KGI96_03835	ko:K01673
patl:KGI96_03840	ko:K01649
patl:KGI96_03845	ko:K00052
patl:KGI96_03850	ko:K01703
patl:KGI96_03855	ko:K01704
patl:KGI96_03860	ko:K01647
patl:KGI96_03865	ko:K00031
patl:KGI96_03870	ko:K01682
patl:KGI96_03875	ko:K00769
patl:KGI96_03880	ko:K00942
patl:KGI96_03885	ko:K12984
patl:KGI96_03895	ko:K13634
patl:KGI96_03900	ko:K08723
patl:KGI96_03905	ko:K09157
patl:KGI96_03915	ko:K07320
patl:KGI96_03930	ko:K03555
patl:KGI96_03940	ko:K09160
patl:KGI96_03945	ko:K01519
patl:KGI96_03955	ko:K09890
patl:KGI96_03965	ko:K03548
patl:KGI96_03970	ko:K00384
patl:KGI96_03975	ko:K01599
patl:KGI96_03980	ko:K09891
patl:KGI96_03985	ko:K05787
patl:KGI96_03990	ko:K02528
patl:KGI96_04005	ko:K04760
patl:KGI96_04010	ko:K01783
patl:KGI96_04015	ko:K01356
patl:KGI96_04020	ko:K00631
patl:KGI96_04025	ko:K07478
patl:KGI96_04030	ko:K03571
patl:KGI96_04035	ko:K03570
patl:KGI96_04040	ko:K03569
patl:KGI96_04045	ko:K01840
patl:KGI96_04050	ko:K07862
patl:KGI96_04055	ko:K12410
patl:KGI96_04060	ko:K07133
patl:KGI96_04080	ko:K00831
patl:KGI96_04085	ko:K01752
patl:KGI96_04090	ko:K00287
patl:KGI96_04095	ko:K07090
patl:KGI96_04100	ko:K10773
patl:KGI96_04105	ko:K03835
patl:KGI96_04110	ko:K01667
patl:KGI96_04115	ko:K07493
patl:KGI96_04120	ko:K07106
patl:KGI96_04130	ko:K09001
patl:KGI96_04145	ko:K02779
patl:KGI96_04165	ko:K07133
patl:KGI96_04170	ko:K01714
patl:KGI96_04175	ko:K01978
patl:KGI96_04180	ko:K21449
patl:KGI96_04190	ko:K00813
patl:KGI96_04195	ko:K08968
patl:KGI96_04200	ko:K03168
patl:KGI96_04210	ko:K03592
patl:KGI96_04225	ko:K09889
patl:KGI96_04230	ko:K00925
patl:KGI96_04235	ko:K13788
patl:KGI96_04245	ko:K04067
patl:KGI96_04250	ko:K03768
patl:KGI96_04255	ko:K00974
patl:KGI96_04260	ko:K07496
patl:KGI96_04265	ko:K04765
patl:KGI96_04275	ko:K02470
patl:KGI96_04290	ko:K07493
patl:KGI96_04310	ko:K06919
patl:KGI96_04315	ko:K01494
patl:KGI96_04340	ko:K14218
patl:KGI96_04345	ko:K01885
patl:KGI96_04350	ko:K14237
patl:KGI96_04355	ko:K14237
patl:KGI96_04360	ko:K14237
patl:KGI96_04365	ko:K05838
patl:KGI96_04375	ko:K00111
patl:KGI96_04380	ko:K00525
patl:KGI96_04385	ko:K02836
patl:KGI96_04390	ko:K06158
patl:KGI96_04405	ko:K00324
patl:KGI96_04410	ko:K00325
patl:KGI96_04425	ko:K03075
patl:KGI96_04430	ko:K14228
patl:KGI96_04440	ko:K07733
patl:KGI96_04470	ko:K07319
patl:KGI96_04490	ko:K02334
patl:KGI96_04560	ko:K00558
patl:KGI96_04615	ko:K01185
patl:KGI96_04720	ko:K26976
patl:KGI96_04740	ko:K03169
patl:KGI96_04745	ko:K07261
patl:KGI96_04750	ko:K01736
patl:KGI96_04755	ko:K01911
patl:KGI96_04760	ko:K03645
patl:KGI96_04765	ko:K01175
patl:KGI96_04770	ko:K03748
patl:KGI96_04775	ko:K00611
patl:KGI96_04780	ko:K00926
patl:KGI96_04795	ko:K09862
patl:KGI96_04800	ko:K00859
patl:KGI96_04805	ko:K02506
patl:KGI96_04810	ko:K02505
patl:KGI96_04815	ko:K02504
patl:KGI96_04820	ko:K02682
patl:KGI96_04825	ko:K04485
patl:KGI96_04835	ko:K02035
patl:KGI96_04840	ko:K00940
patl:KGI96_04845	ko:K01610
patl:KGI96_04850	ko:K06039
patl:KGI96_05080	ko:K07497
patl:KGI96_05095	ko:K03214
patl:KGI96_05100	ko:K01627
patl:KGI96_05110	ko:K02493
patl:KGI96_05115	ko:K01733
patl:KGI96_05120	ko:K03106
patl:KGI96_05130	ko:K14058
patl:KGI96_05135	ko:K01507
patl:KGI96_05145	ko:K13283
patl:KGI96_05150	ko:K09802
patl:KGI96_05155	ko:K00990
patl:KGI96_05160	ko:K02238
patl:KGI96_05165	ko:K00164
patl:KGI96_05170	ko:K00658
patl:KGI96_05175	ko:K03310
patl:KGI96_05185	ko:K00677
patl:KGI96_05190	ko:K02372
patl:KGI96_05195	ko:K02536
patl:KGI96_05205	ko:K07277
patl:KGI96_05210	ko:K11749
patl:KGI96_05215	ko:K00981
patl:KGI96_05220	ko:K00806
patl:KGI96_05225	ko:K00099
patl:KGI96_05230	ko:K02838
patl:KGI96_05235	ko:K04077
patl:KGI96_05240	ko:K04078
patl:KGI96_05245	ko:K14170
patl:KGI96_05250	ko:K03111
patl:KGI96_05255	ko:K03788
patl:KGI96_05260	ko:K03701
patl:KGI96_05270	ko:K21498
patl:KGI96_05275	ko:K07334
patl:KGI96_05280	ko:K04084
patl:KGI96_05285	ko:K05851
patl:KGI96_05290	ko:K03317
patl:KGI96_05295	ko:K01619
patl:KGI96_05300	ko:K03784
patl:KGI96_05320	ko:K25069
patl:KGI96_05325	ko:K25068
patl:KGI96_05330	ko:K25068
patl:KGI96_05335	ko:K25067
patl:KGI96_05350	ko:K09808
patl:KGI96_05355	ko:K09810
patl:KGI96_05360	ko:K01873
patl:KGI96_05375	ko:K02339
patl:KGI96_05380	ko:K03438
patl:KGI96_05385	ko:K03586
patl:KGI96_05390	ko:K03587
patl:KGI96_05395	ko:K01928
patl:KGI96_05400	ko:K03216
patl:KGI96_05410	ko:K02742
patl:KGI96_05420	ko:K09022
patl:KGI96_05425	ko:K05810
patl:KGI96_05430	ko:K01792
patl:KGI96_05435	ko:K06145
patl:KGI96_05440	ko:K00851
patl:KGI96_05445	ko:K11688
patl:KGI96_05450	ko:K11689
patl:KGI96_05455	ko:K11690
patl:KGI96_05465	ko:K09801
patl:KGI96_05470	ko:K00134
patl:KGI96_05475	ko:K07278
patl:KGI96_05480	ko:K09800
patl:KGI96_05485	ko:K16013
patl:KGI96_05490	ko:K16012
patl:KGI96_05500	ko:K04066
patl:KGI96_05505	ko:K18138
patl:KGI96_05510	ko:K03585
patl:KGI96_05515	ko:K07034
patl:KGI96_05520	ko:K02020
patl:KGI96_05525	ko:K02018
patl:KGI96_05530	ko:K02017
patl:KGI96_05535	ko:K06217
patl:KGI96_05540	ko:K02346
patl:KGI96_05545	ko:K01821
patl:KGI96_05555	ko:K00076
patl:KGI96_05560	ko:K12686
patl:KGI96_05565	ko:K13747
patl:KGI96_05580	ko:K10805
patl:KGI96_05595	ko:K03582
patl:KGI96_05600	ko:K05539
patl:KGI96_05605	ko:K07400
patl:KGI96_05610	ko:K00346
patl:KGI96_05615	ko:K00347
patl:KGI96_05620	ko:K00348
patl:KGI96_05625	ko:K00349
patl:KGI96_05630	ko:K00350
patl:KGI96_05635	ko:K00351
patl:KGI96_05640	ko:K02622
patl:KGI96_05645	ko:K02939
patl:KGI96_05650	ko:K02963
patl:KGI96_05655	ko:K02686
patl:KGI96_05660	ko:K02990
patl:KGI96_05665	ko:K26939
patl:KGI96_05670	ko:K02167
patl:KGI96_05675	ko:K00130
patl:KGI96_05680	ko:K00108
patl:KGI96_05685	ko:K00537
patl:KGI96_05690	ko:K03451
patl:KGI96_05695	ko:K09798
patl:KGI96_05700	ko:K22719
patl:KGI96_05705	ko:K01834
patl:KGI96_05710	ko:K01937
patl:KGI96_05715	ko:K05820
patl:KGI96_05720	ko:K00286
patl:KGI96_05725	ko:K08303
patl:KGI96_05740	ko:K00616
patl:KGI96_05745	ko:K07491
patl:KGI96_05750	ko:K07113
patl:KGI96_05755	ko:K00057
patl:KGI96_05765	ko:K06041
patl:KGI96_05770	ko:K03640
patl:KGI96_05775	ko:K03641
patl:KGI96_05780	ko:K03646
patl:KGI96_05785	ko:K03560
patl:KGI96_05790	ko:K03562
patl:KGI96_05795	ko:K07107
patl:KGI96_05810	ko:K00426
patl:KGI96_05815	ko:K00425
patl:KGI96_05820	ko:K01142
patl:KGI96_05825	ko:K04083
patl:KGI96_05830	ko:K04762
patl:KGI96_05835	ko:K03611
patl:KGI96_05840	ko:K03314
patl:KGI96_05845	ko:K03603
patl:KGI96_05850	ko:K09899
patl:KGI96_05860	ko:K06190
patl:KGI96_05865	ko:K10806
patl:KGI96_05870	ko:K09780
patl:KGI96_05875	ko:K00247
patl:KGI96_05880	ko:K00246
patl:KGI96_05885	ko:K00245
patl:KGI96_05895	ko:K04568
patl:KGI96_05900	ko:K03310
patl:KGI96_05905	ko:K03703
patl:KGI96_05910	ko:K03071
patl:KGI96_05920	ko:K03545
patl:KGI96_05925	ko:K07085
patl:KGI96_05930	ko:K06076
patl:KGI96_05940	ko:K10000
patl:KGI96_05945	ko:K09997
patl:KGI96_05950	ko:K09999
patl:KGI96_05955	ko:K09998
patl:KGI96_05960	ko:K00647
patl:KGI96_05965	ko:K14220
patl:KGI96_05970	ko:K02498
patl:KGI96_05975	ko:K02496
patl:KGI96_05980	ko:K01719
patl:KGI96_05985	ko:K01749
patl:KGI96_05990	ko:K15539
patl:KGI96_05995	ko:K03526
patl:KGI96_06000	ko:K03778
patl:KGI96_06005	ko:K01892
patl:KGI96_06015	ko:K03811
patl:KGI96_06020	ko:K05020
patl:KGI96_06025	ko:K00796
patl:KGI96_06030	ko:K06179
patl:KGI96_06050	ko:K02837
patl:KGI96_06055	ko:K00983
patl:KGI96_06060	ko:K00785
patl:KGI96_06085	ko:K07270
patl:KGI96_06090	ko:K11069
patl:KGI96_06095	ko:K10763
patl:KGI96_06100	ko:K06183
patl:KGI96_06105	ko:K19158
patl:KGI96_06110	ko:K19159
patl:KGI96_06120	ko:K00568
patl:KGI96_06125	ko:K09909
patl:KGI96_06130	ko:K06189
patl:KGI96_06135	ko:K03820
patl:KGI96_06140	ko:K00364
patl:KGI96_06145	ko:K01255
patl:KGI96_06155	ko:K11720
patl:KGI96_06160	ko:K02337
patl:KGI96_06175	ko:K06866
patl:KGI96_06180	ko:K01744
patl:KGI96_06185	ko:K04069
patl:KGI96_06195	ko:K01207
patl:KGI96_06200	ko:K11070
patl:KGI96_06205	ko:K11071
patl:KGI96_06210	ko:K11072
patl:KGI96_06215	ko:K03271
patl:KGI96_06220	ko:K01759
patl:KGI96_06230	ko:K01689
patl:KGI96_06235	ko:K00748
patl:KGI96_06240	ko:K02469
patl:KGI96_06245	ko:K02444
patl:KGI96_06250	ko:K03179
patl:KGI96_06255	ko:K05540
patl:KGI96_06260	ko:K03557
patl:KGI96_06265	ko:K01129
patl:KGI96_06270	ko:K00024
patl:KGI96_06275	ko:K03402
patl:KGI96_06280	ko:K07071
patl:KGI96_06285	ko:K01784
patl:KGI96_06290	ko:K03326
patl:KGI96_06295	ko:K14219
patl:KGI96_06300	ko:K14232
patl:KGI96_06305	ko:K01491
patl:KGI96_06310	ko:K09907
patl:KGI96_06320	ko:K01886
patl:KGI96_06325	ko:K03311
patl:KGI96_06345	ko:K06182
patl:KGI96_06350	ko:K07493
patl:KGI96_06355	ko:K11927
patl:KGI96_06365	ko:K16087
patl:KGI96_06370	ko:K07574
patl:KGI96_06375	ko:K01270
patl:KGI96_06385	ko:K11606
patl:KGI96_06390	ko:K11605
patl:KGI96_06395	ko:K11607
patl:KGI96_06400	ko:K11604
patl:KGI96_06405	ko:K02073
patl:KGI96_06410	ko:K02072
patl:KGI96_06415	ko:K02071
patl:KGI96_06420	ko:K07648
patl:KGI96_06425	ko:K02897
patl:KGI96_06450	ko:K14228
patl:KGI96_06460	ko:K12070
patl:KGI96_06505	ko:K03169
patl:KGI96_06535	ko:K03981
patl:KGI96_06555	ko:K03111
patl:KGI96_06585	ko:K02314
patl:KGI96_06590	ko:K12055
patl:KGI96_06595	ko:K14225
patl:KGI96_06600	ko:K14228
patl:KGI96_06605	ko:K14225
patl:KGI96_06610	ko:K03723
patl:KGI96_06615	ko:K00876
patl:KGI96_06620	ko:K07773
patl:KGI96_06630	ko:K06211
patl:KGI96_06635	ko:K01770
patl:KGI96_06640	ko:K00991
patl:KGI96_06645	ko:K05589
patl:KGI96_06650	ko:K01874
patl:KGI96_06655	ko:K03578
patl:KGI96_06670	ko:K16066
patl:KGI96_06690	ko:K11751
patl:KGI96_06710	ko:K06959
patl:KGI96_06715	ko:K01525
patl:KGI96_06720	ko:K07184
patl:KGI96_06725	ko:K03306
patl:KGI96_06730	ko:K07220
patl:KGI96_06735	ko:K01358
patl:KGI96_06740	ko:K03544
patl:KGI96_06745	ko:K00912
patl:KGI96_06750	ko:K09791
patl:KGI96_06755	ko:K00979
patl:KGI96_06760	ko:K18446
patl:KGI96_06770	ko:K15256
patl:KGI96_06775	ko:K03770
patl:KGI96_06785	ko:K28207
patl:KGI96_06790	ko:K01069
patl:KGI96_06795	ko:K02558
patl:KGI96_06800	ko:K01407
patl:KGI96_06805	ko:K03556
patl:KGI96_06815	ko:K01176
patl:KGI96_06820	ko:K05775
patl:KGI96_06825	ko:K02024
patl:KGI96_06830	ko:K10111
patl:KGI96_06840	ko:K10109
patl:KGI96_06845	ko:K10110
patl:KGI96_06850	ko:K00705
patl:KGI96_06855	ko:K02517
patl:KGI96_06860	ko:K01992
patl:KGI96_06865	ko:K01990
patl:KGI96_06870	ko:K01993
patl:KGI96_06880	ko:K00948
patl:KGI96_06890	ko:K02494
patl:KGI96_06950	ko:K02956
patl:KGI96_06955	ko:K03744
patl:KGI96_06965	ko:K06872
patl:KGI96_06970	ko:K09917
patl:KGI96_06980	ko:K01893
patl:KGI96_07000	ko:K02503
patl:KGI96_07005	ko:K03799
patl:KGI96_07020	ko:K03088
patl:KGI96_07025	ko:K12267
patl:KGI96_07030	ko:K06196
patl:KGI96_07040	ko:K00208
patl:KGI96_07045	ko:K00383
patl:KGI96_07055	ko:K09125
patl:KGI96_07060	ko:K25132
patl:KGI96_07065	ko:K07226
patl:KGI96_07070	ko:K25133
patl:KGI96_07075	ko:K10834
patl:KGI96_07080	ko:K00566
patl:KGI96_07085	ko:K05952
patl:KGI96_07090	ko:K03734
patl:KGI96_07105	ko:K19230
patl:KGI96_07110	ko:K01624
patl:KGI96_07115	ko:K00927
patl:KGI96_07120	ko:K06199
patl:KGI96_07125	ko:K00029
patl:KGI96_07130	ko:K01586
patl:KGI96_07135	ko:K04075
patl:KGI96_07140	ko:K00059
patl:KGI96_07145	ko:K00645
patl:KGI96_07150	ko:K01613
patl:KGI96_07155	ko:K02777
patl:KGI96_07160	ko:K08483
patl:KGI96_07165	ko:K02784
patl:KGI96_07170	ko:K02063
patl:KGI96_07175	ko:K02062
patl:KGI96_07180	ko:K09893
patl:KGI96_07185	ko:K03978
patl:KGI96_07200	ko:K06207
patl:KGI96_07205	ko:K09906
patl:KGI96_07210	ko:K14230
patl:KGI96_07220	ko:K07733
patl:KGI96_07225	ko:K03111
patl:KGI96_07245	ko:K00571
patl:KGI96_07335	ko:K06905
patl:KGI96_07340	ko:K06906
patl:KGI96_07355	ko:K06908
patl:KGI96_07360	ko:K06907
patl:KGI96_07390	ko:K06903
patl:KGI96_07400	ko:K09803
patl:KGI96_07440	ko:K01185
patl:KGI96_07485	ko:K04069
patl:KGI96_07490	ko:K03269
patl:KGI96_07495	ko:K02358
patl:KGI96_07500	ko:K14234
patl:KGI96_07505	ko:K14225
patl:KGI96_07510	ko:K14236
patl:KGI96_07515	ko:K14234
patl:KGI96_07520	ko:K00867
patl:KGI96_07525	ko:K07280
patl:KGI96_07545	ko:K04751
patl:KGI96_07550	ko:K03101
patl:KGI96_07555	ko:K03527
patl:KGI96_07560	ko:K09159
patl:KGI96_07565	ko:K03575
patl:KGI96_07575	ko:K08306
patl:KGI96_07580	ko:K14231
patl:KGI96_07585	ko:K14220
patl:KGI96_07590	ko:K08300
patl:KGI96_07595	ko:K00560
patl:KGI96_07605	ko:K03628
patl:KGI96_07610	ko:K03078
patl:KGI96_07615	ko:K02821
patl:KGI96_07620	ko:K02822
patl:KGI96_07620	ko:K03475
patl:KGI96_07625	ko:K03476
patl:KGI96_07630	ko:K03477
patl:KGI96_07635	ko:K03079
patl:KGI96_07640	ko:K03077
patl:KGI96_07675	ko:K06176
patl:KGI96_07680	ko:K06194
patl:KGI96_07695	ko:K03787
patl:KGI96_07705	ko:K04095
patl:KGI96_07720	ko:K01154
patl:KGI96_07725	ko:K03427
patl:KGI96_07730	ko:K13292
patl:KGI96_07735	ko:K07090
patl:KGI96_07740	ko:K08311
patl:KGI96_07780	ko:K07741
patl:KGI96_07800	ko:K04095
patl:KGI96_07810	ko:K15035
patl:KGI96_07815	ko:K03089
patl:KGI96_07825	ko:K10823
patl:KGI96_07825	ko:K15583
patl:KGI96_07830	ko:K15582
patl:KGI96_07835	ko:K15581
patl:KGI96_07840	ko:K15580
patl:KGI96_07845	ko:K03305
patl:KGI96_07855	ko:K03764
patl:KGI96_07860	ko:K02064
patl:KGI96_07870	ko:K07493
patl:KGI96_07875	ko:K14392
patl:KGI96_07885	ko:K01992
patl:KGI96_07890	ko:K01992
patl:KGI96_07895	ko:K01993
patl:KGI96_07900	ko:K12340
patl:KGI96_07905	ko:K12340
patl:KGI96_07915	ko:K03976
patl:KGI96_07920	ko:K03426
patl:KGI96_07925	ko:K00868
patl:KGI96_07930	ko:K01962
patl:KGI96_07940	ko:K07270
patl:KGI96_07955	ko:K09767
patl:KGI96_07960	ko:K01079
patl:KGI96_07965	ko:K02518
patl:KGI96_07970	ko:K06202
patl:KGI96_07975	ko:K03654
patl:KGI96_07980	ko:K06180
patl:KGI96_07985	ko:K05807
patl:KGI96_07990	ko:K25706
patl:KGI96_07995	ko:K02548
patl:KGI96_08000	ko:K22900
patl:KGI96_08005	ko:K10984
patl:KGI96_08010	ko:K10985
patl:KGI96_08015	ko:K10986
patl:KGI96_08020	ko:K00872
patl:KGI96_08025	ko:K12524
patl:KGI96_08030	ko:K03498
patl:KGI96_08035	ko:K04754
patl:KGI96_08040	ko:K05590
patl:KGI96_08045	ko:K05835
patl:KGI96_08050	ko:K01095
patl:KGI96_08055	ko:K00946
patl:KGI96_08060	ko:K03625
patl:KGI96_08070	ko:K02507
patl:KGI96_08090	ko:K05366
patl:KGI96_08115	ko:K04763
patl:KGI96_08120	ko:K01985
patl:KGI96_08125	ko:K01980
patl:KGI96_08130	ko:K14218
patl:KGI96_08135	ko:K14227
patl:KGI96_08140	ko:K01977
patl:KGI96_08150	ko:K01716
patl:KGI96_08155	ko:K04770
patl:KGI96_08160	ko:K09911
patl:KGI96_08165	ko:K00604
patl:KGI96_08170	ko:K12573
patl:KGI96_08175	ko:K03524
patl:KGI96_08180	ko:K00075
patl:KGI96_08185	ko:K01778
patl:KGI96_08190	ko:K01878
patl:KGI96_08205	ko:K01879
patl:KGI96_08210	ko:K12684
patl:KGI96_08215	ko:K03185
patl:KGI96_08220	ko:K00847
patl:KGI96_08225	ko:K02647
patl:KGI96_08230	ko:K01809
patl:KGI96_08235	ko:K03617
patl:KGI96_08240	ko:K03616
patl:KGI96_08245	ko:K03615
patl:KGI96_08250	ko:K03614
patl:KGI96_08255	ko:K03612
patl:KGI96_08260	ko:K03613
patl:KGI96_08270	ko:K15125
patl:KGI96_08320	ko:K03500
patl:KGI96_08325	ko:K03499
patl:KGI96_08330	ko:K06133
patl:KGI96_08335	ko:K01515
patl:KGI96_08340	ko:K03651
patl:KGI96_08345	ko:K03666
patl:KGI96_08350	ko:K00791
patl:KGI96_08370	ko:K03118
patl:KGI96_08375	ko:K03117
patl:KGI96_08380	ko:K03116
patl:KGI96_08400	ko:K03688
patl:KGI96_08405	ko:K02841
patl:KGI96_08410	ko:K02843
patl:KGI96_08415	ko:K07268
patl:KGI96_08420	ko:K02237
patl:KGI96_08425	ko:K00230
patl:KGI96_08430	ko:K03980
patl:KGI96_08435	ko:K02968
patl:KGI96_08440	ko:K03282
patl:KGI96_08445	ko:K03733
patl:KGI96_08455	ko:K06958
patl:KGI96_08460	ko:K02806
patl:KGI96_08465	ko:K06861
patl:KGI96_08470	ko:K09774
patl:KGI96_08475	ko:K11719
patl:KGI96_08480	ko:K01448
patl:KGI96_08485	ko:K06925
patl:KGI96_08490	ko:K13288
patl:KGI96_08495	ko:K03574
patl:KGI96_08500	ko:K03070
patl:KGI96_08520	ko:K14233
patl:KGI96_08525	ko:K02560
patl:KGI96_08530	ko:K15342
patl:KGI96_08535	ko:K07012
patl:KGI96_08540	ko:K07012
patl:KGI96_08565	ko:K19127
patl:KGI96_08570	ko:K19128
patl:KGI96_08580	ko:K19130
patl:KGI96_08585	ko:K14222
patl:KGI96_08590	ko:K14225
patl:KGI96_08595	ko:K09790
patl:KGI96_08600	ko:K01338
patl:KGI96_08605	ko:K03655
patl:KGI96_08610	ko:K07560
patl:KGI96_08615	ko:K07058
patl:KGI96_08630	ko:K03744
patl:KGI96_08640	ko:K00852
patl:KGI96_08645	ko:K06726
patl:KGI96_08650	ko:K01243
patl:KGI96_08660	ko:K02879
patl:KGI96_08665	ko:K03040
patl:KGI96_08670	ko:K02986
patl:KGI96_08675	ko:K02948
patl:KGI96_08680	ko:K02952
patl:KGI96_08685	ko:K02919
patl:KGI96_08690	ko:K03076
patl:KGI96_08695	ko:K02876
patl:KGI96_08700	ko:K02907
patl:KGI96_08705	ko:K02988
patl:KGI96_08710	ko:K02881
patl:KGI96_08715	ko:K02933
patl:KGI96_08720	ko:K02994
patl:KGI96_08725	ko:K02954
patl:KGI96_08730	ko:K02931
patl:KGI96_08735	ko:K02895
patl:KGI96_08740	ko:K02874
patl:KGI96_08745	ko:K02961
patl:KGI96_08750	ko:K02904
patl:KGI96_08755	ko:K02878
patl:KGI96_08760	ko:K02982
patl:KGI96_08765	ko:K02890
patl:KGI96_08770	ko:K02965
patl:KGI96_08775	ko:K02886
patl:KGI96_08780	ko:K02892
patl:KGI96_08785	ko:K02926
patl:KGI96_08790	ko:K02906
patl:KGI96_08795	ko:K02946
patl:KGI96_08800	ko:K01915
patl:KGI96_08805	ko:K00266
patl:KGI96_08820	ko:K17948
patl:KGI96_08825	ko:K14232
patl:KGI96_08830	ko:K14226
patl:KGI96_08835	ko:K14219
patl:KGI96_08840	ko:K09765
patl:KGI96_08845	ko:K07258
patl:KGI96_08850	ko:K03642
patl:KGI96_08855	ko:K05837
patl:KGI96_08860	ko:K05515
patl:KGI96_08865	ko:K00783
patl:KGI96_08870	ko:K09710
patl:KGI96_08875	ko:K03270
patl:KGI96_08880	ko:K06997
patl:KGI96_08885	ko:K06949
patl:KGI96_08890	ko:K01952
patl:KGI96_08905	ko:K01588
patl:KGI96_08910	ko:K01923
patl:KGI96_08920	ko:K01933
patl:KGI96_08925	ko:K11175
patl:KGI96_08935	ko:K00602
patl:KGI96_08940	ko:K01945
patl:KGI96_08945	ko:K00764
patl:KGI96_08955	ko:K24136
patl:KGI96_08960	ko:K04761
patl:KGI96_08965	ko:K03281
patl:KGI96_08970	ko:K11534
patl:KGI96_08975	ko:K01803
patl:KGI96_08985	ko:K13821
patl:KGI96_08990	ko:K11928
patl:KGI96_08995	ko:K09815
patl:KGI96_09000	ko:K03182
patl:KGI96_09010	ko:K02116
patl:KGI96_09015	ko:K02108
patl:KGI96_09020	ko:K02110
patl:KGI96_09025	ko:K02109
patl:KGI96_09030	ko:K02113
patl:KGI96_09035	ko:K02111
patl:KGI96_09040	ko:K02115
patl:KGI96_09045	ko:K02112
patl:KGI96_09050	ko:K02114
patl:KGI96_09055	ko:K03181
patl:KGI96_09065	ko:K03568
patl:KGI96_09070	ko:K02358
patl:KGI96_09075	ko:K02355
patl:KGI96_09080	ko:K02992
patl:KGI96_09085	ko:K02950
patl:KGI96_09090	ko:K06168
patl:KGI96_09105	ko:K06942
patl:KGI96_09110	ko:K03655
patl:KGI96_09120	ko:K01056
patl:KGI96_09125	ko:K03673
patl:KGI96_09130	ko:K09896
patl:KGI96_09135	ko:K02551
patl:KGI96_09140	ko:K08680
patl:KGI96_09145	ko:K14233
patl:KGI96_09150	ko:K14219
patl:KGI96_09155	ko:K14219
patl:KGI96_09160	ko:K09471
patl:KGI96_09165	ko:K01265
patl:KGI96_09170	ko:K02430
patl:KGI96_09175	ko:K01818
patl:KGI96_09180	ko:K00879
patl:KGI96_09185	ko:K02431
patl:KGI96_09190	ko:K01628
patl:KGI96_09195	ko:K10441
patl:KGI96_09200	ko:K10440
patl:KGI96_09205	ko:K10439
patl:KGI96_09210	ko:K00048
patl:KGI96_09215	ko:K21636
patl:KGI96_09220	ko:K04068
patl:KGI96_09225	ko:K03273
patl:KGI96_09230	ko:K02081
patl:KGI96_09235	ko:K16371
patl:KGI96_09240	ko:K02082
patl:KGI96_09245	ko:K02745
patl:KGI96_09250	ko:K02746
patl:KGI96_09255	ko:K02747
patl:KGI96_09260	ko:K02744
patl:KGI96_09265	ko:K01443
patl:KGI96_09270	ko:K01985
patl:KGI96_09275	ko:K01980
patl:KGI96_09280	ko:K14218
patl:KGI96_09285	ko:K14227
patl:KGI96_09290	ko:K01977
patl:KGI96_09295	ko:K01776
patl:KGI96_09300	ko:K00053
patl:KGI96_09305	ko:K01754
patl:KGI96_09310	ko:K01652
patl:KGI96_09315	ko:K11258
patl:KGI96_09320	ko:K01687
patl:KGI96_09335	ko:K03326
patl:KGI96_09340	ko:K05995
patl:KGI96_09350	ko:K01092
patl:KGI96_09355	ko:K01662
patl:KGI96_09365	ko:K03495
patl:KGI96_09370	ko:K03501
patl:KGI96_09375	ko:K00799
patl:KGI96_09380	ko:K18850
patl:KGI96_09385	ko:K02914
patl:KGI96_09390	ko:K03536
patl:KGI96_09395	ko:K08998
patl:KGI96_09400	ko:K03217
patl:KGI96_09405	ko:K00254
patl:KGI96_09410	ko:K09759
patl:KGI96_09415	ko:K01591
patl:KGI96_09430	ko:K00259
patl:KGI96_09435	ko:K05365
patl:KGI96_09440	ko:K19222
patl:KGI96_09445	ko:K03583
patl:KGI96_09450	ko:K02681
patl:KGI96_09460	ko:K02680
patl:KGI96_09465	ko:K02679
patl:KGI96_09470	ko:K03284
patl:KGI96_09480	ko:K06077
patl:KGI96_09485	ko:K01887
patl:KGI96_09495	ko:K00656
patl:KGI96_09500	ko:K06212
patl:KGI96_09510	ko:K01772
patl:KGI96_09515	ko:K07343
patl:KGI96_09520	ko:K07056
patl:KGI96_09525	ko:K07121
patl:KGI96_09530	ko:K07460
patl:KGI96_09535	ko:K12961
patl:KGI96_09540	ko:K28369
patl:KGI96_09545	ko:K03551
patl:KGI96_09555	ko:K06206
patl:KGI96_09570	ko:K26083
patl:KGI96_09580	ko:K07493
patl:KGI96_09585	ko:K26083
patl:KGI96_09590	ko:K07326
patl:KGI96_09595	ko:K00700
patl:KGI96_09600	ko:K02438
patl:KGI96_09605	ko:K00975
patl:KGI96_09610	ko:K00703
patl:KGI96_09615	ko:K00688
patl:KGI96_09620	ko:K03686
patl:KGI96_09625	ko:K04043
patl:KGI96_09630	ko:K06205
patl:KGI96_09635	ko:K03745
patl:KGI96_09640	ko:K03772
patl:KGI96_09650	ko:K07235
patl:KGI96_09655	ko:K07236
patl:KGI96_09660	ko:K07237
patl:KGI96_09665	ko:K03274
patl:KGI96_09670	ko:K01462
patl:KGI96_09730	ko:K03073
patl:KGI96_09735	ko:K02601
patl:KGI96_09740	ko:K02867
patl:KGI96_09745	ko:K02863
patl:KGI96_09750	ko:K02864
patl:KGI96_09755	ko:K02935
patl:KGI96_09760	ko:K03043
patl:KGI96_09765	ko:K03046
patl:KGI96_09770	ko:K01493
patl:KGI96_09775	ko:K02651
patl:KGI96_09780	ko:K02278
patl:KGI96_09785	ko:K02279
patl:KGI96_09790	ko:K02280
patl:KGI96_09795	ko:K12509
patl:KGI96_09800	ko:K02282
patl:KGI96_09805	ko:K02283
patl:KGI96_09810	ko:K12510
patl:KGI96_09815	ko:K12511
patl:KGI96_09820	ko:K12512
patl:KGI96_09825	ko:K12513
patl:KGI96_09830	ko:K12514
patl:KGI96_09835	ko:K12515
patl:KGI96_09850	ko:K09951
patl:KGI96_09855	ko:K15342
patl:KGI96_09865	ko:K09858
patl:KGI96_10005	ko:K09858
patl:KGI96_10010	ko:K02835
patl:KGI96_10020	ko:K02913
patl:KGI96_10025	ko:K02902
patl:KGI96_10030	ko:K03630
patl:KGI96_10035	ko:K13038
patl:KGI96_10040	ko:K01520
patl:KGI96_10045	ko:K05501
patl:KGI96_10050	ko:K09898
patl:KGI96_10055	ko:K10914
patl:KGI96_10060	ko:K02884
patl:KGI96_10065	ko:K00554
patl:KGI96_10070	ko:K02860
patl:KGI96_10075	ko:K02959
patl:KGI96_10080	ko:K02445
patl:KGI96_10085	ko:K07391
patl:KGI96_10120	ko:K03184
patl:KGI96_10140	ko:K03773
patl:KGI96_10145	ko:K00674
patl:KGI96_10155	ko:K09901
patl:KGI96_10160	ko:K00484
patl:KGI96_10165	ko:K14233
patl:KGI96_10175	ko:K03699
patl:KGI96_10185	ko:K00901
patl:KGI96_10190	ko:K02160
patl:KGI96_10195	ko:K01961
patl:KGI96_10205	ko:K03286
patl:KGI96_10210	ko:K01661
patl:KGI96_10215	ko:K01953
patl:KGI96_10220	ko:K03321
patl:KGI96_10225	ko:K03657
patl:KGI96_10230	ko:K03086
patl:KGI96_10235	ko:K02316
patl:KGI96_10240	ko:K02970
patl:KGI96_10245	ko:K03629
patl:KGI96_10250	ko:K02338
patl:KGI96_10255	ko:K02313
patl:KGI96_10260	ko:K04085
patl:KGI96_10265	ko:K02078
patl:KGI96_10270	ko:K09897
patl:KGI96_10275	ko:K00557
patl:KGI96_10280	ko:K01897
patl:KGI96_10285	ko:K03218
patl:KGI96_10290	ko:K02888
patl:KGI96_10295	ko:K02899
patl:KGI96_10305	ko:K03979
patl:KGI96_10310	ko:K01766
patl:KGI96_10320	ko:K01679
patl:KGI96_10325	ko:K01139
patl:KGI96_10330	ko:K03060
patl:KGI96_10335	ko:K02553
patl:KGI96_10345	ko:K06148
patl:KGI96_10360	ko:K01972
patl:KGI96_10365	ko:K03650
patl:KGI96_10370	ko:K01625
patl:KGI96_10375	ko:K00874
patl:KGI96_10380	ko:K01812
patl:KGI96_10385	ko:K00040
patl:KGI96_10390	ko:K11690
patl:KGI96_10395	ko:K11689
patl:KGI96_10400	ko:K11688
patl:KGI96_10405	ko:K13637
patl:KGI96_10410	ko:K11690
patl:KGI96_10415	ko:K11689
patl:KGI96_10420	ko:K11688
patl:KGI96_10430	ko:K01686
patl:KGI96_10435	ko:K03644
patl:KGI96_10440	ko:K03801
patl:KGI96_10445	ko:K09158
patl:KGI96_10450	ko:K02523
patl:KGI96_10455	ko:K29125
patl:KGI96_10460	ko:K03303
patl:KGI96_10465	ko:K03806
patl:KGI96_10470	ko:K07115
patl:KGI96_10475	ko:K00757
patl:KGI96_10480	ko:K03718
patl:KGI96_10485	ko:K01845
patl:KGI96_10490	ko:K03183
patl:KGI96_10495	ko:K03690
patl:KGI96_10500	ko:K03451
patl:KGI96_10505	ko:K03550
patl:KGI96_10510	ko:K02687
patl:KGI96_10515	ko:K03786
patl:KGI96_10520	ko:K16868
patl:KGI96_10530	ko:K00880
patl:KGI96_10535	ko:K11688
patl:KGI96_10540	ko:K11690
patl:KGI96_10545	ko:K11689
patl:KGI96_10550	ko:K01053
patl:KGI96_10555	ko:K10439
patl:KGI96_10560	ko:K10440
patl:KGI96_10565	ko:K10441
patl:KGI96_10570	ko:K08092
patl:KGI96_10575	ko:K21602
patl:KGI96_10585	ko:K03572
patl:KGI96_10590	ko:K07280
patl:KGI96_10600	ko:K16087
patl:KGI96_10605	ko:K03308
patl:KGI96_10625	ko:K07080
patl:KGI96_10635	ko:K01419
patl:KGI96_10640	ko:K03667
patl:KGI96_10645	ko:K05800
patl:KGI96_10650	ko:K01760
patl:KGI96_10655	ko:K26604
patl:KGI96_10665	ko:K00655
patl:KGI96_10670	ko:K01881
patl:KGI96_10675	ko:K00058
patl:KGI96_10680	ko:K01807
patl:KGI96_10685	ko:K03431
patl:KGI96_10690	ko:K03775
patl:KGI96_10695	ko:K02529
patl:KGI96_10700	ko:K03315
patl:KGI96_10705	ko:K14155
patl:KGI96_10710	ko:K10544
patl:KGI96_10715	ko:K10545
patl:KGI96_10720	ko:K10543
patl:KGI96_10725	ko:K01805
patl:KGI96_10730	ko:K00854
patl:KGI96_10740	ko:K15460
patl:KGI96_10745	ko:K03528
patl:KGI96_10750	ko:K06203
patl:KGI96_10755	ko:K07390
patl:KGI96_10760	ko:K00820
patl:KGI96_10775	ko:K03808
patl:KGI96_10780	ko:K07040
patl:KGI96_10785	ko:K02911
patl:KGI96_10790	ko:K00648
patl:KGI96_10795	ko:K03439
patl:KGI96_10815	ko:K02221
patl:KGI96_10820	ko:K14229
patl:KGI96_10825	ko:K14229
patl:KGI96_10830	ko:K14229
patl:KGI96_10835	ko:K07082
patl:KGI96_10840	ko:K00943
patl:KGI96_10845	ko:K15724
patl:KGI96_10860	ko:K04042
patl:KGI96_10865	ko:K08316
patl:KGI96_10870	ko:K03110
patl:KGI96_10880	ko:K02341
patl:KGI96_10885	ko:K01925
patl:KGI96_10890	ko:K03588
patl:KGI96_10895	ko:K02563
patl:KGI96_10900	ko:K01924
patl:KGI96_10905	ko:K01921
patl:KGI96_10910	ko:K03589
patl:KGI96_10915	ko:K03590
patl:KGI96_10920	ko:K03531
patl:KGI96_10925	ko:K02535
patl:KGI96_10930	ko:K07486
patl:KGI96_10935	ko:K00989
patl:KGI96_10940	ko:K07053
patl:KGI96_10945	ko:K00951
patl:KGI96_10950	ko:K03186
patl:KGI96_10955	ko:K03558
patl:KGI96_10960	ko:K03469
patl:KGI96_10970	ko:K03604
patl:KGI96_10975	ko:K03972
patl:KGI96_10980	ko:K15461
patl:KGI96_10985	ko:K06980
patl:KGI96_10995	ko:K01595
patl:KGI96_11000	ko:K02871
patl:KGI96_11005	ko:K02996
patl:KGI96_11010	ko:K00761
patl:KGI96_11015	ko:K00018
patl:KGI96_11035	ko:K11069
patl:KGI96_11040	ko:K07133
patl:KGI96_11045	ko:K15475
patl:KGI96_11050	ko:K10563
patl:KGI96_11055	ko:K01977
patl:KGI96_11060	ko:K14224
patl:KGI96_11065	ko:K01980
patl:KGI96_11070	ko:K01985
patl:KGI96_11075	ko:K01985
patl:KGI96_11080	ko:K14221
patl:KGI96_11085	ko:K14235
