pcai:K7G93_000001	ko:K02313
pcai:K7G93_000002	ko:K02338
pcai:K7G93_000003	ko:K03629
pcai:K7G93_000005	ko:K10914
pcai:K7G93_000006	ko:K09898
pcai:K7G93_000007	ko:K05501
pcai:K7G93_000008	ko:K01520
pcai:K7G93_000009	ko:K13038
pcai:K7G93_000010	ko:K03630
pcai:K7G93_000011	ko:K02902
pcai:K7G93_000012	ko:K02913
pcai:K7G93_000013	ko:K10563
pcai:K7G93_000014	ko:K02909
pcai:K7G93_000015	ko:K04066
pcai:K7G93_000016	ko:K03591
pcai:K7G93_000017	ko:K18136
pcai:K7G93_000018	ko:K03585
pcai:K7G93_000019	ko:K08968
pcai:K7G93_000020	ko:K18138
pcai:K7G93_000021	ko:K03548
pcai:K7G93_000022	ko:K00537
pcai:K7G93_000023	ko:K09890
pcai:K7G93_000025	ko:K01755
pcai:K7G93_000026	ko:K00930
pcai:K7G93_000027	ko:K00145
pcai:K7G93_000028	ko:K01438
pcai:K7G93_000030	ko:K14237
pcai:K7G93_000031	ko:K14237
pcai:K7G93_000032	ko:K14237
pcai:K7G93_000033	ko:K14237
pcai:K7G93_000034	ko:K01885
pcai:K7G93_000035	ko:K14218
pcai:K7G93_000036	ko:K00962
pcai:K7G93_000037	ko:K05803
pcai:K7G93_000038	ko:K05592
pcai:K7G93_000039	ko:K03813
pcai:K7G93_000040	ko:K02017
pcai:K7G93_000041	ko:K02018
pcai:K7G93_000042	ko:K02020
pcai:K7G93_000043	ko:K04077
pcai:K7G93_000044	ko:K04078
pcai:K7G93_000045	ko:K07113
pcai:K7G93_000046	ko:K12942
pcai:K7G93_000047	ko:K01744
pcai:K7G93_000048	ko:K01879
pcai:K7G93_000053	ko:K01878
pcai:K7G93_000055	ko:K01661
pcai:K7G93_000057	ko:K02549
pcai:K7G93_000058	ko:K03786
pcai:K7G93_000059	ko:K02160
pcai:K7G93_000060	ko:K01961
pcai:K7G93_000062	ko:K14392
pcai:K7G93_000063	ko:K02687
pcai:K7G93_000064	ko:K05540
pcai:K7G93_000065	ko:K03557
pcai:K7G93_000066	ko:K01952
pcai:K7G93_000074	ko:K09946
pcai:K7G93_000075	ko:K01840
pcai:K7G93_000076	ko:K02471
pcai:K7G93_000077	ko:K07085
pcai:K7G93_000079	ko:K06076
pcai:K7G93_000080	ko:K00567
pcai:K7G93_000081	ko:K03573
pcai:K7G93_000083	ko:K02335
pcai:K7G93_000086	ko:K03656
pcai:K7G93_000087	ko:K14233
pcai:K7G93_000088	ko:K14219
pcai:K7G93_000089	ko:K14219
pcai:K7G93_000092	ko:K00661
pcai:K7G93_000094	ko:K07173
pcai:K7G93_000095	ko:K08289
pcai:K7G93_000096	ko:K00262
pcai:K7G93_000098	ko:K18691
pcai:K7G93_000100	ko:K03611
pcai:K7G93_000101	ko:K03314
pcai:K7G93_000102	ko:K03603
pcai:K7G93_000103	ko:K02010
pcai:K7G93_000104	ko:K02011
pcai:K7G93_000105	ko:K02012
pcai:K7G93_000106	ko:K14260
pcai:K7G93_000107	ko:K02552
pcai:K7G93_000108	ko:K02551
pcai:K7G93_000109	ko:K08680
pcai:K7G93_000110	ko:K07326
pcai:K7G93_000113	ko:K03595
pcai:K7G93_000114	ko:K03685
pcai:K7G93_000115	ko:K03100
pcai:K7G93_000116	ko:K03596
pcai:K7G93_000117	ko:K06866
pcai:K7G93_000118	ko:K03648
pcai:K7G93_000119	ko:K09861
pcai:K7G93_000121	ko:K13283
pcai:K7G93_000122	ko:K00850
pcai:K7G93_000123	ko:K03212
pcai:K7G93_000124	ko:K01207
pcai:K7G93_000126	ko:K02503
pcai:K7G93_000127	ko:K06212
pcai:K7G93_000128	ko:K00656
pcai:K7G93_000129	ko:K12686
pcai:K7G93_000130	ko:K04069
pcai:K7G93_000131	ko:K11991
pcai:K7G93_000132	ko:K00560
pcai:K7G93_000133	ko:K13292
pcai:K7G93_000134	ko:K07090
pcai:K7G93_000135	ko:K08311
pcai:K7G93_000136	ko:K03806
pcai:K7G93_000137	ko:K02682
pcai:K7G93_000138	ko:K02504
pcai:K7G93_000139	ko:K02505
pcai:K7G93_000140	ko:K02506
pcai:K7G93_000141	ko:K00859
pcai:K7G93_000142	ko:K09862
pcai:K7G93_000143	ko:K06975
pcai:K7G93_000144	ko:K03310
pcai:K7G93_000145	ko:K05809
pcai:K7G93_000146	ko:K04763
pcai:K7G93_000147	ko:K05820
pcai:K7G93_000148	ko:K00286
pcai:K7G93_000149	ko:K03554
pcai:K7G93_000150	ko:K07268
pcai:K7G93_000151	ko:K19810
pcai:K7G93_000152	ko:K02356
pcai:K7G93_000153	ko:K06217
pcai:K7G93_000154	ko:K07042
pcai:K7G93_000156	ko:K06957
pcai:K7G93_000158	ko:K03723
pcai:K7G93_000159	ko:K10541
pcai:K7G93_000160	ko:K10542
pcai:K7G93_000161	ko:K10540
pcai:K7G93_000162	ko:K02529
pcai:K7G93_000163	ko:K00965
pcai:K7G93_000164	ko:K00849
pcai:K7G93_000165	ko:K01785
pcai:K7G93_000166	ko:K06189
pcai:K7G93_000167	ko:K03820
pcai:K7G93_000168	ko:K02518
pcai:K7G93_000169	ko:K01710
pcai:K7G93_000170	ko:K07751
pcai:K7G93_000171	ko:K00940
pcai:K7G93_000172	ko:K00789
pcai:K7G93_000173	ko:K02742
pcai:K7G93_000175	ko:K04079
pcai:K7G93_000177	ko:K01439
pcai:K7G93_000179	ko:K13256
pcai:K7G93_000180	ko:K01515
pcai:K7G93_000181	ko:K03651
pcai:K7G93_000182	ko:K03184
pcai:K7G93_000183	ko:K06168
pcai:K7G93_000184	ko:K03462
pcai:K7G93_000185	ko:K14228
pcai:K7G93_000186	ko:K14222
pcai:K7G93_000187	ko:K14225
pcai:K7G93_000188	ko:K01739
pcai:K7G93_000189	ko:K03671
pcai:K7G93_000190	ko:K12410
pcai:K7G93_000191	ko:K06179
pcai:K7G93_000192	ko:K08300
pcai:K7G93_000193	ko:K14233
pcai:K7G93_000194	ko:K04067
pcai:K7G93_000195	ko:K07084
pcai:K7G93_000196	ko:K03683
pcai:K7G93_000197	ko:K01759
pcai:K7G93_000199	ko:K15256
pcai:K7G93_000201	ko:K01876
pcai:K7G93_000203	ko:K08310
pcai:K7G93_000206	ko:K01159
pcai:K7G93_000207	ko:K03550
pcai:K7G93_000208	ko:K03551
pcai:K7G93_000210	ko:K00425
pcai:K7G93_000211	ko:K00426
pcai:K7G93_000214	ko:K07107
pcai:K7G93_000215	ko:K03562
pcai:K7G93_000216	ko:K03560
pcai:K7G93_000217	ko:K03646
pcai:K7G93_000218	ko:K03641
pcai:K7G93_000219	ko:K03640
pcai:K7G93_000220	ko:K14229
pcai:K7G93_000221	ko:K14229
pcai:K7G93_000222	ko:K14229
pcai:K7G93_000223	ko:K02679
pcai:K7G93_000224	ko:K02680
pcai:K7G93_000226	ko:K02681
pcai:K7G93_000227	ko:K03583
pcai:K7G93_000228	ko:K03789
pcai:K7G93_000229	ko:K02344
pcai:K7G93_000230	ko:K00564
pcai:K7G93_000231	ko:K02010
pcai:K7G93_000232	ko:K02011
pcai:K7G93_000233	ko:K02012
pcai:K7G93_000234	ko:K02012
pcai:K7G93_000235	ko:K02012
pcai:K7G93_000236	ko:K00876
pcai:K7G93_000237	ko:K01494
pcai:K7G93_000239	ko:K08159
pcai:K7G93_000240	ko:K14233
pcai:K7G93_000241	ko:K03321
pcai:K7G93_000242	ko:K01625
pcai:K7G93_000243	ko:K04568
pcai:K7G93_000244	ko:K02012
pcai:K7G93_000245	ko:K07098
pcai:K7G93_000246	ko:K01682
pcai:K7G93_000247	ko:K09747
pcai:K7G93_000248	ko:K06187
pcai:K7G93_000249	ko:K03169
pcai:K7G93_000250	ko:K03075
pcai:K7G93_000251	ko:K14228
pcai:K7G93_000252	ko:K03088
pcai:K7G93_000254	ko:K09929
pcai:K7G93_000255	ko:K09930
pcai:K7G93_000257	ko:K15977
pcai:K7G93_000258	ko:K07666
pcai:K7G93_000259	ko:K07645
pcai:K7G93_000261	ko:K03664
pcai:K7G93_000262	ko:K03182
pcai:K7G93_000263	ko:K07773
pcai:K7G93_000264	ko:K04084
pcai:K7G93_000265	ko:K15977
pcai:K7G93_000266	ko:K00602
pcai:K7G93_000267	ko:K01945
pcai:K7G93_000268	ko:K00600
pcai:K7G93_000269	ko:K03074
pcai:K7G93_000270	ko:K03072
pcai:K7G93_000271	ko:K03210
pcai:K7G93_000274	ko:K00773
pcai:K7G93_000275	ko:K07568
pcai:K7G93_000276	ko:K08303
pcai:K7G93_000278	ko:K00297
pcai:K7G93_000279	ko:K12368
pcai:K7G93_000280	ko:K12369
pcai:K7G93_000281	ko:K12370
pcai:K7G93_000282	ko:K12371
pcai:K7G93_000283	ko:K12372
pcai:K7G93_000284	ko:K09816
pcai:K7G93_000285	ko:K09817
pcai:K7G93_000287	ko:K00948
pcai:K7G93_000288	ko:K00919
pcai:K7G93_000289	ko:K02494
pcai:K7G93_000290	ko:K00974
pcai:K7G93_000291	ko:K07184
pcai:K7G93_000292	ko:K03306
pcai:K7G93_000293	ko:K07220
pcai:K7G93_000294	ko:K18446
pcai:K7G93_000295	ko:K04485
pcai:K7G93_000296	ko:K03719
pcai:K7G93_000297	ko:K03466
pcai:K7G93_000298	ko:K03634
pcai:K7G93_000299	ko:K07478
pcai:K7G93_000300	ko:K01875
pcai:K7G93_000301	ko:K01489
pcai:K7G93_000302	ko:K11069
pcai:K7G93_000303	ko:K11069
pcai:K7G93_000304	ko:K11070
pcai:K7G93_000305	ko:K11071
pcai:K7G93_000306	ko:K11072
pcai:K7G93_000307	ko:K01258
pcai:K7G93_000308	ko:K06192
pcai:K7G93_000309	ko:K03808
pcai:K7G93_000310	ko:K03607
pcai:K7G93_000311	ko:K03797
pcai:K7G93_000312	ko:K21470
pcai:K7G93_000314	ko:K01069
pcai:K7G93_000315	ko:K00134
pcai:K7G93_000316	ko:K07305
pcai:K7G93_000317	ko:K00942
pcai:K7G93_000318	ko:K03060
pcai:K7G93_000319	ko:K01139
pcai:K7G93_000320	ko:K03655
pcai:K7G93_000321	ko:K03181
pcai:K7G93_000322	ko:K01776
pcai:K7G93_000323	ko:K01977
pcai:K7G93_000324	ko:K14227
pcai:K7G93_000325	ko:K14218
pcai:K7G93_000326	ko:K01980
pcai:K7G93_000327	ko:K01985
pcai:K7G93_000328	ko:K07124
pcai:K7G93_000329	ko:K19230
pcai:K7G93_000330	ko:K19229
pcai:K7G93_000331	ko:K19228
pcai:K7G93_000332	ko:K19227
pcai:K7G93_000333	ko:K19226
pcai:K7G93_000334	ko:K06918
pcai:K7G93_000335	ko:K08990
pcai:K7G93_000336	ko:K03721
pcai:K7G93_000337	ko:K03665
pcai:K7G93_000338	ko:K03666
pcai:K7G93_000339	ko:K00791
pcai:K7G93_000340	ko:K03572
pcai:K7G93_000341	ko:K01448
pcai:K7G93_000342	ko:K06925
pcai:K7G93_000343	ko:K14225
pcai:K7G93_000344	ko:K14225
pcai:K7G93_000345	ko:K13288
pcai:K7G93_000346	ko:K06949
pcai:K7G93_000347	ko:K02784
pcai:K7G93_000348	ko:K08483
pcai:K7G93_000349	ko:K02777
pcai:K7G93_000350	ko:K07491
pcai:K7G93_000351	ko:K00163
pcai:K7G93_000352	ko:K00627
pcai:K7G93_000353	ko:K00382
pcai:K7G93_000355	ko:K07862
pcai:K7G93_000356	ko:K05776
pcai:K7G93_000358	ko:K07340
pcai:K7G93_000359	ko:K00355
pcai:K7G93_000361	ko:K02517
pcai:K7G93_000362	ko:K03272
pcai:K7G93_000363	ko:K02426
pcai:K7G93_000364	ko:K01766
pcai:K7G93_000366	ko:K06518
pcai:K7G93_000368	ko:K01129
pcai:K7G93_000369	ko:K15738
pcai:K7G93_000370	ko:K07270
pcai:K7G93_000371	ko:K03308
pcai:K7G93_000372	ko:K10773
pcai:K7G93_000373	ko:K03613
pcai:K7G93_000374	ko:K03612
pcai:K7G93_000375	ko:K03614
pcai:K7G93_000376	ko:K03615
pcai:K7G93_000377	ko:K03616
pcai:K7G93_000378	ko:K03617
pcai:K7G93_000382	ko:K07320
pcai:K7G93_000387	ko:K01734
pcai:K7G93_000388	ko:K09909
pcai:K7G93_000389	ko:K01512
pcai:K7G93_000390	ko:K11606
pcai:K7G93_000391	ko:K11605
pcai:K7G93_000392	ko:K11607
pcai:K7G93_000393	ko:K11604
pcai:K7G93_000394	ko:K11179
pcai:K7G93_000395	ko:K19416
pcai:K7G93_000396	ko:K14233
pcai:K7G93_000397	ko:K03711
pcai:K7G93_000398	ko:K03839
pcai:K7G93_000400	ko:K01175
pcai:K7G93_000401	ko:K03645
pcai:K7G93_000402	ko:K01911
pcai:K7G93_000403	ko:K05802
pcai:K7G93_000404	ko:K01736
pcai:K7G93_000405	ko:K07261
pcai:K7G93_000406	ko:K07090
pcai:K7G93_000407	ko:K02560
pcai:K7G93_000408	ko:K00759
pcai:K7G93_000409	ko:K02343
pcai:K7G93_000410	ko:K03316
pcai:K7G93_000413	ko:K07126
pcai:K7G93_000414	ko:K02380
pcai:K7G93_000415	ko:K00127
pcai:K7G93_000416	ko:K00124
pcai:K7G93_000417	ko:K00123
pcai:K7G93_000418	ko:K02379
pcai:K7G93_000419	ko:K03657
pcai:K7G93_000420	ko:K02314
pcai:K7G93_000421	ko:K01775
pcai:K7G93_000422	ko:K01810
pcai:K7G93_000424	ko:K07724
pcai:K7G93_000425	ko:K07038
pcai:K7G93_000426	ko:K00549
pcai:K7G93_000427	ko:K03576
pcai:K7G93_000428	ko:K26605
pcai:K7G93_000429	ko:K26606
pcai:K7G93_000431	ko:K06020
pcai:K7G93_000433	ko:K08970
pcai:K7G93_000434	ko:K07301
pcai:K7G93_000435	ko:K14220
pcai:K7G93_000436	ko:K03702
pcai:K7G93_000438	ko:K12515
pcai:K7G93_000439	ko:K07636
pcai:K7G93_000440	ko:K07657
pcai:K7G93_000441	ko:K02000
pcai:K7G93_000443	ko:K02036
pcai:K7G93_000444	ko:K02038
pcai:K7G93_000445	ko:K02037
pcai:K7G93_000446	ko:K02040
pcai:K7G93_000447	ko:K02427
pcai:K7G93_000448	ko:K03798
pcai:K7G93_000449	ko:K00796
pcai:K7G93_000450	ko:K03431
pcai:K7G93_000451	ko:K08296
pcai:K7G93_000453	ko:K07491
pcai:K7G93_000454	ko:K03610
pcai:K7G93_000455	ko:K09902
pcai:K7G93_000459	ko:K02003
pcai:K7G93_000460	ko:K02004
pcai:K7G93_000461	ko:K02004
pcai:K7G93_000463	ko:K07230
pcai:K7G93_000464	ko:K07243
pcai:K7G93_000465	ko:K05995
pcai:K7G93_000466	ko:K07223
pcai:K7G93_000467	ko:K05365
pcai:K7G93_000468	ko:K09910
pcai:K7G93_000469	ko:K15724
pcai:K7G93_000470	ko:K01265
pcai:K7G93_000471	ko:K00990
pcai:K7G93_000472	ko:K01845
pcai:K7G93_000473	ko:K02851
pcai:K7G93_000474	ko:K05790
pcai:K7G93_000475	ko:K14219
pcai:K7G93_000476	ko:K14226
pcai:K7G93_000477	ko:K14232
pcai:K7G93_000478	ko:K01977
pcai:K7G93_000479	ko:K14227
pcai:K7G93_000480	ko:K14218
pcai:K7G93_000481	ko:K01980
pcai:K7G93_000482	ko:K01985
pcai:K7G93_000483	ko:K28370
pcai:K7G93_000484	ko:K07459
pcai:K7G93_000485	ko:K02346
pcai:K7G93_000486	ko:K03799
pcai:K7G93_000487	ko:K09906
pcai:K7G93_000488	ko:K01990
pcai:K7G93_000489	ko:K01992
pcai:K7G93_000490	ko:K07080
pcai:K7G93_000493	ko:K06966
pcai:K7G93_000494	ko:K06879
pcai:K7G93_000499	ko:K06175
pcai:K7G93_000500	ko:K09917
pcai:K7G93_000501	ko:K03704
pcai:K7G93_000502	ko:K09911
pcai:K7G93_000503	ko:K04770
pcai:K7G93_000504	ko:K01716
pcai:K7G93_000505	ko:K03976
pcai:K7G93_000507	ko:K01258
pcai:K7G93_000510	ko:K00785
pcai:K7G93_000511	ko:K07270
pcai:K7G93_000515	ko:K08305
pcai:K7G93_000516	ko:K06901
pcai:K7G93_000517	ko:K06039
pcai:K7G93_000518	ko:K03582
pcai:K7G93_000519	ko:K03581
pcai:K7G93_000520	ko:K03675
pcai:K7G93_000521	ko:K09946
pcai:K7G93_000522	ko:K02871
pcai:K7G93_000523	ko:K02996
pcai:K7G93_000524	ko:K03599
pcai:K7G93_000525	ko:K03600
pcai:K7G93_000526	ko:K03270
pcai:K7G93_000527	ko:K06041
pcai:K7G93_000528	ko:K01978
pcai:K7G93_000529	ko:K06201
pcai:K7G93_000531	ko:K05685
pcai:K7G93_000532	ko:K13888
pcai:K7G93_000533	ko:K01886
pcai:K7G93_000534	ko:K03310
pcai:K7G93_000536	ko:K01662
pcai:K7G93_000537	ko:K00795
pcai:K7G93_000538	ko:K03602
pcai:K7G93_000539	ko:K07812
pcai:K7G93_000540	ko:K07821
pcai:K7G93_000541	ko:K03151
pcai:K7G93_000542	ko:K09901
pcai:K7G93_000543	ko:K07147
pcai:K7G93_000544	ko:K17247
pcai:K7G93_000545	ko:K09160
pcai:K7G93_000553	ko:K07341
pcai:K7G93_000556	ko:K03111
pcai:K7G93_000558	ko:K07501
pcai:K7G93_000568	ko:K03496
pcai:K7G93_000576	ko:K02314
pcai:K7G93_000582	ko:K01185
pcai:K7G93_000587	ko:K07474
pcai:K7G93_000588	ko:K06909
pcai:K7G93_000589	ko:K09961
pcai:K7G93_000591	ko:K09960
pcai:K7G93_000620	ko:K00705
pcai:K7G93_000621	ko:K00700
pcai:K7G93_000622	ko:K02438
pcai:K7G93_000623	ko:K00975
pcai:K7G93_000624	ko:K00703
pcai:K7G93_000625	ko:K00688
pcai:K7G93_000627	ko:K01595
pcai:K7G93_000628	ko:K03604
pcai:K7G93_000629	ko:K07071
pcai:K7G93_000630	ko:K03402
pcai:K7G93_000631	ko:K00024
pcai:K7G93_000632	ko:K01887
pcai:K7G93_000633	ko:K09907
pcai:K7G93_000635	ko:K06077
pcai:K7G93_000636	ko:K02835
pcai:K7G93_000637	ko:K02493
pcai:K7G93_000639	ko:K01627
pcai:K7G93_000640	ko:K15475
pcai:K7G93_000641	ko:K00018
pcai:K7G93_000642	ko:K09808
pcai:K7G93_000643	ko:K09810
pcai:K7G93_000644	ko:K09808
pcai:K7G93_000645	ko:K01626
pcai:K7G93_000646	ko:K10974
pcai:K7G93_000647	ko:K01485
pcai:K7G93_000648	ko:K00826
pcai:K7G93_000649	ko:K03566
pcai:K7G93_000650	ko:K06968
pcai:K7G93_000652	ko:K10805
pcai:K7G93_000653	ko:K01983
pcai:K7G93_000654	ko:K16012
pcai:K7G93_000655	ko:K16013
pcai:K7G93_000656	ko:K00384
pcai:K7G93_000657	ko:K05838
pcai:K7G93_000660	ko:K01673
pcai:K7G93_000661	ko:K16087
pcai:K7G93_000662	ko:K01695
pcai:K7G93_000663	ko:K01696
pcai:K7G93_000664	ko:K16066
pcai:K7G93_000666	ko:K01118
pcai:K7G93_000667	ko:K04774
pcai:K7G93_000669	ko:K07491
pcai:K7G93_000672	ko:K12368
pcai:K7G93_000673	ko:K01868
pcai:K7G93_000675	ko:K04773
pcai:K7G93_000676	ko:K15536
pcai:K7G93_000677	ko:K14055
pcai:K7G93_000678	ko:K01420
pcai:K7G93_000679	ko:K07304
pcai:K7G93_000680	ko:K14058
pcai:K7G93_000681	ko:K03633
pcai:K7G93_000682	ko:K03804
pcai:K7G93_000683	ko:K03632
pcai:K7G93_000686	ko:K01141
pcai:K7G93_000695	ko:K10954
pcai:K7G93_000705	ko:K10954
pcai:K7G93_000715	ko:K10954
pcai:K7G93_000725	ko:K10954
pcai:K7G93_000731	ko:K03168
pcai:K7G93_000733	ko:K07053
pcai:K7G93_000734	ko:K00254
pcai:K7G93_000735	ko:K01256
pcai:K7G93_000736	ko:K01588
pcai:K7G93_000737	ko:K01589
pcai:K7G93_000738	ko:K00813
pcai:K7G93_000739	ko:K03635
pcai:K7G93_000740	ko:K03636
pcai:K7G93_000741	ko:K03637
pcai:K7G93_000742	ko:K03639
pcai:K7G93_000744	ko:K13695
pcai:K7G93_000745	ko:K04764
pcai:K7G93_000746	ko:K01890
pcai:K7G93_000747	ko:K01889
pcai:K7G93_000748	ko:K06177
pcai:K7G93_000750	ko:K11754
pcai:K7G93_000751	ko:K01963
pcai:K7G93_000752	ko:K06173
pcai:K7G93_000754	ko:K02897
pcai:K7G93_000756	ko:K07491
pcai:K7G93_000757	ko:K01935
pcai:K7G93_000758	ko:K15545
pcai:K7G93_000759	ko:K01893
pcai:K7G93_000760	ko:K05367
pcai:K7G93_000763	ko:K07056
pcai:K7G93_000764	ko:K07121
pcai:K7G93_000765	ko:K07460
pcai:K7G93_000766	ko:K12961
pcai:K7G93_000767	ko:K28369
pcai:K7G93_000768	ko:K00793
pcai:K7G93_000769	ko:K26939
pcai:K7G93_000771	ko:K00873
pcai:K7G93_000772	ko:K14237
pcai:K7G93_000774	ko:K03704
pcai:K7G93_000775	ko:K16868
pcai:K7G93_000777	ko:K00674
pcai:K7G93_000778	ko:K06894
pcai:K7G93_000779	ko:K13634
pcai:K7G93_000780	ko:K06178
pcai:K7G93_000782	ko:K14187
pcai:K7G93_000783	ko:K01626
pcai:K7G93_000784	ko:K02217
pcai:K7G93_000785	ko:K02217
pcai:K7G93_000787	ko:K02887
pcai:K7G93_000788	ko:K02916
pcai:K7G93_000789	ko:K02520
pcai:K7G93_000791	ko:K07090
pcai:K7G93_000792	ko:K07271
pcai:K7G93_000793	ko:K07271
pcai:K7G93_000798	ko:K01142
pcai:K7G93_000799	ko:K01495
pcai:K7G93_000800	ko:K03750
pcai:K7G93_000801	ko:K21029
pcai:K7G93_000802	ko:K03186
pcai:K7G93_000804	ko:K00764
pcai:K7G93_000805	ko:K03558
pcai:K7G93_000806	ko:K09899
pcai:K7G93_000807	ko:K00925
pcai:K7G93_000808	ko:K13788
pcai:K7G93_000809	ko:K03684
pcai:K7G93_000810	ko:K01897
pcai:K7G93_000811	ko:K07285
pcai:K7G93_000812	ko:K14742
pcai:K7G93_000813	ko:K03722
pcai:K7G93_000814	ko:K01792
pcai:K7G93_000815	ko:K13936
pcai:K7G93_000816	ko:K07574
pcai:K7G93_000817	ko:K21449
pcai:K7G93_000818	ko:K03624
pcai:K7G93_000819	ko:K07259
pcai:K7G93_000820	ko:K07140
pcai:K7G93_000821	ko:K00525
pcai:K7G93_000822	ko:K03308
pcai:K7G93_000824	ko:K00526
pcai:K7G93_000825	ko:K07002
pcai:K7G93_000826	ko:K11107
pcai:K7G93_000827	ko:K08357
pcai:K7G93_000828	ko:K08359
pcai:K7G93_000829	ko:K08358
pcai:K7G93_000830	ko:K13040
pcai:K7G93_000831	ko:K13041
pcai:K7G93_000832	ko:K00215
pcai:K7G93_000833	ko:K05835
pcai:K7G93_000834	ko:K01095
pcai:K7G93_000835	ko:K00946
pcai:K7G93_000836	ko:K03625
pcai:K7G93_000837	ko:K00794
pcai:K7G93_000838	ko:K03834
pcai:K7G93_000839	ko:K04772
pcai:K7G93_000841	ko:K04043
pcai:K7G93_000843	ko:K01740
pcai:K7G93_000844	ko:K03686
pcai:K7G93_000845	ko:K02017
pcai:K7G93_000846	ko:K02018
pcai:K7G93_000847	ko:K02020
pcai:K7G93_000848	ko:K02019
pcai:K7G93_000849	ko:K08722
pcai:K7G93_000850	ko:K04691
pcai:K7G93_000851	ko:K11752
pcai:K7G93_000852	ko:K07738
pcai:K7G93_000854	ko:K00325
pcai:K7G93_000855	ko:K00324
pcai:K7G93_000856	ko:K06206
pcai:K7G93_000857	ko:K16087
pcai:K7G93_000858	ko:K01866
pcai:K7G93_000859	ko:K03177
pcai:K7G93_000860	ko:K02834
pcai:K7G93_000862	ko:K02519
pcai:K7G93_000863	ko:K02600
pcai:K7G93_000864	ko:K09748
pcai:K7G93_000865	ko:K14230
pcai:K7G93_000868	ko:K28207
pcai:K7G93_000869	ko:K01096
pcai:K7G93_000870	ko:K01497
pcai:K7G93_000871	ko:K02035
pcai:K7G93_000872	ko:K09790
pcai:K7G93_000873	ko:K01414
pcai:K7G93_000875	ko:K14223
pcai:K7G93_000876	ko:K14223
pcai:K7G93_000877	ko:K14228
pcai:K7G93_000878	ko:K14230
pcai:K7G93_000879	ko:K02565
pcai:K7G93_000880	ko:K02492
pcai:K7G93_000881	ko:K01069
pcai:K7G93_000883	ko:K09136
pcai:K7G93_000884	ko:K09908
pcai:K7G93_000885	ko:K15035
pcai:K7G93_000886	ko:K03578
pcai:K7G93_000889	ko:K07390
pcai:K7G93_000890	ko:K06872
pcai:K7G93_000892	ko:K03744
pcai:K7G93_000893	ko:K03286
pcai:K7G93_000894	ko:K26063
pcai:K7G93_000895	ko:K19222
pcai:K7G93_000896	ko:K01772
pcai:K7G93_000897	ko:K01008
pcai:K7G93_000898	ko:K06145
pcai:K7G93_000899	ko:K00851
pcai:K7G93_000900	ko:K03299
pcai:K7G93_000901	ko:K01760
pcai:K7G93_000902	ko:K03386
pcai:K7G93_000903	ko:K12515
pcai:K7G93_000904	ko:K12514
pcai:K7G93_000905	ko:K12513
pcai:K7G93_000906	ko:K12512
pcai:K7G93_000907	ko:K12511
pcai:K7G93_000908	ko:K12510
pcai:K7G93_000909	ko:K02283
pcai:K7G93_000910	ko:K02282
pcai:K7G93_000911	ko:K12509
pcai:K7G93_000912	ko:K02280
pcai:K7G93_000913	ko:K02279
pcai:K7G93_000914	ko:K02278
pcai:K7G93_000915	ko:K02651
pcai:K7G93_000916	ko:K02651
pcai:K7G93_000917	ko:K14228
pcai:K7G93_000918	ko:K14225
pcai:K7G93_000919	ko:K00995
pcai:K7G93_000920	ko:K03703
pcai:K7G93_000921	ko:K00979
pcai:K7G93_000922	ko:K09791
pcai:K7G93_000923	ko:K00912
pcai:K7G93_000924	ko:K11085
pcai:K7G93_000925	ko:K02238
pcai:K7G93_000926	ko:K06204
pcai:K7G93_000927	ko:K00970
pcai:K7G93_000928	ko:K00950
pcai:K7G93_000929	ko:K00641
pcai:K7G93_000930	ko:K03748
pcai:K7G93_000931	ko:K03435
pcai:K7G93_000932	ko:K01653
pcai:K7G93_000933	ko:K01652
pcai:K7G93_000934	ko:K18218
pcai:K7G93_000935	ko:K03746
pcai:K7G93_000936	ko:K01433
pcai:K7G93_000937	ko:K01443
pcai:K7G93_000938	ko:K02564
pcai:K7G93_000939	ko:K02804
pcai:K7G93_000940	ko:K02013
pcai:K7G93_000941	ko:K02015
pcai:K7G93_000942	ko:K02016
pcai:K7G93_000944	ko:K16087
pcai:K7G93_000945	ko:K01012
pcai:K7G93_000946	ko:K02062
pcai:K7G93_000947	ko:K02063
pcai:K7G93_000948	ko:K02064
pcai:K7G93_000949	ko:K00982
pcai:K7G93_000953	ko:K13747
pcai:K7G93_000954	ko:K02622
pcai:K7G93_000955	ko:K02621
pcai:K7G93_000956	ko:K00568
pcai:K7G93_000957	ko:K02469
pcai:K7G93_000959	ko:K03113
pcai:K7G93_000960	ko:K01591
pcai:K7G93_000961	ko:K19804
pcai:K7G93_000962	ko:K08992
pcai:K7G93_000963	ko:K05788
pcai:K7G93_000964	ko:K02945
pcai:K7G93_000965	ko:K00945
pcai:K7G93_000967	ko:K07263
pcai:K7G93_000969	ko:K01581
pcai:K7G93_000970	ko:K03756
pcai:K7G93_000971	ko:K00611
pcai:K7G93_000972	ko:K09824
pcai:K7G93_000973	ko:K01940
pcai:K7G93_000975	ko:K01923
pcai:K7G93_000976	ko:K02837
pcai:K7G93_000977	ko:K04047
pcai:K7G93_000978	ko:K01873
pcai:K7G93_000980	ko:K11065
pcai:K7G93_000982	ko:K02339
pcai:K7G93_000983	ko:K01679
pcai:K7G93_000985	ko:K07000
pcai:K7G93_000986	ko:K05844
pcai:K7G93_000987	ko:K03674
pcai:K7G93_000988	ko:K14682
pcai:K7G93_000989	ko:K01809
pcai:K7G93_000991	ko:K02796
pcai:K7G93_000992	ko:K02795
pcai:K7G93_000993	ko:K02794
pcai:K7G93_000995	ko:K09802
pcai:K7G93_000996	ko:K00831
pcai:K7G93_000997	ko:K00817
pcai:K7G93_000998	ko:K00800
pcai:K7G93_000999	ko:K03979
pcai:K7G93_001002	ko:K02899
pcai:K7G93_001003	ko:K02888
pcai:K7G93_001004	ko:K02523
pcai:K7G93_001005	ko:K09765
pcai:K7G93_001006	ko:K00821
pcai:K7G93_001007	ko:K03568
pcai:K7G93_001008	ko:K08301
pcai:K7G93_001009	ko:K11928
pcai:K7G93_001010	ko:K15257
pcai:K7G93_001011	ko:K00647
pcai:K7G93_001012	ko:K15461
pcai:K7G93_001013	ko:K16087
pcai:K7G93_001014	ko:K06956
pcai:K7G93_001015	ko:K03687
pcai:K7G93_001016	ko:K00858
pcai:K7G93_001017	ko:K03631
pcai:K7G93_001018	ko:K07275
pcai:K7G93_001020	ko:K06190
pcai:K7G93_001021	ko:K10806
pcai:K7G93_001022	ko:K09780
pcai:K7G93_001023	ko:K08309
pcai:K7G93_001024	ko:K03720
pcai:K7G93_001025	ko:K03814
pcai:K7G93_001026	ko:K04755
pcai:K7G93_001027	ko:K04044
pcai:K7G93_001028	ko:K04082
pcai:K7G93_001029	ko:K13628
pcai:K7G93_001030	ko:K04488
pcai:K7G93_001031	ko:K04487
pcai:K7G93_001032	ko:K13643
pcai:K7G93_001033	ko:K15396
pcai:K7G93_001034	ko:K01092
pcai:K7G93_001035	ko:K07491
pcai:K7G93_001037	ko:K07648
pcai:K7G93_001038	ko:K12297
pcai:K7G93_001039	ko:K01874
pcai:K7G93_001040	ko:K03593
pcai:K7G93_001041	ko:K02956
pcai:K7G93_001042	ko:K16087
pcai:K7G93_001043	ko:K07226
pcai:K7G93_001044	ko:K07227
pcai:K7G93_001045	ko:K14228
pcai:K7G93_001046	ko:K01985
pcai:K7G93_001047	ko:K01980
pcai:K7G93_001048	ko:K14224
pcai:K7G93_001049	ko:K01977
pcai:K7G93_001051	ko:K03524
pcai:K7G93_001052	ko:K00088
pcai:K7G93_001054	ko:K01951
pcai:K7G93_001056	ko:K01962
pcai:K7G93_001057	ko:K00868
pcai:K7G93_001058	ko:K04075
pcai:K7G93_001059	ko:K06901
pcai:K7G93_001061	ko:K01784
pcai:K7G93_001062	ko:K08218
pcai:K7G93_001063	ko:K00939
pcai:K7G93_001064	ko:K01902
pcai:K7G93_001065	ko:K01903
pcai:K7G93_001066	ko:K06996
pcai:K7G93_001067	ko:K00658
pcai:K7G93_001068	ko:K00164
pcai:K7G93_001069	ko:K01647
pcai:K7G93_001070	ko:K07491
pcai:K7G93_001071	ko:K16348
pcai:K7G93_001072	ko:K01897
pcai:K7G93_001073	ko:K09815
pcai:K7G93_001074	ko:K22132
pcai:K7G93_001075	ko:K08304
pcai:K7G93_001076	ko:K14230
pcai:K7G93_001077	ko:K02558
pcai:K7G93_001078	ko:K03841
pcai:K7G93_001080	ko:K01295
pcai:K7G93_001081	ko:K03326
pcai:K7G93_001084	ko:K00147
pcai:K7G93_001085	ko:K00928
pcai:K7G93_001086	ko:K01939
pcai:K7G93_001087	ko:K00428
pcai:K7G93_001088	ko:K21636
pcai:K7G93_001089	ko:K04068
pcai:K7G93_001091	ko:K03424
pcai:K7G93_001092	ko:K03768
pcai:K7G93_001093	ko:K03768
pcai:K7G93_001094	ko:K01883
pcai:K7G93_001096	ko:K00244
pcai:K7G93_001097	ko:K00245
pcai:K7G93_001098	ko:K00246
pcai:K7G93_001099	ko:K00247
pcai:K7G93_001100	ko:K11720
pcai:K7G93_001101	ko:K07091
pcai:K7G93_001102	ko:K01255
pcai:K7G93_001103	ko:K01243
pcai:K7G93_001104	ko:K03673
pcai:K7G93_001105	ko:K07462
pcai:K7G93_001106	ko:K03981
pcai:K7G93_001107	ko:K02836
pcai:K7G93_001108	ko:K04567
pcai:K7G93_001109	ko:K00983
pcai:K7G93_001110	ko:K06920
pcai:K7G93_001111	ko:K01737
pcai:K7G93_001112	ko:K10026
pcai:K7G93_001114	ko:K00208
pcai:K7G93_001115	ko:K01147
pcai:K7G93_001116	ko:K00790
pcai:K7G93_001118	ko:K07122
pcai:K7G93_001119	ko:K07323
pcai:K7G93_001120	ko:K02067
pcai:K7G93_001121	ko:K02066
pcai:K7G93_001122	ko:K02065
pcai:K7G93_001123	ko:K11719
pcai:K7G93_001124	ko:K09774
pcai:K7G93_001125	ko:K06861
pcai:K7G93_001126	ko:K02806
pcai:K7G93_001127	ko:K06958
pcai:K7G93_001128	ko:K03601
pcai:K7G93_001129	ko:K18850
pcai:K7G93_001130	ko:K09801
pcai:K7G93_001133	ko:K01056
pcai:K7G93_001134	ko:K06942
pcai:K7G93_001135	ko:K03758
pcai:K7G93_001137	ko:K05835
pcai:K7G93_001140	ko:K07109
pcai:K7G93_001141	ko:K06193
pcai:K7G93_001143	ko:K06726
pcai:K7G93_001144	ko:K10441
pcai:K7G93_001145	ko:K10440
pcai:K7G93_001146	ko:K10439
pcai:K7G93_001147	ko:K00852
pcai:K7G93_001148	ko:K02529
pcai:K7G93_001150	ko:K14170
pcai:K7G93_001151	ko:K08325
pcai:K7G93_001152	ko:K02535
pcai:K7G93_001153	ko:K03531
pcai:K7G93_001154	ko:K03590
pcai:K7G93_001155	ko:K03589
pcai:K7G93_001156	ko:K01921
pcai:K7G93_001157	ko:K01924
pcai:K7G93_001158	ko:K02563
pcai:K7G93_001159	ko:K03588
pcai:K7G93_001160	ko:K01925
pcai:K7G93_001161	ko:K01000
pcai:K7G93_001162	ko:K01929
pcai:K7G93_001163	ko:K01928
pcai:K7G93_001164	ko:K03587
pcai:K7G93_001165	ko:K03586
pcai:K7G93_001166	ko:K03438
pcai:K7G93_001167	ko:K03925
pcai:K7G93_001170	ko:K09998
pcai:K7G93_001171	ko:K09999
pcai:K7G93_001172	ko:K09997
pcai:K7G93_001173	ko:K10000
pcai:K7G93_001174	ko:K03271
pcai:K7G93_001175	ko:K00760
pcai:K7G93_001176	ko:K03592
pcai:K7G93_001177	ko:K09889
pcai:K7G93_001178	ko:K04087
pcai:K7G93_001179	ko:K04088
pcai:K7G93_001180	ko:K06133
pcai:K7G93_001181	ko:K01733
pcai:K7G93_001182	ko:K00872
pcai:K7G93_001183	ko:K12524
pcai:K7G93_001184	ko:K06997
pcai:K7G93_001185	ko:K00548
pcai:K7G93_001186	ko:K12132
pcai:K7G93_001189	ko:K02013
pcai:K7G93_001190	ko:K02015
pcai:K7G93_001191	ko:K02016
pcai:K7G93_001192	ko:K16092
pcai:K7G93_001193	ko:K03469
pcai:K7G93_001194	ko:K02342
pcai:K7G93_001195	ko:K14221
pcai:K7G93_001196	ko:K14221
pcai:K7G93_001197	ko:K07112
pcai:K7G93_001198	ko:K03977
pcai:K7G93_001201	ko:K04753
pcai:K7G93_001202	ko:K00655
pcai:K7G93_001203	ko:K03269
pcai:K7G93_001205	ko:K28983
pcai:K7G93_001207	ko:K07287
pcai:K7G93_001208	ko:K01714
pcai:K7G93_001209	ko:K03564
pcai:K7G93_001212	ko:K03837
pcai:K7G93_001213	ko:K01752
pcai:K7G93_001214	ko:K09974
pcai:K7G93_001215	ko:K02337
pcai:K7G93_001217	ko:K03781
pcai:K7G93_001220	ko:K04017
pcai:K7G93_001221	ko:K02199
pcai:K7G93_001222	ko:K04016
pcai:K7G93_001223	ko:K04015
pcai:K7G93_001224	ko:K04014
pcai:K7G93_001225	ko:K04013
pcai:K7G93_001226	ko:K03385
pcai:K7G93_001228	ko:K01933
pcai:K7G93_001229	ko:K11175
pcai:K7G93_001230	ko:K00761
pcai:K7G93_001231	ko:K02824
pcai:K7G93_001232	ko:K10763
pcai:K7G93_001235	ko:K08234
pcai:K7G93_001236	ko:K02200
pcai:K7G93_001237	ko:K02200
pcai:K7G93_001238	ko:K02199
pcai:K7G93_001239	ko:K02198
pcai:K7G93_001240	ko:K02197
pcai:K7G93_001241	ko:K02196
pcai:K7G93_001242	ko:K02195
pcai:K7G93_001243	ko:K02194
pcai:K7G93_001244	ko:K02193
pcai:K7G93_001245	ko:K11747
pcai:K7G93_001246	ko:K19784
pcai:K7G93_001247	ko:K06911
pcai:K7G93_001254	ko:K03485
pcai:K7G93_001255	ko:K07552
pcai:K7G93_001256	ko:K06183
pcai:K7G93_001257	ko:K00029
pcai:K7G93_001258	ko:K04564
pcai:K7G93_001259	ko:K01119
pcai:K7G93_001262	ko:K04045
pcai:K7G93_001268	ko:K01892
pcai:K7G93_001269	ko:K03526
pcai:K7G93_001270	ko:K15539
pcai:K7G93_001271	ko:K02656
pcai:K7G93_001272	ko:K06941
pcai:K7G93_001274	ko:K11744
pcai:K7G93_001275	ko:K04751
pcai:K7G93_001276	ko:K03831
pcai:K7G93_001277	ko:K00981
pcai:K7G93_001281	ko:K03470
pcai:K7G93_001282	ko:K00748
pcai:K7G93_001283	ko:K00677
pcai:K7G93_001284	ko:K02372
pcai:K7G93_001285	ko:K02536
pcai:K7G93_001286	ko:K06142
pcai:K7G93_001287	ko:K07277
pcai:K7G93_001288	ko:K11749
pcai:K7G93_001289	ko:K00981
pcai:K7G93_001290	ko:K00806
pcai:K7G93_001291	ko:K00099
pcai:K7G93_001292	ko:K02838
pcai:K7G93_001293	ko:K09903
pcai:K7G93_001294	ko:K02357
pcai:K7G93_001295	ko:K02967
pcai:K7G93_001296	ko:K01993
pcai:K7G93_001297	ko:K13926
pcai:K7G93_001298	ko:K01992
pcai:K7G93_001300	ko:K03770
pcai:K7G93_001301	ko:K01338
pcai:K7G93_001302	ko:K03544
pcai:K7G93_001303	ko:K01358
pcai:K7G93_001304	ko:K03545
pcai:K7G93_001306	ko:K07054
pcai:K7G93_001307	ko:K01649
pcai:K7G93_001308	ko:K00052
pcai:K7G93_001309	ko:K01703
pcai:K7G93_001310	ko:K01704
pcai:K7G93_001311	ko:K03571
pcai:K7G93_001312	ko:K03570
pcai:K7G93_001313	ko:K03569
pcai:K7G93_001314	ko:K12573
pcai:K7G93_001315	ko:K03218
pcai:K7G93_001316	ko:K04565
pcai:K7G93_001317	ko:K03701
pcai:K7G93_001318	ko:K03111
pcai:K7G93_001320	ko:K01491
pcai:K7G93_001321	ko:K14232
pcai:K7G93_001322	ko:K14219
pcai:K7G93_001324	ko:K00615
pcai:K7G93_001325	ko:K00616
pcai:K7G93_001326	ko:K01803
pcai:K7G93_001328	ko:K11690
pcai:K7G93_001329	ko:K11689
pcai:K7G93_001330	ko:K11688
pcai:K7G93_001331	ko:K01808
pcai:K7G93_001334	ko:K05879
pcai:K7G93_001335	ko:K05878
pcai:K7G93_001336	ko:K00097
pcai:K7G93_001337	ko:K11688
pcai:K7G93_001338	ko:K11689
pcai:K7G93_001339	ko:K11690
pcai:K7G93_001341	ko:K03644
pcai:K7G93_001342	ko:K03801
pcai:K7G93_001343	ko:K09158
pcai:K7G93_001344	ko:K07258
pcai:K7G93_001345	ko:K03642
pcai:K7G93_001346	ko:K05837
pcai:K7G93_001347	ko:K05515
pcai:K7G93_001348	ko:K00783
pcai:K7G93_001349	ko:K09710
pcai:K7G93_001350	ko:K03732
pcai:K7G93_001351	ko:K03628
pcai:K7G93_001353	ko:K07792
pcai:K7G93_001354	ko:K02078
pcai:K7G93_001355	ko:K00059
pcai:K7G93_001356	ko:K00645
pcai:K7G93_001357	ko:K00648
pcai:K7G93_001358	ko:K03621
pcai:K7G93_001359	ko:K02911
pcai:K7G93_001360	ko:K07040
pcai:K7G93_001361	ko:K15580
pcai:K7G93_001362	ko:K15581
pcai:K7G93_001363	ko:K15582
pcai:K7G93_001364	ko:K15583
pcai:K7G93_001365	ko:K10823
pcai:K7G93_001367	ko:K01674
pcai:K7G93_001368	ko:K01613
pcai:K7G93_001369	ko:K03773
pcai:K7G93_001371	ko:K00931
pcai:K7G93_001372	ko:K00287
pcai:K7G93_001373	ko:K17686
pcai:K7G93_001374	ko:K07213
pcai:K7G93_001375	ko:K09936
pcai:K7G93_001376	ko:K09125
pcai:K7G93_001377	ko:K07640
pcai:K7G93_001378	ko:K07662
pcai:K7G93_001379	ko:K06186
pcai:K7G93_001380	ko:K06899
pcai:K7G93_001381	ko:K09904
pcai:K7G93_001382	ko:K07014
pcai:K7G93_001384	ko:K08723
pcai:K7G93_001385	ko:K05541
pcai:K7G93_001386	ko:K08984
pcai:K7G93_001387	ko:K05801
pcai:K7G93_001388	ko:K00762
pcai:K7G93_001389	ko:K00989
pcai:K7G93_001391	ko:K06980
pcai:K7G93_001392	ko:K08591
pcai:K7G93_001393	ko:K01633
pcai:K7G93_001396	ko:K20862
pcai:K7G93_001397	ko:K03733
pcai:K7G93_001398	ko:K09921
pcai:K7G93_001399	ko:K01778
pcai:K7G93_001400	ko:K03695
pcai:K7G93_001401	ko:K03671
pcai:K7G93_001402	ko:K06196
pcai:K7G93_001403	ko:K17948
pcai:K7G93_001404	ko:K21393
pcai:K7G93_001405	ko:K11688
pcai:K7G93_001407	ko:K01788
pcai:K7G93_001408	ko:K00885
pcai:K7G93_001411	ko:K01639
pcai:K7G93_001412	ko:K01972
pcai:K7G93_001414	ko:K05810
pcai:K7G93_001415	ko:K06180
pcai:K7G93_001416	ko:K05807
pcai:K7G93_001417	ko:K01934
pcai:K7G93_001418	ko:K28358
pcai:K7G93_001419	ko:K09888
pcai:K7G93_001420	ko:K09895
pcai:K7G93_001421	ko:K01262
pcai:K7G93_001422	ko:K03185
pcai:K7G93_001423	ko:K18800
pcai:K7G93_001424	ko:K14235
pcai:K7G93_001425	ko:K14221
pcai:K7G93_001426	ko:K01985
pcai:K7G93_001427	ko:K01985
pcai:K7G93_001428	ko:K01980
pcai:K7G93_001429	ko:K14224
pcai:K7G93_001430	ko:K01977
pcai:K7G93_001431	ko:K03273
pcai:K7G93_001432	ko:K02071
pcai:K7G93_001433	ko:K02072
pcai:K7G93_001434	ko:K02073
pcai:K7G93_001435	ko:K03214
pcai:K7G93_001436	ko:K00998
pcai:K7G93_001437	ko:K00782
pcai:K7G93_001438	ko:K18929
pcai:K7G93_001439	ko:K18928
pcai:K7G93_001440	ko:K03303
pcai:K7G93_001441	ko:K01756
pcai:K7G93_001442	ko:K07153
pcai:K7G93_001443	ko:K00847
pcai:K7G93_001444	ko:K01193
pcai:K7G93_001445	ko:K03484
pcai:K7G93_001446	ko:K02810
pcai:K7G93_001447	ko:K09796
pcai:K7G93_001448	ko:K02843
pcai:K7G93_001449	ko:K02841
pcai:K7G93_001450	ko:K07012
pcai:K7G93_001451	ko:K15342
pcai:K7G93_001452	ko:K19130
pcai:K7G93_001453	ko:K19129
pcai:K7G93_001454	ko:K19128
pcai:K7G93_001455	ko:K19127
pcai:K7G93_001456	ko:K03555
pcai:K7G93_001462	ko:K02004
pcai:K7G93_001463	ko:K02003
pcai:K7G93_001464	ko:K11912
pcai:K7G93_001469	ko:K03553
pcai:K7G93_001470	ko:K03565
pcai:K7G93_001471	ko:K02498
pcai:K7G93_001472	ko:K02496
pcai:K7G93_001473	ko:K01719
pcai:K7G93_001474	ko:K01749
pcai:K7G93_001475	ko:K05851
pcai:K7G93_001476	ko:K07685
pcai:K7G93_001477	ko:K07278
pcai:K7G93_001478	ko:K09800
pcai:K7G93_001479	ko:K01524
pcai:K7G93_001481	ko:K04042
pcai:K7G93_001483	ko:K05590
pcai:K7G93_001484	ko:K15460
pcai:K7G93_001486	ko:K03811
pcai:K7G93_001487	ko:K03580
pcai:K7G93_001488	ko:K06177
pcai:K7G93_001489	ko:K09894
pcai:K7G93_001491	ko:K02495
pcai:K7G93_001493	ko:K09001
pcai:K7G93_001494	ko:K15984
pcai:K7G93_001495	ko:K00557
pcai:K7G93_001496	ko:K09897
pcai:K7G93_001497	ko:K03673
pcai:K7G93_001498	ko:K09896
pcai:K7G93_001499	ko:K03752
pcai:K7G93_001501	ko:K11183
pcai:K7G93_001502	ko:K00882
pcai:K7G93_001504	ko:K02168
pcai:K7G93_001505	ko:K09159
pcai:K7G93_001506	ko:K03088
pcai:K7G93_001507	ko:K03597
pcai:K7G93_001508	ko:K03598
pcai:K7G93_001509	ko:K03803
pcai:K7G93_001510	ko:K03753
pcai:K7G93_001513	ko:K14238
pcai:K7G93_001514	ko:K01042
pcai:K7G93_001515	ko:K25589
pcai:K7G93_001516	ko:K03833
pcai:K7G93_001519	ko:K10112
pcai:K7G93_001520	ko:K02027
pcai:K7G93_001521	ko:K02025
pcai:K7G93_001522	ko:K02026
pcai:K7G93_001525	ko:K23349
pcai:K7G93_001526	ko:K07308
pcai:K7G93_001527	ko:K07307
pcai:K7G93_001528	ko:K07306
pcai:K7G93_001529	ko:K07507
pcai:K7G93_001530	ko:K03179
pcai:K7G93_001531	ko:K01419
pcai:K7G93_001532	ko:K11741
pcai:K7G93_001533	ko:K03667
pcai:K7G93_001534	ko:K00867
pcai:K7G93_001535	ko:K14234
pcai:K7G93_001536	ko:K14236
pcai:K7G93_001537	ko:K14225
pcai:K7G93_001538	ko:K14234
pcai:K7G93_001539	ko:K02358
pcai:K7G93_001541	ko:K03299
pcai:K7G93_001542	ko:K22025
pcai:K7G93_001543	ko:K06889
pcai:K7G93_001545	ko:K22131
pcai:K7G93_001546	ko:K22130
pcai:K7G93_001547	ko:K21948
pcai:K7G93_001548	ko:K08319
pcai:K7G93_001550	ko:K01270
pcai:K7G93_001551	ko:K00769
pcai:K7G93_001552	ko:K01881
pcai:K7G93_001553	ko:K00854
pcai:K7G93_001555	ko:K01624
pcai:K7G93_001556	ko:K09988
pcai:K7G93_001557	ko:K00847
pcai:K7G93_001559	ko:K10439
pcai:K7G93_001560	ko:K10440
pcai:K7G93_001561	ko:K10441
pcai:K7G93_001562	ko:K06911
pcai:K7G93_001564	ko:K01480
pcai:K7G93_001565	ko:K01585
pcai:K7G93_001566	ko:K09471
pcai:K7G93_001567	ko:K11069
pcai:K7G93_001568	ko:K02858
pcai:K7G93_001569	ko:K09806
pcai:K7G93_001570	ko:K06211
pcai:K7G93_001572	ko:K02879
pcai:K7G93_001573	ko:K03040
pcai:K7G93_001574	ko:K02986
pcai:K7G93_001575	ko:K02948
pcai:K7G93_001576	ko:K02952
pcai:K7G93_001577	ko:K02919
pcai:K7G93_001578	ko:K03076
pcai:K7G93_001579	ko:K02876
pcai:K7G93_001580	ko:K02907
pcai:K7G93_001581	ko:K02988
pcai:K7G93_001582	ko:K02881
pcai:K7G93_001583	ko:K02933
pcai:K7G93_001584	ko:K02994
pcai:K7G93_001585	ko:K02954
pcai:K7G93_001586	ko:K02931
pcai:K7G93_001587	ko:K02895
pcai:K7G93_001588	ko:K02874
pcai:K7G93_001592	ko:K02961
pcai:K7G93_001593	ko:K02904
pcai:K7G93_001594	ko:K02878
pcai:K7G93_001595	ko:K02982
pcai:K7G93_001596	ko:K02890
pcai:K7G93_001597	ko:K02965
pcai:K7G93_001598	ko:K02886
pcai:K7G93_001599	ko:K02892
pcai:K7G93_001600	ko:K02926
pcai:K7G93_001601	ko:K02906
pcai:K7G93_001602	ko:K02946
pcai:K7G93_001603	ko:K03281
pcai:K7G93_001604	ko:K05539
pcai:K7G93_001605	ko:K01914
pcai:K7G93_001606	ko:K03718
pcai:K7G93_001607	ko:K00757
pcai:K7G93_001608	ko:K14441
pcai:K7G93_001609	ko:K21449
pcai:K7G93_001610	ko:K25307
pcai:K7G93_001611	ko:K09794
pcai:K7G93_001612	ko:K03775
pcai:K7G93_001614	ko:K09893
pcai:K7G93_001615	ko:K03282
pcai:K7G93_001616	ko:K03499
pcai:K7G93_001618	ko:K03500
pcai:K7G93_001619	ko:K00604
pcai:K7G93_001620	ko:K01462
pcai:K7G93_001621	ko:K01985
pcai:K7G93_001622	ko:K01980
pcai:K7G93_001623	ko:K14224
pcai:K7G93_001624	ko:K01977
pcai:K7G93_001625	ko:K07343
pcai:K7G93_001626	ko:K07400
pcai:K7G93_001629	ko:K00033
pcai:K7G93_001631	ko:K01057
pcai:K7G93_001632	ko:K00036
pcai:K7G93_001633	ko:K01082
pcai:K7G93_001634	ko:K04083
pcai:K7G93_001635	ko:K04762
pcai:K7G93_001636	ko:K20881
pcai:K7G93_001637	ko:K08312
pcai:K7G93_001639	ko:K01610
pcai:K7G93_001640	ko:K01153
pcai:K7G93_001643	ko:K01154
pcai:K7G93_001644	ko:K03427
pcai:K7G93_001645	ko:K00135
pcai:K7G93_001646	ko:K02510
pcai:K7G93_001647	ko:K02509
pcai:K7G93_001648	ko:K07552
pcai:K7G93_001649	ko:K01826
pcai:K7G93_001650	ko:K00455
pcai:K7G93_001651	ko:K00151
pcai:K7G93_001652	ko:K05921
pcai:K7G93_001653	ko:K05921
pcai:K7G93_001654	ko:K11690
pcai:K7G93_001655	ko:K11689
pcai:K7G93_001656	ko:K11688
pcai:K7G93_001657	ko:K02508
pcai:K7G93_001658	ko:K00483
pcai:K7G93_001659	ko:K00484
pcai:K7G93_001660	ko:K09811
pcai:K7G93_001661	ko:K09812
pcai:K7G93_001662	ko:K03110
pcai:K7G93_001664	ko:K08316
pcai:K7G93_001666	ko:K03216
pcai:K7G93_001667	ko:K09824
pcai:K7G93_001668	ko:K03978
pcai:K7G93_001669	ko:K07391
pcai:K7G93_001670	ko:K09798
pcai:K7G93_001671	ko:K22719
pcai:K7G93_001672	ko:K01834
pcai:K7G93_001673	ko:K01955
pcai:K7G93_001676	ko:K01956
pcai:K7G93_001677	ko:K04754
pcai:K7G93_001678	ko:K09161
pcai:K7G93_001679	ko:K01985
pcai:K7G93_001680	ko:K01980
pcai:K7G93_001681	ko:K14218
pcai:K7G93_001682	ko:K14227
pcai:K7G93_001683	ko:K01977
pcai:K7G93_001684	ko:K00230
pcai:K7G93_001685	ko:K03498
pcai:K7G93_001687	ko:K04085
pcai:K7G93_001688	ko:K02114
pcai:K7G93_001689	ko:K02112
pcai:K7G93_001690	ko:K02115
pcai:K7G93_001691	ko:K02111
pcai:K7G93_001692	ko:K02113
pcai:K7G93_001693	ko:K02109
pcai:K7G93_001694	ko:K02110
pcai:K7G93_001695	ko:K02108
pcai:K7G93_001696	ko:K02116
pcai:K7G93_001697	ko:K03501
pcai:K7G93_001698	ko:K03495
pcai:K7G93_001699	ko:K06205
pcai:K7G93_001700	ko:K09892
pcai:K7G93_001701	ko:K02446
pcai:K7G93_001702	ko:K22042
pcai:K7G93_001703	ko:K03321
pcai:K7G93_001707	ko:K17218
pcai:K7G93_001708	ko:K02470
pcai:K7G93_001711	ko:K06148
pcai:K7G93_001719	ko:K09022
pcai:K7G93_001720	ko:K02619
pcai:K7G93_001721	ko:K01665
pcai:K7G93_001722	ko:K01664
pcai:K7G93_001724	ko:K08476
pcai:K7G93_001725	ko:K08475
pcai:K7G93_001726	ko:K08478
pcai:K7G93_001727	ko:K02012
pcai:K7G93_001728	ko:K02010
pcai:K7G93_001729	ko:K02011
pcai:K7G93_001730	ko:K02010
pcai:K7G93_001731	ko:K04072
pcai:K7G93_001732	ko:K07034
pcai:K7G93_001734	ko:K04760
pcai:K7G93_001735	ko:K06959
pcai:K7G93_001736	ko:K09900
pcai:K7G93_001741	ko:K01126
pcai:K7G93_001743	ko:K02445
pcai:K7G93_001744	ko:K00111
pcai:K7G93_001745	ko:K00112
pcai:K7G93_001746	ko:K00113
pcai:K7G93_001747	ko:K02444
pcai:K7G93_001748	ko:K02441
pcai:K7G93_001751	ko:K02439
pcai:K7G93_001752	ko:K06915
pcai:K7G93_001753	ko:K07792
pcai:K7G93_001755	ko:K03071
pcai:K7G93_001756	ko:K00057
pcai:K7G93_001757	ko:K00640
pcai:K7G93_001758	ko:K00014
pcai:K7G93_001759	ko:K02014
pcai:K7G93_001760	ko:K03654
pcai:K7G93_001761	ko:K01058
pcai:K7G93_001762	ko:K06202
pcai:K7G93_001764	ko:K01586
pcai:K7G93_001765	ko:K20509
pcai:K7G93_001766	ko:K01571
pcai:K7G93_001767	ko:K01573
pcai:K7G93_001769	ko:K01667
pcai:K7G93_001770	ko:K03835
pcai:K7G93_001771	ko:K11192
pcai:K7G93_001772	ko:K07106
pcai:K7G93_001773	ko:K15835
pcai:K7G93_001774	ko:K05595
pcai:K7G93_001775	ko:K06158
pcai:K7G93_001777	ko:K03834
pcai:K7G93_001778	ko:K03089
pcai:K7G93_001779	ko:K14445
pcai:K7G93_001780	ko:K03304
pcai:K7G93_001782	ko:K00075
pcai:K7G93_001783	ko:K05995
pcai:K7G93_001784	ko:K07674
pcai:K7G93_001785	ko:K02572
pcai:K7G93_001786	ko:K02570
pcai:K7G93_001787	ko:K02567
pcai:K7G93_001788	ko:K02573
pcai:K7G93_001789	ko:K02574
pcai:K7G93_001790	ko:K02568
pcai:K7G93_001791	ko:K02569
pcai:K7G93_001792	ko:K04096
pcai:K7G93_001794	ko:K04744
pcai:K7G93_001795	ko:K01246
pcai:K7G93_001796	ko:K00616
pcai:K7G93_001799	ko:K12152
pcai:K7G93_001800	ko:K06181
pcai:K7G93_001801	ko:K00031
pcai:K7G93_001802	ko:K05589
pcai:K7G93_001803	ko:K00991
pcai:K7G93_001804	ko:K01770
pcai:K7G93_001805	ko:K06176
pcai:K7G93_001806	ko:K03787
pcai:K7G93_001809	ko:K06194
pcai:K7G93_001810	ko:K07560
pcai:K7G93_001811	ko:K07058
pcai:K7G93_001812	ko:K09858
pcai:K7G93_001813	ko:K06895
pcai:K7G93_001814	ko:K01783
pcai:K7G93_001815	ko:K01091
pcai:K7G93_001816	ko:K01867
pcai:K7G93_001817	ko:K16087
pcai:K7G93_001818	ko:K07491
pcai:K7G93_001820	ko:K01754
pcai:K7G93_001821	ko:K01687
pcai:K7G93_001824	ko:K25316
pcai:K7G93_001825	ko:K11258
pcai:K7G93_001826	ko:K01652
pcai:K7G93_001827	ko:K28854
pcai:K7G93_001828	ko:K06199
pcai:K7G93_001829	ko:K01048
pcai:K7G93_001830	ko:K00133
pcai:K7G93_001831	ko:K00615
pcai:K7G93_001832	ko:K28853
pcai:K7G93_001833	ko:K03077
pcai:K7G93_001834	ko:K03079
pcai:K7G93_001835	ko:K03078
pcai:K7G93_001836	ko:K00880
pcai:K7G93_001837	ko:K01053
pcai:K7G93_001838	ko:K10439
pcai:K7G93_001839	ko:K10440
pcai:K7G93_001840	ko:K10441
pcai:K7G93_001841	ko:K11688
pcai:K7G93_001842	ko:K11690
pcai:K7G93_001843	ko:K11689
pcai:K7G93_001845	ko:K08092
pcai:K7G93_001846	ko:K21602
pcai:K7G93_001849	ko:K00788
pcai:K7G93_001850	ko:K00941
pcai:K7G93_001851	ko:K00878
pcai:K7G93_001852	ko:K15598
pcai:K7G93_001853	ko:K03707
pcai:K7G93_001854	ko:K15599
pcai:K7G93_001855	ko:K15600
pcai:K7G93_001856	ko:K09760
pcai:K7G93_001857	ko:K06287
pcai:K7G93_001858	ko:K07479
pcai:K7G93_001859	ko:K07566
pcai:K7G93_001860	ko:K00014
pcai:K7G93_001861	ko:K11216
pcai:K7G93_001862	ko:K11531
pcai:K7G93_001863	ko:K10558
pcai:K7G93_001864	ko:K10556
pcai:K7G93_001865	ko:K10557
pcai:K7G93_001866	ko:K10555
pcai:K7G93_001867	ko:K08321
pcai:K7G93_001868	ko:K11530
pcai:K7G93_001869	ko:K01783
pcai:K7G93_001870	ko:K05786
pcai:K7G93_001871	ko:K02521
pcai:K7G93_001872	ko:K00053
pcai:K7G93_001873	ko:K04765
pcai:K7G93_001874	ko:K06149
pcai:K7G93_001875	ko:K01872
pcai:K7G93_001876	ko:K03563
pcai:K7G93_001877	ko:K00963
pcai:K7G93_001878	ko:K03764
pcai:K7G93_001879	ko:K03784
pcai:K7G93_001880	ko:K03317
pcai:K7G93_001881	ko:K07149
pcai:K7G93_001883	ko:K02959
pcai:K7G93_001884	ko:K02860
pcai:K7G93_001885	ko:K00554
pcai:K7G93_001886	ko:K02884
pcai:K7G93_001887	ko:K03326
pcai:K7G93_001888	ko:K12940
pcai:K7G93_001889	ko:K18893
pcai:K7G93_001890	ko:K12982
pcai:K7G93_001891	ko:K11211
pcai:K7G93_001892	ko:K00954
pcai:K7G93_001893	ko:K02527
pcai:K7G93_001894	ko:K12984
pcai:K7G93_001896	ko:K01803
pcai:K7G93_001898	ko:K09131
pcai:K7G93_001899	ko:K02221
pcai:K7G93_001900	ko:K03284
pcai:K7G93_001901	ko:K09923
pcai:K7G93_001902	ko:K03439
pcai:K7G93_001904	ko:K03575
pcai:K7G93_001906	ko:K08306
pcai:K7G93_001907	ko:K14231
pcai:K7G93_001908	ko:K14220
pcai:K7G93_001909	ko:K07286
pcai:K7G93_001910	ko:K05527
pcai:K7G93_001911	ko:K10439
pcai:K7G93_001912	ko:K10441
pcai:K7G93_001913	ko:K10440
pcai:K7G93_001914	ko:K00346
pcai:K7G93_001915	ko:K00347
pcai:K7G93_001916	ko:K00348
pcai:K7G93_001917	ko:K00349
pcai:K7G93_001918	ko:K00350
pcai:K7G93_001919	ko:K00351
pcai:K7G93_001920	ko:K03734
pcai:K7G93_001921	ko:K05952
pcai:K7G93_001922	ko:K00566
pcai:K7G93_001924	ko:K16264
pcai:K7G93_001925	ko:K03274
pcai:K7G93_001926	ko:K01619
pcai:K7G93_001927	ko:K11534
pcai:K7G93_001929	ko:K22105
pcai:K7G93_001930	ko:K04761
pcai:K7G93_001931	ko:K24136
pcai:K7G93_001932	ko:K03745
pcai:K7G93_001933	ko:K03772
pcai:K7G93_001935	ko:K07235
pcai:K7G93_001936	ko:K07236
pcai:K7G93_001937	ko:K07237
pcai:K7G93_001938	ko:K02950
pcai:K7G93_001939	ko:K02992
pcai:K7G93_001940	ko:K02355
pcai:K7G93_001941	ko:K02358
pcai:K7G93_001942	ko:K03073
pcai:K7G93_001943	ko:K02601
pcai:K7G93_001944	ko:K02867
pcai:K7G93_001945	ko:K02863
pcai:K7G93_001946	ko:K00865
pcai:K7G93_001947	ko:K02864
pcai:K7G93_001948	ko:K02935
pcai:K7G93_001949	ko:K03043
pcai:K7G93_001950	ko:K03046
pcai:K7G93_001951	ko:K03426
pcai:K7G93_001952	ko:K01599
pcai:K7G93_001953	ko:K09891
pcai:K7G93_001954	ko:K05787
pcai:K7G93_001955	ko:K00820
pcai:K7G93_001957	ko:K01166
pcai:K7G93_001958	ko:K00927
pcai:K7G93_001959	ko:K01624
pcai:K7G93_001961	ko:K00901
pcai:K7G93_001962	ko:K00951
pcai:K7G93_001963	ko:K03215
pcai:K7G93_001964	ko:K03584
pcai:K7G93_001965	ko:K06911
pcai:K7G93_001966	ko:K09761
pcai:K7G93_001967	ko:K07735
pcai:K7G93_001968	ko:K07447
pcai:K7G93_001969	ko:K11013
pcai:K7G93_001970	ko:K11014
pcai:K7G93_001971	ko:K11015
pcai:K7G93_001972	ko:K01689
pcai:K7G93_001973	ko:K01937
pcai:K7G93_001974	ko:K03311
pcai:K7G93_001975	ko:K03528
pcai:K7G93_001976	ko:K06203
pcai:K7G93_001977	ko:K01738
pcai:K7G93_001978	ko:K01698
pcai:K7G93_001979	ko:K03118
pcai:K7G93_001980	ko:K03117
pcai:K7G93_001981	ko:K03116
pcai:K7G93_001982	ko:K03688
pcai:K7G93_001983	ko:K03690
pcai:K7G93_001984	ko:K03183
pcai:K7G93_001985	ko:K03313
pcai:K7G93_001988	ko:K07793
pcai:K7G93_001989	ko:K07794
pcai:K7G93_001990	ko:K07795
pcai:K7G93_001991	ko:K24118
pcai:K7G93_001992	ko:K03699
pcai:K7G93_001994	ko:K03424
pcai:K7G93_001995	ko:K02341
pcai:K7G93_001996	ko:K00943
pcai:K7G93_001997	ko:K07082
pcai:K7G93_001998	ko:K00058
pcai:K7G93_001999	ko:K01807
pcai:K7G93_002002	ko:K01519
pcai:K7G93_002003	ko:K02237
pcai:K7G93_002004	ko:K03527
pcai:K7G93_002005	ko:K03101
pcai:K7G93_002006	ko:K01870
pcai:K7G93_002007	ko:K11753
pcai:K7G93_002008	ko:K03980
pcai:K7G93_002009	ko:K02968
pcai:K7G93_002010	ko:K07186
pcai:K7G93_002011	ko:K01079
pcai:K7G93_002012	ko:K09767
pcai:K7G93_002014	ko:K14230
pcai:K7G93_002015	ko:K03086
pcai:K7G93_002016	ko:K02316
pcai:K7G93_002017	ko:K02970
pcai:K7G93_002018	ko:K25706
pcai:K7G93_002020	ko:K00857
pcai:K7G93_002021	ko:K00383
pcai:K7G93_002022	ko:K07115
pcai:K7G93_002023	ko:K05366
pcai:K7G93_002028	ko:K02507
pcai:K7G93_002029	ko:K00891
pcai:K7G93_002030	ko:K01735
pcai:K7G93_002031	ko:K06223
pcai:K7G93_002034	ko:K03070
pcai:K7G93_002035	ko:K03574
pcai:K7G93_002037	ko:K02340
pcai:K7G93_002038	ko:K03643
pcai:K7G93_002039	ko:K01869
pcai:K7G93_002042	ko:K08364
pcai:K7G93_002043	ko:K08363
pcai:K7G93_002046	ko:K01525
pcai:K7G93_002047	ko:K02528
pcai:K7G93_002048	ko:K03771
pcai:K7G93_002049	ko:K02825
pcai:K7G93_002050	ko:K11755
pcai:K7G93_002051	ko:K02500
pcai:K7G93_002052	ko:K01814
pcai:K7G93_002053	ko:K02501
pcai:K7G93_002055	ko:K01089
pcai:K7G93_002056	ko:K00817
pcai:K7G93_002057	ko:K00013
pcai:K7G93_002059	ko:K00765
pcai:K7G93_002061	ko:K11751
pcai:K7G93_002062	ko:K03835
pcai:K7G93_002063	ko:K01507
pcai:K7G93_002065	ko:K03832
pcai:K7G93_002066	ko:K03559
pcai:K7G93_002067	ko:K03561
pcai:K7G93_002068	ko:K03699
pcai:K7G93_002070	ko:K03106
pcai:K7G93_002071	ko:K00631
pcai:K7G93_002072	ko:K01356
pcai:K7G93_002073	ko:K02990
pcai:K7G93_002074	ko:K02686
pcai:K7G93_002075	ko:K02963
pcai:K7G93_002076	ko:K02939
pcai:K7G93_002077	ko:K01915
pcai:K7G93_002078	ko:K12247
pcai:K7G93_002079	ko:K06207
pcai:K7G93_002082	ko:K22900
pcai:K7G93_002083	ko:K02548
pcai:K7G93_002084	ko:K02553
pcai:K7G93_002085	ko:K14445
pcai:K7G93_002086	ko:K03650
pcai:K7G93_002087	ko:K03217
pcai:K7G93_002088	ko:K08998
pcai:K7G93_002089	ko:K03536
pcai:K7G93_002090	ko:K02914
