pfuw:KF707C_10	ko:K02313
pfuw:KF707C_100	ko:K01878
pfuw:KF707C_10000	ko:K01929
pfuw:KF707C_10010	ko:K01000
pfuw:KF707C_10020	ko:K01925
pfuw:KF707C_10030	ko:K03588
pfuw:KF707C_10040	ko:K02563
pfuw:KF707C_10050	ko:K01924
pfuw:KF707C_10060	ko:K01921
pfuw:KF707C_10070	ko:K03589
pfuw:KF707C_10080	ko:K03590
pfuw:KF707C_10090	ko:K03531
pfuw:KF707C_10100	ko:K02535
pfuw:KF707C_10120	ko:K03070
pfuw:KF707C_10140	ko:K00620
pfuw:KF707C_10150	ko:K00799
pfuw:KF707C_10160	ko:K03574
pfuw:KF707C_10170	ko:K00798
pfuw:KF707C_10190	ko:K00077
pfuw:KF707C_1020	ko:K18118
pfuw:KF707C_10210	ko:K09767
pfuw:KF707C_10220	ko:K03442
pfuw:KF707C_10230	ko:K08218
pfuw:KF707C_10240	ko:K07443
pfuw:KF707C_10280	ko:K19746
pfuw:KF707C_10290	ko:K21829
pfuw:KF707C_1030	ko:K00325
pfuw:KF707C_10310	ko:K07461
pfuw:KF707C_10330	ko:K06899
pfuw:KF707C_10340	ko:K07080
pfuw:KF707C_10350	ko:K03547
pfuw:KF707C_10360	ko:K03546
pfuw:KF707C_10370	ko:K06970
pfuw:KF707C_1040	ko:K00324
pfuw:KF707C_10400	ko:K01873
pfuw:KF707C_10420	ko:K02339
pfuw:KF707C_10430	ko:K01255
pfuw:KF707C_10450	ko:K07091
pfuw:KF707C_10460	ko:K11720
pfuw:KF707C_10480	ko:K03704
pfuw:KF707C_10490	ko:K07568
pfuw:KF707C_1050	ko:K00324
pfuw:KF707C_10500	ko:K00773
pfuw:KF707C_10510	ko:K03210
pfuw:KF707C_10520	ko:K03072
pfuw:KF707C_10530	ko:K03074
pfuw:KF707C_10550	ko:K01092
pfuw:KF707C_10560	ko:K15396
pfuw:KF707C_10570	ko:K00640
pfuw:KF707C_10580	ko:K13643
pfuw:KF707C_10590	ko:K04487
pfuw:KF707C_1060	ko:K03556
pfuw:KF707C_10600	ko:K04488
pfuw:KF707C_10610	ko:K13628
pfuw:KF707C_10620	ko:K04082
pfuw:KF707C_10630	ko:K04044
pfuw:KF707C_10640	ko:K04755
pfuw:KF707C_10660	ko:K00940
pfuw:KF707C_10670	ko:K06941
pfuw:KF707C_10680	ko:K02656
pfuw:KF707C_10690	ko:K15539
pfuw:KF707C_10700	ko:K03526
pfuw:KF707C_10710	ko:K01892
pfuw:KF707C_10730	ko:K17713
pfuw:KF707C_10740	ko:K03977
pfuw:KF707C_10750	ko:K14287
pfuw:KF707C_10760	ko:K13566
pfuw:KF707C_10770	ko:K01183
pfuw:KF707C_10790	ko:K01649
pfuw:KF707C_10800	ko:K16053
pfuw:KF707C_10820	ko:K03601
pfuw:KF707C_10840	ko:K18093
pfuw:KF707C_10850	ko:K09474
pfuw:KF707C_10860	ko:K00088
pfuw:KF707C_10870	ko:K01951
pfuw:KF707C_10940	ko:K11991
pfuw:KF707C_10960	ko:K18691
pfuw:KF707C_10970	ko:K01952
pfuw:KF707C_110	ko:K01246
pfuw:KF707C_1100	ko:K00252
pfuw:KF707C_11000	ko:K07506
pfuw:KF707C_11050	ko:K16011
pfuw:KF707C_11060	ko:K19296
pfuw:KF707C_11070	ko:K19295
pfuw:KF707C_11080	ko:K19294
pfuw:KF707C_1110	ko:K01041
pfuw:KF707C_11100	ko:K01729
pfuw:KF707C_11110	ko:K19293
pfuw:KF707C_11120	ko:K01795
pfuw:KF707C_11130	ko:K16081
pfuw:KF707C_11140	ko:K19292
pfuw:KF707C_11150	ko:K19291
pfuw:KF707C_11160	ko:K19290
pfuw:KF707C_11170	ko:K00066
pfuw:KF707C_11180	ko:K09861
pfuw:KF707C_1120	ko:K03306
pfuw:KF707C_11200	ko:K06016
pfuw:KF707C_11220	ko:K07175
pfuw:KF707C_11230	ko:K03637
pfuw:KF707C_11240	ko:K03636
pfuw:KF707C_11250	ko:K03635
pfuw:KF707C_11260	ko:K10022
pfuw:KF707C_11270	ko:K09972
pfuw:KF707C_11280	ko:K09971
pfuw:KF707C_11290	ko:K09970
pfuw:KF707C_11300	ko:K09969
pfuw:KF707C_11320	ko:K06999
pfuw:KF707C_11350	ko:K01273
pfuw:KF707C_11360	ko:K03732
pfuw:KF707C_11380	ko:K03924
pfuw:KF707C_11430	ko:K01141
pfuw:KF707C_11450	ko:K01433
pfuw:KF707C_11480	ko:K03406
pfuw:KF707C_11490	ko:K06915
pfuw:KF707C_11500	ko:K16322
pfuw:KF707C_11550	ko:K08312
pfuw:KF707C_11570	ko:K15982
pfuw:KF707C_11630	ko:K14652
pfuw:KF707C_11640	ko:K22347
pfuw:KF707C_11650	ko:K03787
pfuw:KF707C_11690	ko:K05898
pfuw:KF707C_1170	ko:K00135
pfuw:KF707C_11730	ko:K05296
pfuw:KF707C_11750	ko:K07107
pfuw:KF707C_11760	ko:K07262
pfuw:KF707C_11780	ko:K01586
pfuw:KF707C_11790	ko:K06916
pfuw:KF707C_11830	ko:K16047
pfuw:KF707C_11860	ko:K16051
pfuw:KF707C_11870	ko:K05296
pfuw:KF707C_11880	ko:K15983
pfuw:KF707C_11890	ko:K00986
pfuw:KF707C_1190	ko:K14268
pfuw:KF707C_11910	ko:K18687
pfuw:KF707C_11930	ko:K16049
pfuw:KF707C_11940	ko:K28228
pfuw:KF707C_11950	ko:K28229
pfuw:KF707C_11960	ko:K28232
pfuw:KF707C_11970	ko:K28226
pfuw:KF707C_11980	ko:K28227
pfuw:KF707C_11990	ko:K28230
pfuw:KF707C_120	ko:K02517
pfuw:KF707C_12000	ko:K28231
pfuw:KF707C_12010	ko:K00632
pfuw:KF707C_12020	ko:K28225
pfuw:KF707C_12030	ko:K13655
pfuw:KF707C_12040	ko:K13651
pfuw:KF707C_12080	ko:K28221
pfuw:KF707C_12090	ko:K28222
pfuw:KF707C_12100	ko:K28220
pfuw:KF707C_12110	ko:K28224
pfuw:KF707C_12120	ko:K00632
pfuw:KF707C_12130	ko:K01822
pfuw:KF707C_12160	ko:K16050
pfuw:KF707C_12170	ko:K18364
pfuw:KF707C_12180	ko:K18366
pfuw:KF707C_12190	ko:K18365
pfuw:KF707C_12210	ko:K22479
pfuw:KF707C_12230	ko:K26605
pfuw:KF707C_12240	ko:K26606
pfuw:KF707C_12260	ko:K11741
pfuw:KF707C_12270	ko:K03453
pfuw:KF707C_12280	ko:K03554
pfuw:KF707C_12290	ko:K03773
pfuw:KF707C_12350	ko:K03797
pfuw:KF707C_12370	ko:K24119
pfuw:KF707C_12380	ko:K03387
pfuw:KF707C_12400	ko:K02020
pfuw:KF707C_12410	ko:K28842
pfuw:KF707C_12420	ko:K02052
pfuw:KF707C_12430	ko:K02053
pfuw:KF707C_12440	ko:K02054
pfuw:KF707C_12460	ko:K02055
pfuw:KF707C_12480	ko:K03271
pfuw:KF707C_1250	ko:K16137
pfuw:KF707C_12510	ko:K06177
pfuw:KF707C_12520	ko:K03608
pfuw:KF707C_12530	ko:K03609
pfuw:KF707C_12540	ko:K03610
pfuw:KF707C_12550	ko:K02517
pfuw:KF707C_12560	ko:K07001
pfuw:KF707C_12570	ko:K04754
pfuw:KF707C_12630	ko:K14393
pfuw:KF707C_12650	ko:K14393
pfuw:KF707C_12690	ko:K03449
pfuw:KF707C_12710	ko:K06131
pfuw:KF707C_12730	ko:K18139
pfuw:KF707C_12740	ko:K18138
pfuw:KF707C_12750	ko:K03585
pfuw:KF707C_12760	ko:K03577
pfuw:KF707C_12780	ko:K12536
pfuw:KF707C_12790	ko:K12537
pfuw:KF707C_12800	ko:K12538
pfuw:KF707C_12810	ko:K03576
pfuw:KF707C_12830	ko:K00111
pfuw:KF707C_12840	ko:K02444
pfuw:KF707C_12850	ko:K03976
pfuw:KF707C_12860	ko:K00864
pfuw:KF707C_12880	ko:K02010
pfuw:KF707C_12890	ko:K00611
pfuw:KF707C_12930	ko:K07390
pfuw:KF707C_12940	ko:K03594
pfuw:KF707C_12950	ko:K02192
pfuw:KF707C_12960	ko:K03386
pfuw:KF707C_12970	ko:K03683
pfuw:KF707C_12980	ko:K01465
pfuw:KF707C_12990	ko:K21218
pfuw:KF707C_1300	ko:K10914
pfuw:KF707C_13000	ko:K01940
pfuw:KF707C_13010	ko:K01759
pfuw:KF707C_13030	ko:K02018
pfuw:KF707C_13040	ko:K02017
pfuw:KF707C_13060	ko:K01941
pfuw:KF707C_13070	ko:K28693
pfuw:KF707C_13080	ko:K28692
pfuw:KF707C_13090	ko:K02049
pfuw:KF707C_13100	ko:K02050
pfuw:KF707C_13110	ko:K02051
pfuw:KF707C_13180	ko:K12543
pfuw:KF707C_13200	ko:K12541
pfuw:KF707C_13210	ko:K12542
pfuw:KF707C_13220	ko:K19711
pfuw:KF707C_13260	ko:K00140
pfuw:KF707C_13290	ko:K03648
pfuw:KF707C_1330	ko:K02045
pfuw:KF707C_13310	ko:K07120
pfuw:KF707C_13320	ko:K07793
pfuw:KF707C_13330	ko:K07794
pfuw:KF707C_13340	ko:K07795
pfuw:KF707C_13360	ko:K07774
pfuw:KF707C_13370	ko:K07649
pfuw:KF707C_13380	ko:K02030
pfuw:KF707C_1340	ko:K02047
pfuw:KF707C_13400	ko:K06980
pfuw:KF707C_13420	ko:K09159
pfuw:KF707C_13430	ko:K19168
pfuw:KF707C_13440	ko:K00278
pfuw:KF707C_13450	ko:K03088
pfuw:KF707C_13460	ko:K03597
pfuw:KF707C_13470	ko:K03598
pfuw:KF707C_13480	ko:K04771
pfuw:KF707C_13490	ko:K03596
pfuw:KF707C_1350	ko:K02046
pfuw:KF707C_13500	ko:K03100
pfuw:KF707C_13520	ko:K03685
pfuw:KF707C_13530	ko:K03595
pfuw:KF707C_13540	ko:K03584
pfuw:KF707C_13550	ko:K03474
pfuw:KF707C_13560	ko:K15257
pfuw:KF707C_13570	ko:K15256
pfuw:KF707C_1360	ko:K23163
pfuw:KF707C_13600	ko:K14475
pfuw:KF707C_13610	ko:K01338
pfuw:KF707C_13630	ko:K02014
pfuw:KF707C_13640	ko:K11928
pfuw:KF707C_13660	ko:K01895
pfuw:KF707C_13670	ko:K10022
pfuw:KF707C_13680	ko:K10024
pfuw:KF707C_13690	ko:K10023
pfuw:KF707C_13700	ko:K06987
pfuw:KF707C_13710	ko:K10025
pfuw:KF707C_13720	ko:K21825
pfuw:KF707C_13740	ko:K00840
pfuw:KF707C_13750	ko:K00673
pfuw:KF707C_13760	ko:K00673
pfuw:KF707C_13770	ko:K06447
pfuw:KF707C_13780	ko:K01484
pfuw:KF707C_13800	ko:K05526
pfuw:KF707C_13810	ko:K01620
pfuw:KF707C_13820	ko:K01872
pfuw:KF707C_13830	ko:K00928
pfuw:KF707C_13840	ko:K03563
pfuw:KF707C_13860	ko:K06213
pfuw:KF707C_13880	ko:K05774
pfuw:KF707C_13890	ko:K05800
pfuw:KF707C_1390	ko:K00507
pfuw:KF707C_13900	ko:K04090
pfuw:KF707C_13910	ko:K00263
pfuw:KF707C_13920	ko:K03308
pfuw:KF707C_13930	ko:K25555
pfuw:KF707C_13990	ko:K07481
pfuw:KF707C_1400	ko:K00986
pfuw:KF707C_14030	ko:K15737
pfuw:KF707C_14040	ko:K15736
pfuw:KF707C_14070	ko:K28029
pfuw:KF707C_14090	ko:K02030
pfuw:KF707C_14100	ko:K01915
pfuw:KF707C_14130	ko:K00528
pfuw:KF707C_14150	ko:K01951
pfuw:KF707C_14160	ko:K12254
pfuw:KF707C_14170	ko:K00135
pfuw:KF707C_14180	ko:K14268
pfuw:KF707C_14190	ko:K16871
pfuw:KF707C_14220	ko:K02010
pfuw:KF707C_14230	ko:K02011
pfuw:KF707C_14240	ko:K02012
pfuw:KF707C_14250	ko:K27877
pfuw:KF707C_14260	ko:K01992
pfuw:KF707C_14270	ko:K01990
pfuw:KF707C_14280	ko:K01993
pfuw:KF707C_14340	ko:K03762
pfuw:KF707C_14350	ko:K17865
pfuw:KF707C_14370	ko:K02030
pfuw:KF707C_14380	ko:K01897
pfuw:KF707C_14390	ko:K01897
pfuw:KF707C_14410	ko:K03578
pfuw:KF707C_14430	ko:K18968
pfuw:KF707C_14440	ko:K02503
pfuw:KF707C_14460	ko:K16872
pfuw:KF707C_14470	ko:K03088
pfuw:KF707C_14500	ko:K07221
pfuw:KF707C_14530	ko:K03088
pfuw:KF707C_1460	ko:K11901
pfuw:KF707C_14610	ko:K23773
pfuw:KF707C_14640	ko:K01555
pfuw:KF707C_14650	ko:K00451
pfuw:KF707C_14670	ko:K07054
pfuw:KF707C_1470	ko:K11900
pfuw:KF707C_14700	ko:K07486
pfuw:KF707C_14710	ko:K07645
pfuw:KF707C_14720	ko:K07666
pfuw:KF707C_1480	ko:K11893
pfuw:KF707C_14800	ko:K07576
pfuw:KF707C_14810	ko:K07215
pfuw:KF707C_14820	ko:K16087
pfuw:KF707C_14830	ko:K07165
pfuw:KF707C_14850	ko:K00457
pfuw:KF707C_14860	ko:K01800
pfuw:KF707C_1490	ko:K11892
pfuw:KF707C_14900	ko:K08224
pfuw:KF707C_14960	ko:K05602
pfuw:KF707C_14970	ko:K09958
pfuw:KF707C_14990	ko:K19784
pfuw:KF707C_150	ko:K03499
pfuw:KF707C_15060	ko:K03559
pfuw:KF707C_15090	ko:K07733
pfuw:KF707C_1510	ko:K11903
pfuw:KF707C_15100	ko:K12055
pfuw:KF707C_15150	ko:K07746
pfuw:KF707C_15160	ko:K19092
pfuw:KF707C_1520	ko:K11907
pfuw:KF707C_15210	ko:K03111
pfuw:KF707C_15220	ko:K03169
pfuw:KF707C_15260	ko:K07483
pfuw:KF707C_15270	ko:K07497
pfuw:KF707C_1530	ko:K11904
pfuw:KF707C_15470	ko:K12071
pfuw:KF707C_15490	ko:K05549
pfuw:KF707C_15500	ko:K05550
pfuw:KF707C_15510	ko:K05784
pfuw:KF707C_15520	ko:K05783
pfuw:KF707C_15530	ko:K00446
pfuw:KF707C_15540	ko:K10217
pfuw:KF707C_15550	ko:K10216
pfuw:KF707C_15560	ko:K18364
pfuw:KF707C_15570	ko:K04073
pfuw:KF707C_15580	ko:K01666
pfuw:KF707C_15590	ko:K01617
pfuw:KF707C_15600	ko:K01821
pfuw:KF707C_15620	ko:K07483
pfuw:KF707C_15630	ko:K07497
pfuw:KF707C_15650	ko:K01999
pfuw:KF707C_15660	ko:K01999
pfuw:KF707C_15670	ko:K05782
pfuw:KF707C_15740	ko:K07485
pfuw:KF707C_15750	ko:K24180
pfuw:KF707C_15880	ko:K03630
pfuw:KF707C_15970	ko:K12070
pfuw:KF707C_160	ko:K03500
pfuw:KF707C_1600	ko:K11891
pfuw:KF707C_16030	ko:K01821
pfuw:KF707C_16040	ko:K01617
pfuw:KF707C_16050	ko:K18365
pfuw:KF707C_16060	ko:K18366
pfuw:KF707C_16070	ko:K18364
pfuw:KF707C_16080	ko:K10216
pfuw:KF707C_16090	ko:K10217
pfuw:KF707C_1610	ko:K11910
pfuw:KF707C_16100	ko:K00446
pfuw:KF707C_16110	ko:K02639
pfuw:KF707C_16120	ko:K00480
pfuw:KF707C_16130	ko:K07483
pfuw:KF707C_16140	ko:K07497
pfuw:KF707C_16170	ko:K07497
pfuw:KF707C_16180	ko:K07483
pfuw:KF707C_16190	ko:K00986
pfuw:KF707C_1620	ko:K11896
pfuw:KF707C_16200	ko:K07481
pfuw:KF707C_16210	ko:K06076
pfuw:KF707C_16220	ko:K05714
pfuw:KF707C_16230	ko:K18365
pfuw:KF707C_16240	ko:K18366
pfuw:KF707C_16250	ko:K18364
pfuw:KF707C_16260	ko:K00799
pfuw:KF707C_16270	ko:K00462
pfuw:KF707C_16280	ko:K08690
pfuw:KF707C_1630	ko:K11895
pfuw:KF707C_16300	ko:K18087
pfuw:KF707C_16320	ko:K15750
pfuw:KF707C_16330	ko:K08689
pfuw:KF707C_16370	ko:K06183
pfuw:KF707C_16390	ko:K01004
pfuw:KF707C_1640	ko:K11906
pfuw:KF707C_16410	ko:K14393
pfuw:KF707C_16440	ko:K20034
pfuw:KF707C_16480	ko:K01915
pfuw:KF707C_16490	ko:K09471
pfuw:KF707C_1650	ko:K11905
pfuw:KF707C_16500	ko:K07486
pfuw:KF707C_16510	ko:K02049
pfuw:KF707C_16520	ko:K02051
pfuw:KF707C_16530	ko:K02050
pfuw:KF707C_16590	ko:K01652
pfuw:KF707C_16600	ko:K06989
pfuw:KF707C_16670	ko:K21607
pfuw:KF707C_16680	ko:K00986
pfuw:KF707C_16700	ko:K00986
pfuw:KF707C_16720	ko:K10773
pfuw:KF707C_16730	ko:K03613
pfuw:KF707C_16740	ko:K03612
pfuw:KF707C_16750	ko:K03614
pfuw:KF707C_16760	ko:K03616
pfuw:KF707C_16770	ko:K03617
pfuw:KF707C_16780	ko:K01874
pfuw:KF707C_1680	ko:K07165
pfuw:KF707C_16800	ko:K03593
pfuw:KF707C_16810	ko:K01494
pfuw:KF707C_16820	ko:K01916
pfuw:KF707C_16840	ko:K07116
pfuw:KF707C_16850	ko:K11209
pfuw:KF707C_16890	ko:K09858
pfuw:KF707C_1690	ko:K02014
pfuw:KF707C_16910	ko:K03286
pfuw:KF707C_16930	ko:K08993
pfuw:KF707C_16960	ko:K03722
pfuw:KF707C_170	ko:K00604
pfuw:KF707C_1700	ko:K13929
pfuw:KF707C_17000	ko:K00275
pfuw:KF707C_17010	ko:K02647
pfuw:KF707C_17020	ko:K03299
pfuw:KF707C_17030	ko:K00865
pfuw:KF707C_17050	ko:K06077
pfuw:KF707C_17060	ko:K05559
pfuw:KF707C_17070	ko:K05560
pfuw:KF707C_17080	ko:K05561
pfuw:KF707C_17090	ko:K05562
pfuw:KF707C_1710	ko:K13930
pfuw:KF707C_17100	ko:K05563
pfuw:KF707C_17110	ko:K05564
pfuw:KF707C_17120	ko:K00134
pfuw:KF707C_17130	ko:K08985
pfuw:KF707C_17170	ko:K07232
pfuw:KF707C_1720	ko:K13931
pfuw:KF707C_17230	ko:K02066
pfuw:KF707C_17240	ko:K02065
pfuw:KF707C_17250	ko:K02067
pfuw:KF707C_17260	ko:K18480
pfuw:KF707C_17290	ko:K01710
pfuw:KF707C_1730	ko:K13932
pfuw:KF707C_17300	ko:K00973
pfuw:KF707C_17310	ko:K20429
pfuw:KF707C_17320	ko:K00648
pfuw:KF707C_17330	ko:K02078
pfuw:KF707C_17360	ko:K13007
pfuw:KF707C_17370	ko:K24300
pfuw:KF707C_17380	ko:K01915
pfuw:KF707C_1740	ko:K13933
pfuw:KF707C_17400	ko:K09931
pfuw:KF707C_17420	ko:K02399
pfuw:KF707C_17430	ko:K02398
pfuw:KF707C_17440	ko:K02386
pfuw:KF707C_17450	ko:K03415
pfuw:KF707C_17460	ko:K00575
pfuw:KF707C_17470	ko:K07486
pfuw:KF707C_17480	ko:K07486
pfuw:KF707C_17490	ko:K04063
pfuw:KF707C_1750	ko:K13934
pfuw:KF707C_17520	ko:K11073
pfuw:KF707C_17550	ko:K02483
pfuw:KF707C_17560	ko:K02030
pfuw:KF707C_17580	ko:K03315
pfuw:KF707C_17590	ko:K15866
pfuw:KF707C_1760	ko:K13935
pfuw:KF707C_17600	ko:K00249
pfuw:KF707C_17620	ko:K12253
pfuw:KF707C_17630	ko:K00355
pfuw:KF707C_17640	ko:K23492
pfuw:KF707C_17650	ko:K23470
pfuw:KF707C_17680	ko:K03566
pfuw:KF707C_17690	ko:K00130
pfuw:KF707C_17710	ko:K01996
pfuw:KF707C_17720	ko:K01995
pfuw:KF707C_17730	ko:K01998
pfuw:KF707C_17740	ko:K01997
pfuw:KF707C_17750	ko:K01999
pfuw:KF707C_17780	ko:K02042
pfuw:KF707C_17790	ko:K02042
pfuw:KF707C_17800	ko:K02041
pfuw:KF707C_17810	ko:K02044
pfuw:KF707C_17830	ko:K01816
pfuw:KF707C_17840	ko:K01008
pfuw:KF707C_17850	ko:K06917
pfuw:KF707C_17890	ko:K03580
pfuw:KF707C_1790	ko:K13928
pfuw:KF707C_17950	ko:K09919
pfuw:KF707C_17970	ko:K18893
pfuw:KF707C_17980	ko:K03767
pfuw:KF707C_17990	ko:K01055
pfuw:KF707C_180	ko:K01462
pfuw:KF707C_1800	ko:K07002
pfuw:KF707C_18020	ko:K01118
pfuw:KF707C_18030	ko:K05786
pfuw:KF707C_18040	ko:K03574
pfuw:KF707C_18050	ko:K05590
pfuw:KF707C_18060	ko:K21430
pfuw:KF707C_18090	ko:K21830
pfuw:KF707C_18120	ko:K00243
pfuw:KF707C_18170	ko:K03566
pfuw:KF707C_1820	ko:K19577
pfuw:KF707C_18200	ko:K03704
pfuw:KF707C_18220	ko:K02670
pfuw:KF707C_18260	ko:K01479
pfuw:KF707C_18270	ko:K03312
pfuw:KF707C_18290	ko:K03923
pfuw:KF707C_1830	ko:K10010
pfuw:KF707C_18310	ko:K06889
pfuw:KF707C_18320	ko:K24821
pfuw:KF707C_18330	ko:K27108
pfuw:KF707C_18380	ko:K06075
pfuw:KF707C_18390	ko:K03446
pfuw:KF707C_1840	ko:K10009
pfuw:KF707C_18400	ko:K08086
pfuw:KF707C_18410	ko:K08717
pfuw:KF707C_18420	ko:K00873
pfuw:KF707C_18430	ko:K11529
pfuw:KF707C_18450	ko:K00042
pfuw:KF707C_18460	ko:K01816
pfuw:KF707C_18470	ko:K01608
pfuw:KF707C_1850	ko:K02424
pfuw:KF707C_18520	ko:K02482
pfuw:KF707C_18550	ko:K00759
pfuw:KF707C_18560	ko:K01420
pfuw:KF707C_18580	ko:K02495
pfuw:KF707C_18590	ko:K09792
pfuw:KF707C_1860	ko:K05396
pfuw:KF707C_18610	ko:K01533
pfuw:KF707C_18620	ko:K09926
pfuw:KF707C_18640	ko:K00406
pfuw:KF707C_18650	ko:K00407
pfuw:KF707C_18660	ko:K00405
pfuw:KF707C_18670	ko:K00404
pfuw:KF707C_18680	ko:K00406
pfuw:KF707C_18690	ko:K00407
pfuw:KF707C_18700	ko:K00405
pfuw:KF707C_18710	ko:K00404
pfuw:KF707C_18720	ko:K07020
pfuw:KF707C_18730	ko:K03719
pfuw:KF707C_18740	ko:K07130
pfuw:KF707C_18750	ko:K01556
pfuw:KF707C_18760	ko:K18093
pfuw:KF707C_18770	ko:K03293
pfuw:KF707C_18790	ko:K03776
pfuw:KF707C_18800	ko:K27802
pfuw:KF707C_18820	ko:K06968
pfuw:KF707C_18840	ko:K04085
pfuw:KF707C_18850	ko:K26939
pfuw:KF707C_18860	ko:K03473
pfuw:KF707C_18890	ko:K06147
pfuw:KF707C_1890	ko:K10536
pfuw:KF707C_18900	ko:K08300
pfuw:KF707C_18920	ko:K06179
pfuw:KF707C_18930	ko:K01091
pfuw:KF707C_18940	ko:K04773
pfuw:KF707C_18950	ko:K25422
pfuw:KF707C_18960	ko:K07040
pfuw:KF707C_18970	ko:K02911
pfuw:KF707C_18980	ko:K03621
pfuw:KF707C_18990	ko:K00645
pfuw:KF707C_1900	ko:K12251
pfuw:KF707C_19000	ko:K00059
pfuw:KF707C_19010	ko:K02078
pfuw:KF707C_19020	ko:K09458
pfuw:KF707C_19030	ko:K02619
pfuw:KF707C_19040	ko:K07082
pfuw:KF707C_19050	ko:K00943
pfuw:KF707C_19060	ko:K02341
pfuw:KF707C_19070	ko:K02676
pfuw:KF707C_19080	ko:K03424
pfuw:KF707C_19110	ko:K03639
pfuw:KF707C_19130	ko:K09986
pfuw:KF707C_19140	ko:K00311
pfuw:KF707C_19150	ko:K03521
pfuw:KF707C_19160	ko:K03522
pfuw:KF707C_19180	ko:K02030
pfuw:KF707C_1920	ko:K11073
pfuw:KF707C_19220	ko:K07114
pfuw:KF707C_19230	ko:K03088
pfuw:KF707C_19260	ko:K13775
pfuw:KF707C_19270	ko:K13777
pfuw:KF707C_19280	ko:K13779
pfuw:KF707C_19290	ko:K11731
pfuw:KF707C_1930	ko:K01915
pfuw:KF707C_19300	ko:K13778
pfuw:KF707C_19310	ko:K13774
pfuw:KF707C_19330	ko:K22108
pfuw:KF707C_19350	ko:K07052
pfuw:KF707C_19390	ko:K07238
pfuw:KF707C_19400	ko:K01591
pfuw:KF707C_19420	ko:K03453
pfuw:KF707C_19430	ko:K05782
pfuw:KF707C_19470	ko:K05825
pfuw:KF707C_19480	ko:K00799
pfuw:KF707C_19490	ko:K07216
pfuw:KF707C_1950	ko:K07010
pfuw:KF707C_19500	ko:K01495
pfuw:KF707C_19540	ko:K07320
pfuw:KF707C_19560	ko:K06889
pfuw:KF707C_19570	ko:K01736
pfuw:KF707C_19580	ko:K05820
pfuw:KF707C_19590	ko:K08964
pfuw:KF707C_1960	ko:K01915
pfuw:KF707C_19600	ko:K08967
pfuw:KF707C_19610	ko:K09880
pfuw:KF707C_19630	ko:K00567
pfuw:KF707C_19640	ko:K01247
pfuw:KF707C_19650	ko:K00797
pfuw:KF707C_1970	ko:K12256
pfuw:KF707C_19700	ko:K03417
pfuw:KF707C_19710	ko:K01659
pfuw:KF707C_19720	ko:K20455
pfuw:KF707C_19730	ko:K09788
pfuw:KF707C_19740	ko:K09773
pfuw:KF707C_19760	ko:K01007
pfuw:KF707C_19790	ko:K02553
pfuw:KF707C_1980	ko:K11073
pfuw:KF707C_19800	ko:K16074
pfuw:KF707C_19830	ko:K03088
pfuw:KF707C_19840	ko:K03286
pfuw:KF707C_19850	ko:K02303
pfuw:KF707C_19860	ko:K00362
pfuw:KF707C_19880	ko:K02575
pfuw:KF707C_1990	ko:K11073
pfuw:KF707C_19920	ko:K14261
pfuw:KF707C_19930	ko:K07183
pfuw:KF707C_19940	ko:K22067
pfuw:KF707C_19970	ko:K01682
pfuw:KF707C_19990	ko:K06938
pfuw:KF707C_20	ko:K02338
pfuw:KF707C_200	ko:K04096
pfuw:KF707C_2000	ko:K11076
pfuw:KF707C_20000	ko:K14055
pfuw:KF707C_20010	ko:K06169
pfuw:KF707C_20020	ko:K03269
pfuw:KF707C_20030	ko:K03768
pfuw:KF707C_20040	ko:K00986
pfuw:KF707C_20050	ko:K01886
pfuw:KF707C_20060	ko:K01883
pfuw:KF707C_20070	ko:K01491
pfuw:KF707C_20080	ko:K03545
pfuw:KF707C_20090	ko:K01358
pfuw:KF707C_2010	ko:K11075
pfuw:KF707C_20100	ko:K03544
pfuw:KF707C_20110	ko:K01338
pfuw:KF707C_20120	ko:K03530
pfuw:KF707C_20130	ko:K03770
pfuw:KF707C_20140	ko:K00208
pfuw:KF707C_20150	ko:K13896
pfuw:KF707C_20160	ko:K13895
pfuw:KF707C_20170	ko:K13894
pfuw:KF707C_20180	ko:K13893
pfuw:KF707C_20190	ko:K13893
pfuw:KF707C_2020	ko:K11074
pfuw:KF707C_20210	ko:K08307
pfuw:KF707C_20220	ko:K01069
pfuw:KF707C_20240	ko:K03469
pfuw:KF707C_20250	ko:K02342
pfuw:KF707C_20260	ko:K01584
pfuw:KF707C_20280	ko:K03314
pfuw:KF707C_20300	ko:K27041
pfuw:KF707C_20310	ko:K03426
pfuw:KF707C_20320	ko:K07090
pfuw:KF707C_20390	ko:K04774
pfuw:KF707C_2040	ko:K07090
pfuw:KF707C_20430	ko:K00381
pfuw:KF707C_20480	ko:K06941
pfuw:KF707C_2050	ko:K13292
pfuw:KF707C_20510	ko:K00548
pfuw:KF707C_20530	ko:K07400
pfuw:KF707C_20560	ko:K09984
pfuw:KF707C_2060	ko:K00560
pfuw:KF707C_20600	ko:K09471
pfuw:KF707C_20610	ko:K20259
pfuw:KF707C_20630	ko:K01868
pfuw:KF707C_20640	ko:K02520
pfuw:KF707C_20650	ko:K02916
pfuw:KF707C_20660	ko:K02887
pfuw:KF707C_20670	ko:K01889
pfuw:KF707C_20680	ko:K01890
pfuw:KF707C_20690	ko:K04764
pfuw:KF707C_2070	ko:K01166
pfuw:KF707C_20720	ko:K04063
pfuw:KF707C_20730	ko:K03299
pfuw:KF707C_20740	ko:K00851
pfuw:KF707C_20750	ko:K06145
pfuw:KF707C_20790	ko:K07003
pfuw:KF707C_2080	ko:K04095
pfuw:KF707C_20830	ko:K11477
pfuw:KF707C_20840	ko:K03406
pfuw:KF707C_20850	ko:K15735
pfuw:KF707C_20860	ko:K05712
pfuw:KF707C_20870	ko:K22187
pfuw:KF707C_20880	ko:K07104
pfuw:KF707C_20930	ko:K00626
pfuw:KF707C_20940	ko:K19784
pfuw:KF707C_210	ko:K07566
pfuw:KF707C_21000	ko:K03717
pfuw:KF707C_21020	ko:K09822
pfuw:KF707C_21070	ko:K04095
pfuw:KF707C_21090	ko:K00130
pfuw:KF707C_2110	ko:K24206
pfuw:KF707C_21100	ko:K16234
pfuw:KF707C_21140	ko:K03583
pfuw:KF707C_21150	ko:K03582
pfuw:KF707C_21160	ko:K03581
pfuw:KF707C_21170	ko:K01737
pfuw:KF707C_21180	ko:K12266
pfuw:KF707C_21190	ko:K05916
pfuw:KF707C_2120	ko:K00287
pfuw:KF707C_21210	ko:K07234
pfuw:KF707C_21260	ko:K02483
pfuw:KF707C_2130	ko:K07095
pfuw:KF707C_21300	ko:K03811
pfuw:KF707C_21310	ko:K03406
pfuw:KF707C_21320	ko:K06153
pfuw:KF707C_21330	ko:K07644
pfuw:KF707C_21340	ko:K07665
pfuw:KF707C_21350	ko:K06879
pfuw:KF707C_21380	ko:K04754
pfuw:KF707C_2140	ko:K01687
pfuw:KF707C_21420	ko:K00616
pfuw:KF707C_21430	ko:K03711
pfuw:KF707C_21440	ko:K05539
pfuw:KF707C_21450	ko:K21498
pfuw:KF707C_21460	ko:K20533
pfuw:KF707C_21470	ko:K20532
pfuw:KF707C_21480	ko:K20531
pfuw:KF707C_21490	ko:K07344
pfuw:KF707C_2150	ko:K13609
pfuw:KF707C_21510	ko:K20266
pfuw:KF707C_21520	ko:K20530
pfuw:KF707C_21530	ko:K20529
pfuw:KF707C_21540	ko:K20528
pfuw:KF707C_21550	ko:K20527
pfuw:KF707C_21590	ko:K00986
pfuw:KF707C_21600	ko:K07481
pfuw:KF707C_21670	ko:K01953
pfuw:KF707C_2170	ko:K02030
pfuw:KF707C_21700	ko:K00643
pfuw:KF707C_21750	ko:K03496
pfuw:KF707C_21780	ko:K07154
pfuw:KF707C_2180	ko:K02029
pfuw:KF707C_21850	ko:K08970
pfuw:KF707C_21860	ko:K07807
pfuw:KF707C_2190	ko:K02029
pfuw:KF707C_21930	ko:K07486
pfuw:KF707C_21980	ko:K17229
pfuw:KF707C_220	ko:K00344
pfuw:KF707C_2200	ko:K26064
pfuw:KF707C_22000	ko:K03325
pfuw:KF707C_22080	ko:K07787
pfuw:KF707C_22090	ko:K07798
pfuw:KF707C_2210	ko:K02028
pfuw:KF707C_22100	ko:K07796
pfuw:KF707C_22150	ko:K11690
pfuw:KF707C_22160	ko:K11689
pfuw:KF707C_22180	ko:K15783
pfuw:KF707C_22190	ko:K15784
pfuw:KF707C_2220	ko:K06969
pfuw:KF707C_22200	ko:K11688
pfuw:KF707C_22210	ko:K15782
pfuw:KF707C_22220	ko:K15786
pfuw:KF707C_22230	ko:K15785
pfuw:KF707C_22240	ko:K01754
pfuw:KF707C_22260	ko:K01799
pfuw:KF707C_22330	ko:K02482
pfuw:KF707C_22340	ko:K24105
pfuw:KF707C_22370	ko:K02482
pfuw:KF707C_2240	ko:K10563
pfuw:KF707C_22400	ko:K03630
pfuw:KF707C_22410	ko:K00059
pfuw:KF707C_22440	ko:K06212
pfuw:KF707C_22470	ko:K02002
pfuw:KF707C_22480	ko:K22443
pfuw:KF707C_22490	ko:K00108
pfuw:KF707C_22500	ko:K17736
pfuw:KF707C_22520	ko:K00130
pfuw:KF707C_22570	ko:K07233
pfuw:KF707C_22610	ko:K07165
pfuw:KF707C_22620	ko:K02014
pfuw:KF707C_22650	ko:K02571
pfuw:KF707C_22660	ko:K02570
pfuw:KF707C_22670	ko:K02567
pfuw:KF707C_22680	ko:K02568
pfuw:KF707C_22690	ko:K02569
pfuw:KF707C_2270	ko:K03324
pfuw:KF707C_22710	ko:K15553
pfuw:KF707C_22720	ko:K15555
pfuw:KF707C_22730	ko:K15554
pfuw:KF707C_22750	ko:K07100
pfuw:KF707C_22760	ko:K16370
pfuw:KF707C_2280	ko:K00681
pfuw:KF707C_22800	ko:K03406
pfuw:KF707C_22810	ko:K00799
pfuw:KF707C_22820	ko:K01990
pfuw:KF707C_22830	ko:K01992
pfuw:KF707C_22840	ko:K03585
pfuw:KF707C_22850	ko:K18138
pfuw:KF707C_22860	ko:K09957
pfuw:KF707C_22900	ko:K01118
pfuw:KF707C_22940	ko:K03769
pfuw:KF707C_22950	ko:K02670
pfuw:KF707C_22960	ko:K24206
pfuw:KF707C_22980	ko:K01907
pfuw:KF707C_22990	ko:K17737
pfuw:KF707C_230	ko:K00228
pfuw:KF707C_2300	ko:K00954
pfuw:KF707C_23000	ko:K01028
pfuw:KF707C_23010	ko:K01029
pfuw:KF707C_23020	ko:K00626
pfuw:KF707C_23040	ko:K06147
pfuw:KF707C_23050	ko:K01640
pfuw:KF707C_23060	ko:K01968
pfuw:KF707C_23070	ko:K13766
pfuw:KF707C_23080	ko:K01969
pfuw:KF707C_23090	ko:K00253
pfuw:KF707C_23120	ko:K21405
pfuw:KF707C_23130	ko:K06147
pfuw:KF707C_23170	ko:K03825
pfuw:KF707C_23190	ko:K07486
pfuw:KF707C_23210	ko:K00615
pfuw:KF707C_23220	ko:K00615
pfuw:KF707C_23260	ko:K01091
pfuw:KF707C_23270	ko:K04062
pfuw:KF707C_2330	ko:K00154
pfuw:KF707C_23300	ko:K15228
pfuw:KF707C_23330	ko:K15229
pfuw:KF707C_23350	ko:K01993
pfuw:KF707C_23360	ko:K13926
pfuw:KF707C_23370	ko:K01992
pfuw:KF707C_23390	ko:K02356
pfuw:KF707C_23410	ko:K23775
pfuw:KF707C_23430	ko:K07090
pfuw:KF707C_23470	ko:K09927
pfuw:KF707C_23480	ko:K01626
pfuw:KF707C_2350	ko:K07019
pfuw:KF707C_23510	ko:K05592
pfuw:KF707C_23520	ko:K15777
pfuw:KF707C_23530	ko:K00569
pfuw:KF707C_23540	ko:K03799
pfuw:KF707C_23560	ko:K14260
pfuw:KF707C_23580	ko:K07305
pfuw:KF707C_23590	ko:K00432
pfuw:KF707C_2360	ko:K08316
pfuw:KF707C_23600	ko:K23775
pfuw:KF707C_23610	ko:K20973
pfuw:KF707C_23620	ko:K06923
pfuw:KF707C_23630	ko:K08968
pfuw:KF707C_23640	ko:K00799
pfuw:KF707C_23670	ko:K03406
pfuw:KF707C_23680	ko:K03292
pfuw:KF707C_23690	ko:K05349
pfuw:KF707C_2370	ko:K07263
pfuw:KF707C_23720	ko:K02014
pfuw:KF707C_23730	ko:K07165
pfuw:KF707C_23740	ko:K23514
pfuw:KF707C_23760	ko:K06445
pfuw:KF707C_23780	ko:K03924
pfuw:KF707C_2380	ko:K07263
pfuw:KF707C_23800	ko:K22452
pfuw:KF707C_23850	ko:K03424
pfuw:KF707C_23870	ko:K15977
pfuw:KF707C_23890	ko:K01046
pfuw:KF707C_2390	ko:K00986
pfuw:KF707C_23900	ko:K01975
pfuw:KF707C_23920	ko:K03321
pfuw:KF707C_23930	ko:K09472
pfuw:KF707C_23940	ko:K01714
pfuw:KF707C_23950	ko:K08368
pfuw:KF707C_23970	ko:K03566
pfuw:KF707C_23980	ko:K00479
pfuw:KF707C_240	ko:K00014
pfuw:KF707C_24000	ko:K02000
pfuw:KF707C_24010	ko:K02001
pfuw:KF707C_24020	ko:K02002
pfuw:KF707C_24040	ko:K21826
pfuw:KF707C_24050	ko:K03566
pfuw:KF707C_2410	ko:K03110
pfuw:KF707C_24100	ko:K03809
pfuw:KF707C_24140	ko:K01720
pfuw:KF707C_24170	ko:K00344
pfuw:KF707C_2420	ko:K09812
pfuw:KF707C_24250	ko:K07002
pfuw:KF707C_24290	ko:K07003
pfuw:KF707C_2430	ko:K09811
pfuw:KF707C_24320	ko:K16842
pfuw:KF707C_24360	ko:K21826
pfuw:KF707C_24380	ko:K22350
pfuw:KF707C_2440	ko:K03089
pfuw:KF707C_24430	ko:K07003
pfuw:KF707C_24450	ko:K26182
pfuw:KF707C_24460	ko:K26185
pfuw:KF707C_24470	ko:K26183
pfuw:KF707C_24490	ko:K01130
pfuw:KF707C_24500	ko:K13444
pfuw:KF707C_24510	ko:K06182
pfuw:KF707C_24560	ko:K03321
pfuw:KF707C_2460	ko:K03814
pfuw:KF707C_24650	ko:K05834
pfuw:KF707C_24690	ko:K03499
pfuw:KF707C_24700	ko:K03498
pfuw:KF707C_24720	ko:K07165
pfuw:KF707C_24730	ko:K02014
pfuw:KF707C_24750	ko:K21703
pfuw:KF707C_24790	ko:K09458
pfuw:KF707C_2480	ko:K03154
pfuw:KF707C_24820	ko:K03607
pfuw:KF707C_24890	ko:K13609
pfuw:KF707C_2490	ko:K03149
pfuw:KF707C_24900	ko:K12658
pfuw:KF707C_24910	ko:K21062
pfuw:KF707C_24920	ko:K13877
pfuw:KF707C_24930	ko:K21060
pfuw:KF707C_24940	ko:K07345
pfuw:KF707C_24960	ko:K25227
pfuw:KF707C_250	ko:K02002
pfuw:KF707C_2500	ko:K03439
pfuw:KF707C_25000	ko:K00389
pfuw:KF707C_25030	ko:K19338
pfuw:KF707C_25080	ko:K07168
pfuw:KF707C_25090	ko:K23773
pfuw:KF707C_25100	ko:K07486
pfuw:KF707C_25110	ko:K00146
pfuw:KF707C_25120	ko:K08685
pfuw:KF707C_25130	ko:K06871
pfuw:KF707C_25160	ko:K00666
pfuw:KF707C_25180	ko:K03406
pfuw:KF707C_25190	ko:K01895
pfuw:KF707C_25210	ko:K00626
pfuw:KF707C_25220	ko:K00248
pfuw:KF707C_25230	ko:K01692
pfuw:KF707C_25250	ko:K00249
pfuw:KF707C_25290	ko:K16088
pfuw:KF707C_25300	ko:K02040
pfuw:KF707C_25310	ko:K09946
pfuw:KF707C_25320	ko:K01142
pfuw:KF707C_25340	ko:K07278
pfuw:KF707C_25350	ko:K09800
pfuw:KF707C_25360	ko:K03310
pfuw:KF707C_25370	ko:K11065
pfuw:KF707C_25400	ko:K07799
pfuw:KF707C_25410	ko:K07788
pfuw:KF707C_25430	ko:K07789
pfuw:KF707C_25440	ko:K18139
pfuw:KF707C_25450	ko:K07484
pfuw:KF707C_25460	ko:K07484
pfuw:KF707C_25480	ko:K07486
pfuw:KF707C_25490	ko:K00059
pfuw:KF707C_2550	ko:K01519
pfuw:KF707C_25510	ko:K09954
pfuw:KF707C_25540	ko:K01999
pfuw:KF707C_25550	ko:K01995
pfuw:KF707C_25560	ko:K01996
pfuw:KF707C_25570	ko:K01997
pfuw:KF707C_25580	ko:K01998
pfuw:KF707C_25670	ko:K08679
pfuw:KF707C_25680	ko:K00012
pfuw:KF707C_25710	ko:K03760
pfuw:KF707C_25720	ko:K00116
pfuw:KF707C_25750	ko:K00799
pfuw:KF707C_25760	ko:K01802
pfuw:KF707C_25780	ko:K18300
pfuw:KF707C_25790	ko:K18299
pfuw:KF707C_2580	ko:K00641
pfuw:KF707C_25800	ko:K18298
pfuw:KF707C_25820	ko:K18297
pfuw:KF707C_25850	ko:K07302
pfuw:KF707C_25860	ko:K07303
pfuw:KF707C_25940	ko:K00128
pfuw:KF707C_25950	ko:K00217
pfuw:KF707C_25960	ko:K04098
pfuw:KF707C_25970	ko:K09780
pfuw:KF707C_260	ko:K01133
pfuw:KF707C_2600	ko:K09131
pfuw:KF707C_26000	ko:K09915
pfuw:KF707C_26020	ko:K00640
pfuw:KF707C_26030	ko:K11939
pfuw:KF707C_2610	ko:K02221
pfuw:KF707C_26100	ko:K03781
pfuw:KF707C_26130	ko:K06177
pfuw:KF707C_26150	ko:K00259
pfuw:KF707C_26170	ko:K07403
pfuw:KF707C_2620	ko:K00286
pfuw:KF707C_26230	ko:K03406
pfuw:KF707C_26240	ko:K07084
pfuw:KF707C_26250	ko:K03406
pfuw:KF707C_26260	ko:K00343
pfuw:KF707C_26270	ko:K00342
pfuw:KF707C_26280	ko:K00341
pfuw:KF707C_26290	ko:K00340
pfuw:KF707C_2630	ko:K06997
pfuw:KF707C_26300	ko:K00339
pfuw:KF707C_26310	ko:K00338
pfuw:KF707C_26320	ko:K00337
pfuw:KF707C_26330	ko:K00336
pfuw:KF707C_26340	ko:K00335
pfuw:KF707C_26350	ko:K00334
pfuw:KF707C_26360	ko:K13378
pfuw:KF707C_26370	ko:K00331
pfuw:KF707C_26380	ko:K00330
pfuw:KF707C_26390	ko:K07093
pfuw:KF707C_2640	ko:K02669
pfuw:KF707C_26410	ko:K01637
pfuw:KF707C_26450	ko:K18850
pfuw:KF707C_26460	ko:K01756
pfuw:KF707C_26470	ko:K07153
pfuw:KF707C_26480	ko:K00566
pfuw:KF707C_2650	ko:K02670
pfuw:KF707C_26500	ko:K00031
pfuw:KF707C_26520	ko:K00031
pfuw:KF707C_26530	ko:K03704
pfuw:KF707C_26540	ko:K06891
pfuw:KF707C_26550	ko:K03694
pfuw:KF707C_26560	ko:K02518
pfuw:KF707C_26570	ko:K21420
pfuw:KF707C_26580	ko:K00684
pfuw:KF707C_26590	ko:K00384
pfuw:KF707C_26610	ko:K03466
pfuw:KF707C_26620	ko:K03634
pfuw:KF707C_26630	ko:K07478
pfuw:KF707C_26640	ko:K06199
pfuw:KF707C_26650	ko:K01875
pfuw:KF707C_26660	ko:K02302
pfuw:KF707C_26680	ko:K11179
pfuw:KF707C_26690	ko:K07237
pfuw:KF707C_26700	ko:K07236
pfuw:KF707C_26710	ko:K07235
pfuw:KF707C_26720	ko:K19416
pfuw:KF707C_26730	ko:K14059
pfuw:KF707C_26850	ko:K18831
pfuw:KF707C_26860	ko:K19166
pfuw:KF707C_26870	ko:K06905
pfuw:KF707C_26880	ko:K06906
pfuw:KF707C_26930	ko:K06908
pfuw:KF707C_26940	ko:K06907
pfuw:KF707C_26990	ko:K06903
pfuw:KF707C_27170	ko:K03703
pfuw:KF707C_27180	ko:K00995
pfuw:KF707C_2720	ko:K01697
pfuw:KF707C_27200	ko:K00012
pfuw:KF707C_27210	ko:K00963
pfuw:KF707C_27230	ko:K00383
pfuw:KF707C_27280	ko:K11689
pfuw:KF707C_27290	ko:K11690
pfuw:KF707C_2730	ko:K01758
pfuw:KF707C_27300	ko:K11688
pfuw:KF707C_27330	ko:K01821
pfuw:KF707C_27360	ko:K19745
pfuw:KF707C_27370	ko:K16137
pfuw:KF707C_2740	ko:K01434
pfuw:KF707C_27400	ko:K02275
pfuw:KF707C_27410	ko:K02274
pfuw:KF707C_27420	ko:K02276
pfuw:KF707C_27430	ko:K02276
pfuw:KF707C_27440	ko:K02277
pfuw:KF707C_27490	ko:K05834
pfuw:KF707C_27510	ko:K01467
pfuw:KF707C_27520	ko:K24847
pfuw:KF707C_27560	ko:K03313
pfuw:KF707C_27570	ko:K00459
pfuw:KF707C_27700	ko:K07644
pfuw:KF707C_27710	ko:K07665
pfuw:KF707C_27750	ko:K17686
pfuw:KF707C_27770	ko:K03101
pfuw:KF707C_27830	ko:K07213
pfuw:KF707C_27850	ko:K09930
pfuw:KF707C_2790	ko:K07394
pfuw:KF707C_27900	ko:K07233
pfuw:KF707C_27960	ko:K07787
pfuw:KF707C_27970	ko:K07798
pfuw:KF707C_27980	ko:K07796
pfuw:KF707C_28020	ko:K03885
pfuw:KF707C_28050	ko:K00059
pfuw:KF707C_28080	ko:K11073
pfuw:KF707C_2810	ko:K00058
pfuw:KF707C_28120	ko:K09936
pfuw:KF707C_28140	ko:K06886
pfuw:KF707C_28190	ko:K06876
pfuw:KF707C_28200	ko:K03786
pfuw:KF707C_28210	ko:K25901
pfuw:KF707C_28230	ko:K26400
pfuw:KF707C_28330	ko:K01607
pfuw:KF707C_28340	ko:K01055
pfuw:KF707C_28350	ko:K01857
pfuw:KF707C_28360	ko:K07823
pfuw:KF707C_28370	ko:K01040
pfuw:KF707C_28380	ko:K01039
pfuw:KF707C_2840	ko:K29029
pfuw:KF707C_28400	ko:K03406
pfuw:KF707C_28420	ko:K05782
pfuw:KF707C_28430	ko:K05548
pfuw:KF707C_28440	ko:K05783
pfuw:KF707C_28450	ko:K05784
pfuw:KF707C_28460	ko:K05550
pfuw:KF707C_28470	ko:K05549
pfuw:KF707C_28490	ko:K08195
pfuw:KF707C_28500	ko:K02624
pfuw:KF707C_28510	ko:K13936
pfuw:KF707C_28520	ko:K06916
pfuw:KF707C_28530	ko:K00448
pfuw:KF707C_28540	ko:K00449
pfuw:KF707C_28550	ko:K02623
pfuw:KF707C_28560	ko:K19000
pfuw:KF707C_28600	ko:K08324
pfuw:KF707C_28630	ko:K09930
pfuw:KF707C_28650	ko:K15977
pfuw:KF707C_28690	ko:K06139
pfuw:KF707C_28700	ko:K06138
pfuw:KF707C_28710	ko:K06137
pfuw:KF707C_28720	ko:K06136
pfuw:KF707C_28730	ko:K00138
pfuw:KF707C_28740	ko:K03406
pfuw:KF707C_28750	ko:K00114
pfuw:KF707C_28780	ko:K17226
pfuw:KF707C_28790	ko:K02030
pfuw:KF707C_28820	ko:K00114
pfuw:KF707C_28840	ko:K07689
pfuw:KF707C_28850	ko:K07675
pfuw:KF707C_28890	ko:K01990
pfuw:KF707C_28900	ko:K01992
pfuw:KF707C_28930	ko:K07491
pfuw:KF707C_28940	ko:K20975
pfuw:KF707C_290	ko:K01695
pfuw:KF707C_2900	ko:K09946
pfuw:KF707C_29000	ko:K03721
pfuw:KF707C_29020	ko:K02437
pfuw:KF707C_29030	ko:K00281
pfuw:KF707C_29040	ko:K01752
pfuw:KF707C_29050	ko:K00605
pfuw:KF707C_29080	ko:K07152
pfuw:KF707C_2910	ko:K01807
pfuw:KF707C_29160	ko:K03566
pfuw:KF707C_29170	ko:K07486
pfuw:KF707C_2920	ko:K01754
pfuw:KF707C_29200	ko:K18928
pfuw:KF707C_29210	ko:K18929
pfuw:KF707C_29220	ko:K00782
pfuw:KF707C_29230	ko:K06145
pfuw:KF707C_29240	ko:K01652
pfuw:KF707C_29250	ko:K01754
pfuw:KF707C_29270	ko:K08304
pfuw:KF707C_29290	ko:K03549
pfuw:KF707C_29320	ko:K13651
pfuw:KF707C_29330	ko:K13655
pfuw:KF707C_29350	ko:K02483
pfuw:KF707C_29370	ko:K15977
pfuw:KF707C_29380	ko:K09929
pfuw:KF707C_29390	ko:K09930
pfuw:KF707C_29420	ko:K26065
pfuw:KF707C_29430	ko:K03315
pfuw:KF707C_29440	ko:K26061
pfuw:KF707C_29450	ko:K03566
pfuw:KF707C_29460	ko:K26062
pfuw:KF707C_29470	ko:K26063
pfuw:KF707C_29480	ko:K25986
pfuw:KF707C_29490	ko:K03734
pfuw:KF707C_2950	ko:K28842
pfuw:KF707C_29500	ko:K00380
pfuw:KF707C_2960	ko:K08311
pfuw:KF707C_29600	ko:K07486
pfuw:KF707C_29610	ko:K05548
pfuw:KF707C_29620	ko:K00480
pfuw:KF707C_29640	ko:K18900
pfuw:KF707C_29670	ko:K00249
pfuw:KF707C_2970	ko:K08484
pfuw:KF707C_29710	ko:K02688
pfuw:KF707C_29720	ko:K20034
pfuw:KF707C_29740	ko:K14393
pfuw:KF707C_29800	ko:K01426
pfuw:KF707C_29810	ko:K13795
pfuw:KF707C_29820	ko:K13796
pfuw:KF707C_29830	ko:K13794
pfuw:KF707C_29860	ko:K03300
pfuw:KF707C_2990	ko:K01465
pfuw:KF707C_29900	ko:K07154
pfuw:KF707C_29950	ko:K05297
pfuw:KF707C_29960	ko:K00128
pfuw:KF707C_29990	ko:K02168
pfuw:KF707C_30	ko:K03629
pfuw:KF707C_300	ko:K01696
pfuw:KF707C_3000	ko:K00609
pfuw:KF707C_30070	ko:K04023
pfuw:KF707C_3010	ko:K02825
pfuw:KF707C_30110	ko:K07240
pfuw:KF707C_30130	ko:K02014
pfuw:KF707C_30140	ko:K07152
pfuw:KF707C_3020	ko:K07447
pfuw:KF707C_30250	ko:K14393
pfuw:KF707C_30270	ko:K01895
pfuw:KF707C_30280	ko:K00140
pfuw:KF707C_30290	ko:K01692
pfuw:KF707C_3030	ko:K07735
pfuw:KF707C_30300	ko:K00020
pfuw:KF707C_30340	ko:K01915
pfuw:KF707C_30350	ko:K00146
pfuw:KF707C_30360	ko:K08738
pfuw:KF707C_30370	ko:K14063
pfuw:KF707C_30380	ko:K02616
pfuw:KF707C_30390	ko:K02617
pfuw:KF707C_3040	ko:K03832
pfuw:KF707C_30420	ko:K01692
pfuw:KF707C_30430	ko:K15866
pfuw:KF707C_30440	ko:K00074
pfuw:KF707C_30450	ko:K02614
pfuw:KF707C_30460	ko:K07823
pfuw:KF707C_30470	ko:K01912
pfuw:KF707C_30480	ko:K18831
pfuw:KF707C_30490	ko:K19166
pfuw:KF707C_3050	ko:K01920
pfuw:KF707C_30500	ko:K11902
pfuw:KF707C_30510	ko:K11891
pfuw:KF707C_30520	ko:K11892
pfuw:KF707C_30530	ko:K11893
pfuw:KF707C_30540	ko:K11918
pfuw:KF707C_30560	ko:K11901
pfuw:KF707C_30570	ko:K11900
pfuw:KF707C_30580	ko:K11903
pfuw:KF707C_30590	ko:K11919
pfuw:KF707C_3060	ko:K02657
pfuw:KF707C_30600	ko:K11896
pfuw:KF707C_30610	ko:K11895
pfuw:KF707C_30620	ko:K11907
pfuw:KF707C_30640	ko:K11904
pfuw:KF707C_30670	ko:K02609
pfuw:KF707C_30680	ko:K02610
pfuw:KF707C_30690	ko:K02611
pfuw:KF707C_3070	ko:K02658
pfuw:KF707C_30700	ko:K02612
pfuw:KF707C_30710	ko:K02613
pfuw:KF707C_30730	ko:K14393
pfuw:KF707C_30750	ko:K02618
pfuw:KF707C_30770	ko:K03406
pfuw:KF707C_3080	ko:K02659
pfuw:KF707C_30810	ko:K01665
pfuw:KF707C_30820	ko:K02203
pfuw:KF707C_30830	ko:K00390
pfuw:KF707C_30850	ko:K13634
pfuw:KF707C_30870	ko:K01081
pfuw:KF707C_30880	ko:K00077
pfuw:KF707C_3090	ko:K02660
pfuw:KF707C_30910	ko:K01626
pfuw:KF707C_30920	ko:K06975
pfuw:KF707C_30950	ko:K19236
pfuw:KF707C_30970	ko:K10804
pfuw:KF707C_30980	ko:K02003
pfuw:KF707C_30990	ko:K02004
pfuw:KF707C_310	ko:K27042
pfuw:KF707C_3100	ko:K02661
pfuw:KF707C_31000	ko:K04760
pfuw:KF707C_31030	ko:K06048
pfuw:KF707C_31070	ko:K02480
pfuw:KF707C_3110	ko:K06596
pfuw:KF707C_31120	ko:K06200
pfuw:KF707C_31140	ko:K03769
pfuw:KF707C_3120	ko:K06597
pfuw:KF707C_31280	ko:K16922
pfuw:KF707C_3130	ko:K06598
pfuw:KF707C_31380	ko:K00799
pfuw:KF707C_31390	ko:K07006
pfuw:KF707C_3140	ko:K09761
pfuw:KF707C_31400	ko:K03325
pfuw:KF707C_31440	ko:K01706
pfuw:KF707C_31470	ko:K07486
pfuw:KF707C_31480	ko:K02106
pfuw:KF707C_31490	ko:K07240
pfuw:KF707C_3150	ko:K00833
pfuw:KF707C_31500	ko:K25223
pfuw:KF707C_31510	ko:K25224
pfuw:KF707C_31520	ko:K11811
pfuw:KF707C_31530	ko:K03325
pfuw:KF707C_31540	ko:K03741
pfuw:KF707C_31550	ko:K03892
pfuw:KF707C_31560	ko:K23988
pfuw:KF707C_31570	ko:K22043
pfuw:KF707C_31580	ko:K07222
pfuw:KF707C_3160	ko:K00274
pfuw:KF707C_31620	ko:K21417
pfuw:KF707C_31630	ko:K21416
pfuw:KF707C_31680	ko:K21405
pfuw:KF707C_31690	ko:K07184
pfuw:KF707C_31700	ko:K26179
pfuw:KF707C_31730	ko:K14657
pfuw:KF707C_31740	ko:K26184
pfuw:KF707C_31750	ko:K26181
pfuw:KF707C_31760	ko:K03721
pfuw:KF707C_31770	ko:K00500
pfuw:KF707C_31780	ko:K01724
pfuw:KF707C_31790	ko:K00813
pfuw:KF707C_31800	ko:K15034
pfuw:KF707C_31810	ko:K02770
pfuw:KF707C_31820	ko:K00882
pfuw:KF707C_31830	ko:K23993
pfuw:KF707C_31840	ko:K03435
pfuw:KF707C_31850	ko:K14063
pfuw:KF707C_31870	ko:K00146
pfuw:KF707C_31890	ko:K12256
pfuw:KF707C_3190	ko:K11927
pfuw:KF707C_31970	ko:K07552
pfuw:KF707C_31980	ko:K11690
pfuw:KF707C_31990	ko:K11689
pfuw:KF707C_320	ko:K09165
pfuw:KF707C_3200	ko:K02030
pfuw:KF707C_32000	ko:K11688
pfuw:KF707C_32010	ko:K02508
pfuw:KF707C_32020	ko:K05921
pfuw:KF707C_32030	ko:K05921
pfuw:KF707C_32040	ko:K00151
pfuw:KF707C_32050	ko:K00455
pfuw:KF707C_32060	ko:K01826
pfuw:KF707C_32070	ko:K02509
pfuw:KF707C_32080	ko:K02510
pfuw:KF707C_32090	ko:K00851
pfuw:KF707C_3210	ko:K00297
pfuw:KF707C_32130	ko:K13875
pfuw:KF707C_32160	ko:K03821
pfuw:KF707C_32180	ko:K13877
pfuw:KF707C_3220	ko:K01251
pfuw:KF707C_32210	ko:K01826
pfuw:KF707C_32230	ko:K07010
pfuw:KF707C_32240	ko:K07112
pfuw:KF707C_32270	ko:K09888
pfuw:KF707C_32300	ko:K02336
pfuw:KF707C_32320	ko:K00380
pfuw:KF707C_32330	ko:K00549
pfuw:KF707C_32340	ko:K02014
pfuw:KF707C_32370	ko:K07112
pfuw:KF707C_32380	ko:K07112
pfuw:KF707C_32390	ko:K11073
pfuw:KF707C_32490	ko:K00626
pfuw:KF707C_32510	ko:K20035
pfuw:KF707C_32520	ko:K21962
pfuw:KF707C_32530	ko:K21134
pfuw:KF707C_32540	ko:K21137
pfuw:KF707C_32570	ko:K21498
pfuw:KF707C_32580	ko:K07334
pfuw:KF707C_3260	ko:K01972
pfuw:KF707C_32640	ko:K15555
pfuw:KF707C_32650	ko:K15554
pfuw:KF707C_32660	ko:K15553
pfuw:KF707C_32690	ko:K03710
pfuw:KF707C_32700	ko:K02073
pfuw:KF707C_32720	ko:K15555
pfuw:KF707C_32730	ko:K15554
pfuw:KF707C_32740	ko:K04091
pfuw:KF707C_32750	ko:K15553
pfuw:KF707C_32760	ko:K00299
pfuw:KF707C_32770	ko:K24158
pfuw:KF707C_32780	ko:K02048
pfuw:KF707C_3280	ko:K06147
pfuw:KF707C_32800	ko:K15555
pfuw:KF707C_32810	ko:K15554
pfuw:KF707C_32820	ko:K15553
pfuw:KF707C_32840	ko:K15553
pfuw:KF707C_32870	ko:K07002
pfuw:KF707C_32890	ko:K23163
pfuw:KF707C_3290	ko:K09136
pfuw:KF707C_32900	ko:K02046
pfuw:KF707C_32910	ko:K02047
pfuw:KF707C_32920	ko:K02045
pfuw:KF707C_32930	ko:K15551
pfuw:KF707C_32940	ko:K10831
pfuw:KF707C_32950	ko:K15552
pfuw:KF707C_32960	ko:K03119
pfuw:KF707C_32970	ko:K03972
pfuw:KF707C_3300	ko:K00789
pfuw:KF707C_33000	ko:K20938
pfuw:KF707C_33010	ko:K02073
pfuw:KF707C_33020	ko:K02071
pfuw:KF707C_33030	ko:K02072
pfuw:KF707C_33040	ko:K02030
pfuw:KF707C_33050	ko:K02029
pfuw:KF707C_33060	ko:K20938
pfuw:KF707C_33100	ko:K03284
pfuw:KF707C_33170	ko:K02035
pfuw:KF707C_33180	ko:K02033
pfuw:KF707C_33190	ko:K02034
pfuw:KF707C_33200	ko:K02031
pfuw:KF707C_33210	ko:K02032
pfuw:KF707C_33230	ko:K06015
pfuw:KF707C_33250	ko:K00874
pfuw:KF707C_33260	ko:K01782
pfuw:KF707C_33270	ko:K00626
pfuw:KF707C_33290	ko:K24180
pfuw:KF707C_33300	ko:K03972
pfuw:KF707C_33320	ko:K07395
pfuw:KF707C_33360	ko:K24126
pfuw:KF707C_33370	ko:K02055
pfuw:KF707C_33380	ko:K02052
pfuw:KF707C_33390	ko:K02054
pfuw:KF707C_3340	ko:K00615
pfuw:KF707C_33400	ko:K02053
pfuw:KF707C_33410	ko:K00137
pfuw:KF707C_33420	ko:K01951
pfuw:KF707C_33470	ko:K07001
pfuw:KF707C_33480	ko:K18828
pfuw:KF707C_33490	ko:K18829
pfuw:KF707C_3350	ko:K03472
pfuw:KF707C_33500	ko:K00024
pfuw:KF707C_33540	ko:K17686
pfuw:KF707C_33580	ko:K01425
pfuw:KF707C_33590	ko:K07667
pfuw:KF707C_3360	ko:K00927
pfuw:KF707C_33600	ko:K07646
pfuw:KF707C_33610	ko:K01548
pfuw:KF707C_33620	ko:K01547
pfuw:KF707C_33630	ko:K01546
pfuw:KF707C_33640	ko:K01545
pfuw:KF707C_33690	ko:K01897
pfuw:KF707C_33700	ko:K08296
pfuw:KF707C_33720	ko:K00057
pfuw:KF707C_33740	ko:K20974
pfuw:KF707C_33750	ko:K01716
pfuw:KF707C_33760	ko:K00647
pfuw:KF707C_33770	ko:K21310
pfuw:KF707C_33790	ko:K07659
pfuw:KF707C_3380	ko:K01624
pfuw:KF707C_33850	ko:K04079
pfuw:KF707C_3390	ko:K07043
pfuw:KF707C_33920	ko:K03311
pfuw:KF707C_33940	ko:K01902
pfuw:KF707C_33950	ko:K01903
pfuw:KF707C_33960	ko:K00382
pfuw:KF707C_33970	ko:K00658
pfuw:KF707C_33980	ko:K00164
pfuw:KF707C_33990	ko:K00240
pfuw:KF707C_3400	ko:K02030
pfuw:KF707C_34000	ko:K00239
pfuw:KF707C_34010	ko:K00242
pfuw:KF707C_34020	ko:K00241
pfuw:KF707C_34040	ko:K01647
pfuw:KF707C_34060	ko:K06940
pfuw:KF707C_34080	ko:K09922
pfuw:KF707C_34110	ko:K09913
pfuw:KF707C_34120	ko:K00075
pfuw:KF707C_34130	ko:K25307
pfuw:KF707C_34140	ko:K00979
pfuw:KF707C_34150	ko:K09791
pfuw:KF707C_34160	ko:K00912
pfuw:KF707C_34170	ko:K03559
pfuw:KF707C_34180	ko:K03561
pfuw:KF707C_34190	ko:K02238
pfuw:KF707C_34200	ko:K09928
pfuw:KF707C_34210	ko:K09808
pfuw:KF707C_34220	ko:K09810
pfuw:KF707C_34230	ko:K09808
pfuw:KF707C_34260	ko:K01126
pfuw:KF707C_34270	ko:K00322
pfuw:KF707C_34280	ko:K05952
pfuw:KF707C_34290	ko:K03734
pfuw:KF707C_34300	ko:K00351
pfuw:KF707C_34310	ko:K00350
pfuw:KF707C_34320	ko:K00349
pfuw:KF707C_34330	ko:K00348
pfuw:KF707C_34340	ko:K00347
pfuw:KF707C_34350	ko:K00346
pfuw:KF707C_34360	ko:K11734
pfuw:KF707C_34370	ko:K00134
pfuw:KF707C_34380	ko:K03723
pfuw:KF707C_34410	ko:K19696
pfuw:KF707C_34420	ko:K01207
pfuw:KF707C_34450	ko:K01356
pfuw:KF707C_34460	ko:K13053
pfuw:KF707C_34490	ko:K03168
pfuw:KF707C_34510	ko:K00632
pfuw:KF707C_34520	ko:K01825
pfuw:KF707C_34550	ko:K06149
pfuw:KF707C_34570	ko:K15738
pfuw:KF707C_34580	ko:K08309
pfuw:KF707C_34590	ko:K07140
pfuw:KF707C_3460	ko:K02030
pfuw:KF707C_34600	ko:K03415
pfuw:KF707C_34620	ko:K06911
pfuw:KF707C_34640	ko:K00111
pfuw:KF707C_34650	ko:K00803
pfuw:KF707C_34670	ko:K03750
pfuw:KF707C_34680	ko:K03638
pfuw:KF707C_34690	ko:K03752
pfuw:KF707C_3470	ko:K05591
pfuw:KF707C_34740	ko:K07484
pfuw:KF707C_34750	ko:K07484
pfuw:KF707C_34770	ko:K07733
pfuw:KF707C_34780	ko:K07733
pfuw:KF707C_3480	ko:K11930
pfuw:KF707C_34830	ko:K06919
pfuw:KF707C_34840	ko:K06919
pfuw:KF707C_34880	ko:K03455
pfuw:KF707C_3490	ko:K00108
pfuw:KF707C_34920	ko:K03320
pfuw:KF707C_34980	ko:K01129
pfuw:KF707C_3500	ko:K00130
pfuw:KF707C_35000	ko:K07690
pfuw:KF707C_35020	ko:K09923
pfuw:KF707C_35040	ko:K07259
pfuw:KF707C_35060	ko:K12297
pfuw:KF707C_35070	ko:K03812
pfuw:KF707C_35080	ko:K00254
pfuw:KF707C_3510	ko:K02167
pfuw:KF707C_35110	ko:K15371
pfuw:KF707C_35120	ko:K03924
pfuw:KF707C_35150	ko:K07114
pfuw:KF707C_35160	ko:K07114
pfuw:KF707C_35180	ko:K07003
pfuw:KF707C_35220	ko:K01256
pfuw:KF707C_35240	ko:K09916
pfuw:KF707C_35250	ko:K02441
pfuw:KF707C_35270	ko:K00858
pfuw:KF707C_35280	ko:K09977
pfuw:KF707C_3530	ko:K02168
pfuw:KF707C_35320	ko:K00219
pfuw:KF707C_35350	ko:K02462
pfuw:KF707C_35360	ko:K02461
pfuw:KF707C_35370	ko:K02460
pfuw:KF707C_35380	ko:K02459
pfuw:KF707C_35390	ko:K02458
pfuw:KF707C_3540	ko:K02167
pfuw:KF707C_35400	ko:K02457
pfuw:KF707C_35410	ko:K02456
pfuw:KF707C_35420	ko:K02455
pfuw:KF707C_35430	ko:K02454
pfuw:KF707C_35450	ko:K02452
pfuw:KF707C_35460	ko:K02453
pfuw:KF707C_35480	ko:K10764
pfuw:KF707C_35490	ko:K00764
pfuw:KF707C_3550	ko:K02002
pfuw:KF707C_35500	ko:K03558
pfuw:KF707C_35510	ko:K03749
pfuw:KF707C_35520	ko:K11754
pfuw:KF707C_35530	ko:K01963
pfuw:KF707C_35540	ko:K01817
pfuw:KF707C_35550	ko:K06173
pfuw:KF707C_35560	ko:K08086
pfuw:KF707C_35590	ko:K00133
pfuw:KF707C_3560	ko:K02002
pfuw:KF707C_35600	ko:K00052
pfuw:KF707C_35620	ko:K01704
pfuw:KF707C_35630	ko:K01703
pfuw:KF707C_35660	ko:K04080
pfuw:KF707C_35670	ko:K05541
pfuw:KF707C_35680	ko:K07107
pfuw:KF707C_35690	ko:K01625
pfuw:KF707C_3570	ko:K02001
pfuw:KF707C_35720	ko:K01885
pfuw:KF707C_35740	ko:K03543
pfuw:KF707C_35750	ko:K03446
pfuw:KF707C_35760	ko:K03702
pfuw:KF707C_35780	ko:K00832
pfuw:KF707C_35790	ko:K02237
pfuw:KF707C_3580	ko:K02000
pfuw:KF707C_35800	ko:K24300
pfuw:KF707C_35810	ko:K02945
pfuw:KF707C_35820	ko:K01438
pfuw:KF707C_35850	ko:K07222
pfuw:KF707C_35890	ko:K10844
pfuw:KF707C_3590	ko:K02002
pfuw:KF707C_35900	ko:K01150
pfuw:KF707C_35940	ko:K25260
pfuw:KF707C_35950	ko:K26580
pfuw:KF707C_35960	ko:K00097
pfuw:KF707C_35980	ko:K08194
pfuw:KF707C_35990	ko:K07795
pfuw:KF707C_3600	ko:K01752
pfuw:KF707C_36000	ko:K07794
pfuw:KF707C_36010	ko:K07793
pfuw:KF707C_36030	ko:K16137
pfuw:KF707C_36040	ko:K13821
pfuw:KF707C_36050	ko:K00249
pfuw:KF707C_36060	ko:K06187
pfuw:KF707C_36070	ko:K09747
pfuw:KF707C_36080	ko:K02343
pfuw:KF707C_36090	ko:K02030
pfuw:KF707C_3610	ko:K21826
pfuw:KF707C_36120	ko:K03530
pfuw:KF707C_36140	ko:K12511
pfuw:KF707C_36150	ko:K12510
pfuw:KF707C_36160	ko:K02283
pfuw:KF707C_36170	ko:K02282
pfuw:KF707C_36180	ko:K12513
pfuw:KF707C_36190	ko:K12513
pfuw:KF707C_36220	ko:K02280
pfuw:KF707C_36230	ko:K02279
pfuw:KF707C_36250	ko:K02278
pfuw:KF707C_36260	ko:K02651
pfuw:KF707C_36280	ko:K01972
pfuw:KF707C_36290	ko:K03528
pfuw:KF707C_3630	ko:K25961
pfuw:KF707C_36300	ko:K03529
pfuw:KF707C_36330	ko:K13481
pfuw:KF707C_36340	ko:K13482
pfuw:KF707C_36350	ko:K07402
pfuw:KF707C_36360	ko:K01487
pfuw:KF707C_36390	ko:K06901
pfuw:KF707C_3640	ko:K25960
pfuw:KF707C_36410	ko:K11688
pfuw:KF707C_36420	ko:K11689
pfuw:KF707C_36430	ko:K11690
pfuw:KF707C_36450	ko:K07127
pfuw:KF707C_36460	ko:K16842
pfuw:KF707C_36470	ko:K13485
pfuw:KF707C_36480	ko:K01483
pfuw:KF707C_3650	ko:K21834
pfuw:KF707C_36510	ko:K24206
pfuw:KF707C_36560	ko:K18456
pfuw:KF707C_36570	ko:K03639
pfuw:KF707C_36580	ko:K09017
pfuw:KF707C_36590	ko:K03654
pfuw:KF707C_3660	ko:K21833
pfuw:KF707C_36600	ko:K07039
pfuw:KF707C_36610	ko:K09790
pfuw:KF707C_36660	ko:K12543
pfuw:KF707C_36670	ko:K12541
pfuw:KF707C_36680	ko:K12542
pfuw:KF707C_36690	ko:K05812
pfuw:KF707C_36700	ko:K03776
pfuw:KF707C_36720	ko:K12255
pfuw:KF707C_36730	ko:K02030
pfuw:KF707C_36740	ko:K02029
pfuw:KF707C_36750	ko:K02028
pfuw:KF707C_36770	ko:K03307
pfuw:KF707C_3680	ko:K01273
pfuw:KF707C_36810	ko:K11073
pfuw:KF707C_36860	ko:K00906
pfuw:KF707C_36910	ko:K11073
pfuw:KF707C_36920	ko:K01738
pfuw:KF707C_36960	ko:K09989
pfuw:KF707C_3700	ko:K00127
pfuw:KF707C_37020	ko:K01354
pfuw:KF707C_37060	ko:K09160
pfuw:KF707C_37080	ko:K09902
pfuw:KF707C_37090	ko:K03684
pfuw:KF707C_3710	ko:K00124
pfuw:KF707C_37100	ko:K01714
pfuw:KF707C_37130	ko:K01796
pfuw:KF707C_37140	ko:K11103
pfuw:KF707C_37170	ko:K07637
pfuw:KF707C_37180	ko:K07660
pfuw:KF707C_3720	ko:K00123
pfuw:KF707C_37200	ko:K02362
pfuw:KF707C_37210	ko:K07639
pfuw:KF707C_37220	ko:K07661
pfuw:KF707C_37240	ko:K00525
pfuw:KF707C_37250	ko:K00526
pfuw:KF707C_37280	ko:K03392
pfuw:KF707C_3730	ko:K00126
pfuw:KF707C_37300	ko:K00255
pfuw:KF707C_37320	ko:K00249
pfuw:KF707C_37370	ko:K00632
pfuw:KF707C_37380	ko:K00074
pfuw:KF707C_3740	ko:K17736
pfuw:KF707C_37420	ko:K02182
pfuw:KF707C_37430	ko:K00059
pfuw:KF707C_3750	ko:K02002
pfuw:KF707C_37560	ko:K05337
pfuw:KF707C_37570	ko:K03406
pfuw:KF707C_37590	ko:K04755
pfuw:KF707C_3760	ko:K27837
pfuw:KF707C_37600	ko:K00529
pfuw:KF707C_37640	ko:K00059
pfuw:KF707C_37690	ko:K07552
pfuw:KF707C_3770	ko:K17735
pfuw:KF707C_37710	ko:K01715
pfuw:KF707C_37730	ko:K07003
pfuw:KF707C_37770	ko:K00059
pfuw:KF707C_37780	ko:K00432
pfuw:KF707C_3780	ko:K27492
pfuw:KF707C_37830	ko:K07124
pfuw:KF707C_37850	ko:K10533
pfuw:KF707C_37890	ko:K04090
pfuw:KF707C_37900	ko:K00626
pfuw:KF707C_37920	ko:K01495
pfuw:KF707C_37990	ko:K07497
pfuw:KF707C_3800	ko:K07690
pfuw:KF707C_38030	ko:K07491
pfuw:KF707C_38070	ko:K07003
pfuw:KF707C_3810	ko:K07679
pfuw:KF707C_38170	ko:K00986
pfuw:KF707C_38200	ko:K00274
pfuw:KF707C_38260	ko:K23778
pfuw:KF707C_38270	ko:K03556
pfuw:KF707C_38290	ko:K07516
pfuw:KF707C_3830	ko:K07690
pfuw:KF707C_38300	ko:K00632
pfuw:KF707C_38330	ko:K21962
pfuw:KF707C_38340	ko:K03406
pfuw:KF707C_38370	ko:K10215
pfuw:KF707C_38380	ko:K20034
pfuw:KF707C_3840	ko:K07345
pfuw:KF707C_38410	ko:K00154
pfuw:KF707C_38430	ko:K00274
pfuw:KF707C_38470	ko:K00958
pfuw:KF707C_38490	ko:K02014
pfuw:KF707C_3850	ko:K15540
pfuw:KF707C_38510	ko:K03381
pfuw:KF707C_38560	ko:K14977
pfuw:KF707C_38580	ko:K14347
pfuw:KF707C_3860	ko:K07347
pfuw:KF707C_38640	ko:K02742
pfuw:KF707C_38650	ko:K00655
pfuw:KF707C_38660	ko:K05800
pfuw:KF707C_38670	ko:K01760
pfuw:KF707C_38680	ko:K01011
pfuw:KF707C_38700	ko:K06076
pfuw:KF707C_38730	ko:K00432
pfuw:KF707C_38770	ko:K02233
pfuw:KF707C_38780	ko:K02226
pfuw:KF707C_38790	ko:K00768
pfuw:KF707C_3880	ko:K00986
pfuw:KF707C_38800	ko:K02231
pfuw:KF707C_38810	ko:K02232
pfuw:KF707C_38820	ko:K02225
pfuw:KF707C_38830	ko:K02227
pfuw:KF707C_38840	ko:K04719
pfuw:KF707C_38850	ko:K02224
pfuw:KF707C_38860	ko:K19221
pfuw:KF707C_38870	ko:K16092
pfuw:KF707C_3890	ko:K00479
pfuw:KF707C_38920	ko:K12410
pfuw:KF707C_38940	ko:K14058
pfuw:KF707C_38970	ko:K10001
pfuw:KF707C_38980	ko:K10003
pfuw:KF707C_38990	ko:K10002
pfuw:KF707C_390	ko:K01091
pfuw:KF707C_3900	ko:K21832
pfuw:KF707C_39000	ko:K10004
pfuw:KF707C_39010	ko:K17060
pfuw:KF707C_39020	ko:K17061
pfuw:KF707C_39030	ko:K03301
pfuw:KF707C_39050	ko:K03449
pfuw:KF707C_39070	ko:K05835
pfuw:KF707C_3910	ko:K00799
pfuw:KF707C_39110	ko:K03756
pfuw:KF707C_39120	ko:K02030
pfuw:KF707C_39130	ko:K10778
pfuw:KF707C_39140	ko:K03312
pfuw:KF707C_39170	ko:K06995
pfuw:KF707C_39180	ko:K07124
pfuw:KF707C_39190	ko:K12256
pfuw:KF707C_3920	ko:K02355
pfuw:KF707C_39210	ko:K02055
pfuw:KF707C_39220	ko:K09472
pfuw:KF707C_39250	ko:K00945
pfuw:KF707C_39260	ko:K24018
pfuw:KF707C_39270	ko:K00817
pfuw:KF707C_39280	ko:K00860
pfuw:KF707C_39290	ko:K14170
pfuw:KF707C_3930	ko:K01620
pfuw:KF707C_39300	ko:K00831
pfuw:KF707C_39310	ko:K02469
pfuw:KF707C_39320	ko:K08963
pfuw:KF707C_39330	ko:K12960
pfuw:KF707C_39340	ko:K00568
pfuw:KF707C_39350	ko:K22292
pfuw:KF707C_39380	ko:K06178
pfuw:KF707C_39390	ko:K00986
pfuw:KF707C_39400	ko:K06024
pfuw:KF707C_39410	ko:K05896
pfuw:KF707C_39440	ko:K07053
pfuw:KF707C_39450	ko:K06190
pfuw:KF707C_39460	ko:K09780
pfuw:KF707C_39480	ko:K07662
pfuw:KF707C_39490	ko:K06006
pfuw:KF707C_3950	ko:K07107
pfuw:KF707C_39500	ko:K02484
pfuw:KF707C_39520	ko:K03498
pfuw:KF707C_39530	ko:K03498
pfuw:KF707C_39560	ko:K01768
pfuw:KF707C_39570	ko:K27597
pfuw:KF707C_39600	ko:K06878
pfuw:KF707C_39620	ko:K07401
pfuw:KF707C_39630	ko:K07001
pfuw:KF707C_39650	ko:K07486
pfuw:KF707C_39660	ko:K07486
pfuw:KF707C_39680	ko:K02200
pfuw:KF707C_39690	ko:K02200
pfuw:KF707C_3970	ko:K21826
pfuw:KF707C_39700	ko:K02199
pfuw:KF707C_39710	ko:K02198
pfuw:KF707C_39720	ko:K02197
pfuw:KF707C_39730	ko:K02196
pfuw:KF707C_39740	ko:K02195
pfuw:KF707C_39750	ko:K02194
pfuw:KF707C_39760	ko:K02193
pfuw:KF707C_39780	ko:K04061
pfuw:KF707C_39810	ko:K03408
pfuw:KF707C_39820	ko:K03408
pfuw:KF707C_39830	ko:K03496
pfuw:KF707C_39840	ko:K02557
pfuw:KF707C_39850	ko:K02556
pfuw:KF707C_39860	ko:K03412
pfuw:KF707C_39870	ko:K03407
pfuw:KF707C_39880	ko:K03414
pfuw:KF707C_39890	ko:K03413
pfuw:KF707C_3990	ko:K08688
pfuw:KF707C_39900	ko:K02405
pfuw:KF707C_39910	ko:K04562
pfuw:KF707C_39920	ko:K02404
pfuw:KF707C_39930	ko:K02400
pfuw:KF707C_39940	ko:K07486
pfuw:KF707C_39950	ko:K02401
pfuw:KF707C_39960	ko:K02421
pfuw:KF707C_39970	ko:K02420
pfuw:KF707C_39980	ko:K02419
pfuw:KF707C_39990	ko:K02418
pfuw:KF707C_40	ko:K02470
pfuw:KF707C_40000	ko:K02417
pfuw:KF707C_40010	ko:K02416
pfuw:KF707C_40020	ko:K02415
pfuw:KF707C_40030	ko:K02414
pfuw:KF707C_40040	ko:K20976
pfuw:KF707C_40050	ko:K20977
pfuw:KF707C_40060	ko:K20978
pfuw:KF707C_40070	ko:K02413
pfuw:KF707C_40080	ko:K02412
pfuw:KF707C_40090	ko:K02411
pfuw:KF707C_4010	ko:K03762
pfuw:KF707C_40100	ko:K02410
pfuw:KF707C_40110	ko:K02409
pfuw:KF707C_40120	ko:K02408
pfuw:KF707C_40130	ko:K10943
pfuw:KF707C_40140	ko:K10942
pfuw:KF707C_40150	ko:K10941
pfuw:KF707C_40160	ko:K02423
pfuw:KF707C_40170	ko:K02422
pfuw:KF707C_40180	ko:K02422
pfuw:KF707C_40190	ko:K02407
pfuw:KF707C_4020	ko:K01470
pfuw:KF707C_40200	ko:K06603
pfuw:KF707C_40210	ko:K02406
pfuw:KF707C_40290	ko:K01652
pfuw:KF707C_4030	ko:K03457
pfuw:KF707C_40310	ko:K12452
pfuw:KF707C_40320	ko:K01709
pfuw:KF707C_40330	ko:K00978
pfuw:KF707C_40340	ko:K02397
pfuw:KF707C_40350	ko:K02396
pfuw:KF707C_40360	ko:K02395
pfuw:KF707C_40370	ko:K02394
pfuw:KF707C_40380	ko:K02393
pfuw:KF707C_40390	ko:K02392
pfuw:KF707C_4040	ko:K21826
pfuw:KF707C_40400	ko:K02391
pfuw:KF707C_40410	ko:K02390
pfuw:KF707C_40420	ko:K02389
pfuw:KF707C_40430	ko:K02388
pfuw:KF707C_40440	ko:K02387
pfuw:KF707C_40490	ko:K18139
pfuw:KF707C_4050	ko:K00600
pfuw:KF707C_40510	ko:K00363
pfuw:KF707C_40520	ko:K00362
pfuw:KF707C_40530	ko:K19166
pfuw:KF707C_40540	ko:K18831
pfuw:KF707C_40560	ko:K03457
pfuw:KF707C_40570	ko:K21699
pfuw:KF707C_40580	ko:K03406
pfuw:KF707C_4060	ko:K00303
pfuw:KF707C_40640	ko:K02055
pfuw:KF707C_40650	ko:K18201
pfuw:KF707C_40690	ko:K00003
pfuw:KF707C_4070	ko:K00304
pfuw:KF707C_40710	ko:K01733
pfuw:KF707C_40720	ko:K03566
pfuw:KF707C_40730	ko:K16235
pfuw:KF707C_40740	ko:K01739
pfuw:KF707C_40750	ko:K03406
pfuw:KF707C_40770	ko:K11209
pfuw:KF707C_4080	ko:K00302
pfuw:KF707C_40810	ko:K00375
pfuw:KF707C_40830	ko:K26602
pfuw:KF707C_40860	ko:K22551
pfuw:KF707C_40880	ko:K02028
pfuw:KF707C_40890	ko:K02029
pfuw:KF707C_4090	ko:K00305
pfuw:KF707C_40900	ko:K02029
pfuw:KF707C_40910	ko:K02030
pfuw:KF707C_40920	ko:K09136
pfuw:KF707C_40940	ko:K03699
pfuw:KF707C_40960	ko:K11073
pfuw:KF707C_40970	ko:K18540
pfuw:KF707C_40990	ko:K00344
pfuw:KF707C_4100	ko:K01433
pfuw:KF707C_41020	ko:K03676
pfuw:KF707C_41050	ko:K03293
pfuw:KF707C_41080	ko:K07486
pfuw:KF707C_4110	ko:K00148
pfuw:KF707C_41100	ko:K07796
pfuw:KF707C_41110	ko:K07798
pfuw:KF707C_41120	ko:K07787
pfuw:KF707C_41130	ko:K07810
pfuw:KF707C_41140	ko:K11735
pfuw:KF707C_41160	ko:K14268
pfuw:KF707C_41170	ko:K00135
pfuw:KF707C_41180	ko:K15736
pfuw:KF707C_41190	ko:K15737
pfuw:KF707C_41200	ko:K15735
pfuw:KF707C_41210	ko:K02168
pfuw:KF707C_41240	ko:K28280
pfuw:KF707C_41250	ko:K28279
pfuw:KF707C_41260	ko:K14392
pfuw:KF707C_41290	ko:K07552
pfuw:KF707C_41350	ko:K05599
pfuw:KF707C_41360	ko:K05600
pfuw:KF707C_41370	ko:K11311
pfuw:KF707C_41380	ko:K01999
pfuw:KF707C_41390	ko:K01997
pfuw:KF707C_41400	ko:K01998
pfuw:KF707C_41410	ko:K01995
pfuw:KF707C_41420	ko:K01996
pfuw:KF707C_41440	ko:K03406
pfuw:KF707C_41460	ko:K03381
pfuw:KF707C_41470	ko:K03464
pfuw:KF707C_41480	ko:K01856
pfuw:KF707C_41490	ko:K21757
pfuw:KF707C_4150	ko:K07663
pfuw:KF707C_41500	ko:K07486
pfuw:KF707C_41530	ko:K09024
pfuw:KF707C_41550	ko:K00059
pfuw:KF707C_4160	ko:K07641
pfuw:KF707C_41600	ko:K22027
pfuw:KF707C_41610	ko:K01426
pfuw:KF707C_41630	ko:K01999
pfuw:KF707C_41640	ko:K01997
pfuw:KF707C_41650	ko:K01995
pfuw:KF707C_41650	ko:K01998
pfuw:KF707C_41660	ko:K01996
pfuw:KF707C_41670	ko:K00077
pfuw:KF707C_41690	ko:K23775
pfuw:KF707C_41700	ko:K00014
pfuw:KF707C_41710	ko:K00131
pfuw:KF707C_41720	ko:K01625
pfuw:KF707C_41730	ko:K01057
pfuw:KF707C_41740	ko:K00036
pfuw:KF707C_41750	ko:K19337
pfuw:KF707C_41770	ko:K02024
pfuw:KF707C_41780	ko:K10112
pfuw:KF707C_41790	ko:K17317
pfuw:KF707C_4180	ko:K06143
pfuw:KF707C_41800	ko:K17316
pfuw:KF707C_41810	ko:K17315
pfuw:KF707C_41850	ko:K02483
pfuw:KF707C_41860	ko:K00845
pfuw:KF707C_41870	ko:K01690
pfuw:KF707C_41890	ko:K04063
pfuw:KF707C_41920	ko:K22468
pfuw:KF707C_41930	ko:K23467
pfuw:KF707C_41970	ko:K23464
pfuw:KF707C_420	ko:K01414
pfuw:KF707C_4200	ko:K02342
pfuw:KF707C_42000	ko:K03457
pfuw:KF707C_42010	ko:K07684
pfuw:KF707C_42020	ko:K22344
pfuw:KF707C_42030	ko:K22343
pfuw:KF707C_42040	ko:K22342
pfuw:KF707C_42070	ko:K01433
pfuw:KF707C_42080	ko:K01491
pfuw:KF707C_42090	ko:K18277
pfuw:KF707C_4210	ko:K07182
pfuw:KF707C_42100	ko:K28979
pfuw:KF707C_42120	ko:K03320
pfuw:KF707C_42140	ko:K11741
pfuw:KF707C_42150	ko:K04752
pfuw:KF707C_42160	ko:K03320
pfuw:KF707C_42170	ko:K22083
pfuw:KF707C_42180	ko:K22082
pfuw:KF707C_42190	ko:K22081
pfuw:KF707C_42200	ko:K01915
pfuw:KF707C_42220	ko:K01433
pfuw:KF707C_42230	ko:K01491
pfuw:KF707C_42240	ko:K00303
pfuw:KF707C_42250	ko:K00304
pfuw:KF707C_42260	ko:K00302
pfuw:KF707C_42270	ko:K00305
pfuw:KF707C_4230	ko:K03457
pfuw:KF707C_42300	ko:K23465
pfuw:KF707C_42310	ko:K23463
pfuw:KF707C_42330	ko:K01607
pfuw:KF707C_42340	ko:K23466
pfuw:KF707C_42370	ko:K14652
pfuw:KF707C_42380	ko:K07486
pfuw:KF707C_4240	ko:K01638
pfuw:KF707C_42400	ko:K02055
pfuw:KF707C_42410	ko:K02054
pfuw:KF707C_42420	ko:K02053
pfuw:KF707C_42430	ko:K02052
pfuw:KF707C_42440	ko:K05785
pfuw:KF707C_42450	ko:K06907
pfuw:KF707C_42570	ko:K06903
pfuw:KF707C_42630	ko:K02456
pfuw:KF707C_42670	ko:K11747
pfuw:KF707C_4270	ko:K05786
pfuw:KF707C_42710	ko:K03406
pfuw:KF707C_42720	ko:K03413
pfuw:KF707C_42730	ko:K03407
pfuw:KF707C_42740	ko:K03408
pfuw:KF707C_42750	ko:K03406
pfuw:KF707C_42760	ko:K00575
pfuw:KF707C_42770	ko:K03411
pfuw:KF707C_42780	ko:K03412
pfuw:KF707C_42790	ko:K18829
pfuw:KF707C_42800	ko:K18828
pfuw:KF707C_42830	ko:K07080
pfuw:KF707C_42840	ko:K07038
pfuw:KF707C_42850	ko:K03406
pfuw:KF707C_42870	ko:K03308
pfuw:KF707C_42880	ko:K01800
pfuw:KF707C_4290	ko:K02019
pfuw:KF707C_42920	ko:K07396
pfuw:KF707C_42930	ko:K07146
pfuw:KF707C_42940	ko:K05527
pfuw:KF707C_42950	ko:K09924
pfuw:KF707C_42970	ko:K01679
pfuw:KF707C_42980	ko:K00355
pfuw:KF707C_430	ko:K07070
pfuw:KF707C_43010	ko:K00632
pfuw:KF707C_43020	ko:K23753
pfuw:KF707C_43030	ko:K15461
pfuw:KF707C_43050	ko:K01953
pfuw:KF707C_43090	ko:K09898
pfuw:KF707C_43120	ko:K02355
pfuw:KF707C_43130	ko:K24158
pfuw:KF707C_43140	ko:K09122
pfuw:KF707C_43150	ko:K03724
pfuw:KF707C_43190	ko:K06966
pfuw:KF707C_4320	ko:K01012
pfuw:KF707C_43200	ko:K22067
pfuw:KF707C_43210	ko:K07183
pfuw:KF707C_43220	ko:K15576
pfuw:KF707C_43230	ko:K15577
pfuw:KF707C_43240	ko:K15578
pfuw:KF707C_43280	ko:K06902
pfuw:KF707C_4330	ko:K00652
pfuw:KF707C_43310	ko:K09760
pfuw:KF707C_43320	ko:K07126
pfuw:KF707C_43360	ko:K14162
pfuw:KF707C_43370	ko:K14161
pfuw:KF707C_43380	ko:K14160
pfuw:KF707C_4340	ko:K02170
pfuw:KF707C_43420	ko:K07746
pfuw:KF707C_43440	ko:K07746
pfuw:KF707C_43450	ko:K19092
pfuw:KF707C_4350	ko:K02169
pfuw:KF707C_43540	ko:K09932
pfuw:KF707C_43580	ko:K18297
pfuw:KF707C_43590	ko:K07506
pfuw:KF707C_4360	ko:K01935
pfuw:KF707C_43620	ko:K01923
pfuw:KF707C_43630	ko:K07287
pfuw:KF707C_43640	ko:K01714
pfuw:KF707C_43660	ko:K03567
pfuw:KF707C_43670	ko:K03564
pfuw:KF707C_43680	ko:K03548
pfuw:KF707C_43690	ko:K04085
pfuw:KF707C_43700	ko:K01423
pfuw:KF707C_43710	ko:K03517
pfuw:KF707C_43720	ko:K06920
pfuw:KF707C_43730	ko:K10026
pfuw:KF707C_43750	ko:K03640
pfuw:KF707C_43760	ko:K03641
pfuw:KF707C_43770	ko:K03646
pfuw:KF707C_43780	ko:K03560
pfuw:KF707C_43790	ko:K03562
pfuw:KF707C_4380	ko:K20035
pfuw:KF707C_43800	ko:K01075
pfuw:KF707C_43810	ko:K03551
pfuw:KF707C_43820	ko:K03550
pfuw:KF707C_43830	ko:K01159
pfuw:KF707C_43850	ko:K01876
pfuw:KF707C_43870	ko:K04047
pfuw:KF707C_43880	ko:K13590
pfuw:KF707C_43890	ko:K03704
pfuw:KF707C_43900	ko:K03745
pfuw:KF707C_43920	ko:K18093
pfuw:KF707C_43940	ko:K01881
pfuw:KF707C_43960	ko:K01512
pfuw:KF707C_43980	ko:K23127
pfuw:KF707C_43990	ko:K07058
pfuw:KF707C_4400	ko:K20035
pfuw:KF707C_44000	ko:K00537
pfuw:KF707C_44010	ko:K03809
pfuw:KF707C_44030	ko:K07486
pfuw:KF707C_44040	ko:K10763
pfuw:KF707C_44060	ko:K09938
pfuw:KF707C_44070	ko:K01933
pfuw:KF707C_44080	ko:K11175
pfuw:KF707C_4410	ko:K20035
pfuw:KF707C_44150	ko:K19000
pfuw:KF707C_44160	ko:K09912
pfuw:KF707C_44170	ko:K04765
pfuw:KF707C_44180	ko:K00951
pfuw:KF707C_4420	ko:K01506
pfuw:KF707C_44200	ko:K03215
pfuw:KF707C_44210	ko:K12339
pfuw:KF707C_44220	ko:K07126
pfuw:KF707C_44230	ko:K07678
pfuw:KF707C_44240	ko:K03778
pfuw:KF707C_44260	ko:K03668
pfuw:KF707C_44270	ko:K02346
pfuw:KF707C_44280	ko:K06223
pfuw:KF707C_4430	ko:K00468
pfuw:KF707C_4450	ko:K07345
pfuw:KF707C_44570	ko:K06919
pfuw:KF707C_44700	ko:K06952
pfuw:KF707C_44730	ko:K00558
pfuw:KF707C_44760	ko:K07733
pfuw:KF707C_44790	ko:K14205
pfuw:KF707C_4480	ko:K07126
pfuw:KF707C_44800	ko:K12262
pfuw:KF707C_44810	ko:K14441
pfuw:KF707C_44830	ko:K00799
pfuw:KF707C_44840	ko:K29066
pfuw:KF707C_44860	ko:K22900
pfuw:KF707C_44870	ko:K11530
pfuw:KF707C_44890	ko:K00528
pfuw:KF707C_44910	ko:K00901
pfuw:KF707C_44940	ko:K05812
pfuw:KF707C_44970	ko:K03565
pfuw:KF707C_44980	ko:K03553
pfuw:KF707C_44990	ko:K03743
pfuw:KF707C_4500	ko:K09471
pfuw:KF707C_45000	ko:K03555
pfuw:KF707C_45010	ko:K05524
pfuw:KF707C_45020	ko:K03087
pfuw:KF707C_45040	ko:K00573
pfuw:KF707C_45050	ko:K03787
pfuw:KF707C_45060	ko:K06176
pfuw:KF707C_45070	ko:K01770
pfuw:KF707C_45080	ko:K01070
pfuw:KF707C_45090	ko:K00121
pfuw:KF707C_45110	ko:K00991
pfuw:KF707C_45120	ko:K05589
pfuw:KF707C_45130	ko:K01689
pfuw:KF707C_45140	ko:K01627
pfuw:KF707C_45150	ko:K01937
pfuw:KF707C_45160	ko:K04075
pfuw:KF707C_45170	ko:K01962
pfuw:KF707C_45180	ko:K02337
pfuw:KF707C_45190	ko:K03310
pfuw:KF707C_4520	ko:K01915
pfuw:KF707C_45200	ko:K03470
pfuw:KF707C_45210	ko:K00748
pfuw:KF707C_45220	ko:K00677
pfuw:KF707C_45230	ko:K02372
pfuw:KF707C_45240	ko:K02536
pfuw:KF707C_45250	ko:K06142
pfuw:KF707C_45260	ko:K07277
pfuw:KF707C_45270	ko:K11749
pfuw:KF707C_45280	ko:K00099
pfuw:KF707C_45290	ko:K00981
pfuw:KF707C_45300	ko:K00806
pfuw:KF707C_45310	ko:K02838
pfuw:KF707C_45320	ko:K09903
pfuw:KF707C_45330	ko:K02357
pfuw:KF707C_45340	ko:K02967
pfuw:KF707C_45350	ko:K01265
pfuw:KF707C_45360	ko:K00990
pfuw:KF707C_45380	ko:K14267
pfuw:KF707C_45400	ko:K00674
pfuw:KF707C_45410	ko:K01766
pfuw:KF707C_45420	ko:K02426
pfuw:KF707C_45430	ko:K22132
pfuw:KF707C_45440	ko:K08325
pfuw:KF707C_45460	ko:K01439
pfuw:KF707C_45470	ko:K00563
pfuw:KF707C_45490	ko:K03704
pfuw:KF707C_4550	ko:K11073
pfuw:KF707C_45510	ko:K25153
pfuw:KF707C_45520	ko:K25151
pfuw:KF707C_45530	ko:K25152
pfuw:KF707C_45540	ko:K00631
pfuw:KF707C_45580	ko:K18303
pfuw:KF707C_45590	ko:K18302
pfuw:KF707C_4560	ko:K01480
pfuw:KF707C_45600	ko:K18301
pfuw:KF707C_45610	ko:K15984
pfuw:KF707C_45650	ko:K14742
pfuw:KF707C_45660	ko:K00939
pfuw:KF707C_45670	ko:K01595
pfuw:KF707C_45700	ko:K01534
pfuw:KF707C_45710	ko:K23518
pfuw:KF707C_45730	ko:K06889
pfuw:KF707C_45770	ko:K04567
pfuw:KF707C_45780	ko:K02836
pfuw:KF707C_45790	ko:K11444
pfuw:KF707C_4580	ko:K01026
pfuw:KF707C_45800	ko:K13491
pfuw:KF707C_45810	ko:K13490
pfuw:KF707C_45820	ko:K13489
pfuw:KF707C_45830	ko:K13486
pfuw:KF707C_45840	ko:K13488
pfuw:KF707C_45850	ko:K13487
pfuw:KF707C_45880	ko:K00137
pfuw:KF707C_45890	ko:K02055
pfuw:KF707C_45900	ko:K02052
pfuw:KF707C_45910	ko:K02054
pfuw:KF707C_45920	ko:K02053
pfuw:KF707C_45930	ko:K00137
pfuw:KF707C_45950	ko:K03406
pfuw:KF707C_45960	ko:K01738
pfuw:KF707C_460	ko:K01673
pfuw:KF707C_46000	ko:K18904
pfuw:KF707C_46010	ko:K03365
pfuw:KF707C_46030	ko:K04750
pfuw:KF707C_46050	ko:K07462
pfuw:KF707C_46070	ko:K07160
pfuw:KF707C_46080	ko:K23123
pfuw:KF707C_46090	ko:K23124
pfuw:KF707C_46140	ko:K18313
pfuw:KF707C_46150	ko:K01733
pfuw:KF707C_46160	ko:K00003
pfuw:KF707C_46170	ko:K03981
pfuw:KF707C_46180	ko:K04763
pfuw:KF707C_46210	ko:K07679
pfuw:KF707C_46220	ko:K02884
pfuw:KF707C_46230	ko:K00554
pfuw:KF707C_46240	ko:K02860
pfuw:KF707C_46250	ko:K02959
pfuw:KF707C_46260	ko:K03106
pfuw:KF707C_46300	ko:K08289
pfuw:KF707C_46310	ko:K06938
pfuw:KF707C_46400	ko:K00873
pfuw:KF707C_46430	ko:K21019
pfuw:KF707C_46450	ko:K01676
pfuw:KF707C_46500	ko:K05520
pfuw:KF707C_46510	ko:K06131
pfuw:KF707C_46540	ko:K19577
pfuw:KF707C_46560	ko:K08682
pfuw:KF707C_46580	ko:K22617
pfuw:KF707C_46590	ko:K22310
pfuw:KF707C_46620	ko:K01451
pfuw:KF707C_46640	ko:K01426
pfuw:KF707C_4670	ko:K11069
pfuw:KF707C_46700	ko:K05596
pfuw:KF707C_46710	ko:K09964
pfuw:KF707C_46720	ko:K06895
pfuw:KF707C_46730	ko:K04564
pfuw:KF707C_46740	ko:K21024
pfuw:KF707C_46750	ko:K07486
pfuw:KF707C_46770	ko:K03744
pfuw:KF707C_46780	ko:K07231
pfuw:KF707C_4680	ko:K11070
pfuw:KF707C_46800	ko:K07338
pfuw:KF707C_46810	ko:K09947
pfuw:KF707C_46820	ko:K03406
pfuw:KF707C_46830	ko:K03585
pfuw:KF707C_46840	ko:K18138
pfuw:KF707C_46880	ko:K04077
pfuw:KF707C_46890	ko:K04078
pfuw:KF707C_4690	ko:K11071
pfuw:KF707C_46900	ko:K07113
pfuw:KF707C_46910	ko:K07226
pfuw:KF707C_46920	ko:K00059
pfuw:KF707C_46950	ko:K23514
pfuw:KF707C_46960	ko:K07165
pfuw:KF707C_46970	ko:K02014
pfuw:KF707C_4700	ko:K11072
pfuw:KF707C_47040	ko:K13256
pfuw:KF707C_47050	ko:K09918
pfuw:KF707C_47060	ko:K09699
pfuw:KF707C_47070	ko:K00167
pfuw:KF707C_47080	ko:K00166
pfuw:KF707C_47090	ko:K00263
pfuw:KF707C_47110	ko:K03556
pfuw:KF707C_47120	ko:K11904
pfuw:KF707C_47140	ko:K07126
pfuw:KF707C_47150	ko:K07126
pfuw:KF707C_47160	ko:K07126
pfuw:KF707C_4720	ko:K16841
pfuw:KF707C_47210	ko:K06995
pfuw:KF707C_47270	ko:K22491
pfuw:KF707C_47280	ko:K09932
pfuw:KF707C_47290	ko:K13938
pfuw:KF707C_47300	ko:K01495
pfuw:KF707C_47310	ko:K07589
pfuw:KF707C_47320	ko:K09948
pfuw:KF707C_47340	ko:K22345
pfuw:KF707C_47350	ko:K06203
pfuw:KF707C_47380	ko:K16137
pfuw:KF707C_47390	ko:K00432
pfuw:KF707C_47400	ko:K03775
pfuw:KF707C_47420	ko:K00925
pfuw:KF707C_47430	ko:K13788
pfuw:KF707C_4750	ko:K02624
pfuw:KF707C_47500	ko:K01069
pfuw:KF707C_47510	ko:K03556
pfuw:KF707C_47570	ko:K05835
pfuw:KF707C_47580	ko:K00018
pfuw:KF707C_47590	ko:K00564
pfuw:KF707C_4760	ko:K01426
pfuw:KF707C_47600	ko:K11733
pfuw:KF707C_47610	ko:K23541
pfuw:KF707C_47650	ko:K03406
pfuw:KF707C_47710	ko:K07286
pfuw:KF707C_47730	ko:K00116
pfuw:KF707C_47760	ko:K03321
pfuw:KF707C_47780	ko:K00760
pfuw:KF707C_47800	ko:K00761
pfuw:KF707C_47810	ko:K02824
pfuw:KF707C_47830	ko:K01772
pfuw:KF707C_47840	ko:K07071
pfuw:KF707C_47860	ko:K18208
pfuw:KF707C_47890	ko:K22491
pfuw:KF707C_47900	ko:K01669
pfuw:KF707C_47930	ko:K06954
pfuw:KF707C_47940	ko:K09701
pfuw:KF707C_47950	ko:K00574
pfuw:KF707C_47970	ko:K07746
pfuw:KF707C_4800	ko:K07448
pfuw:KF707C_48060	ko:K12976
pfuw:KF707C_48070	ko:K01776
pfuw:KF707C_48080	ko:K21029
pfuw:KF707C_48090	ko:K02493
pfuw:KF707C_48100	ko:K02835
pfuw:KF707C_48110	ko:K02492
pfuw:KF707C_48130	ko:K02494
pfuw:KF707C_48140	ko:K00919
pfuw:KF707C_48150	ko:K02897
pfuw:KF707C_48160	ko:K01056
pfuw:KF707C_48170	ko:K06942
pfuw:KF707C_48180	ko:K21498
pfuw:KF707C_48190	ko:K07334
pfuw:KF707C_48220	ko:K02453
pfuw:KF707C_48330	ko:K07484
pfuw:KF707C_48340	ko:K07484
pfuw:KF707C_48360	ko:K07448
pfuw:KF707C_48390	ko:K09803
pfuw:KF707C_48400	ko:K18923
pfuw:KF707C_48410	ko:K19158
pfuw:KF707C_48420	ko:K19159
pfuw:KF707C_48430	ko:K21495
pfuw:KF707C_48470	ko:K05824
pfuw:KF707C_48490	ko:K01673
pfuw:KF707C_4850	ko:K07726
pfuw:KF707C_48500	ko:K03789
pfuw:KF707C_48520	ko:K01649
pfuw:KF707C_48580	ko:K06192
pfuw:KF707C_48590	ko:K03808
pfuw:KF707C_48600	ko:K03808
pfuw:KF707C_48610	ko:K17247
pfuw:KF707C_48620	ko:K07147
pfuw:KF707C_48630	ko:K17103
pfuw:KF707C_48640	ko:K00053
pfuw:KF707C_48650	ko:K02521
pfuw:KF707C_48660	ko:K01653
pfuw:KF707C_48670	ko:K01652
pfuw:KF707C_48710	ko:K05365
pfuw:KF707C_48720	ko:K07028
pfuw:KF707C_48760	ko:K10834
pfuw:KF707C_48770	ko:K25133
pfuw:KF707C_48780	ko:K25132
pfuw:KF707C_48810	ko:K06206
pfuw:KF707C_48830	ko:K06204
pfuw:KF707C_48840	ko:K01894
pfuw:KF707C_48870	ko:K07713
pfuw:KF707C_48880	ko:K00970
pfuw:KF707C_48890	ko:K00950
pfuw:KF707C_4890	ko:K03086
pfuw:KF707C_48900	ko:K00606
pfuw:KF707C_48910	ko:K01918
pfuw:KF707C_48920	ko:K01579
pfuw:KF707C_48930	ko:K01810
pfuw:KF707C_48950	ko:K01895
pfuw:KF707C_48970	ko:K00626
pfuw:KF707C_48980	ko:K06969
pfuw:KF707C_490	ko:K02275
pfuw:KF707C_4900	ko:K02316
pfuw:KF707C_49060	ko:K00962
pfuw:KF707C_49070	ko:K02956
pfuw:KF707C_49080	ko:K03177
pfuw:KF707C_49090	ko:K02834
pfuw:KF707C_4910	ko:K02970
pfuw:KF707C_49100	ko:K02519
pfuw:KF707C_49110	ko:K02600
pfuw:KF707C_49120	ko:K09748
pfuw:KF707C_49140	ko:K01803
pfuw:KF707C_49150	ko:K03431
pfuw:KF707C_49160	ko:K00796
pfuw:KF707C_49170	ko:K03798
pfuw:KF707C_49180	ko:K02427
pfuw:KF707C_49190	ko:K07574
pfuw:KF707C_4920	ko:K25706
pfuw:KF707C_49210	ko:K03624
pfuw:KF707C_49220	ko:K01955
pfuw:KF707C_49230	ko:K01956
pfuw:KF707C_49240	ko:K00215
pfuw:KF707C_49250	ko:K03686
pfuw:KF707C_49260	ko:K04043
pfuw:KF707C_49270	ko:K03687
pfuw:KF707C_49280	ko:K03631
pfuw:KF707C_49290	ko:K03711
pfuw:KF707C_4930	ko:K08591
pfuw:KF707C_49300	ko:K06186
pfuw:KF707C_49310	ko:K09801
pfuw:KF707C_49330	ko:K03664
pfuw:KF707C_49340	ko:K05799
pfuw:KF707C_49350	ko:K03303
pfuw:KF707C_49360	ko:K29125
pfuw:KF707C_49370	ko:K18930
pfuw:KF707C_4940	ko:K01633
pfuw:KF707C_49410	ko:K03566
pfuw:KF707C_49420	ko:K06995
pfuw:KF707C_49430	ko:K00108
pfuw:KF707C_49440	ko:K03457
pfuw:KF707C_49460	ko:K03614
pfuw:KF707C_49470	ko:K03615
pfuw:KF707C_49490	ko:K06940
pfuw:KF707C_4950	ko:K00950
pfuw:KF707C_49500	ko:K00481
pfuw:KF707C_49510	ko:K18954
pfuw:KF707C_49540	ko:K20199
pfuw:KF707C_49550	ko:K20200
pfuw:KF707C_49570	ko:K05797
pfuw:KF707C_49590	ko:K07126
pfuw:KF707C_4960	ko:K00974
pfuw:KF707C_49600	ko:K07126
pfuw:KF707C_49660	ko:K03704
pfuw:KF707C_49670	ko:K01674
pfuw:KF707C_49680	ko:K02471
pfuw:KF707C_49690	ko:K07486
pfuw:KF707C_4970	ko:K06415
pfuw:KF707C_49700	ko:K07714
pfuw:KF707C_49750	ko:K04335
pfuw:KF707C_49780	ko:K06214
pfuw:KF707C_49790	ko:K04338
pfuw:KF707C_4980	ko:K09786
pfuw:KF707C_49800	ko:K04337
pfuw:KF707C_49820	ko:K02456
pfuw:KF707C_49830	ko:K02456
pfuw:KF707C_49840	ko:K02453
pfuw:KF707C_49890	ko:K02454
pfuw:KF707C_4990	ko:K07180
pfuw:KF707C_49940	ko:K07152
pfuw:KF707C_49960	ko:K22349
pfuw:KF707C_49980	ko:K02456
pfuw:KF707C_49990	ko:K02455
pfuw:KF707C_500	ko:K02274
pfuw:KF707C_5000	ko:K02439
pfuw:KF707C_50010	ko:K07714
pfuw:KF707C_50020	ko:K07709
pfuw:KF707C_50050	ko:K03307
pfuw:KF707C_50070	ko:K00675
pfuw:KF707C_5010	ko:K01525
pfuw:KF707C_50100	ko:K06193
pfuw:KF707C_50120	ko:K03307
pfuw:KF707C_50130	ko:K18459
pfuw:KF707C_50180	ko:K07491
pfuw:KF707C_50190	ko:K00140
pfuw:KF707C_5020	ko:K06195
pfuw:KF707C_50200	ko:K21700
pfuw:KF707C_50210	ko:K00822
pfuw:KF707C_50220	ko:K21699
pfuw:KF707C_50230	ko:K09017
pfuw:KF707C_50260	ko:K23537
pfuw:KF707C_50270	ko:K23535
pfuw:KF707C_50280	ko:K23536
pfuw:KF707C_50290	ko:K07335
pfuw:KF707C_5030	ko:K02528
pfuw:KF707C_50310	ko:K21053
pfuw:KF707C_50320	ko:K07687
pfuw:KF707C_50330	ko:K07679
pfuw:KF707C_50340	ko:K21712
pfuw:KF707C_50360	ko:K21712
pfuw:KF707C_50390	ko:K02453
pfuw:KF707C_5040	ko:K00097
pfuw:KF707C_50400	ko:K02454
pfuw:KF707C_50410	ko:K02455
pfuw:KF707C_50420	ko:K02456
pfuw:KF707C_50430	ko:K02457
pfuw:KF707C_50440	ko:K02458
pfuw:KF707C_50450	ko:K02459
pfuw:KF707C_50460	ko:K02460
pfuw:KF707C_50470	ko:K02461
pfuw:KF707C_50480	ko:K02462
pfuw:KF707C_50490	ko:K09125
pfuw:KF707C_5050	ko:K03771
pfuw:KF707C_50550	ko:K07552
pfuw:KF707C_50560	ko:K18138
pfuw:KF707C_50570	ko:K03585
pfuw:KF707C_50580	ko:K18135
pfuw:KF707C_50590	ko:K07213
pfuw:KF707C_5060	ko:K04744
pfuw:KF707C_50610	ko:K17686
pfuw:KF707C_50620	ko:K19591
pfuw:KF707C_50630	ko:K15268
pfuw:KF707C_50640	ko:K18918
pfuw:KF707C_50650	ko:K03594
pfuw:KF707C_50660	ko:K07178
pfuw:KF707C_50680	ko:K00626
pfuw:KF707C_50690	ko:K00059
pfuw:KF707C_5070	ko:K07102
pfuw:KF707C_50740	ko:K06219
pfuw:KF707C_50780	ko:K19055
pfuw:KF707C_5080	ko:K00992
pfuw:KF707C_50820	ko:K07154
pfuw:KF707C_50880	ko:K03833
pfuw:KF707C_50890	ko:K01042
pfuw:KF707C_5090	ko:K05801
pfuw:KF707C_50900	ko:K02380
pfuw:KF707C_50910	ko:K00127
pfuw:KF707C_50920	ko:K00124
pfuw:KF707C_50930	ko:K00123
pfuw:KF707C_50940	ko:K00123
pfuw:KF707C_50950	ko:K00123
pfuw:KF707C_50960	ko:K09936
pfuw:KF707C_50970	ko:K21022
pfuw:KF707C_50980	ko:K03406
pfuw:KF707C_50990	ko:K05367
pfuw:KF707C_510	ko:K02258
pfuw:KF707C_51000	ko:K07491
pfuw:KF707C_51010	ko:K06894
pfuw:KF707C_51020	ko:K26937
pfuw:KF707C_51040	ko:K08983
pfuw:KF707C_51050	ko:K01585
pfuw:KF707C_51060	ko:K03113
pfuw:KF707C_51100	ko:K03406
pfuw:KF707C_51110	ko:K04084
pfuw:KF707C_51120	ko:K03786
pfuw:KF707C_51130	ko:K02160
pfuw:KF707C_51140	ko:K01961
pfuw:KF707C_51150	ko:K02687
pfuw:KF707C_51170	ko:K05540
pfuw:KF707C_51180	ko:K03557
pfuw:KF707C_51190	ko:K00602
pfuw:KF707C_51200	ko:K01945
pfuw:KF707C_51210	ko:K20972
pfuw:KF707C_51230	ko:K03636
pfuw:KF707C_51240	ko:K05595
pfuw:KF707C_51250	ko:K01457
pfuw:KF707C_51270	ko:K11959
pfuw:KF707C_51280	ko:K11960
pfuw:KF707C_51290	ko:K11961
pfuw:KF707C_5130	ko:K02052
pfuw:KF707C_51300	ko:K11962
pfuw:KF707C_51310	ko:K11963
pfuw:KF707C_51320	ko:K03190
pfuw:KF707C_51330	ko:K01430
pfuw:KF707C_51340	ko:K24217
pfuw:KF707C_51350	ko:K01429
pfuw:KF707C_51360	ko:K01428
pfuw:KF707C_5140	ko:K02055
pfuw:KF707C_51400	ko:K18923
pfuw:KF707C_51420	ko:K01003
pfuw:KF707C_51460	ko:K04046
pfuw:KF707C_51470	ko:K04064
pfuw:KF707C_51490	ko:K04064
pfuw:KF707C_5150	ko:K02054
pfuw:KF707C_51500	ko:K07290
pfuw:KF707C_51520	ko:K22105
pfuw:KF707C_51530	ko:K03187
pfuw:KF707C_51540	ko:K03188
pfuw:KF707C_51550	ko:K03189
pfuw:KF707C_51560	ko:K03192
pfuw:KF707C_51570	ko:K01126
pfuw:KF707C_51580	ko:K16066
pfuw:KF707C_5160	ko:K02053
pfuw:KF707C_51610	ko:K01996
pfuw:KF707C_51620	ko:K01995
pfuw:KF707C_51630	ko:K01998
pfuw:KF707C_51640	ko:K01997
pfuw:KF707C_51650	ko:K01999
pfuw:KF707C_51670	ko:K26065
pfuw:KF707C_51680	ko:K26061
pfuw:KF707C_51690	ko:K03566
pfuw:KF707C_51700	ko:K06600
pfuw:KF707C_51730	ko:K03826
pfuw:KF707C_51740	ko:K03442
pfuw:KF707C_5180	ko:K01783
pfuw:KF707C_51830	ko:K01775
pfuw:KF707C_51840	ko:K02314
pfuw:KF707C_51850	ko:K02939
pfuw:KF707C_51870	ko:K02963
pfuw:KF707C_51880	ko:K02990
pfuw:KF707C_51890	ko:K03218
pfuw:KF707C_5190	ko:K01091
pfuw:KF707C_51900	ko:K12573
pfuw:KF707C_51930	ko:K01939
pfuw:KF707C_51940	ko:K02502
pfuw:KF707C_51950	ko:K09937
pfuw:KF707C_51960	ko:K04087
pfuw:KF707C_51970	ko:K04088
pfuw:KF707C_51980	ko:K03665
pfuw:KF707C_51990	ko:K03666
pfuw:KF707C_520	ko:K02276
pfuw:KF707C_5200	ko:K01657
pfuw:KF707C_52000	ko:K00791
pfuw:KF707C_52010	ko:K03572
pfuw:KF707C_52020	ko:K01448
pfuw:KF707C_52030	ko:K06925
pfuw:KF707C_52040	ko:K23997
pfuw:KF707C_52050	ko:K18979
pfuw:KF707C_52060	ko:K13288
pfuw:KF707C_52070	ko:K06949
pfuw:KF707C_52080	ko:K02557
pfuw:KF707C_52090	ko:K02556
pfuw:KF707C_5210	ko:K01658
pfuw:KF707C_52110	ko:K01011
pfuw:KF707C_52120	ko:K01613
pfuw:KF707C_52130	ko:K23127
pfuw:KF707C_52140	ko:K21025
pfuw:KF707C_52150	ko:K01079
pfuw:KF707C_52170	ko:K09857
pfuw:KF707C_52180	ko:K02621
pfuw:KF707C_52190	ko:K06985
pfuw:KF707C_5220	ko:K00766
pfuw:KF707C_52210	ko:K02622
pfuw:KF707C_52220	ko:K07000
pfuw:KF707C_52230	ko:K03651
pfuw:KF707C_52240	ko:K09920
pfuw:KF707C_52250	ko:K01515
pfuw:KF707C_52270	ko:K03457
pfuw:KF707C_52280	ko:K03147
pfuw:KF707C_5230	ko:K01609
pfuw:KF707C_52300	ko:K12340
pfuw:KF707C_52320	ko:K02527
pfuw:KF707C_52340	ko:K03297
pfuw:KF707C_52380	ko:K19294
pfuw:KF707C_5240	ko:K10914
pfuw:KF707C_52410	ko:K03272
pfuw:KF707C_52440	ko:K11085
pfuw:KF707C_52450	ko:K02847
pfuw:KF707C_5250	ko:K07397
pfuw:KF707C_52500	ko:K00633
pfuw:KF707C_52510	ko:K12988
pfuw:KF707C_52540	ko:K00612
pfuw:KF707C_52580	ko:K02848
pfuw:KF707C_52590	ko:K02844
pfuw:KF707C_5260	ko:K01611
pfuw:KF707C_52600	ko:K02841
pfuw:KF707C_52610	ko:K02843
pfuw:KF707C_52620	ko:K00826
pfuw:KF707C_52630	ko:K00982
pfuw:KF707C_52640	ko:K00163
pfuw:KF707C_52650	ko:K00627
pfuw:KF707C_52670	ko:K07304
pfuw:KF707C_52690	ko:K07115
pfuw:KF707C_5270	ko:K06134
pfuw:KF707C_52720	ko:K11105
pfuw:KF707C_52730	ko:K05802
pfuw:KF707C_52740	ko:K08997
pfuw:KF707C_52750	ko:K25316
pfuw:KF707C_52770	ko:K03672
pfuw:KF707C_5280	ko:K02503
pfuw:KF707C_52800	ko:K03496
pfuw:KF707C_52810	ko:K01599
pfuw:KF707C_52820	ko:K00266
pfuw:KF707C_52830	ko:K00265
pfuw:KF707C_52850	ko:K03112
pfuw:KF707C_52860	ko:K01735
pfuw:KF707C_52880	ko:K00891
pfuw:KF707C_52890	ko:K02666
pfuw:KF707C_52900	ko:K02665
pfuw:KF707C_52910	ko:K02664
pfuw:KF707C_52920	ko:K02663
pfuw:KF707C_52930	ko:K02662
pfuw:KF707C_52940	ko:K05366
pfuw:KF707C_52950	ko:K00029
pfuw:KF707C_52980	ko:K02909
pfuw:KF707C_52990	ko:K04066
pfuw:KF707C_5300	ko:K07124
pfuw:KF707C_53000	ko:K01887
pfuw:KF707C_53020	ko:K01419
pfuw:KF707C_53030	ko:K03667
pfuw:KF707C_53050	ko:K03821
pfuw:KF707C_53060	ko:K22250
pfuw:KF707C_53080	ko:K03821
pfuw:KF707C_53130	ko:K03183
pfuw:KF707C_53140	ko:K03690
pfuw:KF707C_53150	ko:K03688
pfuw:KF707C_53160	ko:K01496
pfuw:KF707C_53170	ko:K01523
pfuw:KF707C_53180	ko:K03116
pfuw:KF707C_53190	ko:K03117
pfuw:KF707C_5320	ko:K00459
pfuw:KF707C_53200	ko:K03118
pfuw:KF707C_53230	ko:K02028
pfuw:KF707C_53240	ko:K02029
pfuw:KF707C_53250	ko:K02030
pfuw:KF707C_53260	ko:K07560
pfuw:KF707C_53270	ko:K01259
pfuw:KF707C_53290	ko:K01458
pfuw:KF707C_5330	ko:K08973
pfuw:KF707C_53300	ko:K01468
pfuw:KF707C_53310	ko:K07084
pfuw:KF707C_53330	ko:K01745
pfuw:KF707C_53340	ko:K02000
pfuw:KF707C_53350	ko:K02001
pfuw:KF707C_53360	ko:K02002
pfuw:KF707C_53370	ko:K01745
pfuw:KF707C_53380	ko:K01712
pfuw:KF707C_5340	ko:K00145
pfuw:KF707C_53410	ko:K02002
pfuw:KF707C_53420	ko:K09975
pfuw:KF707C_53430	ko:K05836
pfuw:KF707C_53440	ko:K05603
pfuw:KF707C_53450	ko:K03098
pfuw:KF707C_53480	ko:K03841
pfuw:KF707C_5350	ko:K15724
pfuw:KF707C_53530	ko:K06940
pfuw:KF707C_53550	ko:K09781
pfuw:KF707C_53570	ko:K19353
pfuw:KF707C_5360	ko:K09001
pfuw:KF707C_53600	ko:K15125
pfuw:KF707C_53610	ko:K07326
pfuw:KF707C_53620	ko:K06207
pfuw:KF707C_53630	ko:K03151
pfuw:KF707C_53640	ko:K01915
pfuw:KF707C_53670	ko:K07708
pfuw:KF707C_53680	ko:K07712
pfuw:KF707C_53710	ko:K03216
pfuw:KF707C_53720	ko:K03071
pfuw:KF707C_53730	ko:K03676
pfuw:KF707C_53750	ko:K15633
pfuw:KF707C_53760	ko:K22719
pfuw:KF707C_53770	ko:K03797
pfuw:KF707C_53780	ko:K09798
pfuw:KF707C_53790	ko:K02030
pfuw:KF707C_5380	ko:K01866
pfuw:KF707C_53800	ko:K02030
pfuw:KF707C_53810	ko:K02500
pfuw:KF707C_53820	ko:K01814
pfuw:KF707C_53840	ko:K02501
pfuw:KF707C_53850	ko:K01693
pfuw:KF707C_53870	ko:K07289
pfuw:KF707C_53880	ko:K03575
pfuw:KF707C_5390	ko:K03525
pfuw:KF707C_53900	ko:K23058
pfuw:KF707C_53910	ko:K23055
pfuw:KF707C_53920	ko:K23056
pfuw:KF707C_53930	ko:K23057
pfuw:KF707C_53960	ko:K04095
pfuw:KF707C_53980	ko:K01710
pfuw:KF707C_53990	ko:K00973
pfuw:KF707C_540	ko:K14998
pfuw:KF707C_5400	ko:K02358
pfuw:KF707C_54000	ko:K01790
pfuw:KF707C_54010	ko:K00067
pfuw:KF707C_54020	ko:K10125
pfuw:KF707C_54030	ko:K10126
pfuw:KF707C_54040	ko:K03758
pfuw:KF707C_54050	ko:K01478
pfuw:KF707C_54060	ko:K00611
pfuw:KF707C_54070	ko:K00926
pfuw:KF707C_54090	ko:K18473
pfuw:KF707C_5410	ko:K03073
pfuw:KF707C_54100	ko:K01082
pfuw:KF707C_54110	ko:K08312
pfuw:KF707C_54120	ko:K20881
pfuw:KF707C_54150	ko:K02379
pfuw:KF707C_54190	ko:K07862
pfuw:KF707C_5420	ko:K02601
pfuw:KF707C_54200	ko:K07107
pfuw:KF707C_54220	ko:K20035
pfuw:KF707C_54260	ko:K03654
pfuw:KF707C_54270	ko:K01610
pfuw:KF707C_54290	ko:K04083
pfuw:KF707C_5430	ko:K02867
pfuw:KF707C_54300	ko:K04762
pfuw:KF707C_54320	ko:K05844
pfuw:KF707C_54340	ko:K07638
pfuw:KF707C_54350	ko:K07659
pfuw:KF707C_54360	ko:K06959
pfuw:KF707C_54380	ko:K01919
pfuw:KF707C_54390	ko:K14682
pfuw:KF707C_5440	ko:K02863
pfuw:KF707C_54400	ko:K01438
pfuw:KF707C_54460	ko:K05800
pfuw:KF707C_54480	ko:K02454
pfuw:KF707C_5450	ko:K02864
pfuw:KF707C_54500	ko:K07340
pfuw:KF707C_54530	ko:K00281
pfuw:KF707C_54540	ko:K02437
pfuw:KF707C_54550	ko:K00605
pfuw:KF707C_54560	ko:K02011
pfuw:KF707C_54570	ko:K02012
pfuw:KF707C_54580	ko:K18800
pfuw:KF707C_54590	ko:K03185
pfuw:KF707C_5460	ko:K02935
pfuw:KF707C_54600	ko:K01262
pfuw:KF707C_54610	ko:K09895
pfuw:KF707C_54620	ko:K09892
pfuw:KF707C_54630	ko:K09888
pfuw:KF707C_54640	ko:K01934
pfuw:KF707C_54680	ko:K02415
pfuw:KF707C_54690	ko:K00344
pfuw:KF707C_5470	ko:K03043
pfuw:KF707C_54700	ko:K00523
pfuw:KF707C_54710	ko:K03182
pfuw:KF707C_54720	ko:K03628
pfuw:KF707C_54730	ko:K03671
pfuw:KF707C_54740	ko:K01524
pfuw:KF707C_54750	ko:K00937
pfuw:KF707C_54760	ko:K01698
pfuw:KF707C_5480	ko:K03046
pfuw:KF707C_54810	ko:K01073
pfuw:KF707C_54820	ko:K09768
pfuw:KF707C_54830	ko:K07243
pfuw:KF707C_54840	ko:K05834
pfuw:KF707C_54860	ko:K06158
pfuw:KF707C_54890	ko:K07740
pfuw:KF707C_5490	ko:K02992
pfuw:KF707C_54900	ko:K03611
pfuw:KF707C_54910	ko:K02498
pfuw:KF707C_54920	ko:K02496
pfuw:KF707C_54930	ko:K01719
pfuw:KF707C_54940	ko:K01749
pfuw:KF707C_54950	ko:K08083
pfuw:KF707C_54960	ko:K08082
pfuw:KF707C_54970	ko:K01755
pfuw:KF707C_5500	ko:K02355
pfuw:KF707C_55010	ko:K05851
pfuw:KF707C_55020	ko:K06140
pfuw:KF707C_55030	ko:K06202
pfuw:KF707C_55060	ko:K01586
pfuw:KF707C_55070	ko:K01778
pfuw:KF707C_55080	ko:K09921
pfuw:KF707C_55090	ko:K03733
pfuw:KF707C_5510	ko:K02358
pfuw:KF707C_55100	ko:K20862
pfuw:KF707C_55130	ko:K03320
pfuw:KF707C_55140	ko:K04752
pfuw:KF707C_55150	ko:K09806
pfuw:KF707C_5520	ko:K02946
pfuw:KF707C_55210	ko:K07644
pfuw:KF707C_55220	ko:K15725
pfuw:KF707C_55240	ko:K15727
pfuw:KF707C_55250	ko:K15726
pfuw:KF707C_55280	ko:K07709
pfuw:KF707C_55290	ko:K06196
pfuw:KF707C_5530	ko:K02906
pfuw:KF707C_55320	ko:K09796
pfuw:KF707C_55360	ko:K07497
pfuw:KF707C_55370	ko:K07483
pfuw:KF707C_5540	ko:K02926
pfuw:KF707C_55440	ko:K07497
pfuw:KF707C_55450	ko:K07391
pfuw:KF707C_55460	ko:K02168
pfuw:KF707C_55470	ko:K03566
pfuw:KF707C_55480	ko:K26939
pfuw:KF707C_5550	ko:K02892
pfuw:KF707C_55500	ko:K03656
pfuw:KF707C_55510	ko:K03816
pfuw:KF707C_55540	ko:K01775
pfuw:KF707C_55560	ko:K00285
pfuw:KF707C_55570	ko:K03719
pfuw:KF707C_55580	ko:K09471
pfuw:KF707C_5560	ko:K02886
pfuw:KF707C_55600	ko:K12254
pfuw:KF707C_55610	ko:K00822
pfuw:KF707C_55620	ko:K06995
pfuw:KF707C_55630	ko:K02913
pfuw:KF707C_55640	ko:K02902
pfuw:KF707C_55650	ko:K12368
pfuw:KF707C_55660	ko:K03630
pfuw:KF707C_55670	ko:K13038
pfuw:KF707C_55680	ko:K01520
pfuw:KF707C_55690	ko:K15778
pfuw:KF707C_5570	ko:K02965
pfuw:KF707C_55700	ko:K00930
pfuw:KF707C_55710	ko:K07107
pfuw:KF707C_55730	ko:K00762
pfuw:KF707C_55740	ko:K01142
pfuw:KF707C_55750	ko:K09940
pfuw:KF707C_55760	ko:K00989
pfuw:KF707C_55780	ko:K00942
pfuw:KF707C_55790	ko:K03060
pfuw:KF707C_5580	ko:K02890
pfuw:KF707C_55800	ko:K01139
pfuw:KF707C_55830	ko:K05835
pfuw:KF707C_55860	ko:K03561
pfuw:KF707C_55870	ko:K03559
pfuw:KF707C_55880	ko:K03832
pfuw:KF707C_55890	ko:K04761
pfuw:KF707C_5590	ko:K02982
pfuw:KF707C_55900	ko:K03655
pfuw:KF707C_55930	ko:K05787
pfuw:KF707C_55940	ko:K05297
pfuw:KF707C_55970	ko:K03181
pfuw:KF707C_55980	ko:K03179
pfuw:KF707C_560	ko:K02259
pfuw:KF707C_5600	ko:K02878
pfuw:KF707C_56000	ko:K07657
pfuw:KF707C_56010	ko:K07636
pfuw:KF707C_56020	ko:K03699
pfuw:KF707C_56050	ko:K02039
pfuw:KF707C_56060	ko:K02036
pfuw:KF707C_56070	ko:K02038
pfuw:KF707C_56080	ko:K02037
pfuw:KF707C_56090	ko:K02040
pfuw:KF707C_5610	ko:K02904
pfuw:KF707C_56100	ko:K03762
pfuw:KF707C_56110	ko:K10806
pfuw:KF707C_56120	ko:K02004
pfuw:KF707C_56130	ko:K02004
pfuw:KF707C_56140	ko:K02003
pfuw:KF707C_56150	ko:K02005
pfuw:KF707C_56160	ko:K11688
pfuw:KF707C_56170	ko:K11689
pfuw:KF707C_56180	ko:K11690
pfuw:KF707C_56190	ko:K01792
pfuw:KF707C_5620	ko:K02961
pfuw:KF707C_56200	ko:K09950
pfuw:KF707C_56220	ko:K01589
pfuw:KF707C_56230	ko:K01588
pfuw:KF707C_56250	ko:K21645
pfuw:KF707C_56260	ko:K01744
pfuw:KF707C_56280	ko:K00375
pfuw:KF707C_56290	ko:K07734
pfuw:KF707C_5630	ko:K02874
pfuw:KF707C_56340	ko:K03310
pfuw:KF707C_56350	ko:K01424
pfuw:KF707C_56370	ko:K01960
pfuw:KF707C_56380	ko:K01959
pfuw:KF707C_56390	ko:K21711
pfuw:KF707C_5640	ko:K02895
pfuw:KF707C_56430	ko:K02028
pfuw:KF707C_56440	ko:K02029
pfuw:KF707C_56450	ko:K02030
pfuw:KF707C_56460	ko:K02624
pfuw:KF707C_56480	ko:K19337
pfuw:KF707C_56490	ko:K00036
pfuw:KF707C_5650	ko:K02931
pfuw:KF707C_56500	ko:K08303
pfuw:KF707C_56520	ko:K03657
pfuw:KF707C_56530	ko:K14055
pfuw:KF707C_56570	ko:K19055
pfuw:KF707C_56590	ko:K26735
pfuw:KF707C_5660	ko:K02954
pfuw:KF707C_56610	ko:K01845
pfuw:KF707C_56620	ko:K01915
pfuw:KF707C_56650	ko:K09796
pfuw:KF707C_5670	ko:K02994
pfuw:KF707C_56700	ko:K10125
pfuw:KF707C_56710	ko:K10126
pfuw:KF707C_56730	ko:K03761
pfuw:KF707C_56780	ko:K06204
pfuw:KF707C_56790	ko:K09007
pfuw:KF707C_5680	ko:K02933
pfuw:KF707C_56800	ko:K00574
pfuw:KF707C_56810	ko:K00820
pfuw:KF707C_56830	ko:K04042
pfuw:KF707C_56840	ko:K02114
pfuw:KF707C_56850	ko:K02112
pfuw:KF707C_56860	ko:K02115
pfuw:KF707C_56870	ko:K02111
pfuw:KF707C_56880	ko:K02113
pfuw:KF707C_56890	ko:K02109
pfuw:KF707C_5690	ko:K02881
pfuw:KF707C_56900	ko:K02110
pfuw:KF707C_56910	ko:K02108
pfuw:KF707C_56920	ko:K02116
pfuw:KF707C_56930	ko:K03497
pfuw:KF707C_56940	ko:K03496
pfuw:KF707C_56950	ko:K03501
pfuw:KF707C_56960	ko:K03495
pfuw:KF707C_56970	ko:K03650
pfuw:KF707C_56980	ko:K03217
pfuw:KF707C_56990	ko:K08998
pfuw:KF707C_570	ko:K02257
pfuw:KF707C_5700	ko:K02988
pfuw:KF707C_57000	ko:K03536
pfuw:KF707C_57010	ko:K02914
pfuw:KF707C_5720	ko:K02876
pfuw:KF707C_5730	ko:K03076
pfuw:KF707C_5750	ko:K02952
pfuw:KF707C_5760	ko:K02948
pfuw:KF707C_5770	ko:K02986
pfuw:KF707C_5780	ko:K03040
pfuw:KF707C_5790	ko:K02879
pfuw:KF707C_580	ko:K07152
pfuw:KF707C_5800	ko:K03782
pfuw:KF707C_5810	ko:K03701
pfuw:KF707C_5830	ko:K03111
pfuw:KF707C_5840	ko:K01785
pfuw:KF707C_5870	ko:K11690
pfuw:KF707C_5880	ko:K11689
pfuw:KF707C_5890	ko:K11688
pfuw:KF707C_590	ko:K02073
pfuw:KF707C_5910	ko:K18981
pfuw:KF707C_5930	ko:K01707
pfuw:KF707C_5940	ko:K22187
pfuw:KF707C_5950	ko:K03535
pfuw:KF707C_5960	ko:K01708
pfuw:KF707C_5980	ko:K00986
pfuw:KF707C_600	ko:K02072
pfuw:KF707C_6010	ko:K02014
pfuw:KF707C_6020	ko:K07165
pfuw:KF707C_6030	ko:K23514
pfuw:KF707C_6050	ko:K13541
pfuw:KF707C_6060	ko:K03394
pfuw:KF707C_6070	ko:K06042
pfuw:KF707C_6080	ko:K02229
pfuw:KF707C_610	ko:K02071
pfuw:KF707C_6100	ko:K00595
pfuw:KF707C_6110	ko:K02188
pfuw:KF707C_6120	ko:K05895
pfuw:KF707C_6140	ko:K19164
pfuw:KF707C_6150	ko:K19163
pfuw:KF707C_6180	ko:K13580
pfuw:KF707C_6190	ko:K03405
pfuw:KF707C_6230	ko:K01626
pfuw:KF707C_6240	ko:K02230
pfuw:KF707C_6250	ko:K02234
pfuw:KF707C_6270	ko:K02189
pfuw:KF707C_6280	ko:K05936
pfuw:KF707C_6290	ko:K00067
pfuw:KF707C_6300	ko:K01784
pfuw:KF707C_6310	ko:K07275
pfuw:KF707C_6320	ko:K09950
pfuw:KF707C_6330	ko:K02004
pfuw:KF707C_6340	ko:K02003
pfuw:KF707C_6370	ko:K05838
pfuw:KF707C_6400	ko:K07738
pfuw:KF707C_6410	ko:K11752
pfuw:KF707C_6420	ko:K00793
pfuw:KF707C_6430	ko:K14652
pfuw:KF707C_6440	ko:K00794
pfuw:KF707C_6450	ko:K03625
pfuw:KF707C_6460	ko:K00946
pfuw:KF707C_6470	ko:K01095
pfuw:KF707C_6480	ko:K06985
pfuw:KF707C_6490	ko:K01497
pfuw:KF707C_650	ko:K09816
pfuw:KF707C_6510	ko:K06858
pfuw:KF707C_6520	ko:K01662
pfuw:KF707C_6550	ko:K01897
pfuw:KF707C_6590	ko:K05602
pfuw:KF707C_660	ko:K09817
pfuw:KF707C_6600	ko:K02012
pfuw:KF707C_6610	ko:K02011
pfuw:KF707C_6620	ko:K02010
pfuw:KF707C_6640	ko:K13789
pfuw:KF707C_6650	ko:K03602
pfuw:KF707C_6660	ko:K07090
pfuw:KF707C_6690	ko:K16249
pfuw:KF707C_670	ko:K09823
pfuw:KF707C_6700	ko:K16243
pfuw:KF707C_6710	ko:K16244
pfuw:KF707C_6720	ko:K16242
pfuw:KF707C_6730	ko:K16245
pfuw:KF707C_6740	ko:K16246
pfuw:KF707C_6760	ko:K06969
pfuw:KF707C_680	ko:K09815
pfuw:KF707C_6820	ko:K07316
pfuw:KF707C_6830	ko:K03655
pfuw:KF707C_6840	ko:K01156
pfuw:KF707C_6870	ko:K04043
pfuw:KF707C_6930	ko:K03630
pfuw:KF707C_6990	ko:K01507
pfuw:KF707C_70	ko:K00655
pfuw:KF707C_700	ko:K00525
pfuw:KF707C_7000	ko:K09933
pfuw:KF707C_7010	ko:K03975
pfuw:KF707C_7040	ko:K03736
pfuw:KF707C_7050	ko:K03735
pfuw:KF707C_7060	ko:K16238
pfuw:KF707C_7080	ko:K00138
pfuw:KF707C_7090	ko:K21405
pfuw:KF707C_7100	ko:K05306
pfuw:KF707C_7120	ko:K03430
pfuw:KF707C_7160	ko:K11103
pfuw:KF707C_7170	ko:K02558
pfuw:KF707C_7180	ko:K03186
pfuw:KF707C_720	ko:K02204
pfuw:KF707C_7250	ko:K06518
pfuw:KF707C_7270	ko:K07157
pfuw:KF707C_7290	ko:K03652
pfuw:KF707C_7300	ko:K00147
pfuw:KF707C_7310	ko:K00969
pfuw:KF707C_7320	ko:K09710
pfuw:KF707C_7330	ko:K00783
pfuw:KF707C_7340	ko:K05515
pfuw:KF707C_7350	ko:K05837
pfuw:KF707C_7360	ko:K08305
pfuw:KF707C_7370	ko:K03642
pfuw:KF707C_7380	ko:K07258
pfuw:KF707C_7390	ko:K09158
pfuw:KF707C_740	ko:K02335
pfuw:KF707C_7400	ko:K03801
pfuw:KF707C_7410	ko:K03644
pfuw:KF707C_7420	ko:K08305
pfuw:KF707C_7430	ko:K02340
pfuw:KF707C_7440	ko:K03643
pfuw:KF707C_7450	ko:K01869
pfuw:KF707C_7490	ko:K03820
pfuw:KF707C_750	ko:K03978
pfuw:KF707C_7500	ko:K06189
pfuw:KF707C_7510	ko:K07042
pfuw:KF707C_7520	ko:K06217
pfuw:KF707C_7530	ko:K06168
pfuw:KF707C_7550	ko:K07126
pfuw:KF707C_7560	ko:K01845
pfuw:KF707C_7570	ko:K00788
pfuw:KF707C_7580	ko:K00941
pfuw:KF707C_7590	ko:K20971
pfuw:KF707C_7610	ko:K09456
pfuw:KF707C_7630	ko:K01241
pfuw:KF707C_7650	ko:K06181
pfuw:KF707C_7670	ko:K03719
pfuw:KF707C_7680	ko:K13283
pfuw:KF707C_7700	ko:K03579
pfuw:KF707C_7730	ko:K02030
pfuw:KF707C_7760	ko:K02030
pfuw:KF707C_7780	ko:K02342
pfuw:KF707C_7790	ko:K03719
pfuw:KF707C_780	ko:K03673
pfuw:KF707C_7810	ko:K11927
pfuw:KF707C_7830	ko:K11072
pfuw:KF707C_7840	ko:K11069
pfuw:KF707C_7850	ko:K11071
pfuw:KF707C_7860	ko:K11070
pfuw:KF707C_7870	ko:K00130
pfuw:KF707C_7940	ko:K10805
pfuw:KF707C_7970	ko:K07054
pfuw:KF707C_7980	ko:K06998
pfuw:KF707C_80	ko:K03273
pfuw:KF707C_800	ko:K13590
pfuw:KF707C_8010	ko:K00557
pfuw:KF707C_8020	ko:K06901
pfuw:KF707C_8030	ko:K03152
pfuw:KF707C_8080	ko:K07402
pfuw:KF707C_8090	ko:K07141
pfuw:KF707C_810	ko:K25656
pfuw:KF707C_8100	ko:K00425
pfuw:KF707C_8110	ko:K00426
pfuw:KF707C_8130	ko:K11391
pfuw:KF707C_8140	ko:K00528
pfuw:KF707C_8150	ko:K05020
pfuw:KF707C_8160	ko:K06978
pfuw:KF707C_8170	ko:K00381
pfuw:KF707C_8210	ko:K03282
pfuw:KF707C_8220	ko:K09794
pfuw:KF707C_8230	ko:K09794
pfuw:KF707C_8240	ko:K04485
pfuw:KF707C_8260	ko:K00600
pfuw:KF707C_8280	ko:K06020
pfuw:KF707C_830	ko:K11066
pfuw:KF707C_8300	ko:K00262
pfuw:KF707C_8320	ko:K02168
pfuw:KF707C_8330	ko:K14415
pfuw:KF707C_8350	ko:K06204
pfuw:KF707C_840	ko:K11383
pfuw:KF707C_8400	ko:K03773
pfuw:KF707C_8420	ko:K02523
pfuw:KF707C_8430	ko:K02888
pfuw:KF707C_8440	ko:K02899
pfuw:KF707C_8450	ko:K03979
pfuw:KF707C_8460	ko:K00931
pfuw:KF707C_8470	ko:K05805
pfuw:KF707C_8480	ko:K02968
pfuw:KF707C_8490	ko:K03980
pfuw:KF707C_850	ko:K11384
pfuw:KF707C_8500	ko:K11753
pfuw:KF707C_8510	ko:K01870
pfuw:KF707C_8520	ko:K03101
pfuw:KF707C_8530	ko:K03774
pfuw:KF707C_8540	ko:K09803
pfuw:KF707C_8560	ko:K03527
pfuw:KF707C_8570	ko:K02655
pfuw:KF707C_8580	ko:K02674
pfuw:KF707C_8600	ko:K02672
pfuw:KF707C_8610	ko:K02671
pfuw:KF707C_8620	ko:K08084
pfuw:KF707C_8630	ko:K03153
pfuw:KF707C_8650	ko:K02667
pfuw:KF707C_8660	ko:K02668
pfuw:KF707C_8670	ko:K06950
pfuw:KF707C_8680	ko:K01950
pfuw:KF707C_8690	ko:K05807
pfuw:KF707C_8700	ko:K06180
pfuw:KF707C_8710	ko:K05810
pfuw:KF707C_8730	ko:K03695
pfuw:KF707C_8760	ko:K02030
pfuw:KF707C_8770	ko:K03885
pfuw:KF707C_8800	ko:K22477
pfuw:KF707C_8840	ko:K09862
pfuw:KF707C_8850	ko:K00859
pfuw:KF707C_8860	ko:K02654
pfuw:KF707C_8870	ko:K02653
pfuw:KF707C_8880	ko:K02652
pfuw:KF707C_8890	ko:K02650
pfuw:KF707C_890	ko:K03776
pfuw:KF707C_8930	ko:K00767
pfuw:KF707C_8960	ko:K03806
pfuw:KF707C_8970	ko:K03807
pfuw:KF707C_8980	ko:K03406
pfuw:KF707C_8990	ko:K03424
pfuw:KF707C_90	ko:K01879
pfuw:KF707C_9000	ko:K12252
pfuw:KF707C_9000	ko:K02028
pfuw:KF707C_9010	ko:K02030
pfuw:KF707C_9020	ko:K02029
pfuw:KF707C_9030	ko:K02029
pfuw:KF707C_9050	ko:K06987
pfuw:KF707C_9080	ko:K02837
pfuw:KF707C_9100	ko:K01581
pfuw:KF707C_9110	ko:K16090
pfuw:KF707C_9120	ko:K07336
pfuw:KF707C_9130	ko:K16422
pfuw:KF707C_9150	ko:K16090
pfuw:KF707C_9160	ko:K00380
pfuw:KF707C_9170	ko:K07160
pfuw:KF707C_9180	ko:K23123
pfuw:KF707C_9190	ko:K23124
pfuw:KF707C_920	ko:K03324
pfuw:KF707C_9200	ko:K12372
pfuw:KF707C_9210	ko:K12371
pfuw:KF707C_9220	ko:K12370
pfuw:KF707C_9230	ko:K12369
pfuw:KF707C_9240	ko:K12368
pfuw:KF707C_9280	ko:K12368
pfuw:KF707C_9300	ko:K12368
pfuw:KF707C_9320	ko:K15011
pfuw:KF707C_9330	ko:K15012
pfuw:KF707C_9350	ko:K24180
pfuw:KF707C_9360	ko:K01607
pfuw:KF707C_9370	ko:K03642
pfuw:KF707C_9380	ko:K02434
pfuw:KF707C_9390	ko:K02433
pfuw:KF707C_940	ko:K03300
pfuw:KF707C_9400	ko:K02435
pfuw:KF707C_9410	ko:K03569
pfuw:KF707C_9420	ko:K03570
pfuw:KF707C_9430	ko:K03571
pfuw:KF707C_9440	ko:K06287
pfuw:KF707C_9450	ko:K08301
pfuw:KF707C_9470	ko:K11206
pfuw:KF707C_9480	ko:K03568
pfuw:KF707C_9490	ko:K09889
pfuw:KF707C_950	ko:K13936
pfuw:KF707C_9500	ko:K03592
pfuw:KF707C_9510	ko:K08485
pfuw:KF707C_9520	ko:K06958
pfuw:KF707C_9530	ko:K02806
pfuw:KF707C_9540	ko:K05808
pfuw:KF707C_9550	ko:K03092
pfuw:KF707C_9560	ko:K06861
pfuw:KF707C_9570	ko:K09774
pfuw:KF707C_9580	ko:K11719
pfuw:KF707C_9590	ko:K03270
pfuw:KF707C_9600	ko:K06041
pfuw:KF707C_9620	ko:K02065
pfuw:KF707C_9630	ko:K02066
pfuw:KF707C_9640	ko:K02067
pfuw:KF707C_9650	ko:K07323
pfuw:KF707C_9660	ko:K07122
pfuw:KF707C_9680	ko:K00790
pfuw:KF707C_9690	ko:K00765
pfuw:KF707C_9700	ko:K00013
pfuw:KF707C_9710	ko:K00817
pfuw:KF707C_9720	ko:K04691
pfuw:KF707C_9740	ko:K00957
pfuw:KF707C_9750	ko:K00955
pfuw:KF707C_9760	ko:K09908
pfuw:KF707C_9770	ko:K07018
pfuw:KF707C_9780	ko:K01867
pfuw:KF707C_9790	ko:K06916
pfuw:KF707C_9810	ko:K00255
pfuw:KF707C_9830	ko:K02871
pfuw:KF707C_9840	ko:K02996
pfuw:KF707C_9850	ko:K00411
pfuw:KF707C_9860	ko:K00412
pfuw:KF707C_9870	ko:K00413
pfuw:KF707C_9880	ko:K03599
pfuw:KF707C_9890	ko:K03600
pfuw:KF707C_9900	ko:K28369
pfuw:KF707C_9910	ko:K03271
pfuw:KF707C_9920	ko:K07460
pfuw:KF707C_9930	ko:K07121
pfuw:KF707C_9940	ko:K07056
pfuw:KF707C_9950	ko:K03925
pfuw:KF707C_9960	ko:K03438
pfuw:KF707C_9970	ko:K03586
pfuw:KF707C_9980	ko:K03587
pfuw:KF707C_9990	ko:K01928
pfuw:KF707C_p120	ko:K20527
pfuw:KF707C_p130	ko:K20528
pfuw:KF707C_p140	ko:K20529
pfuw:KF707C_p150	ko:K20530
pfuw:KF707C_p160	ko:K20531
pfuw:KF707C_p170	ko:K20532
pfuw:KF707C_p180	ko:K20267
pfuw:KF707C_p190	ko:K20533
pfuw:KF707C_p20	ko:K20532
pfuw:KF707C_p200	ko:K20266
pfuw:KF707C_p220	ko:K07344
pfuw:KF707C_p250	ko:K06919
pfuw:KF707C_p270	ko:K03168
pfuw:KF707C_p400	ko:K07726
pfuw:KF707C_p410	ko:K03497
pfuw:KF707C_p420	ko:K03496
pfuw:KF707C_r10	ko:K01977
pfuw:KF707C_r100	ko:K14227
pfuw:KF707C_r110	ko:K01980
pfuw:KF707C_r120	ko:K01985
pfuw:KF707C_r130	ko:K01977
pfuw:KF707C_r140	ko:K01980
pfuw:KF707C_r150	ko:K01985
pfuw:KF707C_r20	ko:K01980
pfuw:KF707C_r30	ko:K01985
pfuw:KF707C_r40	ko:K01977
pfuw:KF707C_r50	ko:K01980
pfuw:KF707C_r60	ko:K01985
pfuw:KF707C_r70	ko:K14223
pfuw:KF707C_r80	ko:K01985
pfuw:KF707C_r90	ko:K01980
pfuw:KF707C_t10	ko:K14227
pfuw:KF707C_t100	ko:K14218
pfuw:KF707C_t110	ko:K14227
pfuw:KF707C_t120	ko:K14218
pfuw:KF707C_t130	ko:K14219
pfuw:KF707C_t140	ko:K14230
pfuw:KF707C_t150	ko:K01977
pfuw:KF707C_t160	ko:K14227
pfuw:KF707C_t170	ko:K14218
pfuw:KF707C_t180	ko:K14236
pfuw:KF707C_t190	ko:K14225
pfuw:KF707C_t20	ko:K14235
pfuw:KF707C_t200	ko:K14234
pfuw:KF707C_t210	ko:K14220
pfuw:KF707C_t220	ko:K14232
pfuw:KF707C_t230	ko:K14229
pfuw:KF707C_t240	ko:K14234
pfuw:KF707C_t250	ko:K14228
pfuw:KF707C_t260	ko:K14237
pfuw:KF707C_t270	ko:K14221
pfuw:KF707C_t280	ko:K14237
pfuw:KF707C_t290	ko:K14221
pfuw:KF707C_t30	ko:K14219
pfuw:KF707C_t300	ko:K14233
pfuw:KF707C_t310	ko:K14219
pfuw:KF707C_t330	ko:K14219
pfuw:KF707C_t340	ko:K14225
pfuw:KF707C_t350	ko:K14219
pfuw:KF707C_t360	ko:K14226
pfuw:KF707C_t370	ko:K14228
pfuw:KF707C_t380	ko:K14226
pfuw:KF707C_t390	ko:K14237
pfuw:KF707C_t40	ko:K14227
pfuw:KF707C_t400	ko:K14232
pfuw:KF707C_t410	ko:K14218
pfuw:KF707C_t420	ko:K14224
pfuw:KF707C_t430	ko:K14225
pfuw:KF707C_t440	ko:K14225
pfuw:KF707C_t450	ko:K14224
pfuw:KF707C_t460	ko:K14225
pfuw:KF707C_t470	ko:K14233
pfuw:KF707C_t480	ko:K14225
pfuw:KF707C_t490	ko:K14222
pfuw:KF707C_t50	ko:K14233
pfuw:KF707C_t500	ko:K14228
pfuw:KF707C_t510	ko:K14232
pfuw:KF707C_t520	ko:K14221
pfuw:KF707C_t530	ko:K14221
pfuw:KF707C_t540	ko:K14237
pfuw:KF707C_t550	ko:K14224
pfuw:KF707C_t560	ko:K14218
pfuw:KF707C_t570	ko:K14224
pfuw:KF707C_t580	ko:K14218
pfuw:KF707C_t590	ko:K14224
pfuw:KF707C_t60	ko:K14224
pfuw:KF707C_t600	ko:K14218
pfuw:KF707C_t610	ko:K14218
pfuw:KF707C_t620	ko:K14220
pfuw:KF707C_t630	ko:K14233
pfuw:KF707C_t640	ko:K14229
pfuw:KF707C_t650	ko:K14230
pfuw:KF707C_t660	ko:K14230
pfuw:KF707C_t670	ko:K14223
pfuw:KF707C_t680	ko:K14230
pfuw:KF707C_t690	ko:K14218
pfuw:KF707C_t70	ko:K14227
pfuw:KF707C_t700	ko:K14230
pfuw:KF707C_t710	ko:K14228
pfuw:KF707C_t720	ko:K14228
pfuw:KF707C_t730	ko:K14228
pfuw:KF707C_t80	ko:K14231
pfuw:KF707C_t90	ko:K14234
