prov:ABE954_00005	ko:K02313
prov:ABE954_00010	ko:K02338
prov:ABE954_00015	ko:K03629
prov:ABE954_00020	ko:K02470
prov:ABE954_00030	ko:K00133
prov:ABE954_00035	ko:K08163
prov:ABE954_00045	ko:K02919
prov:ABE954_00050	ko:K02909
prov:ABE954_00055	ko:K15349
prov:ABE954_00060	ko:K28207
prov:ABE954_00085	ko:K01434
prov:ABE954_00100	ko:K08167
prov:ABE954_00115	ko:K07497
prov:ABE954_00125	ko:K18589
prov:ABE954_00175	ko:K00820
prov:ABE954_00180	ko:K04042
prov:ABE954_00185	ko:K02114
prov:ABE954_00190	ko:K02112
prov:ABE954_00195	ko:K02115
prov:ABE954_00200	ko:K02111
prov:ABE954_00205	ko:K02113
prov:ABE954_00210	ko:K02109
prov:ABE954_00215	ko:K02110
prov:ABE954_00220	ko:K02108
prov:ABE954_00225	ko:K02116
prov:ABE954_00230	ko:K03501
prov:ABE954_00235	ko:K03495
prov:ABE954_00240	ko:K06205
prov:ABE954_00245	ko:K03718
prov:ABE954_00250	ko:K01914
prov:ABE954_00260	ko:K03924
prov:ABE954_00265	ko:K00135
prov:ABE954_00270	ko:K06726
prov:ABE954_00275	ko:K10441
prov:ABE954_00280	ko:K10440
prov:ABE954_00285	ko:K10439
prov:ABE954_00290	ko:K00852
prov:ABE954_00295	ko:K02529
prov:ABE954_00310	ko:K01977
prov:ABE954_00315	ko:K14227
prov:ABE954_00320	ko:K14218
prov:ABE954_00325	ko:K01980
prov:ABE954_00330	ko:K01985
prov:ABE954_00345	ko:K14393
prov:ABE954_00355	ko:K01895
prov:ABE954_00360	ko:K04564
prov:ABE954_00380	ko:K06911
prov:ABE954_00395	ko:K10530
prov:ABE954_00400	ko:K00059
prov:ABE954_00405	ko:K01867
prov:ABE954_00410	ko:K01091
prov:ABE954_00415	ko:K01783
prov:ABE954_00420	ko:K06223
prov:ABE954_00425	ko:K03112
prov:ABE954_00430	ko:K01735
prov:ABE954_00435	ko:K00891
prov:ABE954_00440	ko:K02507
prov:ABE954_00450	ko:K02663
prov:ABE954_00455	ko:K12288
prov:ABE954_00460	ko:K05366
prov:ABE954_00465	ko:K08312
prov:ABE954_00475	ko:K04762
prov:ABE954_00480	ko:K04083
prov:ABE954_00485	ko:K01610
prov:ABE954_00490	ko:K06911
prov:ABE954_00500	ko:K14979
prov:ABE954_00520	ko:K15345
prov:ABE954_00535	ko:K15344
prov:ABE954_00545	ko:K03221
prov:ABE954_00555	ko:K23661
prov:ABE954_00560	ko:K03222
prov:ABE954_00570	ko:K03223
prov:ABE954_00585	ko:K03230
prov:ABE954_00590	ko:K03224
prov:ABE954_00605	ko:K03225
prov:ABE954_00615	ko:K03229
prov:ABE954_00620	ko:K03228
prov:ABE954_00625	ko:K03227
prov:ABE954_00630	ko:K03226
prov:ABE954_00640	ko:K22512
prov:ABE954_00645	ko:K03220
prov:ABE954_00650	ko:K03219
prov:ABE954_00680	ko:K16322
prov:ABE954_00685	ko:K06144
prov:ABE954_00690	ko:K06149
prov:ABE954_00695	ko:K00262
prov:ABE954_00700	ko:K15984
prov:ABE954_00705	ko:K01414
prov:ABE954_00710	ko:K14238
prov:ABE954_00720	ko:K07480
prov:ABE954_00740	ko:K12518
prov:ABE954_00745	ko:K12519
prov:ABE954_00790	ko:K12519
prov:ABE954_00795	ko:K12518
prov:ABE954_00815	ko:K14762
prov:ABE954_00820	ko:K07357
prov:ABE954_00840	ko:K12518
prov:ABE954_00845	ko:K12519
prov:ABE954_00865	ko:K09912
prov:ABE954_00870	ko:K06177
prov:ABE954_00880	ko:K07345
prov:ABE954_00890	ko:K07346
prov:ABE954_00905	ko:K07346
prov:ABE954_00910	ko:K07346
prov:ABE954_00915	ko:K07347
prov:ABE954_00930	ko:K02791
prov:ABE954_00945	ko:K07322
prov:ABE954_00955	ko:K12266
prov:ABE954_00965	ko:K03543
prov:ABE954_00970	ko:K03446
prov:ABE954_00975	ko:K03468
prov:ABE954_01020	ko:K22505
prov:ABE954_01025	ko:K22487
prov:ABE954_01045	ko:K22504
prov:ABE954_01050	ko:K22511
prov:ABE954_01055	ko:K03230
prov:ABE954_01060	ko:K22512
prov:ABE954_01065	ko:K22506
prov:ABE954_01080	ko:K03225
prov:ABE954_01085	ko:K22507
prov:ABE954_01090	ko:K22508
prov:ABE954_01095	ko:K22509
prov:ABE954_01100	ko:K22510
prov:ABE954_01110	ko:K13285
prov:ABE954_01120	ko:K13287
prov:ABE954_01130	ko:K02078
prov:ABE954_01135	ko:K08173
prov:ABE954_01140	ko:K02529
prov:ABE954_01155	ko:K00926
prov:ABE954_01160	ko:K06901
prov:ABE954_01180	ko:K06867
prov:ABE954_01195	ko:K16089
prov:ABE954_01200	ko:K03543
prov:ABE954_01205	ko:K03446
prov:ABE954_01210	ko:K02617
prov:ABE954_01215	ko:K02616
prov:ABE954_01220	ko:K01912
prov:ABE954_01225	ko:K02615
prov:ABE954_01230	ko:K02614
prov:ABE954_01235	ko:K00074
prov:ABE954_01240	ko:K15866
prov:ABE954_01245	ko:K01692
prov:ABE954_01250	ko:K02613
prov:ABE954_01255	ko:K02612
prov:ABE954_01260	ko:K02611
prov:ABE954_01265	ko:K02610
prov:ABE954_01270	ko:K02609
prov:ABE954_01275	ko:K02618
prov:ABE954_01290	ko:K01669
prov:ABE954_01295	ko:K03762
prov:ABE954_01305	ko:K00156
prov:ABE954_01320	ko:K01247
prov:ABE954_01350	ko:K00111
prov:ABE954_01355	ko:K02444
prov:ABE954_01360	ko:K02441
prov:ABE954_01365	ko:K02439
prov:ABE954_01370	ko:K07400
prov:ABE954_01380	ko:K02170
prov:ABE954_01385	ko:K07490
prov:ABE954_01390	ko:K04759
prov:ABE954_01395	ko:K04758
prov:ABE954_01400	ko:K06959
prov:ABE954_01405	ko:K04760
prov:ABE954_01410	ko:K07659
prov:ABE954_01415	ko:K07638
prov:ABE954_01420	ko:K02040
prov:ABE954_01425	ko:K02037
prov:ABE954_01430	ko:K02038
prov:ABE954_01435	ko:K02036
prov:ABE954_01440	ko:K02039
prov:ABE954_01445	ko:K02030
prov:ABE954_01450	ko:K02029
prov:ABE954_01455	ko:K02029
prov:ABE954_01460	ko:K06901
prov:ABE954_01465	ko:K09894
prov:ABE954_01470	ko:K02495
prov:ABE954_01475	ko:K01467
prov:ABE954_01480	ko:K17850
prov:ABE954_01495	ko:K07345
prov:ABE954_01505	ko:K07349
prov:ABE954_01510	ko:K07349
prov:ABE954_01515	ko:K07345
prov:ABE954_01520	ko:K07347
prov:ABE954_01525	ko:K07346
prov:ABE954_01530	ko:K07345
prov:ABE954_01535	ko:K07712
prov:ABE954_01540	ko:K07708
prov:ABE954_01545	ko:K01915
prov:ABE954_01565	ko:K06207
prov:ABE954_01570	ko:K12942
prov:ABE954_01575	ko:K12941
prov:ABE954_01580	ko:K12940
prov:ABE954_01585	ko:K14057
prov:ABE954_01590	ko:K20866
prov:ABE954_01595	ko:K07560
prov:ABE954_01610	ko:K16345
prov:ABE954_01615	ko:K03312
prov:ABE954_01620	ko:K03655
prov:ABE954_01625	ko:K00556
prov:ABE954_01630	ko:K01139
prov:ABE954_01635	ko:K03060
prov:ABE954_01640	ko:K00942
prov:ABE954_01645	ko:K01972
prov:ABE954_01665	ko:K07085
prov:ABE954_01670	ko:K00835
prov:ABE954_01675	ko:K01246
prov:ABE954_01680	ko:K01878
prov:ABE954_01685	ko:K01879
prov:ABE954_01690	ko:K14232
prov:ABE954_01700	ko:K12368
prov:ABE954_01705	ko:K12369
prov:ABE954_01710	ko:K12370
prov:ABE954_01715	ko:K12371
prov:ABE954_01720	ko:K12372
prov:ABE954_01745	ko:K00459
prov:ABE954_01750	ko:K07058
prov:ABE954_01760	ko:K07115
prov:ABE954_01765	ko:K00383
prov:ABE954_01770	ko:K00799
prov:ABE954_01780	ko:K07267
prov:ABE954_01785	ko:K01223
prov:ABE954_01790	ko:K02757
prov:ABE954_01795	ko:K03488
prov:ABE954_01800	ko:K03753
prov:ABE954_01805	ko:K03752
prov:ABE954_01810	ko:K09896
prov:ABE954_01820	ko:K03673
prov:ABE954_01825	ko:K02335
prov:ABE954_01830	ko:K03978
prov:ABE954_01835	ko:K03767
prov:ABE954_01840	ko:K01664
prov:ABE954_01845	ko:K00821
prov:ABE954_01860	ko:K10914
prov:ABE954_01865	ko:K07397
prov:ABE954_01870	ko:K28462
prov:ABE954_01875	ko:K09898
prov:ABE954_01880	ko:K07019
prov:ABE954_01890	ko:K11192
prov:ABE954_01895	ko:K07106
prov:ABE954_01900	ko:K15835
prov:ABE954_01905	ko:K01584
prov:ABE954_01910	ko:K06158
prov:ABE954_01915	ko:K11748
prov:ABE954_01920	ko:K11747
prov:ABE954_01925	ko:K07070
prov:ABE954_01930	ko:K03775
prov:ABE954_01935	ko:K03745
prov:ABE954_01940	ko:K03772
prov:ABE954_01950	ko:K07235
prov:ABE954_01955	ko:K07236
prov:ABE954_01960	ko:K07237
prov:ABE954_01965	ko:K02950
prov:ABE954_01970	ko:K02992
prov:ABE954_01975	ko:K02355
prov:ABE954_01990	ko:K03073
prov:ABE954_01995	ko:K02601
prov:ABE954_02000	ko:K02867
prov:ABE954_02005	ko:K02863
prov:ABE954_02010	ko:K02864
prov:ABE954_02015	ko:K02935
prov:ABE954_02020	ko:K03043
prov:ABE954_02025	ko:K03046
prov:ABE954_02035	ko:K03326
prov:ABE954_02040	ko:K01258
prov:ABE954_02045	ko:K07497
prov:ABE954_02055	ko:K03150
prov:ABE954_02060	ko:K03149
prov:ABE954_02065	ko:K03154
prov:ABE954_02070	ko:K03148
prov:ABE954_02075	ko:K00788
prov:ABE954_02080	ko:K03147
prov:ABE954_02100	ko:K02052
prov:ABE954_02105	ko:K02053
prov:ABE954_02110	ko:K02054
prov:ABE954_02120	ko:K02055
prov:ABE954_02125	ko:K03426
prov:ABE954_02130	ko:K01599
prov:ABE954_02135	ko:K05982
prov:ABE954_02140	ko:K09891
prov:ABE954_02145	ko:K05787
prov:ABE954_02155	ko:K01945
prov:ABE954_02160	ko:K00602
prov:ABE954_02165	ko:K01977
prov:ABE954_02170	ko:K14224
prov:ABE954_02175	ko:K01980
prov:ABE954_02180	ko:K01985
prov:ABE954_02185	ko:K00651
prov:ABE954_02190	ko:K01638
prov:ABE954_02195	ko:K01637
prov:ABE954_02200	ko:K00906
prov:ABE954_02205	ko:K01625
prov:ABE954_02210	ko:K01690
prov:ABE954_02225	ko:K11066
prov:ABE954_02230	ko:K13641
prov:ABE954_02235	ko:K00548
prov:ABE954_02245	ko:K07126
prov:ABE954_02250	ko:K00928
prov:ABE954_02260	ko:K01810
prov:ABE954_02265	ko:K03181
prov:ABE954_02270	ko:K03179
prov:ABE954_02275	ko:K00631
prov:ABE954_02280	ko:K00901
prov:ABE954_02285	ko:K01356
prov:ABE954_02290	ko:K09823
prov:ABE954_02300	ko:K12518
prov:ABE954_02305	ko:K12519
prov:ABE954_02340	ko:K02014
prov:ABE954_02345	ko:K03813
prov:ABE954_02355	ko:K02013
prov:ABE954_02360	ko:K02015
prov:ABE954_02365	ko:K02016
prov:ABE954_02370	ko:K06145
prov:ABE954_02375	ko:K00851
prov:ABE954_02380	ko:K06156
prov:ABE954_02390	ko:K09795
prov:ABE954_02400	ko:K03796
prov:ABE954_02430	ko:K03565
prov:ABE954_02435	ko:K03326
prov:ABE954_02440	ko:K03837
prov:ABE954_02445	ko:K01740
prov:ABE954_02450	ko:K07264
prov:ABE954_02455	ko:K19157
prov:ABE954_02460	ko:K18307
prov:ABE954_02465	ko:K18306
prov:ABE954_02470	ko:K18305
prov:ABE954_02475	ko:K13639
prov:ABE954_02495	ko:K01475
prov:ABE954_02515	ko:K00179
prov:ABE954_02520	ko:K00180
prov:ABE954_02525	ko:K01075
prov:ABE954_02530	ko:K09461
prov:ABE954_02535	ko:K00450
prov:ABE954_02545	ko:K01501
prov:ABE954_02550	ko:K01799
prov:ABE954_02560	ko:K24163
prov:ABE954_02595	ko:K23349
prov:ABE954_02600	ko:K15977
prov:ABE954_02605	ko:K07074
prov:ABE954_02610	ko:K14415
prov:ABE954_02620	ko:K14414
prov:ABE954_02640	ko:K00784
prov:ABE954_02645	ko:K11534
prov:ABE954_02650	ko:K01619
prov:ABE954_02655	ko:K28747
prov:ABE954_02660	ko:K02429
prov:ABE954_02675	ko:K16052
prov:ABE954_02680	ko:K01581
prov:ABE954_02685	ko:K25589
prov:ABE954_02695	ko:K05602
prov:ABE954_02700	ko:K09925
prov:ABE954_02710	ko:K05539
prov:ABE954_02715	ko:K00344
prov:ABE954_02720	ko:K02314
prov:ABE954_02725	ko:K01775
prov:ABE954_02730	ko:K00832
prov:ABE954_02735	ko:K03701
prov:ABE954_02740	ko:K03111
prov:ABE954_02765	ko:K01652
prov:ABE954_02770	ko:K01653
prov:ABE954_02785	ko:K07090
prov:ABE954_02800	ko:K06901
prov:ABE954_02805	ko:K24163
prov:ABE954_02815	ko:K03576
prov:ABE954_02820	ko:K00549
prov:ABE954_02825	ko:K03929
prov:ABE954_02835	ko:K08319
prov:ABE954_02840	ko:K21948
prov:ABE954_02845	ko:K22130
prov:ABE954_02850	ko:K22131
prov:ABE954_02860	ko:K22025
prov:ABE954_02865	ko:K03299
prov:ABE954_02870	ko:K00757
prov:ABE954_02885	ko:K09760
prov:ABE954_02890	ko:K03183
prov:ABE954_02895	ko:K03690
prov:ABE954_02900	ko:K03688
prov:ABE954_02905	ko:K03116
prov:ABE954_02910	ko:K03117
prov:ABE954_02915	ko:K03118
prov:ABE954_02920	ko:K05785
prov:ABE954_02925	ko:K05995
prov:ABE954_02930	ko:K03182
prov:ABE954_02935	ko:K05368
prov:ABE954_02940	ko:K00632
prov:ABE954_02945	ko:K01825
prov:ABE954_02950	ko:K01271
prov:ABE954_02960	ko:K03498
prov:ABE954_02965	ko:K00230
prov:ABE954_02970	ko:K01977
prov:ABE954_02975	ko:K14224
prov:ABE954_02980	ko:K01980
prov:ABE954_02985	ko:K01985
prov:ABE954_02990	ko:K01745
prov:ABE954_02995	ko:K01823
prov:ABE954_03000	ko:K07684
prov:ABE954_03005	ko:K07673
prov:ABE954_03010	ko:K09781
prov:ABE954_03015	ko:K19354
prov:ABE954_03020	ko:K25589
prov:ABE954_03030	ko:K09471
prov:ABE954_03035	ko:K06995
prov:ABE954_03040	ko:K00146
prov:ABE954_03070	ko:K01077
prov:ABE954_03085	ko:K00564
prov:ABE954_03090	ko:K02344
prov:ABE954_03095	ko:K03789
prov:ABE954_03100	ko:K05020
prov:ABE954_03105	ko:K22443
prov:ABE954_03110	ko:K00135
prov:ABE954_03115	ko:K22444
prov:ABE954_03125	ko:K16135
prov:ABE954_03130	ko:K07246
prov:ABE954_03135	ko:K02837
prov:ABE954_03140	ko:K04065
prov:ABE954_03150	ko:K03424
prov:ABE954_03155	ko:K03317
prov:ABE954_03160	ko:K01619
prov:ABE954_03165	ko:K00758
prov:ABE954_03170	ko:K01839
prov:ABE954_03175	ko:K03784
prov:ABE954_03180	ko:K03825
prov:ABE954_03210	ko:K18589
prov:ABE954_03220	ko:K18975
prov:ABE954_03225	ko:K18974
prov:ABE954_03235	ko:K07240
prov:ABE954_03245	ko:K19276
prov:ABE954_03255	ko:K18817
prov:ABE954_03265	ko:K18320
prov:ABE954_03300	ko:K18974
prov:ABE954_03305	ko:K18975
prov:ABE954_03310	ko:K21288
prov:ABE954_03315	ko:K19278
prov:ABE954_03345	ko:K18320
prov:ABE954_03350	ko:K19272
prov:ABE954_03355	ko:K18320
prov:ABE954_03365	ko:K06979
prov:ABE954_03370	ko:K18231
prov:ABE954_03375	ko:K18320
prov:ABE954_03380	ko:K03776
prov:ABE954_03405	ko:K07263
prov:ABE954_03410	ko:K02471
prov:ABE954_03420	ko:K07165
prov:ABE954_03430	ko:K03832
prov:ABE954_03435	ko:K07186
prov:ABE954_03440	ko:K01079
prov:ABE954_03445	ko:K04485
prov:ABE954_03450	ko:K06211
prov:ABE954_03455	ko:K06020
prov:ABE954_03460	ko:K08309
prov:ABE954_03465	ko:K03720
prov:ABE954_03470	ko:K01529
prov:ABE954_03475	ko:K15634
prov:ABE954_03480	ko:K05804
prov:ABE954_03485	ko:K05805
prov:ABE954_03490	ko:K07773
prov:ABE954_03495	ko:K08278
prov:ABE954_03500	ko:K12524
prov:ABE954_03505	ko:K00872
prov:ABE954_03510	ko:K01733
prov:ABE954_03520	ko:K07644
prov:ABE954_03525	ko:K07665
prov:ABE954_03530	ko:K07796
prov:ABE954_03535	ko:K07810
prov:ABE954_03540	ko:K07798
prov:ABE954_03545	ko:K07787
prov:ABE954_03555	ko:K19265
prov:ABE954_03560	ko:K09861
prov:ABE954_03565	ko:K00616
prov:ABE954_03570	ko:K03831
prov:ABE954_03575	ko:K07034
prov:ABE954_03580	ko:K04043
prov:ABE954_03585	ko:K03686
prov:ABE954_03590	ko:K12960
prov:ABE954_03600	ko:K03313
prov:ABE954_03605	ko:K03717
prov:ABE954_03610	ko:K02968
prov:ABE954_03615	ko:K11753
prov:ABE954_03620	ko:K01870
prov:ABE954_03625	ko:K03101
prov:ABE954_03630	ko:K03774
prov:ABE954_03635	ko:K03527
prov:ABE954_03640	ko:K00215
prov:ABE954_03645	ko:K01956
prov:ABE954_03650	ko:K01955
prov:ABE954_03665	ko:K01760
prov:ABE954_03670	ko:K03561
prov:ABE954_03675	ko:K03559
prov:ABE954_03680	ko:K07112
prov:ABE954_03690	ko:K00657
prov:ABE954_03695	ko:K03554
prov:ABE954_03700	ko:K00847
prov:ABE954_03705	ko:K01119
prov:ABE954_03715	ko:K07078
prov:ABE954_03720	ko:K03546
prov:ABE954_03725	ko:K03547
prov:ABE954_03730	ko:K07657
prov:ABE954_03735	ko:K07636
prov:ABE954_03740	ko:K03311
prov:ABE954_03745	ko:K00681
prov:ABE954_03755	ko:K03386
prov:ABE954_03760	ko:K08682
prov:ABE954_03765	ko:K07568
prov:ABE954_03770	ko:K00773
prov:ABE954_03775	ko:K03210
prov:ABE954_03780	ko:K03072
prov:ABE954_03785	ko:K03074
prov:ABE954_03790	ko:K07738
prov:ABE954_03795	ko:K11752
prov:ABE954_03800	ko:K00794
prov:ABE954_03805	ko:K03625
prov:ABE954_03810	ko:K00946
prov:ABE954_03815	ko:K01095
prov:ABE954_03825	ko:K03855
prov:ABE954_03830	ko:K00313
prov:ABE954_03835	ko:K03522
prov:ABE954_03840	ko:K03521
prov:ABE954_03845	ko:K05245
prov:ABE954_03850	ko:K08297
prov:ABE954_03855	ko:K08298
prov:ABE954_03860	ko:K02182
prov:ABE954_03865	ko:K08299
prov:ABE954_03870	ko:K08279
prov:ABE954_03880	ko:K08277
prov:ABE954_03885	ko:K01662
prov:ABE954_03890	ko:K00795
prov:ABE954_03895	ko:K03602
prov:ABE954_03900	ko:K03151
prov:ABE954_03905	ko:K18922
prov:ABE954_03910	ko:K03152
prov:ABE954_03915	ko:K00077
prov:ABE954_03920	ko:K09767
prov:ABE954_03930	ko:K02257
prov:ABE954_03935	ko:K02300
prov:ABE954_03940	ko:K02299
prov:ABE954_03945	ko:K02298
prov:ABE954_03950	ko:K02297
prov:ABE954_03960	ko:K08218
prov:ABE954_03965	ko:K07286
prov:ABE954_03970	ko:K05527
prov:ABE954_03975	ko:K03545
prov:ABE954_03980	ko:K01358
prov:ABE954_03985	ko:K03544
prov:ABE954_03990	ko:K01338
prov:ABE954_03995	ko:K03530
prov:ABE954_04000	ko:K03770
prov:ABE954_04005	ko:K02237
prov:ABE954_04010	ko:K12500
prov:ABE954_04015	ko:K06920
prov:ABE954_04020	ko:K05800
prov:ABE954_04025	ko:K18889
prov:ABE954_04030	ko:K18890
prov:ABE954_04035	ko:K04752
prov:ABE954_04045	ko:K10805
prov:ABE954_04050	ko:K09914
prov:ABE954_04055	ko:K01983
prov:ABE954_04060	ko:K05839
prov:ABE954_04065	ko:K19162
prov:ABE954_04070	ko:K08307
prov:ABE954_04075	ko:K01069
prov:ABE954_04085	ko:K03469
prov:ABE954_04090	ko:K02342
prov:ABE954_04095	ko:K14221
prov:ABE954_04105	ko:K21964
prov:ABE954_04110	ko:K21965
prov:ABE954_04115	ko:K21966
prov:ABE954_04120	ko:K21967
prov:ABE954_04125	ko:K21968
prov:ABE954_04130	ko:K00615
prov:ABE954_04135	ko:K03472
prov:ABE954_04140	ko:K00927
prov:ABE954_04145	ko:K01624
prov:ABE954_04155	ko:K03312
prov:ABE954_04160	ko:K01480
prov:ABE954_04175	ko:K06867
prov:ABE954_04185	ko:K03449
prov:ABE954_04195	ko:K03744
prov:ABE954_04205	ko:K03744
prov:ABE954_04210	ko:K00484
prov:ABE954_04215	ko:K00483
prov:ABE954_04220	ko:K02508
prov:ABE954_04225	ko:K02511
prov:ABE954_04230	ko:K02510
prov:ABE954_04235	ko:K02509
prov:ABE954_04240	ko:K00135
prov:ABE954_04245	ko:K07552
prov:ABE954_04250	ko:K01826
prov:ABE954_04255	ko:K00455
prov:ABE954_04260	ko:K00151
prov:ABE954_04265	ko:K05921
prov:ABE954_04270	ko:K05921
prov:ABE954_04280	ko:K07326
prov:ABE954_04285	ko:K15125
prov:ABE954_04300	ko:K02168
prov:ABE954_04325	ko:K19353
prov:ABE954_04330	ko:K10716
prov:ABE954_04335	ko:K02193
prov:ABE954_04340	ko:K02194
prov:ABE954_04350	ko:K15125
prov:ABE954_04375	ko:K03671
prov:ABE954_04385	ko:K02529
prov:ABE954_04390	ko:K10440
prov:ABE954_04395	ko:K10441
prov:ABE954_04400	ko:K10439
prov:ABE954_04405	ko:K23271
prov:ABE954_04410	ko:K07791
prov:ABE954_04415	ko:K01779
prov:ABE954_04420	ko:K21645
prov:ABE954_04425	ko:K03320
prov:ABE954_04430	ko:K02035
prov:ABE954_04435	ko:K02033
prov:ABE954_04440	ko:K02034
prov:ABE954_04445	ko:K02031
prov:ABE954_04450	ko:K01430
prov:ABE954_04455	ko:K01429
prov:ABE954_04460	ko:K01428
prov:ABE954_04465	ko:K03187
prov:ABE954_04470	ko:K03188
prov:ABE954_04475	ko:K03189
prov:ABE954_04480	ko:K03190
prov:ABE954_04485	ko:K08717
prov:ABE954_04490	ko:K10716
prov:ABE954_04500	ko:K02032
prov:ABE954_04505	ko:K06199
prov:ABE954_04510	ko:K06199
prov:ABE954_04520	ko:K14231
prov:ABE954_04525	ko:K08306
prov:ABE954_04535	ko:K03575
prov:ABE954_04540	ko:K03439
prov:ABE954_04545	ko:K09923
prov:ABE954_04550	ko:K01425
prov:ABE954_04560	ko:K25282
prov:ABE954_04570	ko:K01519
prov:ABE954_04575	ko:K02221
prov:ABE954_04580	ko:K00286
prov:ABE954_04585	ko:K06997
prov:ABE954_04595	ko:K11537
prov:ABE954_04600	ko:K01251
prov:ABE954_04605	ko:K01119
prov:ABE954_04610	ko:K07447
prov:ABE954_04615	ko:K07735
prov:ABE954_04620	ko:K01920
prov:ABE954_04625	ko:K09761
prov:ABE954_04635	ko:K07396
prov:ABE954_04655	ko:K01586
prov:ABE954_04660	ko:K06445
prov:ABE954_04665	ko:K03271
prov:ABE954_04675	ko:K28919
prov:ABE954_04680	ko:K00346
prov:ABE954_04685	ko:K00347
prov:ABE954_04690	ko:K00348
prov:ABE954_04695	ko:K00349
prov:ABE954_04700	ko:K00350
prov:ABE954_04705	ko:K00351
prov:ABE954_04710	ko:K03734
prov:ABE954_04715	ko:K05952
prov:ABE954_04730	ko:K02346
prov:ABE954_04735	ko:K01270
prov:ABE954_04740	ko:K00769
prov:ABE954_04745	ko:K11750
prov:ABE954_04750	ko:K11926
prov:ABE954_04755	ko:K00931
prov:ABE954_04760	ko:K00147
prov:ABE954_04765	ko:K00891
prov:ABE954_04770	ko:K05939
prov:ABE954_04775	ko:K08227
prov:ABE954_04780	ko:K03743
prov:ABE954_04785	ko:K03553
prov:ABE954_04790	ko:K01872
prov:ABE954_04795	ko:K03563
prov:ABE954_04800	ko:K14233
prov:ABE954_04805	ko:K14219
prov:ABE954_04810	ko:K14219
prov:ABE954_04815	ko:K14219
prov:ABE954_04820	ko:K01919
prov:ABE954_04825	ko:K07173
prov:ABE954_04830	ko:K03699
prov:ABE954_04840	ko:K03106
prov:ABE954_04845	ko:K02959
prov:ABE954_04850	ko:K02860
prov:ABE954_04855	ko:K00554
prov:ABE954_04860	ko:K02884
prov:ABE954_04865	ko:K01626
prov:ABE954_04870	ko:K14187
prov:ABE954_04875	ko:K05875
prov:ABE954_04880	ko:K14170
prov:ABE954_04885	ko:K05809
prov:ABE954_04890	ko:K05807
prov:ABE954_04895	ko:K06180
prov:ABE954_04900	ko:K05810
prov:ABE954_04905	ko:K03695
prov:ABE954_04910	ko:K01977
prov:ABE954_04915	ko:K14227
prov:ABE954_04920	ko:K14218
prov:ABE954_04925	ko:K01980
prov:ABE954_04930	ko:K01985
prov:ABE954_04940	ko:K09974
prov:ABE954_04945	ko:K17218
prov:ABE954_04955	ko:K01761
prov:ABE954_04960	ko:K16234
prov:ABE954_04965	ko:K10026
prov:ABE954_04970	ko:K08996
prov:ABE954_04975	ko:K01737
prov:ABE954_04980	ko:K00380
prov:ABE954_04985	ko:K00381
prov:ABE954_04990	ko:K00390
prov:ABE954_04995	ko:K02302
prov:ABE954_05000	ko:K00957
prov:ABE954_05005	ko:K00956
prov:ABE954_05010	ko:K00860
prov:ABE954_05015	ko:K05589
prov:ABE954_05020	ko:K00991
prov:ABE954_05025	ko:K01770
prov:ABE954_05030	ko:K06176
prov:ABE954_05045	ko:K03787
prov:ABE954_05050	ko:K00573
prov:ABE954_05055	ko:K06194
prov:ABE954_05060	ko:K03087
prov:ABE954_05065	ko:K06169
prov:ABE954_05070	ko:K03555
prov:ABE954_05110	ko:K07141
prov:ABE954_05115	ko:K07402
prov:ABE954_05125	ko:K00285
prov:ABE954_05135	ko:K03312
prov:ABE954_05140	ko:K01576
prov:ABE954_05155	ko:K06901
prov:ABE954_05160	ko:K01486
prov:ABE954_05180	ko:K16301
prov:ABE954_05185	ko:K07224
prov:ABE954_05190	ko:K07243
prov:ABE954_05200	ko:K07230
prov:ABE954_05210	ko:K14441
prov:ABE954_05230	ko:K01193
prov:ABE954_05235	ko:K00847
prov:ABE954_05240	ko:K05786
prov:ABE954_05245	ko:K08289
prov:ABE954_05250	ko:K07347
prov:ABE954_05270	ko:K07346
prov:ABE954_05275	ko:K07345
prov:ABE954_05285	ko:K23676
prov:ABE954_05300	ko:K26607
prov:ABE954_05305	ko:K26937
prov:ABE954_05310	ko:K03340
prov:ABE954_05340	ko:K07120
prov:ABE954_05495	ko:K07126
prov:ABE954_05595	ko:K00760
prov:ABE954_05605	ko:K01673
prov:ABE954_05610	ko:K01990
prov:ABE954_05615	ko:K01992
prov:ABE954_05620	ko:K07345
prov:ABE954_05625	ko:K07346
prov:ABE954_05630	ko:K07347
prov:ABE954_05640	ko:K07349
prov:ABE954_05645	ko:K07345
prov:ABE954_05650	ko:K01579
prov:ABE954_05655	ko:K01918
prov:ABE954_05660	ko:K00606
prov:ABE954_05665	ko:K00950
prov:ABE954_05670	ko:K00970
prov:ABE954_05675	ko:K06204
prov:ABE954_05680	ko:K06206
prov:ABE954_05685	ko:K03579
prov:ABE954_05690	ko:K05365
prov:ABE954_05695	ko:K01845
prov:ABE954_05700	ko:K15724
prov:ABE954_05705	ko:K06858
prov:ABE954_05710	ko:K01243
prov:ABE954_05715	ko:K01129
prov:ABE954_05720	ko:K03215
prov:ABE954_05725	ko:K00951
prov:ABE954_05735	ko:K04765
prov:ABE954_05740	ko:K01937
prov:ABE954_05745	ko:K01689
prov:ABE954_05750	ko:K19615
prov:ABE954_05755	ko:K14445
prov:ABE954_05765	ko:K19615
prov:ABE954_05770	ko:K18138
prov:ABE954_05775	ko:K03585
prov:ABE954_05780	ko:K03577
prov:ABE954_05785	ko:K06039
prov:ABE954_05790	ko:K05802
prov:ABE954_05800	ko:K04067
prov:ABE954_05805	ko:K00759
prov:ABE954_05810	ko:K02343
prov:ABE954_05815	ko:K09747
prov:ABE954_05820	ko:K06187
prov:ABE954_05825	ko:K04079
prov:ABE954_05830	ko:K00939
prov:ABE954_05835	ko:K01772
prov:ABE954_05845	ko:K00892
prov:ABE954_05850	ko:K04023
prov:ABE954_05855	ko:K00864
prov:ABE954_05860	ko:K00111
prov:ABE954_05870	ko:K02444
prov:ABE954_05885	ko:K26735
prov:ABE954_05890	ko:K08223
prov:ABE954_05895	ko:K11751
prov:ABE954_05905	ko:K03976
prov:ABE954_05910	ko:K09973
prov:ABE954_05915	ko:K21908
prov:ABE954_05920	ko:K17686
prov:ABE954_05925	ko:K19591
prov:ABE954_05930	ko:K07340
prov:ABE954_05940	ko:K05838
prov:ABE954_05950	ko:K10804
prov:ABE954_05955	ko:K02003
prov:ABE954_05960	ko:K02004
prov:ABE954_05975	ko:K01589
prov:ABE954_05980	ko:K01588
prov:ABE954_05985	ko:K03269
prov:ABE954_05990	ko:K03768
prov:ABE954_05995	ko:K01883
prov:ABE954_06000	ko:K02770
prov:ABE954_06005	ko:K00882
prov:ABE954_06010	ko:K11183
prov:ABE954_06015	ko:K14761
prov:ABE954_06020	ko:K01491
prov:ABE954_06025	ko:K14219
prov:ABE954_06040	ko:K07733
prov:ABE954_06115	ko:K06919
prov:ABE954_06205	ko:K01424
prov:ABE954_06210	ko:K12940
prov:ABE954_06215	ko:K03326
prov:ABE954_06220	ko:K03298
prov:ABE954_06255	ko:K17840
prov:ABE954_06275	ko:K05595
prov:ABE954_06310	ko:K03892
prov:ABE954_06320	ko:K01551
prov:ABE954_06325	ko:K03893
prov:ABE954_06330	ko:K00537
prov:ABE954_06340	ko:K08302
prov:ABE954_06350	ko:K01130
prov:ABE954_06355	ko:K24118
prov:ABE954_06360	ko:K02081
prov:ABE954_06365	ko:K16371
prov:ABE954_06370	ko:K02082
prov:ABE954_06375	ko:K02745
prov:ABE954_06380	ko:K02746
prov:ABE954_06385	ko:K02747
prov:ABE954_06390	ko:K02744
prov:ABE954_06395	ko:K02079
prov:ABE954_06400	ko:K01815
prov:ABE954_06405	ko:K00065
prov:ABE954_06415	ko:K22110
prov:ABE954_06425	ko:K16087
prov:ABE954_06450	ko:K00574
prov:ABE954_06455	ko:K01485
prov:ABE954_06460	ko:K10974
prov:ABE954_06475	ko:K05591
prov:ABE954_06480	ko:K01758
prov:ABE954_06490	ko:K05396
prov:ABE954_06495	ko:K01760
prov:ABE954_06505	ko:K23349
prov:ABE954_06510	ko:K03832
prov:ABE954_06535	ko:K04046
prov:ABE954_06545	ko:K04018
prov:ABE954_06550	ko:K04016
prov:ABE954_06555	ko:K04015
prov:ABE954_06560	ko:K04014
prov:ABE954_06565	ko:K04013
prov:ABE954_06570	ko:K03385
prov:ABE954_06575	ko:K02572
prov:ABE954_06580	ko:K02570
prov:ABE954_06585	ko:K02567
prov:ABE954_06590	ko:K02573
prov:ABE954_06595	ko:K02574
prov:ABE954_06600	ko:K02568
prov:ABE954_06605	ko:K02569
prov:ABE954_06610	ko:K02195
prov:ABE954_06615	ko:K02196
prov:ABE954_06620	ko:K02197
prov:ABE954_06625	ko:K02198
prov:ABE954_06630	ko:K02199
prov:ABE954_06635	ko:K02200
prov:ABE954_06645	ko:K02014
prov:ABE954_06650	ko:K05804
prov:ABE954_06670	ko:K00140
prov:ABE954_06675	ko:K03336
prov:ABE954_06680	ko:K00010
prov:ABE954_06685	ko:K06609
prov:ABE954_06700	ko:K03338
prov:ABE954_06705	ko:K03335
prov:ABE954_06710	ko:K03337
prov:ABE954_06715	ko:K07118
prov:ABE954_06725	ko:K13934
prov:ABE954_06730	ko:K00799
prov:ABE954_06755	ko:K16868
prov:ABE954_06760	ko:K03281
prov:ABE954_06765	ko:K05601
prov:ABE954_06770	ko:K11933
prov:ABE954_06780	ko:K06213
prov:ABE954_06785	ko:K02742
prov:ABE954_06790	ko:K22042
prov:ABE954_06795	ko:K07112
prov:ABE954_06800	ko:K07112
prov:ABE954_06805	ko:K00789
prov:ABE954_06810	ko:K01585
prov:ABE954_06815	ko:K01480
prov:ABE954_06825	ko:K03366
prov:ABE954_06845	ko:K03573
prov:ABE954_06850	ko:K11925
prov:ABE954_06855	ko:K01704
prov:ABE954_06860	ko:K01703
prov:ABE954_06865	ko:K00052
prov:ABE954_06870	ko:K01649
prov:ABE954_06875	ko:K05798
prov:ABE954_06880	ko:K01897
prov:ABE954_06885	ko:K01652
prov:ABE954_06890	ko:K01653
prov:ABE954_06895	ko:K03435
prov:ABE954_06900	ko:K03925
prov:ABE954_06905	ko:K03438
prov:ABE954_06910	ko:K03586
prov:ABE954_06915	ko:K03587
prov:ABE954_06920	ko:K01928
prov:ABE954_06925	ko:K01929
prov:ABE954_06930	ko:K01000
prov:ABE954_06935	ko:K01925
prov:ABE954_06940	ko:K03588
prov:ABE954_06945	ko:K02563
prov:ABE954_06950	ko:K01924
prov:ABE954_06955	ko:K01921
prov:ABE954_06960	ko:K03589
prov:ABE954_06965	ko:K03590
prov:ABE954_06970	ko:K03531
prov:ABE954_06975	ko:K02535
prov:ABE954_06985	ko:K13301
prov:ABE954_06990	ko:K03070
prov:ABE954_06995	ko:K03574
prov:ABE954_07000	ko:K09862
prov:ABE954_07005	ko:K18778
prov:ABE954_07010	ko:K00859
prov:ABE954_07015	ko:K02505
prov:ABE954_07020	ko:K02504
prov:ABE954_07025	ko:K02682
prov:ABE954_07030	ko:K03806
prov:ABE954_07035	ko:K00767
prov:ABE954_07040	ko:K05799
prov:ABE954_07045	ko:K00163
prov:ABE954_07050	ko:K00627
prov:ABE954_07055	ko:K00382
prov:ABE954_07060	ko:K01682
prov:ABE954_07070	ko:K09910
prov:ABE954_07075	ko:K03442
prov:ABE954_07080	ko:K06895
prov:ABE954_07085	ko:K09807
prov:ABE954_07090	ko:K05596
prov:ABE954_07095	ko:K01807
prov:ABE954_07100	ko:K00058
prov:ABE954_07105	ko:K01934
prov:ABE954_07110	ko:K28358
prov:ABE954_07115	ko:K09888
prov:ABE954_07120	ko:K09895
prov:ABE954_07125	ko:K01262
prov:ABE954_07130	ko:K03185
prov:ABE954_07135	ko:K18800
prov:ABE954_07140	ko:K00605
prov:ABE954_07145	ko:K02437
prov:ABE954_07150	ko:K00281
prov:ABE954_07165	ko:K06980
prov:ABE954_07170	ko:K09159
prov:ABE954_07175	ko:K19168
prov:ABE954_07180	ko:K03840
prov:ABE954_07185	ko:K04763
prov:ABE954_07190	ko:K03981
prov:ABE954_07195	ko:K07462
prov:ABE954_07200	ko:K02836
prov:ABE954_07205	ko:K04567
prov:ABE954_07220	ko:K20968
prov:ABE954_07230	ko:K09794
prov:ABE954_07235	ko:K08276
prov:ABE954_07240	ko:K11932
prov:ABE954_07250	ko:K01785
prov:ABE954_07255	ko:K01720
prov:ABE954_07260	ko:K01659
prov:ABE954_07265	ko:K03417
prov:ABE954_07270	ko:K02688
prov:ABE954_07275	ko:K08219
prov:ABE954_07295	ko:K23239
prov:ABE954_07300	ko:K00121
prov:ABE954_07305	ko:K01070
prov:ABE954_07320	ko:K10834
prov:ABE954_07325	ko:K25133
prov:ABE954_07330	ko:K25132
prov:ABE954_07335	ko:K07225
prov:ABE954_07340	ko:K16087
prov:ABE954_07360	ko:K07783
prov:ABE954_07370	ko:K05995
prov:ABE954_07380	ko:K28868
prov:ABE954_07390	ko:K01784
prov:ABE954_07395	ko:K00965
prov:ABE954_07400	ko:K00849
prov:ABE954_07405	ko:K01785
prov:ABE954_07410	ko:K02529
prov:ABE954_07415	ko:K03307
prov:ABE954_07425	ko:K17837
prov:ABE954_07480	ko:K01185
prov:ABE954_07490	ko:K14744
prov:ABE954_07585	ko:K12519
prov:ABE954_07590	ko:K12518
prov:ABE954_07615	ko:K00432
prov:ABE954_07630	ko:K00121
prov:ABE954_07675	ko:K07270
prov:ABE954_07720	ko:K06946
prov:ABE954_07735	ko:K01154
prov:ABE954_07740	ko:K03427
prov:ABE954_07750	ko:K01153
prov:ABE954_07770	ko:K07733
prov:ABE954_07805	ko:K15035
prov:ABE954_07810	ko:K03664
prov:ABE954_07820	ko:K09801
prov:ABE954_07825	ko:K06186
prov:ABE954_07830	ko:K03631
prov:ABE954_07835	ko:K00858
prov:ABE954_07840	ko:K03687
prov:ABE954_07845	ko:K03648
prov:ABE954_07850	ko:K06866
prov:ABE954_07860	ko:K05590
prov:ABE954_07865	ko:K03312
prov:ABE954_07870	ko:K01479
prov:ABE954_07880	ko:K15460
prov:ABE954_07885	ko:K00278
prov:ABE954_07890	ko:K03088
prov:ABE954_07895	ko:K03597
prov:ABE954_07900	ko:K03598
prov:ABE954_07905	ko:K03803
prov:ABE954_07910	ko:K03596
prov:ABE954_07915	ko:K03100
prov:ABE954_07920	ko:K03685
prov:ABE954_07925	ko:K03595
prov:ABE954_07930	ko:K03584
prov:ABE954_07935	ko:K03474
prov:ABE954_07940	ko:K00997
prov:ABE954_07960	ko:K11250
prov:ABE954_07965	ko:K11991
prov:ABE954_07970	ko:K18691
prov:ABE954_07975	ko:K01952
prov:ABE954_07980	ko:K03078
prov:ABE954_07990	ko:K02821
prov:ABE954_07995	ko:K02822
prov:ABE954_07995	ko:K03475
prov:ABE954_08000	ko:K03477
prov:ABE954_08005	ko:K03476
prov:ABE954_08030	ko:K02010
prov:ABE954_08035	ko:K02011
prov:ABE954_08040	ko:K02012
prov:ABE954_08045	ko:K07783
prov:ABE954_08050	ko:K20263
prov:ABE954_08055	ko:K20264
prov:ABE954_08070	ko:K07711
prov:ABE954_08080	ko:K07715
prov:ABE954_08085	ko:K01950
prov:ABE954_08090	ko:K04751
prov:ABE954_08095	ko:K05916
prov:ABE954_08100	ko:K00600
prov:ABE954_08105	ko:K05820
prov:ABE954_08110	ko:K11690
prov:ABE954_08115	ko:K11689
prov:ABE954_08120	ko:K11688
prov:ABE954_08125	ko:K00041
prov:ABE954_08130	ko:K23015
prov:ABE954_08135	ko:K23007
prov:ABE954_08140	ko:K01092
prov:ABE954_08145	ko:K15396
prov:ABE954_08150	ko:K13643
prov:ABE954_08155	ko:K04487
prov:ABE954_08160	ko:K04488
prov:ABE954_08165	ko:K13628
prov:ABE954_08170	ko:K04082
prov:ABE954_08175	ko:K04044
prov:ABE954_08180	ko:K04755
prov:ABE954_08190	ko:K07751
prov:ABE954_08200	ko:K06894
prov:ABE954_08205	ko:K05367
prov:ABE954_08210	ko:K00940
prov:ABE954_08215	ko:K06941
prov:ABE954_08220	ko:K15539
prov:ABE954_08225	ko:K03526
prov:ABE954_08230	ko:K01892
prov:ABE954_08240	ko:K17713
prov:ABE954_08245	ko:K03977
prov:ABE954_08250	ko:K06182
prov:ABE954_08260	ko:K00228
prov:ABE954_08275	ko:K07223
prov:ABE954_08280	ko:K02048
prov:ABE954_08285	ko:K02046
prov:ABE954_08290	ko:K02047
prov:ABE954_08295	ko:K02045
prov:ABE954_08300	ko:K12339
prov:ABE954_08305	ko:K02777
prov:ABE954_08310	ko:K08483
prov:ABE954_08315	ko:K02784
prov:ABE954_08320	ko:K01738
prov:ABE954_08325	ko:K06203
prov:ABE954_08330	ko:K03528
prov:ABE954_08335	ko:K01972
prov:ABE954_08340	ko:K11535
prov:ABE954_08345	ko:K09954
prov:ABE954_08360	ko:K14218
prov:ABE954_08365	ko:K14218
prov:ABE954_08370	ko:K01885
prov:ABE954_08375	ko:K14237
prov:ABE954_08380	ko:K14237
prov:ABE954_08385	ko:K14237
prov:ABE954_08390	ko:K14229
prov:ABE954_08395	ko:K14229
prov:ABE954_08400	ko:K14229
prov:ABE954_08420	ko:K02072
prov:ABE954_08425	ko:K02071
prov:ABE954_08430	ko:K22879
prov:ABE954_08440	ko:K02073
prov:ABE954_08465	ko:K18319
prov:ABE954_08470	ko:K00318
prov:ABE954_08475	ko:K18315
prov:ABE954_08480	ko:K18583
prov:ABE954_08485	ko:K18316
prov:ABE954_08490	ko:K02800
prov:ABE954_08495	ko:K00009
prov:ABE954_08500	ko:K02562
prov:ABE954_08510	ko:K14219
prov:ABE954_08515	ko:K04754
prov:ABE954_08520	ko:K06076
prov:ABE954_08530	ko:K00632
prov:ABE954_08535	ko:K01782
prov:ABE954_08540	ko:K08296
prov:ABE954_08550	ko:K01468
prov:ABE954_08555	ko:K05836
prov:ABE954_08560	ko:K01712
prov:ABE954_08565	ko:K01745
prov:ABE954_08570	ko:K16234
prov:ABE954_08575	ko:K07320
prov:ABE954_08580	ko:K01736
prov:ABE954_08585	ko:K07090
prov:ABE954_08590	ko:K09906
prov:ABE954_08605	ko:K15461
prov:ABE954_08610	ko:K00647
prov:ABE954_08625	ko:K07793
prov:ABE954_08630	ko:K07794
prov:ABE954_08635	ko:K07795
prov:ABE954_08640	ko:K07774
prov:ABE954_08645	ko:K07649
prov:ABE954_08670	ko:K03473
prov:ABE954_08680	ko:K06173
prov:ABE954_08685	ko:K03975
prov:ABE954_08690	ko:K01963
prov:ABE954_08695	ko:K11754
prov:ABE954_08700	ko:K03749
prov:ABE954_08705	ko:K03558
prov:ABE954_08710	ko:K00764
prov:ABE954_08720	ko:K03186
prov:ABE954_08725	ko:K07071
prov:ABE954_08745	ko:K03307
prov:ABE954_08755	ko:K13788
prov:ABE954_08760	ko:K00925
prov:ABE954_08765	ko:K09899
prov:ABE954_08770	ko:K09161
prov:ABE954_08775	ko:K19270
prov:ABE954_08790	ko:K08722
prov:ABE954_08795	ko:K14260
prov:ABE954_08805	ko:K00330
prov:ABE954_08810	ko:K00331
prov:ABE954_08815	ko:K13378
prov:ABE954_08820	ko:K00334
prov:ABE954_08825	ko:K00335
prov:ABE954_08830	ko:K00336
prov:ABE954_08835	ko:K00337
prov:ABE954_08840	ko:K00338
prov:ABE954_08845	ko:K00339
prov:ABE954_08850	ko:K00340
prov:ABE954_08855	ko:K00341
prov:ABE954_08860	ko:K00342
prov:ABE954_08865	ko:K00343
prov:ABE954_08880	ko:K02552
prov:ABE954_08885	ko:K02551
prov:ABE954_08890	ko:K08680
prov:ABE954_08895	ko:K01661
prov:ABE954_08900	ko:K02549
prov:ABE954_08905	ko:K01911
prov:ABE954_08910	ko:K03781
prov:ABE954_08920	ko:K24087
prov:ABE954_08925	ko:K03834
prov:ABE954_08930	ko:K07792
prov:ABE954_08935	ko:K11107
prov:ABE954_08940	ko:K00526
prov:ABE954_08945	ko:K00525
prov:ABE954_08950	ko:K00568
prov:ABE954_08955	ko:K02469
prov:ABE954_08960	ko:K07677
prov:ABE954_08965	ko:K07687
prov:ABE954_08970	ko:K07676
prov:ABE954_08975	ko:K14233
prov:ABE954_08980	ko:K14234
prov:ABE954_08985	ko:K12974
prov:ABE954_08990	ko:K11102
prov:ABE954_09005	ko:K07160
prov:ABE954_09020	ko:K11263
prov:ABE954_09035	ko:K23349
prov:ABE954_09040	ko:K07308
prov:ABE954_09045	ko:K07307
prov:ABE954_09050	ko:K07306
prov:ABE954_09055	ko:K16053
prov:ABE954_09065	ko:K00824
prov:ABE954_09075	ko:K02484
prov:ABE954_09090	ko:K12149
prov:ABE954_09125	ko:K14232
prov:ABE954_09130	ko:K07014
prov:ABE954_09135	ko:K09904
prov:ABE954_09140	ko:K06899
prov:ABE954_09145	ko:K02897
prov:ABE954_09150	ko:K19789
prov:ABE954_09155	ko:K06183
prov:ABE954_09160	ko:K07552
prov:ABE954_09170	ko:K13694
prov:ABE954_09185	ko:K02356
prov:ABE954_09190	ko:K03835
prov:ABE954_09200	ko:K00882
prov:ABE954_09205	ko:K01151
prov:ABE954_09220	ko:K11733
prov:ABE954_09225	ko:K02016
prov:ABE954_09230	ko:K02015
prov:ABE954_09235	ko:K02013
prov:ABE954_09240	ko:K16089
prov:ABE954_09260	ko:K03777
prov:ABE954_09265	ko:K01141
prov:ABE954_09270	ko:K02532
prov:ABE954_09275	ko:K09802
prov:ABE954_09290	ko:K07307
prov:ABE954_09295	ko:K07308
prov:ABE954_09300	ko:K08300
prov:ABE954_09305	ko:K06179
prov:ABE954_09310	ko:K25422
prov:ABE954_09315	ko:K07040
prov:ABE954_09320	ko:K02911
prov:ABE954_09325	ko:K03621
prov:ABE954_09330	ko:K00648
prov:ABE954_09335	ko:K00645
prov:ABE954_09340	ko:K00059
prov:ABE954_09345	ko:K02078
prov:ABE954_09350	ko:K09458
prov:ABE954_09355	ko:K02619
prov:ABE954_09360	ko:K07082
prov:ABE954_09365	ko:K00943
prov:ABE954_09370	ko:K02341
prov:ABE954_09375	ko:K03424
prov:ABE954_09380	ko:K02503
prov:ABE954_09390	ko:K07337
prov:ABE954_09395	ko:K07251
prov:ABE954_09400	ko:K01207
prov:ABE954_09410	ko:K01081
prov:ABE954_09415	ko:K03885
prov:ABE954_09425	ko:K03723
prov:ABE954_09430	ko:K09808
prov:ABE954_09435	ko:K09810
prov:ABE954_09440	ko:K09808
prov:ABE954_09445	ko:K05873
prov:ABE954_09455	ko:K12410
prov:ABE954_09465	ko:K01258
prov:ABE954_09475	ko:K18850
prov:ABE954_09480	ko:K07637
prov:ABE954_09485	ko:K07660
prov:ABE954_09490	ko:K01756
prov:ABE954_09495	ko:K07153
prov:ABE954_09500	ko:K00566
prov:ABE954_09505	ko:K12152
prov:ABE954_09510	ko:K06181
prov:ABE954_09515	ko:K00031
prov:ABE954_09550	ko:K03563
prov:ABE954_09615	ko:K01160
prov:ABE954_09665	ko:K14744
prov:ABE954_09730	ko:K26967
prov:ABE954_09735	ko:K26968
prov:ABE954_09785	ko:K26974
prov:ABE954_09795	ko:K26976
prov:ABE954_09800	ko:K26977
prov:ABE954_09815	ko:K12149
prov:ABE954_09830	ko:K07126
prov:ABE954_09855	ko:K04080
prov:ABE954_09860	ko:K01639
prov:ABE954_09875	ko:K03307
prov:ABE954_09880	ko:K00885
prov:ABE954_09885	ko:K01788
prov:ABE954_09910	ko:K06897
prov:ABE954_09915	ko:K05874
prov:ABE954_09920	ko:K02442
prov:ABE954_09940	ko:K09922
prov:ABE954_09945	ko:K00817
prov:ABE954_09975	ko:K03310
prov:ABE954_10000	ko:K11734
prov:ABE954_10005	ko:K12973
prov:ABE954_10020	ko:K00941
prov:ABE954_10030	ko:K08303
prov:ABE954_10035	ko:K07664
prov:ABE954_10040	ko:K07642
prov:ABE954_10045	ko:K07789
prov:ABE954_10050	ko:K07788
prov:ABE954_10055	ko:K07799
prov:ABE954_10070	ko:K03762
prov:ABE954_10080	ko:K01524
prov:ABE954_10085	ko:K00937
prov:ABE954_10090	ko:K00657
prov:ABE954_10095	ko:K11175
prov:ABE954_10100	ko:K01933
prov:ABE954_10105	ko:K00761
prov:ABE954_10110	ko:K02824
prov:ABE954_10115	ko:K10763
prov:ABE954_10120	ko:K00537
prov:ABE954_10125	ko:K01423
prov:ABE954_10130	ko:K03548
prov:ABE954_10135	ko:K03564
prov:ABE954_10140	ko:K03567
prov:ABE954_10145	ko:K01714
prov:ABE954_10150	ko:K07287
prov:ABE954_10155	ko:K01923
prov:ABE954_10160	ko:K16787
prov:ABE954_10165	ko:K16786
prov:ABE954_10170	ko:K16785
prov:ABE954_10175	ko:K16923
prov:ABE954_10180	ko:K06934
prov:ABE954_10190	ko:K06957
prov:ABE954_10200	ko:K09790
prov:ABE954_10210	ko:K01439
prov:ABE954_10220	ko:K07685
prov:ABE954_10225	ko:K00029
prov:ABE954_10235	ko:K03832
prov:ABE954_10240	ko:K01354
prov:ABE954_10245	ko:K16087
prov:ABE954_10250	ko:K03601
prov:ABE954_10255	ko:K00088
prov:ABE954_10260	ko:K01951
prov:ABE954_10275	ko:K07733
prov:ABE954_10280	ko:K07505
prov:ABE954_10290	ko:K21495
prov:ABE954_10295	ko:K20266
prov:ABE954_10305	ko:K07344
prov:ABE954_10320	ko:K18842
prov:ABE954_10325	ko:K03325
prov:ABE954_10330	ko:K03741
prov:ABE954_10335	ko:K11811
prov:ABE954_10340	ko:K03892
prov:ABE954_10365	ko:K07090
prov:ABE954_10370	ko:K03710
prov:ABE954_10375	ko:K25317
prov:ABE954_10380	ko:K04477
prov:ABE954_10385	ko:K00563
prov:ABE954_10390	ko:K23242
prov:ABE954_10400	ko:K02796
prov:ABE954_10405	ko:K02795
prov:ABE954_10410	ko:K02794
prov:ABE954_10415	ko:K01752
prov:ABE954_10425	ko:K01665
prov:ABE954_10430	ko:K09917
prov:ABE954_10440	ko:K02345
prov:ABE954_10445	ko:K02217
prov:ABE954_10450	ko:K07156
prov:ABE954_10455	ko:K07245
prov:ABE954_10470	ko:K06192
prov:ABE954_10475	ko:K03808
prov:ABE954_10480	ko:K08968
prov:ABE954_10485	ko:K03607
prov:ABE954_10490	ko:K03797
prov:ABE954_10500	ko:K03799
prov:ABE954_10505	ko:K03310
prov:ABE954_10520	ko:K08159
prov:ABE954_10525	ko:K03297
prov:ABE954_10540	ko:K03611
prov:ABE954_10545	ko:K03314
prov:ABE954_10550	ko:K03603
prov:ABE954_10560	ko:K00285
prov:ABE954_10565	ko:K01775
prov:ABE954_10570	ko:K07274
prov:ABE954_10575	ko:K01792
prov:ABE954_10580	ko:K00134
prov:ABE954_10585	ko:K07305
prov:ABE954_10590	ko:K09916
prov:ABE954_10595	ko:K08281
prov:ABE954_10600	ko:K01424
prov:ABE954_10605	ko:K04773
prov:ABE954_10615	ko:K01008
prov:ABE954_10620	ko:K03169
prov:ABE954_10625	ko:K01142
prov:ABE954_10635	ko:K14236
prov:ABE954_10640	ko:K01433
prov:ABE954_10645	ko:K09858
prov:ABE954_10650	ko:K02485
prov:ABE954_10655	ko:K00963
prov:ABE954_10660	ko:K03746
prov:ABE954_10665	ko:K00857
prov:ABE954_10670	ko:K04072
prov:ABE954_10680	ko:K15580
prov:ABE954_10685	ko:K15580
prov:ABE954_10690	ko:K15581
prov:ABE954_10695	ko:K15582
prov:ABE954_10700	ko:K15583
prov:ABE954_10705	ko:K10823
prov:ABE954_10710	ko:K09901
prov:ABE954_10715	ko:K06131
prov:ABE954_10725	ko:K03832
prov:ABE954_10730	ko:K10806
prov:ABE954_10740	ko:K06190
prov:ABE954_10755	ko:K07275
prov:ABE954_10770	ko:K01695
prov:ABE954_10775	ko:K01696
prov:ABE954_10780	ko:K13498
prov:ABE954_10785	ko:K00766
prov:ABE954_10790	ko:K01658
prov:ABE954_10795	ko:K01657
prov:ABE954_10800	ko:K07053
prov:ABE954_10810	ko:K06178
prov:ABE954_10815	ko:K03788
prov:ABE954_10825	ko:K19221
prov:ABE954_10835	ko:K04774
prov:ABE954_10845	ko:K03168
prov:ABE954_10850	ko:K04565
prov:ABE954_10855	ko:K07386
prov:ABE954_10860	ko:K13634
prov:ABE954_10865	ko:K27802
prov:ABE954_10880	ko:K01698
prov:ABE954_10885	ko:K01497
prov:ABE954_10890	ko:K01096
prov:ABE954_10895	ko:K08992
prov:ABE954_10900	ko:K19804
prov:ABE954_10905	ko:K01591
prov:ABE954_10910	ko:K03113
prov:ABE954_10915	ko:K04062
prov:ABE954_10920	ko:K01147
prov:ABE954_10925	ko:K10773
prov:ABE954_10930	ko:K03613
prov:ABE954_10935	ko:K03612
prov:ABE954_10940	ko:K03614
prov:ABE954_10945	ko:K03615
prov:ABE954_10950	ko:K03616
prov:ABE954_10955	ko:K03617
prov:ABE954_10970	ko:K14347
prov:ABE954_10975	ko:K01488
prov:ABE954_10985	ko:K01809
prov:ABE954_10990	ko:K01679
prov:ABE954_10995	ko:K10748
prov:ABE954_11005	ko:K21713
prov:ABE954_11010	ko:K08224
prov:ABE954_11020	ko:K15545
prov:ABE954_11025	ko:K01935
prov:ABE954_11040	ko:K16066
prov:ABE954_11055	ko:K07225
prov:ABE954_11065	ko:K00799
prov:ABE954_11070	ko:K00799
prov:ABE954_11115	ko:K01118
prov:ABE954_11130	ko:K26933
prov:ABE954_11140	ko:K18983
prov:ABE954_11150	ko:K00059
prov:ABE954_11155	ko:K02078
prov:ABE954_11165	ko:K09458
prov:ABE954_11170	ko:K18139
prov:ABE954_11175	ko:K05685
prov:ABE954_11180	ko:K13888
prov:ABE954_11200	ko:K03673
prov:ABE954_11215	ko:K02654
prov:ABE954_11225	ko:K10934
prov:ABE954_11230	ko:K10965
prov:ABE954_11240	ko:K10933
prov:ABE954_11250	ko:K10932
prov:ABE954_11255	ko:K10962
prov:ABE954_11260	ko:K10931
prov:ABE954_11265	ko:K10930
prov:ABE954_11280	ko:K06917
prov:ABE954_11285	ko:K03329
prov:ABE954_11290	ko:K09768
prov:ABE954_11295	ko:K01620
prov:ABE954_11300	ko:K03919
prov:ABE954_11305	ko:K09022
prov:ABE954_11310	ko:K22589
prov:ABE954_11340	ko:K08325
prov:ABE954_11355	ko:K11537
prov:ABE954_11365	ko:K19577
prov:ABE954_11390	ko:K05396
prov:ABE954_11405	ko:K09900
prov:ABE954_11450	ko:K01921
prov:ABE954_11460	ko:K05835
prov:ABE954_11470	ko:K01489
prov:ABE954_11480	ko:K11250
prov:ABE954_11485	ko:K26605
prov:ABE954_11490	ko:K26606
prov:ABE954_11515	ko:K01962
prov:ABE954_11530	ko:K01241
prov:ABE954_11535	ko:K13936
prov:ABE954_11540	ko:K02030
prov:ABE954_11545	ko:K02029
prov:ABE954_11550	ko:K02028
prov:ABE954_11565	ko:K00375
prov:ABE954_11575	ko:K23777
prov:ABE954_11595	ko:K00549
prov:ABE954_11605	ko:K03387
prov:ABE954_11610	ko:K24119
prov:ABE954_11615	ko:K01992
prov:ABE954_11620	ko:K13926
prov:ABE954_11625	ko:K01993
prov:ABE954_11635	ko:K06158
prov:ABE954_11660	ko:K03834
prov:ABE954_11665	ko:K22330
prov:ABE954_11675	ko:K01420
prov:ABE954_11680	ko:K14055
prov:ABE954_11690	ko:K00325
prov:ABE954_11695	ko:K00324
prov:ABE954_11705	ko:K03758
prov:ABE954_11710	ko:K03578
prov:ABE954_11715	ko:K01118
prov:ABE954_11720	ko:K09978
prov:ABE954_11735	ko:K03778
prov:ABE954_11740	ko:K03668
prov:ABE954_11745	ko:K03675
prov:ABE954_11760	ko:K07345
prov:ABE954_11765	ko:K07347
prov:ABE954_11770	ko:K15540
prov:ABE954_11775	ko:K07345
prov:ABE954_11780	ko:K07497
prov:ABE954_11785	ko:K09712
prov:ABE954_11800	ko:K09160
prov:ABE954_11805	ko:K29029
prov:ABE954_11810	ko:K08305
prov:ABE954_11815	ko:K09902
prov:ABE954_11820	ko:K03610
prov:ABE954_11825	ko:K03609
prov:ABE954_11830	ko:K03608
prov:ABE954_11840	ko:K16087
prov:ABE954_11855	ko:K03684
prov:ABE954_11860	ko:K01897
prov:ABE954_11865	ko:K07285
prov:ABE954_11870	ko:K14742
prov:ABE954_11875	ko:K03722
prov:ABE954_11885	ko:K06152
prov:ABE954_11890	ko:K06151
prov:ABE954_11895	ko:K06150
prov:ABE954_11900	ko:K11742
prov:ABE954_11905	ko:K11743
prov:ABE954_11910	ko:K00868
prov:ABE954_11915	ko:K00036
prov:ABE954_11920	ko:K19337
prov:ABE954_11925	ko:K00873
prov:ABE954_11930	ko:K02560
prov:ABE954_11935	ko:K19304
prov:ABE954_11940	ko:K09815
prov:ABE954_11945	ko:K09817
prov:ABE954_11950	ko:K09816
prov:ABE954_11955	ko:K03551
prov:ABE954_11960	ko:K03550
prov:ABE954_11965	ko:K01159
prov:ABE954_11975	ko:K08310
prov:ABE954_11980	ko:K01876
prov:ABE954_11990	ko:K03574
prov:ABE954_11995	ko:K07136
prov:ABE954_12000	ko:K15256
prov:ABE954_12005	ko:K15257
prov:ABE954_12010	ko:K07308
prov:ABE954_12015	ko:K07307
prov:ABE954_12020	ko:K07306
prov:ABE954_12025	ko:K06201
prov:ABE954_12030	ko:K09907
prov:ABE954_12035	ko:K01887
prov:ABE954_12040	ko:K03980
prov:ABE954_12045	ko:K03790
prov:ABE954_12050	ko:K08162
prov:ABE954_12065	ko:K12972
prov:ABE954_12070	ko:K14233
prov:ABE954_12075	ko:K03310
prov:ABE954_12080	ko:K09472
prov:ABE954_12085	ko:K01714
prov:ABE954_12090	ko:K21060
prov:ABE954_12095	ko:K12658
prov:ABE954_12125	ko:K03321
prov:ABE954_12130	ko:K07126
prov:ABE954_12135	ko:K07139
prov:ABE954_12140	ko:K01627
prov:ABE954_12150	ko:K02493
prov:ABE954_12155	ko:K02835
prov:ABE954_12160	ko:K02492
prov:ABE954_12165	ko:K02494
prov:ABE954_12170	ko:K00919
prov:ABE954_12175	ko:K00948
prov:ABE954_12185	ko:K01056
prov:ABE954_12190	ko:K06942
prov:ABE954_12200	ko:K04103
prov:ABE954_12215	ko:K09936
prov:ABE954_12220	ko:K09936
prov:ABE954_12235	ko:K06978
prov:ABE954_12240	ko:K02016
prov:ABE954_12245	ko:K16091
prov:ABE954_12275	ko:K26601
prov:ABE954_12285	ko:K09975
prov:ABE954_12295	ko:K00425
prov:ABE954_12300	ko:K00426
prov:ABE954_12320	ko:K06217
prov:ABE954_12330	ko:K01150
prov:ABE954_12345	ko:K18130
prov:ABE954_12360	ko:K11932
prov:ABE954_12370	ko:K11932
prov:ABE954_12380	ko:K03810
prov:ABE954_12395	ko:K02972
prov:ABE954_12400	ko:K00799
prov:ABE954_12410	ko:K25316
prov:ABE954_12420	ko:K19271
prov:ABE954_12435	ko:K14058
prov:ABE954_12440	ko:K16074
prov:ABE954_12445	ko:K15580
prov:ABE954_12450	ko:K11065
prov:ABE954_12465	ko:K03721
prov:ABE954_12470	ko:K08990
prov:ABE954_12475	ko:K06918
prov:ABE954_12480	ko:K03973
prov:ABE954_12485	ko:K03970
prov:ABE954_12490	ko:K03969
prov:ABE954_12495	ko:K03974
prov:ABE954_12505	ko:K19226
prov:ABE954_12510	ko:K19227
prov:ABE954_12515	ko:K19228
prov:ABE954_12520	ko:K19229
prov:ABE954_12525	ko:K19230
prov:ABE954_12535	ko:K00799
prov:ABE954_12540	ko:K00868
prov:ABE954_12545	ko:K01866
prov:ABE954_12550	ko:K00275
prov:ABE954_12555	ko:K09001
prov:ABE954_12560	ko:K06077
prov:ABE954_12565	ko:K06075
prov:ABE954_12570	ko:K06938
prov:ABE954_12575	ko:K01759
prov:ABE954_12580	ko:K03683
prov:ABE954_12585	ko:K07390
prov:ABE954_12590	ko:K04564
prov:ABE954_12595	ko:K03604
prov:ABE954_12605	ko:K28371
prov:ABE954_12620	ko:K00793
prov:ABE954_12625	ko:K26939
prov:ABE954_12630	ko:K14237
prov:ABE954_12635	ko:K14237
prov:ABE954_12640	ko:K14237
prov:ABE954_12645	ko:K00873
prov:ABE954_12650	ko:K06078
prov:ABE954_12655	ko:K19236
prov:ABE954_12660	ko:K02426
prov:ABE954_12665	ko:K11717
prov:ABE954_12670	ko:K09015
prov:ABE954_12675	ko:K09013
prov:ABE954_12680	ko:K09014
prov:ABE954_12685	ko:K05997
prov:ABE954_12690	ko:K19222
prov:ABE954_12695	ko:K26063
prov:ABE954_12705	ko:K01007
prov:ABE954_12710	ko:K09773
prov:ABE954_12715	ko:K01626
prov:ABE954_12720	ko:K16087
prov:ABE954_12725	ko:K07225
prov:ABE954_12735	ko:K03800
prov:ABE954_12740	ko:K13695
prov:ABE954_12745	ko:K12963
prov:ABE954_12750	ko:K12962
prov:ABE954_12755	ko:K07264
prov:ABE954_12760	ko:K13014
prov:ABE954_12765	ko:K10011
prov:ABE954_12770	ko:K10012
prov:ABE954_12775	ko:K07806
prov:ABE954_12780	ko:K06074
prov:ABE954_12785	ko:K06073
prov:ABE954_12825	ko:K06907
prov:ABE954_12830	ko:K06908
prov:ABE954_12850	ko:K06906
prov:ABE954_12855	ko:K06905
prov:ABE954_12870	ko:K04764
prov:ABE954_12875	ko:K01890
prov:ABE954_12880	ko:K01889
prov:ABE954_12885	ko:K02887
prov:ABE954_12890	ko:K02916
prov:ABE954_12895	ko:K02520
prov:ABE954_12900	ko:K02520
prov:ABE954_12905	ko:K01868
prov:ABE954_12925	ko:K21265
prov:ABE954_12930	ko:K05595
prov:ABE954_12935	ko:K08308
prov:ABE954_12940	ko:K11604
prov:ABE954_12945	ko:K11607
prov:ABE954_12950	ko:K11605
prov:ABE954_12955	ko:K11606
prov:ABE954_12970	ko:K24204
prov:ABE954_12975	ko:K07038
prov:ABE954_12980	ko:K06956
prov:ABE954_12985	ko:K06940
prov:ABE954_13000	ko:K09946
prov:ABE954_13005	ko:K26606
prov:ABE954_13010	ko:K26605
prov:ABE954_13030	ko:K06016
prov:ABE954_13045	ko:K00854
prov:ABE954_13050	ko:K00007
prov:ABE954_13060	ko:K06199
prov:ABE954_13080	ko:K05879
prov:ABE954_13085	ko:K05878
prov:ABE954_13095	ko:K23271
prov:ABE954_13100	ko:K01808
prov:ABE954_13105	ko:K00615
prov:ABE954_13115	ko:K02068
prov:ABE954_13120	ko:K02069
prov:ABE954_13125	ko:K03435
prov:ABE954_13130	ko:K00039
prov:ABE954_13135	ko:K00875
prov:ABE954_13160	ko:K02821
prov:ABE954_13165	ko:K02822
prov:ABE954_13170	ko:K03475
prov:ABE954_13175	ko:K00657
prov:ABE954_13185	ko:K01779
prov:ABE954_13190	ko:K21645
prov:ABE954_13200	ko:K02526
prov:ABE954_13205	ko:K22129
prov:ABE954_13210	ko:K22024
prov:ABE954_13225	ko:K01265
prov:ABE954_13235	ko:K14061
prov:ABE954_13265	ko:K00209
prov:ABE954_13290	ko:K14228
prov:ABE954_13295	ko:K14228
prov:ABE954_13300	ko:K14222
prov:ABE954_13305	ko:K14225
prov:ABE954_13310	ko:K00995
prov:ABE954_13315	ko:K03703
prov:ABE954_13320	ko:K07689
prov:ABE954_13330	ko:K01258
prov:ABE954_13335	ko:K12942
prov:ABE954_13340	ko:K13256
prov:ABE954_13365	ko:K13936
prov:ABE954_13370	ko:K02446
prov:ABE954_13375	ko:K03305
prov:ABE954_13385	ko:K07702
prov:ABE954_13390	ko:K07700
prov:ABE954_13395	ko:K01910
prov:ABE954_13400	ko:K01646
prov:ABE954_13405	ko:K01644
prov:ABE954_13410	ko:K01643
prov:ABE954_13415	ko:K05964
prov:ABE954_13420	ko:K05966
prov:ABE954_13425	ko:K03319
prov:ABE954_13445	ko:K18346
prov:ABE954_13450	ko:K03300
prov:ABE954_13475	ko:K03319
prov:ABE954_13480	ko:K03926
prov:ABE954_13490	ko:K16087
prov:ABE954_13495	ko:K00108
prov:ABE954_13500	ko:K00130
prov:ABE954_13505	ko:K02167
prov:ABE954_13510	ko:K02168
prov:ABE954_13520	ko:K01183
prov:ABE954_13525	ko:K19333
prov:ABE954_13530	ko:K00874
prov:ABE954_13535	ko:K01625
prov:ABE954_13545	ko:K18997
prov:ABE954_13550	ko:K05516
prov:ABE954_13565	ko:K02405
prov:ABE954_13570	ko:K02406
prov:ABE954_13575	ko:K02407
prov:ABE954_13580	ko:K02422
prov:ABE954_13585	ko:K02423
prov:ABE954_13590	ko:K01462
prov:ABE954_13615	ko:K16348
prov:ABE954_13625	ko:K03704
prov:ABE954_13635	ko:K02408
prov:ABE954_13640	ko:K02409
prov:ABE954_13645	ko:K02410
prov:ABE954_13650	ko:K02411
prov:ABE954_13655	ko:K02412
prov:ABE954_13660	ko:K02413
prov:ABE954_13670	ko:K02415
prov:ABE954_13675	ko:K02416
prov:ABE954_13680	ko:K02417
prov:ABE954_13685	ko:K02418
prov:ABE954_13690	ko:K02419
prov:ABE954_13695	ko:K02420
prov:ABE954_13700	ko:K02421
prov:ABE954_13705	ko:K19130
prov:ABE954_13710	ko:K19129
prov:ABE954_13715	ko:K19128
prov:ABE954_13720	ko:K19127
prov:ABE954_13725	ko:K07012
prov:ABE954_13730	ko:K15342
prov:ABE954_13735	ko:K02397
prov:ABE954_13740	ko:K02396
prov:ABE954_13745	ko:K02395
prov:ABE954_13750	ko:K02394
prov:ABE954_13755	ko:K02393
prov:ABE954_13760	ko:K02392
prov:ABE954_13765	ko:K02391
prov:ABE954_13770	ko:K02390
prov:ABE954_13775	ko:K02389
prov:ABE954_13780	ko:K02388
prov:ABE954_13785	ko:K02387
prov:ABE954_13790	ko:K02386
prov:ABE954_13795	ko:K02398
prov:ABE954_13800	ko:K02399
prov:ABE954_13805	ko:K02400
prov:ABE954_13810	ko:K02401
prov:ABE954_13815	ko:K19164
prov:ABE954_13820	ko:K19163
prov:ABE954_13835	ko:K03414
prov:ABE954_13840	ko:K03413
prov:ABE954_13845	ko:K03412
prov:ABE954_13850	ko:K00575
prov:ABE954_13855	ko:K05877
prov:ABE954_13860	ko:K05875
prov:ABE954_13865	ko:K03408
prov:ABE954_13870	ko:K03407
prov:ABE954_13875	ko:K02557
prov:ABE954_13880	ko:K02556
prov:ABE954_13885	ko:K02402
prov:ABE954_13890	ko:K02403
prov:ABE954_13895	ko:K18843
prov:ABE954_13925	ko:K14229
prov:ABE954_13930	ko:K11737
prov:ABE954_13935	ko:K11928
prov:ABE954_13940	ko:K13821
prov:ABE954_13945	ko:K02425
prov:ABE954_13960	ko:K01531
prov:ABE954_13965	ko:K07507
prov:ABE954_13975	ko:K03704
prov:ABE954_13985	ko:K14220
prov:ABE954_13990	ko:K14220
prov:ABE954_13995	ko:K14220
prov:ABE954_14000	ko:K01465
prov:ABE954_14005	ko:K12148
prov:ABE954_14015	ko:K07146
prov:ABE954_14025	ko:K08970
prov:ABE954_14030	ko:K08357
prov:ABE954_14035	ko:K08359
prov:ABE954_14040	ko:K08358
prov:ABE954_14045	ko:K13040
prov:ABE954_14050	ko:K13041
prov:ABE954_14055	ko:K02517
prov:ABE954_14060	ko:K08161
prov:ABE954_14065	ko:K03305
prov:ABE954_14200	ko:K09960
prov:ABE954_14210	ko:K09961
prov:ABE954_14215	ko:K06909
prov:ABE954_14240	ko:K01185
prov:ABE954_14250	ko:K20074
prov:ABE954_14260	ko:K07319
prov:ABE954_14275	ko:K06919
prov:ABE954_14395	ko:K07126
prov:ABE954_14400	ko:K14061
prov:ABE954_14410	ko:K01085
prov:ABE954_14415	ko:K03826
prov:ABE954_14430	ko:K08350
prov:ABE954_14435	ko:K08349
prov:ABE954_14440	ko:K08348
prov:ABE954_14445	ko:K09771
prov:ABE954_14480	ko:K02019
prov:ABE954_14490	ko:K07124
prov:ABE954_14500	ko:K06911
prov:ABE954_14505	ko:K06975
prov:ABE954_14515	ko:K11901
prov:ABE954_14520	ko:K11900
prov:ABE954_14525	ko:K11893
prov:ABE954_14530	ko:K11892
prov:ABE954_14540	ko:K11903
prov:ABE954_14545	ko:K11907
prov:ABE954_14550	ko:K11904
prov:ABE954_14595	ko:K11891
prov:ABE954_14600	ko:K11910
prov:ABE954_14605	ko:K11896
prov:ABE954_14610	ko:K11895
prov:ABE954_14615	ko:K11906
prov:ABE954_14620	ko:K11905
prov:ABE954_14625	ko:K11911
prov:ABE954_14635	ko:K14233
prov:ABE954_14640	ko:K11179
prov:ABE954_14645	ko:K01512
prov:ABE954_14650	ko:K11940
prov:ABE954_14655	ko:K06929
prov:ABE954_14660	ko:K01734
prov:ABE954_14665	ko:K03658
prov:ABE954_14675	ko:K07343
prov:ABE954_14680	ko:K13053
prov:ABE954_14685	ko:K03286
prov:ABE954_14690	ko:K09911
prov:ABE954_14695	ko:K28274
prov:ABE954_14700	ko:K04770
prov:ABE954_14705	ko:K01716
prov:ABE954_14710	ko:K03812
prov:ABE954_14715	ko:K09857
prov:ABE954_14720	ko:K06192
prov:ABE954_14725	ko:K03808
prov:ABE954_14730	ko:K15738
prov:ABE954_14735	ko:K12297
prov:ABE954_14740	ko:K07140
prov:ABE954_14745	ko:K18657
prov:ABE954_14750	ko:K00254
prov:ABE954_14755	ko:K01256
prov:ABE954_14760	ko:K00763
prov:ABE954_14765	ko:K01893
prov:ABE954_14770	ko:K09476
prov:ABE954_14775	ko:K00813
prov:ABE954_14785	ko:K01069
prov:ABE954_14795	ko:K21470
prov:ABE954_14805	ko:K03632
prov:ABE954_14810	ko:K03804
prov:ABE954_14815	ko:K03633
prov:ABE954_14820	ko:K06219
prov:ABE954_14830	ko:K00979
prov:ABE954_14835	ko:K09791
prov:ABE954_14840	ko:K03704
prov:ABE954_14845	ko:K00912
prov:ABE954_14850	ko:K11085
prov:ABE954_14855	ko:K02238
prov:ABE954_14860	ko:K07497
prov:ABE954_14870	ko:K05788
prov:ABE954_14875	ko:K02945
prov:ABE954_14880	ko:K00945
prov:ABE954_14885	ko:K00800
prov:ABE954_14890	ko:K00831
prov:ABE954_14895	ko:K01835
prov:ABE954_14900	ko:K03645
prov:ABE954_14905	ko:K01175
prov:ABE954_14910	ko:K12530
prov:ABE954_14915	ko:K12532
prov:ABE954_14920	ko:K12531
prov:ABE954_15005	ko:K00558
prov:ABE954_15070	ko:K09961
prov:ABE954_15075	ko:K06909
prov:ABE954_15115	ko:K14744
prov:ABE954_15120	ko:K17733
prov:ABE954_15185	ko:K02314
prov:ABE954_15265	ko:K03111
prov:ABE954_15320	ko:K03839
prov:ABE954_15325	ko:K03711
prov:ABE954_15345	ko:K01424
prov:ABE954_15350	ko:K09136
prov:ABE954_15355	ko:K01685
prov:ABE954_15360	ko:K26580
prov:ABE954_15365	ko:K22397
prov:ABE954_15375	ko:K06212
prov:ABE954_15380	ko:K00656
prov:ABE954_15385	ko:K04069
prov:ABE954_15420	ko:K01875
prov:ABE954_15425	ko:K07478
prov:ABE954_15430	ko:K03634
prov:ABE954_15435	ko:K03466
prov:ABE954_15440	ko:K03719
prov:ABE954_15445	ko:K00384
prov:ABE954_15455	ko:K16013
prov:ABE954_15460	ko:K16012
prov:ABE954_15465	ko:K00684
prov:ABE954_15470	ko:K02518
prov:ABE954_15475	ko:K03694
prov:ABE954_15480	ko:K06891
prov:ABE954_15485	ko:K03704
prov:ABE954_15500	ko:K12251
prov:ABE954_15505	ko:K10974
prov:ABE954_15510	ko:K05685
prov:ABE954_15515	ko:K13888
prov:ABE954_15520	ko:K07459
prov:ABE954_15525	ko:K28370
prov:ABE954_15535	ko:K10000
prov:ABE954_15540	ko:K09997
prov:ABE954_15545	ko:K09999
prov:ABE954_15550	ko:K09998
prov:ABE954_15555	ko:K03212
prov:ABE954_15570	ko:K03674
prov:ABE954_15580	ko:K19302
prov:ABE954_15585	ko:K03837
prov:ABE954_15590	ko:K01752
prov:ABE954_15595	ko:K07258
prov:ABE954_15600	ko:K00799
prov:ABE954_15610	ko:K00765
prov:ABE954_15615	ko:K00013
prov:ABE954_15620	ko:K00817
prov:ABE954_15625	ko:K01089
prov:ABE954_15630	ko:K02501
prov:ABE954_15635	ko:K01814
prov:ABE954_15640	ko:K02500
prov:ABE954_15645	ko:K11755
prov:ABE954_15650	ko:K02016
prov:ABE954_15655	ko:K02014
prov:ABE954_15660	ko:K19055
prov:ABE954_15665	ko:K00638
prov:ABE954_15675	ko:K07552
prov:ABE954_15680	ko:K00033
prov:ABE954_15695	ko:K07289
prov:ABE954_15700	ko:K01494
prov:ABE954_15705	ko:K00876
prov:ABE954_15710	ko:K03799
prov:ABE954_15715	ko:K03744
prov:ABE954_15720	ko:K03593
prov:ABE954_15725	ko:K01874
prov:ABE954_15730	ko:K06518
prov:ABE954_15740	ko:K01489
prov:ABE954_15770	ko:K00027
prov:ABE954_15780	ko:K07090
prov:ABE954_15790	ko:K02810
prov:ABE954_15795	ko:K07106
prov:ABE954_15805	ko:K03748
prov:ABE954_15810	ko:K07148
prov:ABE954_15815	ko:K01495
prov:ABE954_15825	ko:K03750
prov:ABE954_15830	ko:K21029
prov:ABE954_15835	ko:K06193
prov:ABE954_15855	ko:K11939
prov:ABE954_15860	ko:K04047
prov:ABE954_15865	ko:K03722
prov:ABE954_15875	ko:K01011
prov:ABE954_15885	ko:K05541
prov:ABE954_15890	ko:K11927
prov:ABE954_15895	ko:K23777
prov:ABE954_15900	ko:K25183
prov:ABE954_15905	ko:K25182
prov:ABE954_15910	ko:K25181
prov:ABE954_15915	ko:K25180
prov:ABE954_15920	ko:K06890
prov:ABE954_15925	ko:K03635
prov:ABE954_15930	ko:K03636
prov:ABE954_15935	ko:K03637
prov:ABE954_15940	ko:K03639
prov:ABE954_15950	ko:K24180
prov:ABE954_15955	ko:K01425
prov:ABE954_15960	ko:K03702
prov:ABE954_15965	ko:K01935
prov:ABE954_15970	ko:K02169
prov:ABE954_15975	ko:K00652
prov:ABE954_15980	ko:K01012
prov:ABE954_15985	ko:K00833
prov:ABE954_15990	ko:K07404
prov:ABE954_15995	ko:K28853
prov:ABE954_16005	ko:K02017
prov:ABE954_16010	ko:K02018
prov:ABE954_16015	ko:K02020
prov:ABE954_16020	ko:K18015
prov:ABE954_16025	ko:K25859
prov:ABE954_16030	ko:K02019
prov:ABE954_16035	ko:K05776
prov:ABE954_16040	ko:K07052
prov:ABE954_16045	ko:K01834
prov:ABE954_16060	ko:K01626
prov:ABE954_16065	ko:K03811
prov:ABE954_16070	ko:K03517
prov:ABE954_16080	ko:K05593
prov:ABE954_16085	ko:K14229
prov:ABE954_16090	ko:K14229
prov:ABE954_16100	ko:K03640
prov:ABE954_16105	ko:K03641
prov:ABE954_16110	ko:K03646
prov:ABE954_16115	ko:K03560
prov:ABE954_16120	ko:K03562
prov:ABE954_16125	ko:K07107
prov:ABE954_16135	ko:K00424
prov:ABE954_16140	ko:K00426
prov:ABE954_16145	ko:K00425
prov:ABE954_16150	ko:K01902
prov:ABE954_16155	ko:K01903
prov:ABE954_16160	ko:K00658
prov:ABE954_16165	ko:K00164
prov:ABE954_16170	ko:K00240
prov:ABE954_16175	ko:K00239
prov:ABE954_16180	ko:K00242
prov:ABE954_16185	ko:K00241
prov:ABE954_16190	ko:K01647
prov:ABE954_16220	ko:K01546
prov:ABE954_16225	ko:K01547
prov:ABE954_16230	ko:K01548
prov:ABE954_16235	ko:K07646
prov:ABE954_16240	ko:K07667
prov:ABE954_16250	ko:K02775
prov:ABE954_16255	ko:K00058
prov:ABE954_16260	ko:K00059
prov:ABE954_16265	ko:K00880
prov:ABE954_16270	ko:K02443
prov:ABE954_16280	ko:K01886
prov:ABE954_16285	ko:K07090
prov:ABE954_16315	ko:K02804
prov:ABE954_16320	ko:K02564
prov:ABE954_16325	ko:K01443
prov:ABE954_16330	ko:K02565
prov:ABE954_16335	ko:K14230
prov:ABE954_16340	ko:K14228
prov:ABE954_16345	ko:K14223
prov:ABE954_16350	ko:K14223
prov:ABE954_16355	ko:K14230
prov:ABE954_16360	ko:K14228
prov:ABE954_16365	ko:K14223
prov:ABE954_16370	ko:K11103
prov:ABE954_16375	ko:K03184
prov:ABE954_16380	ko:K06168
prov:ABE954_16385	ko:K06217
prov:ABE954_16390	ko:K07042
prov:ABE954_16395	ko:K06189
prov:ABE954_16400	ko:K03820
prov:ABE954_16435	ko:K08344
prov:ABE954_16445	ko:K10001
prov:ABE954_16450	ko:K10003
prov:ABE954_16455	ko:K10002
prov:ABE954_16460	ko:K10004
prov:ABE954_16470	ko:K01869
prov:ABE954_16475	ko:K03643
prov:ABE954_16480	ko:K02340
prov:ABE954_16485	ko:K00969
prov:ABE954_16495	ko:K09710
prov:ABE954_16500	ko:K00783
prov:ABE954_16505	ko:K05515
prov:ABE954_16510	ko:K05837
prov:ABE954_16515	ko:K03642
prov:ABE954_16520	ko:K07258
prov:ABE954_16525	ko:K09158
prov:ABE954_16530	ko:K03801
prov:ABE954_16535	ko:K03644
prov:ABE954_16540	ko:K03704
prov:ABE954_16545	ko:K00567
prov:ABE954_16550	ko:K06191
prov:ABE954_16555	ko:K03647
prov:ABE954_16560	ko:K00525
prov:ABE954_16565	ko:K00526
prov:ABE954_16570	ko:K02000
prov:ABE954_16575	ko:K02001
prov:ABE954_16580	ko:K02002
prov:ABE954_16590	ko:K15974
prov:ABE954_16595	ko:K03543
prov:ABE954_16600	ko:K03446
prov:ABE954_16620	ko:K03214
prov:ABE954_16625	ko:K05812
prov:ABE954_16630	ko:K09181
prov:ABE954_16635	ko:K00998
prov:ABE954_16640	ko:K05811
prov:ABE954_16660	ko:K14221
prov:ABE954_16665	ko:K01985
prov:ABE954_16670	ko:K01980
prov:ABE954_16675	ko:K14218
prov:ABE954_16680	ko:K14227
prov:ABE954_16685	ko:K01977
prov:ABE954_16690	ko:K03273
prov:ABE954_16695	ko:K02071
prov:ABE954_16700	ko:K02072
prov:ABE954_16705	ko:K02073
prov:ABE954_16710	ko:K06080
prov:ABE954_16715	ko:K22900
prov:ABE954_16720	ko:K01881
prov:ABE954_16725	ko:K03478
prov:ABE954_16730	ko:K01222
prov:ABE954_16735	ko:K03490
prov:ABE954_16740	ko:K02759
prov:ABE954_16745	ko:K02761
prov:ABE954_16750	ko:K02760
prov:ABE954_16755	ko:K06079
prov:ABE954_16760	ko:K19000
prov:ABE954_16765	ko:K04075
prov:ABE954_16775	ko:K01962
prov:ABE954_16780	ko:K02337
prov:ABE954_16785	ko:K03470
prov:ABE954_16790	ko:K00748
prov:ABE954_16795	ko:K00677
prov:ABE954_16800	ko:K02372
prov:ABE954_16805	ko:K02536
prov:ABE954_16810	ko:K06142
prov:ABE954_16815	ko:K07277
prov:ABE954_16820	ko:K11749
prov:ABE954_16825	ko:K00981
prov:ABE954_16830	ko:K00806
prov:ABE954_16835	ko:K00099
prov:ABE954_16840	ko:K02838
prov:ABE954_16845	ko:K09903
prov:ABE954_16850	ko:K02357
prov:ABE954_16855	ko:K02967
prov:ABE954_16860	ko:K01265
prov:ABE954_16865	ko:K00990
prov:ABE954_16870	ko:K00674
prov:ABE954_16885	ko:K06175
prov:ABE954_16895	ko:K09824
prov:ABE954_16900	ko:K15723
prov:ABE954_16905	ko:K06879
prov:ABE954_16985	ko:K07474
prov:ABE954_17000	ko:K14744
prov:ABE954_17005	ko:K17733
prov:ABE954_17030	ko:K01160
prov:ABE954_17080	ko:K02314
prov:ABE954_17170	ko:K03111
prov:ABE954_17240	ko:K06966
prov:ABE954_17245	ko:K01146
prov:ABE954_17250	ko:K06968
prov:ABE954_17260	ko:K03566
prov:ABE954_17265	ko:K01766
prov:ABE954_17270	ko:K02426
prov:ABE954_17275	ko:K22132
prov:ABE954_17280	ko:K08304
prov:ABE954_17285	ko:K14230
prov:ABE954_17290	ko:K14230
prov:ABE954_17295	ko:K14230
prov:ABE954_17300	ko:K01448
prov:ABE954_17305	ko:K14682
prov:ABE954_17315	ko:K03581
prov:ABE954_17320	ko:K03582
prov:ABE954_17325	ko:K01407
prov:ABE954_17330	ko:K03583
prov:ABE954_17335	ko:K02681
prov:ABE954_17345	ko:K02680
prov:ABE954_17350	ko:K02679
prov:ABE954_17355	ko:K00560
prov:ABE954_17360	ko:K13292
prov:ABE954_17365	ko:K08484
prov:ABE954_17370	ko:K08311
prov:ABE954_17375	ko:K02064
prov:ABE954_17380	ko:K02063
prov:ABE954_17385	ko:K02062
prov:ABE954_17390	ko:K02336
prov:ABE954_17395	ko:K03580
prov:ABE954_17400	ko:K06177
prov:ABE954_17405	ko:K05801
prov:ABE954_17410	ko:K04744
prov:ABE954_17415	ko:K03771
prov:ABE954_17420	ko:K00097
prov:ABE954_17425	ko:K02528
prov:ABE954_17430	ko:K06195
prov:ABE954_17435	ko:K01525
prov:ABE954_17440	ko:K00287
prov:ABE954_17445	ko:K05835
prov:ABE954_17450	ko:K00657
prov:ABE954_17455	ko:K04753
prov:ABE954_17460	ko:K00655
prov:ABE954_17465	ko:K02621
prov:ABE954_17470	ko:K02622
prov:ABE954_17475	ko:K07000
prov:ABE954_17480	ko:K03651
prov:ABE954_17505	ko:K01515
prov:ABE954_17510	ko:K12340
prov:ABE954_17525	ko:K15777
prov:ABE954_17530	ko:K02858
prov:ABE954_17535	ko:K09806
prov:ABE954_17540	ko:K03272
prov:ABE954_17545	ko:K00982
prov:ABE954_17550	ko:K18446
prov:ABE954_17555	ko:K07184
prov:ABE954_17560	ko:K00974
prov:ABE954_17565	ko:K01633
prov:ABE954_17570	ko:K08591
prov:ABE954_17575	ko:K03776
prov:ABE954_17580	ko:K25706
prov:ABE954_17585	ko:K02970
prov:ABE954_17590	ko:K02316
prov:ABE954_17595	ko:K03086
prov:ABE954_17600	ko:K08166
prov:ABE954_17620	ko:K19778
prov:ABE954_17625	ko:K23016
prov:ABE954_17635	ko:K01438
prov:ABE954_17650	ko:K02016
prov:ABE954_17655	ko:K02014
prov:ABE954_17670	ko:K02013
prov:ABE954_17675	ko:K02015
prov:ABE954_17680	ko:K02016
prov:ABE954_17685	ko:K21563
prov:ABE954_17690	ko:K02014
prov:ABE954_17700	ko:K02032
prov:ABE954_17705	ko:K02031
prov:ABE954_17715	ko:K02033
prov:ABE954_17720	ko:K02035
prov:ABE954_17730	ko:K03190
prov:ABE954_17735	ko:K01430
prov:ABE954_17740	ko:K01429
prov:ABE954_17745	ko:K01428
prov:ABE954_17750	ko:K03187
prov:ABE954_17755	ko:K03188
prov:ABE954_17760	ko:K03189
prov:ABE954_17765	ko:K04655
prov:ABE954_17770	ko:K04654
prov:ABE954_17775	ko:K04653
prov:ABE954_17780	ko:K04652
prov:ABE954_17785	ko:K04651
prov:ABE954_17795	ko:K03605
prov:ABE954_17800	ko:K06281
prov:ABE954_17815	ko:K06282
prov:ABE954_17820	ko:K04656
prov:ABE954_17835	ko:K03787
prov:ABE954_17840	ko:K24118
prov:ABE954_17850	ko:K03488
prov:ABE954_17855	ko:K02757
prov:ABE954_17860	ko:K01223
prov:ABE954_17875	ko:K12340
prov:ABE954_17880	ko:K15547
prov:ABE954_17885	ko:K15549
prov:ABE954_17900	ko:K11904
prov:ABE954_17910	ko:K07126
prov:ABE954_17915	ko:K07126
prov:ABE954_18140	ko:K14230
prov:ABE954_18145	ko:K25950
prov:ABE954_18150	ko:K22479
prov:ABE954_18155	ko:K00219
prov:ABE954_18160	ko:K09007
prov:ABE954_18170	ko:K07862
prov:ABE954_18200	ko:K15977
prov:ABE954_18250	ko:K01465
prov:ABE954_18255	ko:K01042
prov:ABE954_18270	ko:K01978
prov:ABE954_18275	ko:K07056
prov:ABE954_18280	ko:K07121
prov:ABE954_18285	ko:K07460
prov:ABE954_18290	ko:K12961
prov:ABE954_18295	ko:K28369
prov:ABE954_18300	ko:K03814
prov:ABE954_18310	ko:K07648
prov:ABE954_18315	ko:K00266
prov:ABE954_18320	ko:K03600
prov:ABE954_18325	ko:K03599
prov:ABE954_18330	ko:K02996
prov:ABE954_18335	ko:K02871
prov:ABE954_18340	ko:K06916
prov:ABE954_18345	ko:K09908
prov:ABE954_18350	ko:K04772
prov:ABE954_18355	ko:K04691
prov:ABE954_18360	ko:K00790
prov:ABE954_18370	ko:K07122
prov:ABE954_18375	ko:K07323
prov:ABE954_18380	ko:K02067
prov:ABE954_18385	ko:K02066
prov:ABE954_18390	ko:K02065
prov:ABE954_18395	ko:K06041
prov:ABE954_18400	ko:K03270
prov:ABE954_18405	ko:K11719
prov:ABE954_18410	ko:K09774
prov:ABE954_18415	ko:K06861
prov:ABE954_18420	ko:K03092
prov:ABE954_18425	ko:K05808
prov:ABE954_18430	ko:K02806
prov:ABE954_18435	ko:K06958
prov:ABE954_18440	ko:K08485
prov:ABE954_18445	ko:K06140
prov:ABE954_18450	ko:K03592
prov:ABE954_18455	ko:K09889
prov:ABE954_18475	ko:K07002
prov:ABE954_18480	ko:K03623
prov:ABE954_18490	ko:K03568
prov:ABE954_18495	ko:K11206
prov:ABE954_18505	ko:K08301
prov:ABE954_18510	ko:K06287
prov:ABE954_18515	ko:K03571
prov:ABE954_18520	ko:K03570
prov:ABE954_18525	ko:K03569
prov:ABE954_18530	ko:K19745
prov:ABE954_18535	ko:K03786
prov:ABE954_18540	ko:K02160
prov:ABE954_18545	ko:K01961
prov:ABE954_18550	ko:K24118
prov:ABE954_18565	ko:K02810
prov:ABE954_18570	ko:K00389
prov:ABE954_18585	ko:K14392
prov:ABE954_18590	ko:K02687
prov:ABE954_18595	ko:K05540
prov:ABE954_18600	ko:K03557
prov:ABE954_18620	ko:K12518
prov:ABE954_18625	ko:K12519
prov:ABE954_18670	ko:K03406
prov:ABE954_18675	ko:K03835
prov:ABE954_18680	ko:K01667
prov:ABE954_18710	ko:K05836
prov:ABE954_18715	ko:K00311
prov:ABE954_18720	ko:K03522
prov:ABE954_18725	ko:K03521
prov:ABE954_18730	ko:K03457
prov:ABE954_18740	ko:K18702
prov:ABE954_18745	ko:K01712
prov:ABE954_18755	ko:K01996
prov:ABE954_18760	ko:K01995
prov:ABE954_18765	ko:K01998
prov:ABE954_18770	ko:K01997
prov:ABE954_18775	ko:K01999
prov:ABE954_18785	ko:K08234
prov:ABE954_18790	ko:K03089
prov:ABE954_18795	ko:K09811
prov:ABE954_18800	ko:K09812
prov:ABE954_18805	ko:K03110
prov:ABE954_18810	ko:K08316
prov:ABE954_18815	ko:K08993
prov:ABE954_18830	ko:K01534
prov:ABE954_18835	ko:K24087
prov:ABE954_18840	ko:K04085
prov:ABE954_18845	ko:K09125
prov:ABE954_18850	ko:K00113
prov:ABE954_18855	ko:K00112
prov:ABE954_18860	ko:K00111
prov:ABE954_18865	ko:K02445
prov:ABE954_18870	ko:K01126
prov:ABE954_18875	ko:K04568
prov:ABE954_18880	ko:K00244
prov:ABE954_18885	ko:K00245
prov:ABE954_18890	ko:K00246
prov:ABE954_18895	ko:K00247
prov:ABE954_18905	ko:K18476
prov:ABE954_18910	ko:K08151
prov:ABE954_18925	ko:K03761
prov:ABE954_18935	ko:K03761
prov:ABE954_18945	ko:K07724
prov:ABE954_18950	ko:K11741
prov:ABE954_18955	ko:K15268
prov:ABE954_18960	ko:K06200
prov:ABE954_18970	ko:K02356
prov:ABE954_18975	ko:K19810
prov:ABE954_18985	ko:K04077
prov:ABE954_18990	ko:K04078
prov:ABE954_18995	ko:K07113
prov:ABE954_19000	ko:K01744
prov:ABE954_19005	ko:K07791
prov:ABE954_19020	ko:K14231
prov:ABE954_19035	ko:K07443
prov:ABE954_19040	ko:K12942
prov:ABE954_19060	ko:K06878
prov:ABE954_19065	ko:K03297
prov:ABE954_19070	ko:K03297
prov:ABE954_19080	ko:K15024
prov:ABE954_19090	ko:K20037
prov:ABE954_19095	ko:K20038
prov:ABE954_19110	ko:K00132
prov:ABE954_19115	ko:K27260
prov:ABE954_19125	ko:K27266
prov:ABE954_19145	ko:K19784
prov:ABE954_19150	ko:K11069
prov:ABE954_19155	ko:K11070
prov:ABE954_19160	ko:K11071
prov:ABE954_19165	ko:K11072
prov:ABE954_19170	ko:K01676
prov:ABE954_19215	ko:K00648
prov:ABE954_19260	ko:K26580
prov:ABE954_19265	ko:K10914
prov:ABE954_19270	ko:K19775
prov:ABE954_19275	ko:K01685
prov:ABE954_19280	ko:K03077
prov:ABE954_19285	ko:K02430
prov:ABE954_19290	ko:K02058
prov:ABE954_19295	ko:K02056
prov:ABE954_19300	ko:K02057
prov:ABE954_19305	ko:K02057
prov:ABE954_19310	ko:K03079
prov:ABE954_19315	ko:K00880
prov:ABE954_19320	ko:K13636
prov:ABE954_19325	ko:K13629
prov:ABE954_19330	ko:K01753
prov:ABE954_19345	ko:K02032
prov:ABE954_19350	ko:K02031
prov:ABE954_19350	ko:K02034
prov:ABE954_19355	ko:K02033
prov:ABE954_19360	ko:K02035
prov:ABE954_19385	ko:K25285
prov:ABE954_19390	ko:K25283
prov:ABE954_19395	ko:K25284
prov:ABE954_19400	ko:K25282
prov:ABE954_19435	ko:K12519
prov:ABE954_19440	ko:K12518
prov:ABE954_19455	ko:K00374
prov:ABE954_19460	ko:K00373
prov:ABE954_19465	ko:K00371
prov:ABE954_19470	ko:K00370
prov:ABE954_19475	ko:K02575
prov:ABE954_19480	ko:K07673
prov:ABE954_19485	ko:K07684
prov:ABE954_19495	ko:K00865
prov:ABE954_19505	ko:K00626
prov:ABE954_19510	ko:K00059
prov:ABE954_19515	ko:K01026
prov:ABE954_19525	ko:K11209
prov:ABE954_19530	ko:K02011
prov:ABE954_19535	ko:K02012
prov:ABE954_19540	ko:K02010
prov:ABE954_19545	ko:K10974
prov:ABE954_19555	ko:K00428
prov:ABE954_19560	ko:K23349
prov:ABE954_19565	ko:K07312
prov:ABE954_19570	ko:K07307
prov:ABE954_19575	ko:K07306
prov:ABE954_19620	ko:K00529
prov:ABE954_19645	ko:K06989
prov:ABE954_19655	ko:K01652
prov:ABE954_19670	ko:K01628
prov:ABE954_19675	ko:K08963
prov:ABE954_19680	ko:K00899
prov:ABE954_19715	ko:K12519
prov:ABE954_19720	ko:K12518
prov:ABE954_19780	ko:K06946
prov:ABE954_19805	ko:K07448
prov:ABE954_19810	ko:K01153
prov:ABE954_19815	ko:K03427
prov:ABE954_19820	ko:K01154
prov:ABE954_19840	ko:K14228
prov:ABE954_19845	ko:K18988
prov:ABE954_19860	ko:K11720
prov:ABE954_19865	ko:K07091
prov:ABE954_19870	ko:K01255
prov:ABE954_19875	ko:K02339
prov:ABE954_19880	ko:K01873
prov:ABE954_19885	ko:K03828
prov:ABE954_19895	ko:K18325
prov:ABE954_19900	ko:K12151
prov:ABE954_19905	ko:K19595
prov:ABE954_19910	ko:K19594
prov:ABE954_19915	ko:K17686
prov:ABE954_19925	ko:K19591
prov:ABE954_19930	ko:K07213
prov:ABE954_19935	ko:K09893
prov:ABE954_19940	ko:K00611
prov:ABE954_19945	ko:K05306
prov:ABE954_19950	ko:K03430
prov:ABE954_19960	ko:K11081
prov:ABE954_19965	ko:K11084
prov:ABE954_19970	ko:K11083
prov:ABE954_19975	ko:K11082
prov:ABE954_19990	ko:K00609
prov:ABE954_19995	ko:K00610
prov:ABE954_20000	ko:K09022
prov:ABE954_20005	ko:K21636
prov:ABE954_20010	ko:K04068
prov:ABE954_20015	ko:K09979
prov:ABE954_20020	ko:K12151
prov:ABE954_20025	ko:K07461
prov:ABE954_20030	ko:K03824
prov:ABE954_20035	ko:K24843
prov:ABE954_20040	ko:K24844
prov:ABE954_20045	ko:K24845
prov:ABE954_20055	ko:K19155
prov:ABE954_20060	ko:K01992
prov:ABE954_20065	ko:K01992
prov:ABE954_20070	ko:K01993
prov:ABE954_20075	ko:K27882
prov:ABE954_20080	ko:K27883
prov:ABE954_20095	ko:K05592
prov:ABE954_20100	ko:K05803
prov:ABE954_20105	ko:K00962
prov:ABE954_20110	ko:K02956
prov:ABE954_20115	ko:K03177
prov:ABE954_20120	ko:K02834
prov:ABE954_20125	ko:K02519
prov:ABE954_20130	ko:K02600
prov:ABE954_20135	ko:K09748
prov:ABE954_20140	ko:K14230
prov:ABE954_20145	ko:K14228
prov:ABE954_20150	ko:K03075
prov:ABE954_20155	ko:K03431
prov:ABE954_20160	ko:K00796
prov:ABE954_20165	ko:K03798
prov:ABE954_20170	ko:K02427
prov:ABE954_20175	ko:K07574
prov:ABE954_20180	ko:K03624
prov:ABE954_20185	ko:K07259
prov:ABE954_20190	ko:K03979
prov:ABE954_20195	ko:K02899
prov:ABE954_20200	ko:K02888
prov:ABE954_20205	ko:K02523
prov:ABE954_20220	ko:K07724
prov:ABE954_20225	ko:K00024
prov:ABE954_20230	ko:K03402
prov:ABE954_20240	ko:K01130
prov:ABE954_20245	ko:K24118
prov:ABE954_20250	ko:K02558
prov:ABE954_20255	ko:K03841
prov:ABE954_20260	ko:K01507
prov:ABE954_20270	ko:K09800
prov:ABE954_20275	ko:K07278
prov:ABE954_20280	ko:K07304
prov:ABE954_20285	ko:K03699
prov:ABE954_20295	ko:K07109
prov:ABE954_20300	ko:K07645
prov:ABE954_20305	ko:K07666
prov:ABE954_20330	ko:K00116
prov:ABE954_20335	ko:K01082
prov:ABE954_20340	ko:K03773
prov:ABE954_20345	ko:K07269
prov:ABE954_20350	ko:K01521
prov:ABE954_20355	ko:K02939
prov:ABE954_20360	ko:K02963
prov:ABE954_20365	ko:K02686
prov:ABE954_20370	ko:K02990
prov:ABE954_20375	ko:K03218
prov:ABE954_20380	ko:K12573
prov:ABE954_20385	ko:K13771
prov:ABE954_20390	ko:K01939
prov:ABE954_20395	ko:K04087
prov:ABE954_20400	ko:K04088
prov:ABE954_20405	ko:K03665
prov:ABE954_20410	ko:K03666
prov:ABE954_20415	ko:K00791
prov:ABE954_20420	ko:K03572
prov:ABE954_20425	ko:K01448
prov:ABE954_20430	ko:K06925
prov:ABE954_20435	ko:K18979
prov:ABE954_20440	ko:K14225
prov:ABE954_20445	ko:K14225
prov:ABE954_20450	ko:K14225
prov:ABE954_20455	ko:K13288
prov:ABE954_20460	ko:K06949
prov:ABE954_20465	ko:K01613
prov:ABE954_20470	ko:K22051
prov:ABE954_20480	ko:K07126
prov:ABE954_20485	ko:K28854
prov:ABE954_20490	ko:K01048
prov:ABE954_20495	ko:K03654
prov:ABE954_20500	ko:K01058
prov:ABE954_20505	ko:K01073
prov:ABE954_20510	ko:K05786
prov:ABE954_20515	ko:K14052
prov:ABE954_20525	ko:K18148
prov:ABE954_20530	ko:K02839
prov:ABE954_20540	ko:K07394
prov:ABE954_20550	ko:K03657
prov:ABE954_20555	ko:K20862
prov:ABE954_20560	ko:K03733
prov:ABE954_20565	ko:K09921
prov:ABE954_20570	ko:K01778
prov:ABE954_20580	ko:K06202
prov:ABE954_20585	ko:K05851
prov:ABE954_20590	ko:K01749
prov:ABE954_20595	ko:K01719
prov:ABE954_20600	ko:K02496
prov:ABE954_20605	ko:K02498
prov:ABE954_20620	ko:K14232
prov:ABE954_20625	ko:K14228
prov:ABE954_20630	ko:K14226
prov:ABE954_20635	ko:K14219
prov:ABE954_20640	ko:K03293
prov:ABE954_20645	ko:K02852
prov:ABE954_20650	ko:K02853
prov:ABE954_20655	ko:K12582
prov:ABE954_20660	ko:K16693
prov:ABE954_20665	ko:K02805
prov:ABE954_20670	ko:K16704
prov:ABE954_20675	ko:K00973
prov:ABE954_20680	ko:K01710
prov:ABE954_20685	ko:K02472
prov:ABE954_20690	ko:K01791
prov:ABE954_20695	ko:K05790
prov:ABE954_20700	ko:K02851
prov:ABE954_20705	ko:K03628
prov:ABE954_20710	ko:K03671
prov:ABE954_20715	ko:K03732
prov:ABE954_20720	ko:K01524
prov:ABE954_20725	ko:K03656
prov:ABE954_20730	ko:K00053
prov:ABE954_20735	ko:K02521
prov:ABE954_20740	ko:K01754
prov:ABE954_20745	ko:K01687
prov:ABE954_20750	ko:K00826
prov:ABE954_20755	ko:K11258
prov:ABE954_20760	ko:K01652
prov:ABE954_20770	ko:K07391
prov:ABE954_20775	ko:K09897
prov:ABE954_20780	ko:K23773
prov:ABE954_20785	ko:K14235
prov:ABE954_20790	ko:K14221
prov:ABE954_20795	ko:K01985
prov:ABE954_20800	ko:K01980
prov:ABE954_20805	ko:K14224
prov:ABE954_20810	ko:K01977
prov:ABE954_20825	ko:K00014
prov:ABE954_20830	ko:K07566
prov:ABE954_20835	ko:K07479
prov:ABE954_20840	ko:K04096
prov:ABE954_20845	ko:K01462
prov:ABE954_20850	ko:K00604
prov:ABE954_20855	ko:K03500
prov:ABE954_20860	ko:K03499
prov:ABE954_20865	ko:K03282
prov:ABE954_20870	ko:K09890
prov:ABE954_20875	ko:K13638
prov:ABE954_20880	ko:K02879
prov:ABE954_20885	ko:K03040
prov:ABE954_20890	ko:K02986
prov:ABE954_20895	ko:K02948
prov:ABE954_20900	ko:K02952
prov:ABE954_20905	ko:K02919
prov:ABE954_20910	ko:K03076
prov:ABE954_20915	ko:K02876
prov:ABE954_20920	ko:K02907
prov:ABE954_20925	ko:K02988
prov:ABE954_20930	ko:K02881
prov:ABE954_20935	ko:K02933
prov:ABE954_20940	ko:K02994
prov:ABE954_20945	ko:K02954
prov:ABE954_20950	ko:K02931
prov:ABE954_20955	ko:K02895
prov:ABE954_20960	ko:K02874
prov:ABE954_20965	ko:K02961
prov:ABE954_20970	ko:K02904
prov:ABE954_20975	ko:K02878
prov:ABE954_20980	ko:K02982
prov:ABE954_20985	ko:K02890
prov:ABE954_20990	ko:K02965
prov:ABE954_20995	ko:K02886
prov:ABE954_21000	ko:K02892
prov:ABE954_21005	ko:K02926
prov:ABE954_21010	ko:K02906
prov:ABE954_21015	ko:K02946
prov:ABE954_21020	ko:K03594
prov:ABE954_21025	ko:K02192
prov:ABE954_21030	ko:K02358
prov:ABE954_21035	ko:K14234
prov:ABE954_21040	ko:K14225
prov:ABE954_21045	ko:K14236
prov:ABE954_21050	ko:K14234
prov:ABE954_21060	ko:K00867
prov:ABE954_21065	ko:K03524
prov:ABE954_21070	ko:K00075
prov:ABE954_21075	ko:K01985
prov:ABE954_21080	ko:K14234
prov:ABE954_21085	ko:K01985
prov:ABE954_21090	ko:K01980
prov:ABE954_21095	ko:K14224
prov:ABE954_21100	ko:K01977
prov:ABE954_21105	ko:K01776
prov:ABE954_21110	ko:K16092
prov:ABE954_21115	ko:K00557
prov:ABE954_21125	ko:K22105
prov:ABE954_21130	ko:K00322
prov:ABE954_21135	ko:K04761
prov:ABE954_21145	ko:K01755
prov:ABE954_21150	ko:K01940
prov:ABE954_21155	ko:K00930
prov:ABE954_21160	ko:K00145
prov:ABE954_21165	ko:K01438
prov:ABE954_21170	ko:K00297
prov:ABE954_21180	ko:K01580
prov:ABE954_21185	ko:K20265
prov:ABE954_21195	ko:K01595
prov:ABE954_21205	ko:K12525
prov:ABE954_21210	ko:K01739
prov:ABE954_21215	ko:K03764
prov:ABE954_21230	ko:K02909
prov:ABE954_21235	ko:K04066
prov:ABE954_21240	ko:K05499
prov:ABE954_21245	ko:K03591
prov:ABE954_21250	ko:K01419
prov:ABE954_21255	ko:K03667
prov:ABE954_21260	ko:K02548
prov:ABE954_21265	ko:K02553
prov:ABE954_21270	ko:K09892
prov:ABE954_21275	ko:K02440
prov:ABE954_21280	ko:K00864
prov:ABE954_21290	ko:K08154
prov:ABE954_21295	ko:K00528
prov:ABE954_21310	ko:K01803
prov:ABE954_21315	ko:K14053
prov:ABE954_21320	ko:K01207
prov:ABE954_21330	ko:K23163
prov:ABE954_21335	ko:K00850
prov:ABE954_21340	ko:K00981
prov:ABE954_21350	ko:K07387
prov:ABE954_21355	ko:K09975
prov:ABE954_21360	ko:K06006
prov:ABE954_21365	ko:K07662
prov:ABE954_21370	ko:K07640
prov:ABE954_21385	ko:K01711
prov:ABE954_21390	ko:K02377
prov:ABE954_21395	ko:K03207
prov:ABE954_21400	ko:K00971
prov:ABE954_21405	ko:K01840
prov:ABE954_21420	ko:K00012
prov:ABE954_21430	ko:K01991
prov:ABE954_21435	ko:K25307
prov:ABE954_21440	ko:K16692
prov:ABE954_21450	ko:K01784
prov:ABE954_21455	ko:K03216
prov:ABE954_21460	ko:K19159
prov:ABE954_21465	ko:K00640
prov:ABE954_21470	ko:K00057
prov:ABE954_21475	ko:K03071
prov:ABE954_21485	ko:K22719
prov:ABE954_21490	ko:K09798
prov:ABE954_21495	ko:K00060
prov:ABE954_21500	ko:K00639
prov:ABE954_21505	ko:K03274
prov:ABE954_21510	ko:K02843
prov:ABE954_21515	ko:K02841
prov:ABE954_21530	ko:K02527
prov:ABE954_21535	ko:K00954
prov:ABE954_21540	ko:K10563
prov:ABE954_21545	ko:K00713
prov:ABE954_21550	ko:K03279
prov:ABE954_21555	ko:K02847
prov:ABE954_21560	ko:K03275
prov:ABE954_21565	ko:K02848
prov:ABE954_21570	ko:K02844
prov:ABE954_21575	ko:K02849
prov:ABE954_21580	ko:K02913
prov:ABE954_21585	ko:K02902
prov:ABE954_21615	ko:K03630
prov:ABE954_21620	ko:K13038
prov:ABE954_21625	ko:K01520
prov:ABE954_21630	ko:K05501
prov:ABE954_21635	ko:K00762
prov:ABE954_21640	ko:K00989
prov:ABE954_21650	ko:K11537
prov:ABE954_21660	ko:K03783
prov:ABE954_21670	ko:K00878
prov:ABE954_21675	ko:K02850
prov:ABE954_21680	ko:K00012
prov:ABE954_21685	ko:K08679
prov:ABE954_21695	ko:K03833
prov:ABE954_21700	ko:K01042
prov:ABE954_21705	ko:K02380
prov:ABE954_21710	ko:K01686
prov:ABE954_21715	ko:K13637
prov:ABE954_21720	ko:K08323
prov:ABE954_21725	ko:K08322
prov:ABE954_21730	ko:K08173
prov:ABE954_21735	ko:K00040
prov:ABE954_21750	ko:K07749
prov:ABE954_21755	ko:K13936
prov:ABE954_21760	ko:K01577
prov:ABE954_21765	ko:K07749
prov:ABE954_21770	ko:K00127
prov:ABE954_21775	ko:K00124
prov:ABE954_21780	ko:K00123
prov:ABE954_21785	ko:K02379
prov:ABE954_21790	ko:K07154
prov:ABE954_21795	ko:K15773
prov:ABE954_21805	ko:K03650
prov:ABE954_21810	ko:K03217
prov:ABE954_21815	ko:K08998
prov:ABE954_21820	ko:K03536
prov:ABE954_21825	ko:K02914
