rgl:CS053_00065	ko:K09965
rgl:CS053_00070	ko:K26937
rgl:CS053_00090	ko:K01690
rgl:CS053_00095	ko:K01057
rgl:CS053_00100	ko:K00036
rgl:CS053_00105	ko:K24967
rgl:CS053_00130	ko:K16092
rgl:CS053_00135	ko:K07789
rgl:CS053_00170	ko:K01915
rgl:CS053_00180	ko:K06153
rgl:CS053_00185	ko:K18900
rgl:CS053_00190	ko:K18298
rgl:CS053_00195	ko:K18299
rgl:CS053_00200	ko:K18300
rgl:CS053_00275	ko:K09954
rgl:CS053_00290	ko:K02483
rgl:CS053_00300	ko:K02014
rgl:CS053_00305	ko:K07019
rgl:CS053_00315	ko:K03719
rgl:CS053_00320	ko:K00500
rgl:CS053_00330	ko:K12132
rgl:CS053_00370	ko:K00799
rgl:CS053_00390	ko:K03841
rgl:CS053_00400	ko:K06988
rgl:CS053_00430	ko:K00472
rgl:CS053_00435	ko:K01414
rgl:CS053_00440	ko:K07001
rgl:CS053_00460	ko:K00014
rgl:CS053_00500	ko:K01778
rgl:CS053_00505	ko:K09921
rgl:CS053_00510	ko:K03733
rgl:CS053_00515	ko:K01419
rgl:CS053_00520	ko:K03667
rgl:CS053_00535	ko:K00156
rgl:CS053_00540	ko:K11209
rgl:CS053_00545	ko:K00852
rgl:CS053_00550	ko:K03321
rgl:CS053_00555	ko:K03650
rgl:CS053_00560	ko:K03217
rgl:CS053_00565	ko:K03536
rgl:CS053_00570	ko:K02914
rgl:CS053_00575	ko:K02313
rgl:CS053_00580	ko:K02338
rgl:CS053_00585	ko:K03629
rgl:CS053_00590	ko:K02470
rgl:CS053_00605	ko:K03832
rgl:CS053_00610	ko:K03561
rgl:CS053_00615	ko:K03559
rgl:CS053_00620	ko:K03559
rgl:CS053_00625	ko:K03474
rgl:CS053_00630	ko:K06133
rgl:CS053_00640	ko:K00265
rgl:CS053_00645	ko:K00266
rgl:CS053_00670	ko:K07497
rgl:CS053_00690	ko:K07034
rgl:CS053_00725	ko:K07263
rgl:CS053_00750	ko:K13409
rgl:CS053_00755	ko:K13408
rgl:CS053_00775	ko:K06894
rgl:CS053_00780	ko:K05367
rgl:CS053_00785	ko:K01142
rgl:CS053_00790	ko:K07039
rgl:CS053_00795	ko:K01265
rgl:CS053_00810	ko:K06911
rgl:CS053_00825	ko:K00851
rgl:CS053_00835	ko:K03501
rgl:CS053_00840	ko:K03496
rgl:CS053_00845	ko:K03497
rgl:CS053_00860	ko:K07001
rgl:CS053_00880	ko:K07283
rgl:CS053_00895	ko:K08083
rgl:CS053_00900	ko:K08082
rgl:CS053_00905	ko:K06999
rgl:CS053_00910	ko:K01322
rgl:CS053_00925	ko:K13877
rgl:CS053_00930	ko:K21062
rgl:CS053_00935	ko:K22549
rgl:CS053_00940	ko:K22550
rgl:CS053_00945	ko:K21061
rgl:CS053_00950	ko:K12658
rgl:CS053_00985	ko:K07165
rgl:CS053_01000	ko:K01187
rgl:CS053_01005	ko:K01187
rgl:CS053_01010	ko:K01176
rgl:CS053_01015	ko:K14266
rgl:CS053_01020	ko:K02014
rgl:CS053_01025	ko:K01187
rgl:CS053_01045	ko:K11904
rgl:CS053_01090	ko:K03585
rgl:CS053_01095	ko:K18138
rgl:CS053_01110	ko:K14660
rgl:CS053_01115	ko:K02078
rgl:CS053_01150	ko:K03928
rgl:CS053_01160	ko:K02003
rgl:CS053_01165	ko:K02004
rgl:CS053_01170	ko:K18904
rgl:CS053_01180	ko:K07250
rgl:CS053_01190	ko:K02483
rgl:CS053_01195	ko:K03086
rgl:CS053_01200	ko:K07560
rgl:CS053_01205	ko:K02517
rgl:CS053_01235	ko:K08678
rgl:CS053_01260	ko:K03500
rgl:CS053_01275	ko:K00604
rgl:CS053_01280	ko:K01462
rgl:CS053_01290	ko:K04096
rgl:CS053_01295	ko:K03168
rgl:CS053_01300	ko:K07566
rgl:CS053_01315	ko:K01945
rgl:CS053_01320	ko:K11892
rgl:CS053_01325	ko:K11893
rgl:CS053_01330	ko:K11906
rgl:CS053_01340	ko:K11901
rgl:CS053_01345	ko:K11900
rgl:CS053_01350	ko:K11903
rgl:CS053_01355	ko:K11897
rgl:CS053_01365	ko:K11896
rgl:CS053_01370	ko:K11895
rgl:CS053_01375	ko:K11907
rgl:CS053_01410	ko:K03286
rgl:CS053_01415	ko:K11890
rgl:CS053_01420	ko:K11891
rgl:CS053_01450	ko:K17733
rgl:CS053_01460	ko:K11902
rgl:CS053_01485	ko:K03807
rgl:CS053_01495	ko:K03426
rgl:CS053_01500	ko:K15724
rgl:CS053_01515	ko:K03594
rgl:CS053_01520	ko:K02192
rgl:CS053_01525	ko:K08311
rgl:CS053_01530	ko:K14230
rgl:CS053_01550	ko:K16371
rgl:CS053_01565	ko:K07407
rgl:CS053_01580	ko:K02082
rgl:CS053_01590	ko:K02081
rgl:CS053_01630	ko:K02529
rgl:CS053_01640	ko:K14266
rgl:CS053_01650	ko:K01198
rgl:CS053_01655	ko:K02027
rgl:CS053_01660	ko:K02025
rgl:CS053_01665	ko:K02026
rgl:CS053_01670	ko:K08369
rgl:CS053_01675	ko:K10112
rgl:CS053_01680	ko:K05350
rgl:CS053_01685	ko:K01198
rgl:CS053_01720	ko:K02342
rgl:CS053_01725	ko:K18687
rgl:CS053_01730	ko:K15983
rgl:CS053_01735	ko:K05296
rgl:CS053_01745	ko:K16047
rgl:CS053_01750	ko:K16048
rgl:CS053_01755	ko:K16050
rgl:CS053_01760	ko:K18364
rgl:CS053_01765	ko:K18366
rgl:CS053_01770	ko:K18365
rgl:CS053_01790	ko:K10680
rgl:CS053_01805	ko:K28228
rgl:CS053_01810	ko:K28229
rgl:CS053_01815	ko:K28232
rgl:CS053_01820	ko:K28226
rgl:CS053_01825	ko:K28227
rgl:CS053_01830	ko:K28230
rgl:CS053_01835	ko:K28231
rgl:CS053_01840	ko:K00632
rgl:CS053_01850	ko:K28225
rgl:CS053_01855	ko:K28221
rgl:CS053_01860	ko:K28222
rgl:CS053_01865	ko:K01822
rgl:CS053_01870	ko:K28220
rgl:CS053_01875	ko:K28224
rgl:CS053_01880	ko:K00632
rgl:CS053_01890	ko:K02014
rgl:CS053_01895	ko:K07116
rgl:CS053_01905	ko:K02014
rgl:CS053_01920	ko:K01659
rgl:CS053_01925	ko:K01720
rgl:CS053_01930	ko:K15982
rgl:CS053_01940	ko:K00154
rgl:CS053_01945	ko:K00076
rgl:CS053_01960	ko:K01692
rgl:CS053_01970	ko:K25621
rgl:CS053_01975	ko:K22819
rgl:CS053_01980	ko:K25622
rgl:CS053_01985	ko:K25623
rgl:CS053_01990	ko:K22818
rgl:CS053_01995	ko:K00666
rgl:CS053_02015	ko:K25775
rgl:CS053_02045	ko:K00616
rgl:CS053_02050	ko:K01810
rgl:CS053_02055	ko:K00033
rgl:CS053_02060	ko:K00036
rgl:CS053_02065	ko:K01178
rgl:CS053_02070	ko:K01057
rgl:CS053_02075	ko:K16150
rgl:CS053_02080	ko:K07405
rgl:CS053_02085	ko:K01737
rgl:CS053_02100	ko:K02108
rgl:CS053_02105	ko:K02110
rgl:CS053_02110	ko:K02109
rgl:CS053_02115	ko:K02113
rgl:CS053_02120	ko:K02111
rgl:CS053_02125	ko:K02115
rgl:CS053_02130	ko:K02112
rgl:CS053_02135	ko:K02114
rgl:CS053_02145	ko:K04042
rgl:CS053_02150	ko:K18240
rgl:CS053_02155	ko:K02078
rgl:CS053_02160	ko:K02372
rgl:CS053_02185	ko:K00647
rgl:CS053_02190	ko:K00228
rgl:CS053_02205	ko:K01834
rgl:CS053_02215	ko:K04752
rgl:CS053_02220	ko:K09806
rgl:CS053_02225	ko:K07391
rgl:CS053_02250	ko:K01637
rgl:CS053_02255	ko:K01638
rgl:CS053_02260	ko:K21703
rgl:CS053_02270	ko:K15034
rgl:CS053_02275	ko:K06175
rgl:CS053_02280	ko:K03688
rgl:CS053_02285	ko:K03690
rgl:CS053_02290	ko:K03216
rgl:CS053_02300	ko:K07263
rgl:CS053_02310	ko:K15974
rgl:CS053_02340	ko:K03088
rgl:CS053_02350	ko:K00998
rgl:CS053_02360	ko:K14058
rgl:CS053_02365	ko:K00832
rgl:CS053_02370	ko:K03554
rgl:CS053_02395	ko:K01254
rgl:CS053_02405	ko:K00799
rgl:CS053_02410	ko:K01259
rgl:CS053_02420	ko:K03719
rgl:CS053_02430	ko:K00799
rgl:CS053_02435	ko:K03183
rgl:CS053_02455	ko:K19713
rgl:CS053_02460	ko:K00631
rgl:CS053_02485	ko:K02014
rgl:CS053_02490	ko:K02014
rgl:CS053_02500	ko:K03656
rgl:CS053_02505	ko:K00857
rgl:CS053_02515	ko:K07078
rgl:CS053_02520	ko:K10563
rgl:CS053_02530	ko:K25153
rgl:CS053_02535	ko:K25151
rgl:CS053_02540	ko:K25152
rgl:CS053_02545	ko:K00507
rgl:CS053_02555	ko:K02913
rgl:CS053_02560	ko:K02902
rgl:CS053_02565	ko:K03071
rgl:CS053_02570	ko:K00057
rgl:CS053_02585	ko:K00845
rgl:CS053_02590	ko:K08677
rgl:CS053_02595	ko:K01698
rgl:CS053_02600	ko:K01465
rgl:CS053_02610	ko:K03088
rgl:CS053_02615	ko:K22757
rgl:CS053_02620	ko:K11747
rgl:CS053_02630	ko:K06867
rgl:CS053_02635	ko:K09902
rgl:CS053_02640	ko:K06076
rgl:CS053_02645	ko:K00154
rgl:CS053_02650	ko:K02014
rgl:CS053_02670	ko:K00059
rgl:CS053_02680	ko:K13821
rgl:CS053_02690	ko:K02275
rgl:CS053_02705	ko:K02276
rgl:CS053_02715	ko:K14998
rgl:CS053_02725	ko:K02259
rgl:CS053_02730	ko:K02257
rgl:CS053_02740	ko:K01531
rgl:CS053_02755	ko:K02316
rgl:CS053_02770	ko:K09117
rgl:CS053_02775	ko:K02970
rgl:CS053_02780	ko:K25706
rgl:CS053_02785	ko:K01633
rgl:CS053_02790	ko:K16053
rgl:CS053_02795	ko:K00950
rgl:CS053_02805	ko:K03793
rgl:CS053_02835	ko:K00974
rgl:CS053_02860	ko:K08309
rgl:CS053_02880	ko:K03673
rgl:CS053_02885	ko:K03673
rgl:CS053_02895	ko:K03978
rgl:CS053_02900	ko:K08968
rgl:CS053_02910	ko:K01935
rgl:CS053_02920	ko:K01284
rgl:CS053_02925	ko:K01919
rgl:CS053_02935	ko:K02483
rgl:CS053_02940	ko:K03628
rgl:CS053_02945	ko:K03671
rgl:CS053_02950	ko:K03732
rgl:CS053_02955	ko:K09812
rgl:CS053_02960	ko:K09811
rgl:CS053_02970	ko:K03648
rgl:CS053_02975	ko:K07336
rgl:CS053_02980	ko:K03089
rgl:CS053_02985	ko:K03885
rgl:CS053_02990	ko:K04066
rgl:CS053_03000	ko:K26939
rgl:CS053_03005	ko:K04773
rgl:CS053_03015	ko:K02013
rgl:CS053_03025	ko:K08081
rgl:CS053_03040	ko:K01241
rgl:CS053_03060	ko:K07390
rgl:CS053_03070	ko:K07274
rgl:CS053_03095	ko:K14260
rgl:CS053_03100	ko:K06949
rgl:CS053_03110	ko:K00029
rgl:CS053_03115	ko:K00163
rgl:CS053_03125	ko:K00799
rgl:CS053_03205	ko:K00077
rgl:CS053_03210	ko:K07077
rgl:CS053_03220	ko:K03442
rgl:CS053_03225	ko:K01992
rgl:CS053_03230	ko:K01990
rgl:CS053_03235	ko:K00627
rgl:CS053_03245	ko:K00382
rgl:CS053_03255	ko:K03088
rgl:CS053_03265	ko:K04063
rgl:CS053_03270	ko:K23775
rgl:CS053_03280	ko:K03704
rgl:CS053_03285	ko:K02346
rgl:CS053_03290	ko:K23541
rgl:CS053_03330	ko:K02346
rgl:CS053_03340	ko:K01785
rgl:CS053_03350	ko:K02014
rgl:CS053_03380	ko:K08137
rgl:CS053_03385	ko:K13874
rgl:CS053_03390	ko:K22185
rgl:CS053_03395	ko:K01684
rgl:CS053_03400	ko:K01631
rgl:CS053_03405	ko:K00883
rgl:CS053_03415	ko:K01091
rgl:CS053_03420	ko:K00927
rgl:CS053_03425	ko:K01800
rgl:CS053_03430	ko:K02670
rgl:CS053_03445	ko:K09794
rgl:CS053_03450	ko:K01697
rgl:CS053_03455	ko:K00820
rgl:CS053_03460	ko:K02300
rgl:CS053_03465	ko:K02299
rgl:CS053_03470	ko:K02298
rgl:CS053_03475	ko:K02297
rgl:CS053_03485	ko:K14998
rgl:CS053_03490	ko:K16011
rgl:CS053_03495	ko:K00067
rgl:CS053_03500	ko:K01790
rgl:CS053_03505	ko:K00973
rgl:CS053_03510	ko:K01710
rgl:CS053_03535	ko:K22252
rgl:CS053_03540	ko:K09691
rgl:CS053_03545	ko:K09690
rgl:CS053_03570	ko:K01758
rgl:CS053_03575	ko:K09690
rgl:CS053_03580	ko:K09691
rgl:CS053_03605	ko:K03522
rgl:CS053_03610	ko:K03521
rgl:CS053_03625	ko:K00311
rgl:CS053_03635	ko:K00957
rgl:CS053_03640	ko:K00955
rgl:CS053_03645	ko:K07486
rgl:CS053_03660	ko:K00605
rgl:CS053_03665	ko:K02437
rgl:CS053_03670	ko:K03764
rgl:CS053_03675	ko:K03832
rgl:CS053_03680	ko:K01467
rgl:CS053_03690	ko:K03301
rgl:CS053_03700	ko:K20534
rgl:CS053_03705	ko:K03814
rgl:CS053_03710	ko:K04083
rgl:CS053_03735	ko:K03088
rgl:CS053_03740	ko:K01596
rgl:CS053_03755	ko:K06445
rgl:CS053_03765	ko:K03412
rgl:CS053_03770	ko:K00575
rgl:CS053_03785	ko:K02837
rgl:CS053_03810	ko:K10938
rgl:CS053_03815	ko:K02355
rgl:CS053_03830	ko:K08987
rgl:CS053_03835	ko:K00856
rgl:CS053_03840	ko:K03569
rgl:CS053_03845	ko:K03570
rgl:CS053_03850	ko:K03571
rgl:CS053_03855	ko:K05515
rgl:CS053_03860	ko:K05837
rgl:CS053_03865	ko:K08305
rgl:CS053_03870	ko:K03642
rgl:CS053_03875	ko:K07258
rgl:CS053_03880	ko:K09158
rgl:CS053_03890	ko:K03644
rgl:CS053_03895	ko:K03797
rgl:CS053_03905	ko:K01255
rgl:CS053_03910	ko:K20862
rgl:CS053_03915	ko:K02040
rgl:CS053_03925	ko:K00525
rgl:CS053_03970	ko:K21019
rgl:CS053_03985	ko:K01284
rgl:CS053_04035	ko:K06076
rgl:CS053_04050	ko:K25307
rgl:CS053_04055	ko:K06949
rgl:CS053_04075	ko:K02014
rgl:CS053_04080	ko:K02529
rgl:CS053_04085	ko:K05349
rgl:CS053_04095	ko:K08137
rgl:CS053_04100	ko:K02668
rgl:CS053_04110	ko:K01903
rgl:CS053_04115	ko:K01902
rgl:CS053_04120	ko:K00833
rgl:CS053_04125	ko:K01950
rgl:CS053_04130	ko:K05807
rgl:CS053_04135	ko:K06180
rgl:CS053_04140	ko:K05810
rgl:CS053_04145	ko:K03695
rgl:CS053_04155	ko:K07165
rgl:CS053_04160	ko:K02014
rgl:CS053_04170	ko:K00681
rgl:CS053_04175	ko:K02014
rgl:CS053_04190	ko:K01876
rgl:CS053_04205	ko:K01159
rgl:CS053_04210	ko:K03550
rgl:CS053_04215	ko:K03549
rgl:CS053_04220	ko:K03549
rgl:CS053_04225	ko:K03551
rgl:CS053_04230	ko:K07107
rgl:CS053_04235	ko:K03562
rgl:CS053_04240	ko:K03560
rgl:CS053_04245	ko:K03646
rgl:CS053_04250	ko:K03641
rgl:CS053_04255	ko:K03640
rgl:CS053_04265	ko:K10026
rgl:CS053_04270	ko:K06920
rgl:CS053_04275	ko:K14229
rgl:CS053_04295	ko:K00859
rgl:CS053_04300	ko:K02654
rgl:CS053_04305	ko:K02653
rgl:CS053_04310	ko:K02652
rgl:CS053_04330	ko:K12990
rgl:CS053_04360	ko:K23424
rgl:CS053_04365	ko:K02650
rgl:CS053_04370	ko:K02650
rgl:CS053_04390	ko:K03284
rgl:CS053_04395	ko:K27956
rgl:CS053_04400	ko:K06189
rgl:CS053_04405	ko:K07042
rgl:CS053_04410	ko:K06217
rgl:CS053_04415	ko:K06168
rgl:CS053_04425	ko:K04772
rgl:CS053_04430	ko:K00411
rgl:CS053_04435	ko:K00412
rgl:CS053_04440	ko:K00413
rgl:CS053_04450	ko:K03600
rgl:CS053_04460	ko:K00767
rgl:CS053_04475	ko:K01588
rgl:CS053_04480	ko:K01589
rgl:CS053_04485	ko:K04564
rgl:CS053_04490	ko:K07390
rgl:CS053_04510	ko:K06966
rgl:CS053_04515	ko:K14220
rgl:CS053_04520	ko:K02014
rgl:CS053_04530	ko:K13292
rgl:CS053_04540	ko:K00560
rgl:CS053_04550	ko:K00287
rgl:CS053_04555	ko:K03574
rgl:CS053_04570	ko:K00759
rgl:CS053_04575	ko:K07304
rgl:CS053_04585	ko:K00113
rgl:CS053_04595	ko:K04761
rgl:CS053_04600	ko:K14645
rgl:CS053_04665	ko:K02493
rgl:CS053_04670	ko:K02014
rgl:CS053_04675	ko:K01662
rgl:CS053_04695	ko:K03640
rgl:CS053_04725	ko:K07233
rgl:CS053_04755	ko:K20035
rgl:CS053_04765	ko:K07117
rgl:CS053_04770	ko:K00864
rgl:CS053_04775	ko:K00111
rgl:CS053_04780	ko:K02355
rgl:CS053_04805	ko:K15726
rgl:CS053_04810	ko:K15727
rgl:CS053_04815	ko:K07303
rgl:CS053_04820	ko:K07302
rgl:CS053_04825	ko:K03294
rgl:CS053_04830	ko:K08677
rgl:CS053_04840	ko:K12526
rgl:CS053_04845	ko:K23170
rgl:CS053_04850	ko:K23169
rgl:CS053_04865	ko:K09474
rgl:CS053_04870	ko:K02014
rgl:CS053_04875	ko:K00076
rgl:CS053_04880	ko:K07341
rgl:CS053_04890	ko:K07386
rgl:CS053_04905	ko:K07278
rgl:CS053_04915	ko:K04047
rgl:CS053_04920	ko:K01953
rgl:CS053_04925	ko:K03578
rgl:CS053_04935	ko:K00951
rgl:CS053_04950	ko:K05365
rgl:CS053_04960	ko:K03722
rgl:CS053_04970	ko:K01599
rgl:CS053_04980	ko:K01735
rgl:CS053_04985	ko:K00891
rgl:CS053_04995	ko:K15918
rgl:CS053_05000	ko:K00275
rgl:CS053_05005	ko:K02016
rgl:CS053_05010	ko:K02221
rgl:CS053_05015	ko:K00286
rgl:CS053_05020	ko:K02669
rgl:CS053_05025	ko:K02670
rgl:CS053_05040	ko:K00609
rgl:CS053_05045	ko:K07447
rgl:CS053_05050	ko:K07735
rgl:CS053_05065	ko:K03832
rgl:CS053_05070	ko:K01920
rgl:CS053_05075	ko:K02657
rgl:CS053_05080	ko:K02658
rgl:CS053_05085	ko:K02659
rgl:CS053_05090	ko:K02660
rgl:CS053_05095	ko:K06596
rgl:CS053_05100	ko:K06597
rgl:CS053_05105	ko:K06598
rgl:CS053_05110	ko:K09761
rgl:CS053_05115	ko:K02463
rgl:CS053_05120	ko:K05602
rgl:CS053_05125	ko:K08312
rgl:CS053_05130	ko:K01082
rgl:CS053_05135	ko:K04765
rgl:CS053_05155	ko:K02004
rgl:CS053_05160	ko:K02003
rgl:CS053_05165	ko:K10804
rgl:CS053_05180	ko:K01027
rgl:CS053_05185	ko:K02171
rgl:CS053_05190	ko:K02172
rgl:CS053_05210	ko:K02014
rgl:CS053_05215	ko:K15012
rgl:CS053_05220	ko:K15011
rgl:CS053_05225	ko:K03305
rgl:CS053_05230	ko:K00901
rgl:CS053_05235	ko:K03744
rgl:CS053_05240	ko:K06872
rgl:CS053_05250	ko:K08084
rgl:CS053_05255	ko:K03702
rgl:CS053_05260	ko:K14237
rgl:CS053_05270	ko:K08973
rgl:CS053_05275	ko:K08679
rgl:CS053_05280	ko:K02000
rgl:CS053_05285	ko:K02001
rgl:CS053_05290	ko:K02002
rgl:CS053_05305	ko:K02520
rgl:CS053_05310	ko:K02916
rgl:CS053_05315	ko:K02887
rgl:CS053_05320	ko:K01889
rgl:CS053_05325	ko:K01890
rgl:CS053_05330	ko:K04764
rgl:CS053_05340	ko:K14232
rgl:CS053_05350	ko:K13774
rgl:CS053_05355	ko:K11731
rgl:CS053_05360	ko:K13778
rgl:CS053_05365	ko:K13779
rgl:CS053_05370	ko:K13777
rgl:CS053_05380	ko:K00058
rgl:CS053_05390	ko:K01259
rgl:CS053_05395	ko:K00761
rgl:CS053_05410	ko:K01990
rgl:CS053_05415	ko:K01992
rgl:CS053_05420	ko:K07778
rgl:CS053_05425	ko:K07778
rgl:CS053_05430	ko:K07693
rgl:CS053_05435	ko:K26937
rgl:CS053_05440	ko:K07568
rgl:CS053_05445	ko:K00773
rgl:CS053_05450	ko:K03210
rgl:CS053_05455	ko:K03072
rgl:CS053_05460	ko:K03074
rgl:CS053_05465	ko:K00992
rgl:CS053_05470	ko:K07102
rgl:CS053_05485	ko:K03320
rgl:CS053_05490	ko:K04752
rgl:CS053_05500	ko:K09014
rgl:CS053_05505	ko:K09013
rgl:CS053_05510	ko:K09015
rgl:CS053_05515	ko:K11717
rgl:CS053_05525	ko:K00077
rgl:CS053_05535	ko:K05710
rgl:CS053_05565	ko:K06997
rgl:CS053_05575	ko:K07059
rgl:CS053_05605	ko:K00529
rgl:CS053_05620	ko:K06989
rgl:CS053_05625	ko:K01652
rgl:CS053_05675	ko:K07336
rgl:CS053_05680	ko:K16090
rgl:CS053_05685	ko:K07386
rgl:CS053_05695	ko:K06518
rgl:CS053_05720	ko:K03088
rgl:CS053_05740	ko:K03808
rgl:CS053_05745	ko:K03808
rgl:CS053_05750	ko:K06192
rgl:CS053_05755	ko:K09857
rgl:CS053_05760	ko:K01869
rgl:CS053_05765	ko:K03643
rgl:CS053_05770	ko:K02340
rgl:CS053_05775	ko:K00969
rgl:CS053_05825	ko:K02014
rgl:CS053_05830	ko:K07305
rgl:CS053_05855	ko:K00459
rgl:CS053_05860	ko:K09710
rgl:CS053_05865	ko:K00783
rgl:CS053_05885	ko:K07052
rgl:CS053_05890	ko:K00799
rgl:CS053_05895	ko:K07054
rgl:CS053_05900	ko:K06940
rgl:CS053_05905	ko:K15777
rgl:CS053_05910	ko:K05592
rgl:CS053_05915	ko:K01070
rgl:CS053_05920	ko:K03790
rgl:CS053_05925	ko:K11927
rgl:CS053_05935	ko:K08178
rgl:CS053_05940	ko:K03775
rgl:CS053_05950	ko:K02172
rgl:CS053_05955	ko:K02171
rgl:CS053_05970	ko:K00285
rgl:CS053_05980	ko:K01458
rgl:CS053_05990	ko:K15067
rgl:CS053_05995	ko:K01673
rgl:CS053_06000	ko:K10217
rgl:CS053_06005	ko:K00059
rgl:CS053_06020	ko:K01893
rgl:CS053_06025	ko:K13628
rgl:CS053_06030	ko:K02990
rgl:CS053_06035	ko:K02963
rgl:CS053_06040	ko:K02939
rgl:CS053_06045	ko:K02314
rgl:CS053_06050	ko:K01775
rgl:CS053_06055	ko:K04485
rgl:CS053_06065	ko:K26993
rgl:CS053_06070	ko:K26996
rgl:CS053_06075	ko:K06889
rgl:CS053_06080	ko:K03106
rgl:CS053_06085	ko:K02959
rgl:CS053_06090	ko:K02860
rgl:CS053_06095	ko:K00554
rgl:CS053_06100	ko:K02884
rgl:CS053_06105	ko:K21025
rgl:CS053_06110	ko:K19810
rgl:CS053_06115	ko:K02356
rgl:CS053_06120	ko:K12960
rgl:CS053_06130	ko:K00568
rgl:CS053_06135	ko:K22292
rgl:CS053_06145	ko:K09007
rgl:CS053_06150	ko:K08998
rgl:CS053_06155	ko:K06204
rgl:CS053_06160	ko:K02426
rgl:CS053_06165	ko:K01883
rgl:CS053_06175	ko:K09065
rgl:CS053_06180	ko:K07734
rgl:CS053_06190	ko:K01940
rgl:CS053_06195	ko:K01438
rgl:CS053_06200	ko:K22478
rgl:CS053_06205	ko:K22479
rgl:CS053_06210	ko:K00145
rgl:CS053_06215	ko:K01755
rgl:CS053_06230	ko:K00931
rgl:CS053_06235	ko:K00147
rgl:CS053_06245	ko:K01556
rgl:CS053_06255	ko:K03392
rgl:CS053_06265	ko:K02356
rgl:CS053_06280	ko:K03828
rgl:CS053_06290	ko:K07497
rgl:CS053_06295	ko:K03645
rgl:CS053_06300	ko:K01640
rgl:CS053_06305	ko:K01968
rgl:CS053_06315	ko:K13766
rgl:CS053_06320	ko:K04758
rgl:CS053_06325	ko:K04759
rgl:CS053_06345	ko:K01969
rgl:CS053_06355	ko:K00626
rgl:CS053_06380	ko:K00253
rgl:CS053_06385	ko:K00059
rgl:CS053_06395	ko:K00647
rgl:CS053_06405	ko:K07107
rgl:CS053_06415	ko:K02372
rgl:CS053_06425	ko:K02078
rgl:CS053_06440	ko:K00647
rgl:CS053_06445	ko:K09458
rgl:CS053_06470	ko:K02078
rgl:CS053_06480	ko:K00263
rgl:CS053_06500	ko:K06197
rgl:CS053_06510	ko:K11942
rgl:CS053_06580	ko:K06983
rgl:CS053_06625	ko:K09933
rgl:CS053_06675	ko:K27078
rgl:CS053_06680	ko:K07346
rgl:CS053_06685	ko:K07347
rgl:CS053_06690	ko:K27078
rgl:CS053_06695	ko:K27078
rgl:CS053_06705	ko:K06978
rgl:CS053_06720	ko:K02014
rgl:CS053_06725	ko:K01201
rgl:CS053_06740	ko:K00799
rgl:CS053_06745	ko:K03564
rgl:CS053_06750	ko:K03281
rgl:CS053_06755	ko:K08223
rgl:CS053_06770	ko:K18991
rgl:CS053_06810	ko:K05349
rgl:CS053_06825	ko:K02529
rgl:CS053_06835	ko:K03929
rgl:CS053_06840	ko:K01975
rgl:CS053_06860	ko:K10947
rgl:CS053_06890	ko:K01256
rgl:CS053_06930	ko:K07305
rgl:CS053_06935	ko:K07304
rgl:CS053_06950	ko:K00799
rgl:CS053_06960	ko:K07448
rgl:CS053_06990	ko:K03281
rgl:CS053_07000	ko:K01183
rgl:CS053_07030	ko:K07178
rgl:CS053_07035	ko:K03772
rgl:CS053_07050	ko:K07403
rgl:CS053_07055	ko:K06177
rgl:CS053_07060	ko:K28868
rgl:CS053_07070	ko:K00564
rgl:CS053_07075	ko:K06183
rgl:CS053_07080	ko:K06940
rgl:CS053_07085	ko:K09941
rgl:CS053_07090	ko:K08997
rgl:CS053_07095	ko:K03772
rgl:CS053_07115	ko:K01626
rgl:CS053_07120	ko:K04063
rgl:CS053_07125	ko:K06975
rgl:CS053_07135	ko:K09767
rgl:CS053_07150	ko:K09768
rgl:CS053_07185	ko:K00763
rgl:CS053_07190	ko:K02073
rgl:CS053_07195	ko:K02072
rgl:CS053_07200	ko:K02071
rgl:CS053_07205	ko:K00432
rgl:CS053_07215	ko:K07259
rgl:CS053_07220	ko:K03775
rgl:CS053_07225	ko:K01058
rgl:CS053_07235	ko:K09927
rgl:CS053_07245	ko:K03704
rgl:CS053_07250	ko:K03704
rgl:CS053_07280	ko:K22132
rgl:CS053_07285	ko:K00023
rgl:CS053_07290	ko:K01894
rgl:CS053_07300	ko:K03799
rgl:CS053_07305	ko:K04079
rgl:CS053_07320	ko:K02014
rgl:CS053_07330	ko:K19802
rgl:CS053_07335	ko:K03305
rgl:CS053_07350	ko:K24163
rgl:CS053_07355	ko:K03811
rgl:CS053_07360	ko:K02014
rgl:CS053_07370	ko:K24180
rgl:CS053_07375	ko:K04762
rgl:CS053_07390	ko:K01761
rgl:CS053_07395	ko:K03555
rgl:CS053_07400	ko:K03743
rgl:CS053_07405	ko:K03553
rgl:CS053_07410	ko:K03565
rgl:CS053_07415	ko:K01872
rgl:CS053_07420	ko:K03563
rgl:CS053_07425	ko:K14233
rgl:CS053_07435	ko:K03269
rgl:CS053_07440	ko:K03767
rgl:CS053_07445	ko:K01524
rgl:CS053_07450	ko:K00937
rgl:CS053_07455	ko:K07636
rgl:CS053_07460	ko:K07657
rgl:CS053_07465	ko:K01423
rgl:CS053_07470	ko:K03676
rgl:CS053_07480	ko:K00030
rgl:CS053_07505	ko:K12979
rgl:CS053_07510	ko:K00941
rgl:CS053_07515	ko:K07461
rgl:CS053_07520	ko:K07175
rgl:CS053_07525	ko:K03564
rgl:CS053_07530	ko:K03567
rgl:CS053_07535	ko:K01714
rgl:CS053_07545	ko:K05524
rgl:CS053_07550	ko:K14224
rgl:CS053_07555	ko:K00970
rgl:CS053_07560	ko:K00950
rgl:CS053_07565	ko:K00606
rgl:CS053_07570	ko:K01918
rgl:CS053_07575	ko:K01579
rgl:CS053_07580	ko:K18979
rgl:CS053_07585	ko:K23997
rgl:CS053_07590	ko:K06925
rgl:CS053_07595	ko:K01448
rgl:CS053_07600	ko:K03572
rgl:CS053_07605	ko:K09164
rgl:CS053_07610	ko:K01715
rgl:CS053_07615	ko:K03773
rgl:CS053_07620	ko:K06938
rgl:CS053_07630	ko:K01011
rgl:CS053_07635	ko:K13238
rgl:CS053_07650	ko:K12373
rgl:CS053_07730	ko:K09955
rgl:CS053_07735	ko:K09955
rgl:CS053_07755	ko:K07407
rgl:CS053_07775	ko:K01785
rgl:CS053_07780	ko:K08137
rgl:CS053_07785	ko:K22187
rgl:CS053_07800	ko:K22185
rgl:CS053_07840	ko:K13877
rgl:CS053_07845	ko:K21062
rgl:CS053_07850	ko:K22549
rgl:CS053_07855	ko:K22550
rgl:CS053_07860	ko:K21061
rgl:CS053_07865	ko:K12658
rgl:CS053_07875	ko:K03746
rgl:CS053_07920	ko:K03701
rgl:CS053_07925	ko:K03446
rgl:CS053_07930	ko:K09924
rgl:CS053_07935	ko:K02888
rgl:CS053_07940	ko:K02899
rgl:CS053_07945	ko:K03979
rgl:CS053_07950	ko:K07486
rgl:CS053_07960	ko:K02968
rgl:CS053_07965	ko:K03980
rgl:CS053_07970	ko:K11753
rgl:CS053_07975	ko:K01870
rgl:CS053_07980	ko:K03101
rgl:CS053_07985	ko:K03527
rgl:CS053_07995	ko:K14234
rgl:CS053_08000	ko:K08084
rgl:CS053_08005	ko:K02671
rgl:CS053_08010	ko:K02672
rgl:CS053_08015	ko:K02673
rgl:CS053_08020	ko:K02674
rgl:CS053_08025	ko:K02655
rgl:CS053_08030	ko:K03581
rgl:CS053_08035	ko:K03582
rgl:CS053_08040	ko:K03583
rgl:CS053_08045	ko:K14237
rgl:CS053_08055	ko:K00548
rgl:CS053_08060	ko:K00548
rgl:CS053_08075	ko:K18138
rgl:CS053_08085	ko:K15371
rgl:CS053_08090	ko:K00858
rgl:CS053_08095	ko:K01081
rgl:CS053_08105	ko:K07090
rgl:CS053_08115	ko:K00252
rgl:CS053_08120	ko:K11381
rgl:CS053_08130	ko:K19784
rgl:CS053_08150	ko:K07263
rgl:CS053_08155	ko:K00075
rgl:CS053_08160	ko:K00254
rgl:CS053_08175	ko:K26061
rgl:CS053_08180	ko:K14219
rgl:CS053_08240	ko:K07455
rgl:CS053_08320	ko:K01160
rgl:CS053_08355	ko:K14744
rgl:CS053_08365	ko:K06909
rgl:CS053_08370	ko:K09961
rgl:CS053_08380	ko:K09960
rgl:CS053_08500	ko:K14218
rgl:CS053_08510	ko:K03684
rgl:CS053_08660	ko:K02314
rgl:CS053_08670	ko:K01160
rgl:CS053_08690	ko:K14225
rgl:CS053_08710	ko:K14744
rgl:CS053_08720	ko:K06909
rgl:CS053_08725	ko:K09961
rgl:CS053_08735	ko:K09960
rgl:CS053_08855	ko:K14228
rgl:CS053_08860	ko:K24700
rgl:CS053_08870	ko:K02200
rgl:CS053_08875	ko:K02200
rgl:CS053_08880	ko:K02199
rgl:CS053_08885	ko:K02198
rgl:CS053_08890	ko:K02197
rgl:CS053_08895	ko:K02196
rgl:CS053_08900	ko:K02195
rgl:CS053_08905	ko:K02194
rgl:CS053_08910	ko:K02193
rgl:CS053_08920	ko:K00486
rgl:CS053_08925	ko:K00023
rgl:CS053_08935	ko:K03446
rgl:CS053_08945	ko:K18139
rgl:CS053_08950	ko:K15974
rgl:CS053_08955	ko:K03424
rgl:CS053_08965	ko:K06077
rgl:CS053_08975	ko:K06980
rgl:CS053_08985	ko:K00241
rgl:CS053_08990	ko:K00242
rgl:CS053_08995	ko:K00239
rgl:CS053_09000	ko:K00240
rgl:CS053_09005	ko:K09159
rgl:CS053_09010	ko:K19168
rgl:CS053_09015	ko:K09808
rgl:CS053_09020	ko:K09810
rgl:CS053_09025	ko:K02238
rgl:CS053_09030	ko:K03561
rgl:CS053_09035	ko:K03559
rgl:CS053_09040	ko:K11085
rgl:CS053_09045	ko:K00912
rgl:CS053_09055	ko:K12982
rgl:CS053_09060	ko:K11211
rgl:CS053_09070	ko:K14233
rgl:CS053_09075	ko:K01983
rgl:CS053_09080	ko:K02343
rgl:CS053_09085	ko:K09747
rgl:CS053_09100	ko:K02503
rgl:CS053_09105	ko:K07285
rgl:CS053_09120	ko:K03924
rgl:CS053_09130	ko:K25422
rgl:CS053_09140	ko:K07040
rgl:CS053_09145	ko:K02911
rgl:CS053_09150	ko:K00648
rgl:CS053_09155	ko:K00645
rgl:CS053_09160	ko:K00059
rgl:CS053_09165	ko:K02078
rgl:CS053_09170	ko:K09458
rgl:CS053_09175	ko:K25578
rgl:CS053_09180	ko:K02619
rgl:CS053_09185	ko:K07082
rgl:CS053_09190	ko:K00943
rgl:CS053_09195	ko:K02341
rgl:CS053_09205	ko:K02676
rgl:CS053_09210	ko:K00330
rgl:CS053_09215	ko:K00331
rgl:CS053_09220	ko:K00332
rgl:CS053_09225	ko:K00333
rgl:CS053_09230	ko:K00334
rgl:CS053_09235	ko:K00335
rgl:CS053_09240	ko:K00336
rgl:CS053_09245	ko:K00337
rgl:CS053_09250	ko:K00338
rgl:CS053_09255	ko:K00339
rgl:CS053_09260	ko:K00340
rgl:CS053_09265	ko:K00341
rgl:CS053_09270	ko:K00342
rgl:CS053_09275	ko:K00343
rgl:CS053_09280	ko:K14230
rgl:CS053_09285	ko:K09748
rgl:CS053_09290	ko:K02600
rgl:CS053_09295	ko:K02519
rgl:CS053_09300	ko:K02834
rgl:CS053_09305	ko:K03177
rgl:CS053_09310	ko:K02956
rgl:CS053_09315	ko:K00962
rgl:CS053_09320	ko:K22881
rgl:CS053_09325	ko:K03821
rgl:CS053_09335	ko:K08963
rgl:CS053_09345	ko:K02469
rgl:CS053_09350	ko:K24138
rgl:CS053_09360	ko:K13993
rgl:CS053_09365	ko:K05516
rgl:CS053_09370	ko:K02658
rgl:CS053_09375	ko:K19745
rgl:CS053_09385	ko:K00382
rgl:CS053_09390	ko:K00658
rgl:CS053_09395	ko:K00164
rgl:CS053_09405	ko:K18850
rgl:CS053_09410	ko:K07090
rgl:CS053_09415	ko:K01756
rgl:CS053_09420	ko:K01679
rgl:CS053_09430	ko:K01992
rgl:CS053_09435	ko:K01990
rgl:CS053_09485	ko:K15035
rgl:CS053_09490	ko:K03664
rgl:CS053_09500	ko:K09801
rgl:CS053_09505	ko:K06186
rgl:CS053_09520	ko:K20264
rgl:CS053_09525	ko:K03631
rgl:CS053_09530	ko:K03705
rgl:CS053_09535	ko:K03687
rgl:CS053_09540	ko:K04043
rgl:CS053_09545	ko:K24915
rgl:CS053_09550	ko:K03686
rgl:CS053_09555	ko:K00215
rgl:CS053_09560	ko:K00868
rgl:CS053_09565	ko:K07301
rgl:CS053_09575	ko:K01956
rgl:CS053_09580	ko:K01955
rgl:CS053_09585	ko:K03624
rgl:CS053_09590	ko:K02919
rgl:CS053_09600	ko:K00219
rgl:CS053_09610	ko:K00945
rgl:CS053_09615	ko:K02945
rgl:CS053_09620	ko:K05788
rgl:CS053_09625	ko:K08992
rgl:CS053_09630	ko:K19804
rgl:CS053_09645	ko:K00963
rgl:CS053_09650	ko:K09471
rgl:CS053_09655	ko:K06878
rgl:CS053_09660	ko:K17837
rgl:CS053_09670	ko:K01192
rgl:CS053_09675	ko:K05349
rgl:CS053_09680	ko:K09704
rgl:CS053_09690	ko:K00569
rgl:CS053_09700	ko:K06911
rgl:CS053_09715	ko:K05275
rgl:CS053_09755	ko:K21498
rgl:CS053_09760	ko:K07334
rgl:CS053_09770	ko:K00632
rgl:CS053_09775	ko:K07516
rgl:CS053_09785	ko:K00940
rgl:CS053_09790	ko:K06941
rgl:CS053_09795	ko:K02656
rgl:CS053_09800	ko:K15539
rgl:CS053_09810	ko:K17713
rgl:CS053_09815	ko:K03977
rgl:CS053_09820	ko:K21147
rgl:CS053_09830	ko:K01491
rgl:CS053_09835	ko:K00088
rgl:CS053_09840	ko:K01951
rgl:CS053_09845	ko:K15726
rgl:CS053_09850	ko:K15727
rgl:CS053_09860	ko:K11991
rgl:CS053_09870	ko:K00845
rgl:CS053_09885	ko:K15855
rgl:CS053_09890	ko:K02529
rgl:CS053_09895	ko:K13472
rgl:CS053_09950	ko:K03733
rgl:CS053_09980	ko:K03446
rgl:CS053_10060	ko:K07746
rgl:CS053_10065	ko:K19092
rgl:CS053_10070	ko:K07075
rgl:CS053_10135	ko:K02040
rgl:CS053_10140	ko:K08369
rgl:CS053_10145	ko:K02014
rgl:CS053_10165	ko:K07644
rgl:CS053_10170	ko:K15497
rgl:CS053_10175	ko:K15496
rgl:CS053_10180	ko:K15495
rgl:CS053_10190	ko:K03752
rgl:CS053_10195	ko:K03635
rgl:CS053_10200	ko:K03636
rgl:CS053_10205	ko:K03750
rgl:CS053_10210	ko:K03637
rgl:CS053_10215	ko:K03639
rgl:CS053_10220	ko:K01719
rgl:CS053_10225	ko:K02302
rgl:CS053_10230	ko:K00372
rgl:CS053_10235	ko:K00363
rgl:CS053_10240	ko:K00362
rgl:CS053_10245	ko:K02575
rgl:CS053_10255	ko:K02483
rgl:CS053_10280	ko:K03746
rgl:CS053_10310	ko:K00615
rgl:CS053_10315	ko:K01835
rgl:CS053_10320	ko:K00616
rgl:CS053_10330	ko:K13688
rgl:CS053_10345	ko:K06147
rgl:CS053_10370	ko:K13979
rgl:CS053_10395	ko:K03781
rgl:CS053_10400	ko:K01687
rgl:CS053_10420	ko:K06132
rgl:CS053_10430	ko:K01750
rgl:CS053_10450	ko:K00209
rgl:CS053_10455	ko:K06201
rgl:CS053_10460	ko:K03704
rgl:CS053_10465	ko:K19696
rgl:CS053_10470	ko:K00760
rgl:CS053_10475	ko:K01207
rgl:CS053_10485	ko:K03215
rgl:CS053_10490	ko:K09978
rgl:CS053_10505	ko:K03584
rgl:CS053_10510	ko:K03595
rgl:CS053_10515	ko:K03685
rgl:CS053_10525	ko:K03100
rgl:CS053_10530	ko:K03596
rgl:CS053_10535	ko:K04771
rgl:CS053_10560	ko:K01782
rgl:CS053_10565	ko:K09912
rgl:CS053_10570	ko:K03745
rgl:CS053_10575	ko:K00012
rgl:CS053_10580	ko:K03772
rgl:CS053_10585	ko:K26735
rgl:CS053_10590	ko:K14218
rgl:CS053_10595	ko:K14224
rgl:CS053_10600	ko:K14221
rgl:CS053_10605	ko:K09920
rgl:CS053_10610	ko:K09773
rgl:CS053_10615	ko:K01007
rgl:CS053_10625	ko:K20074
rgl:CS053_10630	ko:K14233
rgl:CS053_10635	ko:K02342
rgl:CS053_10640	ko:K03469
rgl:CS053_10650	ko:K01069
rgl:CS053_10655	ko:K08307
rgl:CS053_10660	ko:K03770
rgl:CS053_10665	ko:K14221
rgl:CS053_10670	ko:K14237
rgl:CS053_10675	ko:K03530
rgl:CS053_10680	ko:K01338
rgl:CS053_10685	ko:K03544
rgl:CS053_10690	ko:K01358
rgl:CS053_10695	ko:K03545
rgl:CS053_10700	ko:K14228
rgl:CS053_10705	ko:K14229
rgl:CS053_10710	ko:K14226
rgl:CS053_10715	ko:K14219
rgl:CS053_10720	ko:K14232
rgl:CS053_10725	ko:K14219
rgl:CS053_10730	ko:K13566
rgl:CS053_10735	ko:K14287
rgl:CS053_10755	ko:K20533
rgl:CS053_10760	ko:K20532
rgl:CS053_10765	ko:K20531
rgl:CS053_10770	ko:K07344
rgl:CS053_10780	ko:K20266
rgl:CS053_10785	ko:K20530
rgl:CS053_10790	ko:K20529
rgl:CS053_10795	ko:K20528
rgl:CS053_10800	ko:K20527
rgl:CS053_10830	ko:K19802
rgl:CS053_10845	ko:K09022
rgl:CS053_10850	ko:K02014
rgl:CS053_10855	ko:K07386
rgl:CS053_10895	ko:K10914
rgl:CS053_10945	ko:K03746
rgl:CS053_10950	ko:K03630
rgl:CS053_10960	ko:K14162
rgl:CS053_10965	ko:K14161
rgl:CS053_10970	ko:K14160
rgl:CS053_10975	ko:K01356
rgl:CS053_10980	ko:K06877
rgl:CS053_10985	ko:K07502
rgl:CS053_10990	ko:K19169
rgl:CS053_10995	ko:K19170
rgl:CS053_11000	ko:K19171
rgl:CS053_11005	ko:K19172
rgl:CS053_11010	ko:K04487
rgl:CS053_11030	ko:K19171
rgl:CS053_11045	ko:K14228
rgl:CS053_11050	ko:K03075
rgl:CS053_11055	ko:K01803
rgl:CS053_11060	ko:K07124
rgl:CS053_11075	ko:K03431
rgl:CS053_11080	ko:K00796
rgl:CS053_11085	ko:K13288
rgl:CS053_11090	ko:K01141
rgl:CS053_11100	ko:K03762
rgl:CS053_11105	ko:K06188
rgl:CS053_11110	ko:K04568
rgl:CS053_11115	ko:K01972
rgl:CS053_11120	ko:K06140
rgl:CS053_11130	ko:K26730
rgl:CS053_11135	ko:K14222
rgl:CS053_11140	ko:K14225
rgl:CS053_11145	ko:K14225
rgl:CS053_11150	ko:K00995
rgl:CS053_11155	ko:K03703
rgl:CS053_11160	ko:K00979
rgl:CS053_11165	ko:K00800
rgl:CS053_11170	ko:K14170
rgl:CS053_11175	ko:K00831
rgl:CS053_11190	ko:K02518
rgl:CS053_11195	ko:K03694
rgl:CS053_11200	ko:K06891
rgl:CS053_11210	ko:K00566
rgl:CS053_11215	ko:K07153
rgl:CS053_11220	ko:K00156
rgl:CS053_11230	ko:K04761
rgl:CS053_11235	ko:K27802
rgl:CS053_11240	ko:K01897
rgl:CS053_11250	ko:K05896
rgl:CS053_11255	ko:K06024
rgl:CS053_11260	ko:K06178
rgl:CS053_11265	ko:K00537
rgl:CS053_11270	ko:K03798
rgl:CS053_11280	ko:K07574
rgl:CS053_11290	ko:K06194
rgl:CS053_11300	ko:K00573
rgl:CS053_11305	ko:K03787
rgl:CS053_11315	ko:K06176
rgl:CS053_11320	ko:K01770
rgl:CS053_11325	ko:K00991
rgl:CS053_11330	ko:K05589
rgl:CS053_11335	ko:K01689
rgl:CS053_11340	ko:K01627
rgl:CS053_11345	ko:K01937
rgl:CS053_11350	ko:K02300
rgl:CS053_11355	ko:K02299
rgl:CS053_11360	ko:K02298
rgl:CS053_11365	ko:K02297
rgl:CS053_11370	ko:K01262
rgl:CS053_11375	ko:K07687
rgl:CS053_11395	ko:K02622
rgl:CS053_11405	ko:K00452
rgl:CS053_11415	ko:K03294
rgl:CS053_11420	ko:K03294
rgl:CS053_11430	ko:K08964
rgl:CS053_11435	ko:K08967
rgl:CS053_11440	ko:K09880
rgl:CS053_11465	ko:K11755
rgl:CS053_11470	ko:K02500
rgl:CS053_11475	ko:K01814
rgl:CS053_11480	ko:K02501
rgl:CS053_11485	ko:K01089
rgl:CS053_11490	ko:K00817
rgl:CS053_11495	ko:K00013
rgl:CS053_11500	ko:K00765
rgl:CS053_11510	ko:K01745
rgl:CS053_11515	ko:K01892
rgl:CS053_11520	ko:K14232
rgl:CS053_11530	ko:K00764
rgl:CS053_11535	ko:K03558
rgl:CS053_11540	ko:K03749
rgl:CS053_11545	ko:K11754
rgl:CS053_11550	ko:K17686
rgl:CS053_11555	ko:K19591
rgl:CS053_11560	ko:K03719
rgl:CS053_11565	ko:K00259
rgl:CS053_11570	ko:K18893
rgl:CS053_11590	ko:K05802
rgl:CS053_11595	ko:K03528
rgl:CS053_11600	ko:K03529
rgl:CS053_11605	ko:K05527
rgl:CS053_11610	ko:K09780
rgl:CS053_11615	ko:K04567
rgl:CS053_11625	ko:K02836
rgl:CS053_11630	ko:K01953
rgl:CS053_11640	ko:K07462
rgl:CS053_11650	ko:K06158
rgl:CS053_11665	ko:K12251
rgl:CS053_11685	ko:K07400
rgl:CS053_11690	ko:K01724
rgl:CS053_11695	ko:K06179
rgl:CS053_11700	ko:K08300
rgl:CS053_11715	ko:K14228
rgl:CS053_11720	ko:K14233
rgl:CS053_11730	ko:K01875
rgl:CS053_11735	ko:K07478
rgl:CS053_11740	ko:K03634
rgl:CS053_11745	ko:K03466
rgl:CS053_11750	ko:K00384
rgl:CS053_11760	ko:K09919
rgl:CS053_11770	ko:K00684
rgl:CS053_11780	ko:K03526
rgl:CS053_11790	ko:K06131
rgl:CS053_11795	ko:K03601
rgl:CS053_11815	ko:K13979
rgl:CS053_11850	ko:K07486
rgl:CS053_11890	ko:K01167
rgl:CS053_11900	ko:K14761
rgl:CS053_11905	ko:K00675
rgl:CS053_11910	ko:K07304
rgl:CS053_11915	ko:K10716
rgl:CS053_11920	ko:K04750
rgl:CS053_11925	ko:K07116
rgl:CS053_11930	ko:K11209
rgl:CS053_11940	ko:K14155
rgl:CS053_11960	ko:K00799
rgl:CS053_11980	ko:K00799
rgl:CS053_12030	ko:K18199
rgl:CS053_12035	ko:K02014
rgl:CS053_12070	ko:K07118
rgl:CS053_12085	ko:K07032
rgl:CS053_12120	ko:K07448
rgl:CS053_12125	ko:K01712
rgl:CS053_12130	ko:K03781
rgl:CS053_12145	ko:K13529
rgl:CS053_12150	ko:K00567
rgl:CS053_12180	ko:K08224
rgl:CS053_12185	ko:K07483
rgl:CS053_12200	ko:K07662
rgl:CS053_12205	ko:K06006
rgl:CS053_12210	ko:K05603
rgl:CS053_12220	ko:K03281
rgl:CS053_12225	ko:K01468
rgl:CS053_12230	ko:K19033
rgl:CS053_12235	ko:K16264
rgl:CS053_12245	ko:K09823
rgl:CS053_12255	ko:K01885
rgl:CS053_12275	ko:K19302
rgl:CS053_12280	ko:K01963
rgl:CS053_12285	ko:K01695
rgl:CS053_12290	ko:K01696
rgl:CS053_12295	ko:K27042
rgl:CS053_12305	ko:K01817
rgl:CS053_12310	ko:K06173
rgl:CS053_12315	ko:K08086
rgl:CS053_12320	ko:K00133
rgl:CS053_12325	ko:K00090
rgl:CS053_12340	ko:K07320
rgl:CS053_12345	ko:K01613
rgl:CS053_12355	ko:K08307
rgl:CS053_12360	ko:K06915
rgl:CS053_12365	ko:K04760
rgl:CS053_12390	ko:K14441
rgl:CS053_12410	ko:K01494
rgl:CS053_12415	ko:K19784
rgl:CS053_12420	ko:K03593
rgl:CS053_12445	ko:K01874
rgl:CS053_12455	ko:K03616
rgl:CS053_12460	ko:K10773
rgl:CS053_12470	ko:K03683
rgl:CS053_12475	ko:K02040
rgl:CS053_12480	ko:K02037
rgl:CS053_12485	ko:K02038
rgl:CS053_12490	ko:K02036
rgl:CS053_12495	ko:K02039
rgl:CS053_12500	ko:K11741
rgl:CS053_12505	ko:K18924
rgl:CS053_12510	ko:K03218
rgl:CS053_12515	ko:K12573
rgl:CS053_12520	ko:K14228
rgl:CS053_12530	ko:K01186
rgl:CS053_12535	ko:K00281
rgl:CS053_12545	ko:K01939
rgl:CS053_12550	ko:K09937
rgl:CS053_12555	ko:K04087
rgl:CS053_12560	ko:K04088
rgl:CS053_12565	ko:K03665
rgl:CS053_12570	ko:K03666
rgl:CS053_12575	ko:K00791
rgl:CS053_12580	ko:K00060
rgl:CS053_12595	ko:K00639
rgl:CS053_12600	ko:K06178
rgl:CS053_12605	ko:K03286
rgl:CS053_12610	ko:K01720
rgl:CS053_12620	ko:K00799
rgl:CS053_12625	ko:K01659
rgl:CS053_12630	ko:K03417
rgl:CS053_12635	ko:K01647
rgl:CS053_12640	ko:K24119
rgl:CS053_12645	ko:K03387
rgl:CS053_12660	ko:K00024
rgl:CS053_12665	ko:K00812
rgl:CS053_12680	ko:K02529
rgl:CS053_12685	ko:K03768
rgl:CS053_12690	ko:K06207
rgl:CS053_12705	ko:K12308
rgl:CS053_12750	ko:K07043
rgl:CS053_12785	ko:K10947
rgl:CS053_12790	ko:K11737
rgl:CS053_12805	ko:K00570
rgl:CS053_12810	ko:K06147
rgl:CS053_12830	ko:K07290
rgl:CS053_12840	ko:K07115
rgl:CS053_12845	ko:K07285
rgl:CS053_12865	ko:K09912
rgl:CS053_12890	ko:K03723
rgl:CS053_12925	ko:K12297
rgl:CS053_12940	ko:K10805
rgl:CS053_12950	ko:K21420
rgl:CS053_12960	ko:K08289
rgl:CS053_12975	ko:K07152
rgl:CS053_12980	ko:K09796
rgl:CS053_12985	ko:K02351
rgl:CS053_12990	ko:K25153
rgl:CS053_12995	ko:K25151
rgl:CS053_13000	ko:K25152
rgl:CS053_13020	ko:K06977
rgl:CS053_13025	ko:K03610
rgl:CS053_13030	ko:K03609
rgl:CS053_13035	ko:K03608
rgl:CS053_13055	ko:K06199
rgl:CS053_13060	ko:K09137
rgl:CS053_13065	ko:K00574
rgl:CS053_13070	ko:K09973
rgl:CS053_13075	ko:K02621
rgl:CS053_13090	ko:K03800
rgl:CS053_13095	ko:K03574
rgl:CS053_13100	ko:K03574
rgl:CS053_13110	ko:K01434
rgl:CS053_13135	ko:K01669
rgl:CS053_13140	ko:K11811
rgl:CS053_13145	ko:K03741
rgl:CS053_13150	ko:K03325
rgl:CS053_13155	ko:K03892
rgl:CS053_13165	ko:K00507
rgl:CS053_13170	ko:K06954
rgl:CS053_13175	ko:K09701
rgl:CS053_13180	ko:K00574
rgl:CS053_13195	ko:K00574
rgl:CS053_13200	ko:K03098
rgl:CS053_13215	ko:K06886
rgl:CS053_13220	ko:K01439
rgl:CS053_13225	ko:K22736
rgl:CS053_13240	ko:K00674
rgl:CS053_13250	ko:K00990
rgl:CS053_13260	ko:K01265
rgl:CS053_13265	ko:K02967
rgl:CS053_13270	ko:K02357
rgl:CS053_13275	ko:K09903
rgl:CS053_13280	ko:K02838
rgl:CS053_13285	ko:K00806
rgl:CS053_13290	ko:K00981
rgl:CS053_13295	ko:K00099
rgl:CS053_13300	ko:K11749
rgl:CS053_13305	ko:K07277
rgl:CS053_13310	ko:K02536
rgl:CS053_13315	ko:K02372
rgl:CS053_13320	ko:K00677
rgl:CS053_13325	ko:K00748
rgl:CS053_13330	ko:K03470
rgl:CS053_13340	ko:K02337
rgl:CS053_13345	ko:K01962
rgl:CS053_13355	ko:K04075
rgl:CS053_13360	ko:K03602
rgl:CS053_13365	ko:K00795
rgl:CS053_13370	ko:K09940
rgl:CS053_13375	ko:K09940
rgl:CS053_13380	ko:K03592
rgl:CS053_13390	ko:K09889
rgl:CS053_13415	ko:K03568
rgl:CS053_13425	ko:K08301
rgl:CS053_13435	ko:K03649
rgl:CS053_13440	ko:K07667
rgl:CS053_13445	ko:K07646
rgl:CS053_13450	ko:K01548
rgl:CS053_13460	ko:K01547
rgl:CS053_13465	ko:K01546
rgl:CS053_13485	ko:K01426
rgl:CS053_13500	ko:K01626
rgl:CS053_13505	ko:K03611
rgl:CS053_13510	ko:K02879
rgl:CS053_13515	ko:K03040
rgl:CS053_13520	ko:K02986
rgl:CS053_13525	ko:K02948
rgl:CS053_13530	ko:K02952
rgl:CS053_13540	ko:K02876
rgl:CS053_13545	ko:K02907
rgl:CS053_13550	ko:K02988
rgl:CS053_13555	ko:K02881
rgl:CS053_13560	ko:K02933
rgl:CS053_13565	ko:K02994
rgl:CS053_13570	ko:K02954
rgl:CS053_13575	ko:K02931
rgl:CS053_13580	ko:K02895
rgl:CS053_13585	ko:K02874
rgl:CS053_13590	ko:K02961
rgl:CS053_13595	ko:K02904
rgl:CS053_13600	ko:K02878
rgl:CS053_13605	ko:K02982
rgl:CS053_13610	ko:K02890
rgl:CS053_13615	ko:K02965
rgl:CS053_13620	ko:K02886
rgl:CS053_13625	ko:K02892
rgl:CS053_13630	ko:K02926
rgl:CS053_13635	ko:K02906
rgl:CS053_13640	ko:K02946
rgl:CS053_13645	ko:K02358
rgl:CS053_13650	ko:K02355
rgl:CS053_13655	ko:K02992
rgl:CS053_13660	ko:K02950
rgl:CS053_13665	ko:K03046
rgl:CS053_13670	ko:K03043
rgl:CS053_13675	ko:K02935
rgl:CS053_13680	ko:K02864
rgl:CS053_13685	ko:K02863
rgl:CS053_13690	ko:K02867
rgl:CS053_13695	ko:K02601
rgl:CS053_13700	ko:K03073
rgl:CS053_13705	ko:K14235
rgl:CS053_13710	ko:K02358
rgl:CS053_13715	ko:K14234
rgl:CS053_13720	ko:K14225
rgl:CS053_13730	ko:K14236
rgl:CS053_13740	ko:K06942
rgl:CS053_13745	ko:K01056
rgl:CS053_13750	ko:K02897
rgl:CS053_13755	ko:K00948
rgl:CS053_13760	ko:K14223
rgl:CS053_13765	ko:K00919
rgl:CS053_13770	ko:K02494
rgl:CS053_13780	ko:K02492
rgl:CS053_13785	ko:K02835
rgl:CS053_13795	ko:K01512
rgl:CS053_13810	ko:K03809
rgl:CS053_13820	ko:K02014
rgl:CS053_13830	ko:K01424
rgl:CS053_13835	ko:K08604
rgl:CS053_13850	ko:K00325
rgl:CS053_13855	ko:K00324
rgl:CS053_13875	ko:K00324
rgl:CS053_13880	ko:K01489
rgl:CS053_13895	ko:K01515
rgl:CS053_13910	ko:K00681
rgl:CS053_13925	ko:K00954
rgl:CS053_13930	ko:K08316
rgl:CS053_13935	ko:K03110
rgl:CS053_13945	ko:K03575
rgl:CS053_13955	ko:K14231
rgl:CS053_13985	ko:K00059
rgl:CS053_13990	ko:K00249
rgl:CS053_13995	ko:K01796
rgl:CS053_14000	ko:K00154
rgl:CS053_14010	ko:K07275
rgl:CS053_14020	ko:K00249
rgl:CS053_14025	ko:K00626
rgl:CS053_14030	ko:K01782
rgl:CS053_14035	ko:K01796
rgl:CS053_14045	ko:K01897
rgl:CS053_14055	ko:K03564
rgl:CS053_14075	ko:K03654
rgl:CS053_14080	ko:K07443
rgl:CS053_14090	ko:K03306
rgl:CS053_14095	ko:K07220
rgl:CS053_14100	ko:K03699
rgl:CS053_14105	ko:K15396
rgl:CS053_14110	ko:K01092
rgl:CS053_14115	ko:K10763
rgl:CS053_14125	ko:K09938
rgl:CS053_14130	ko:K01933
rgl:CS053_14135	ko:K11175
rgl:CS053_14145	ko:K00790
rgl:CS053_14155	ko:K06041
rgl:CS053_14160	ko:K03270
rgl:CS053_14165	ko:K11719
rgl:CS053_14170	ko:K09774
rgl:CS053_14175	ko:K06861
rgl:CS053_14180	ko:K03092
rgl:CS053_14185	ko:K05808
rgl:CS053_14195	ko:K06023
rgl:CS053_14200	ko:K06958
rgl:CS053_14205	ko:K02793
rgl:CS053_14210	ko:K02784
rgl:CS053_14215	ko:K08483
rgl:CS053_14230	ko:K14742
rgl:CS053_14245	ko:K01873
rgl:CS053_14250	ko:K03789
rgl:CS053_14260	ko:K17103
rgl:CS053_14270	ko:K01881
rgl:CS053_14275	ko:K03746
rgl:CS053_14285	ko:K07340
rgl:CS053_14305	ko:K02004
rgl:CS053_14310	ko:K02004
rgl:CS053_14315	ko:K02004
rgl:CS053_14320	ko:K02004
rgl:CS053_14325	ko:K02004
rgl:CS053_14330	ko:K02004
rgl:CS053_14340	ko:K02004
rgl:CS053_14345	ko:K02004
rgl:CS053_14350	ko:K02004
rgl:CS053_14355	ko:K02004
rgl:CS053_14360	ko:K02004
rgl:CS053_14365	ko:K02004
rgl:CS053_14370	ko:K02004
rgl:CS053_14380	ko:K02004
rgl:CS053_14385	ko:K02004
rgl:CS053_14390	ko:K02004
rgl:CS053_14395	ko:K02004
rgl:CS053_14400	ko:K12340
rgl:CS053_14405	ko:K02003
rgl:CS053_14410	ko:K02005
rgl:CS053_14430	ko:K01992
rgl:CS053_14435	ko:K01992
rgl:CS053_14440	ko:K01990
rgl:CS053_14450	ko:K01206
rgl:CS053_14455	ko:K01095
rgl:CS053_14460	ko:K00946
rgl:CS053_14470	ko:K03625
rgl:CS053_14475	ko:K00794
rgl:CS053_14485	ko:K14652
rgl:CS053_14490	ko:K00793
rgl:CS053_14495	ko:K11752
rgl:CS053_14500	ko:K07738
rgl:CS053_14505	ko:K00600
rgl:CS053_14510	ko:K06020
rgl:CS053_14530	ko:K01591
rgl:CS053_14545	ko:K01462
rgl:CS053_14555	ko:K06200
rgl:CS053_14585	ko:K01952
rgl:CS053_14590	ko:K03981
rgl:CS053_14595	ko:K04763
rgl:CS053_14610	ko:K05973
rgl:CS053_14620	ko:K01620
rgl:CS053_14630	ko:K11720
rgl:CS053_14640	ko:K01255
rgl:CS053_14645	ko:K02339
rgl:CS053_14660	ko:K06883
rgl:CS053_14680	ko:K03595
rgl:CS053_14690	ko:K01752
rgl:CS053_14705	ko:K05844
rgl:CS053_14720	ko:K14225
rgl:CS053_14730	ko:K03154
rgl:CS053_14735	ko:K03149
rgl:CS053_14740	ko:K03439
rgl:CS053_14790	ko:K02014
rgl:CS053_14845	ko:K01790
rgl:CS053_14850	ko:K00973
rgl:CS053_14855	ko:K01710
rgl:CS053_14915	ko:K01784
rgl:CS053_14925	ko:K08679
rgl:CS053_14930	ko:K02474
rgl:CS053_14935	ko:K16692
rgl:CS053_14950	ko:K01991
rgl:CS053_14980	ko:K10778
rgl:CS053_14990	ko:K02106
rgl:CS053_14995	ko:K02004
rgl:CS053_15000	ko:K02004
rgl:CS053_15005	ko:K02003
rgl:CS053_15015	ko:K16165
rgl:CS053_15020	ko:K03282
rgl:CS053_15045	ko:K07788
rgl:CS053_15050	ko:K07799
rgl:CS053_15060	ko:K23518
rgl:CS053_15070	ko:K07114
rgl:CS053_15075	ko:K07114
rgl:CS053_15090	ko:K03924
rgl:CS053_15095	ko:K02666
rgl:CS053_15100	ko:K02665
rgl:CS053_15105	ko:K02664
rgl:CS053_15115	ko:K02662
rgl:CS053_15120	ko:K05366
rgl:CS053_15130	ko:K01647
rgl:CS053_15135	ko:K02909
rgl:CS053_15145	ko:K03655
rgl:CS053_15155	ko:K01139
rgl:CS053_15160	ko:K03060
rgl:CS053_15165	ko:K04754
rgl:CS053_15170	ko:K07122
rgl:CS053_15175	ko:K07323
rgl:CS053_15180	ko:K02067
rgl:CS053_15185	ko:K02066
rgl:CS053_15190	ko:K02065
rgl:CS053_15195	ko:K00942
rgl:CS053_15200	ko:K19813
rgl:CS053_15250	ko:K07733
rgl:CS053_15270	ko:K00989
rgl:CS053_15275	ko:K01519
rgl:CS053_15295	ko:K01271
rgl:CS053_15300	ko:K01262
rgl:CS053_15305	ko:K09895
rgl:CS053_15310	ko:K09892
rgl:CS053_15315	ko:K09888
rgl:CS053_15320	ko:K28358
rgl:CS053_15325	ko:K01934
rgl:CS053_15335	ko:K01807
rgl:CS053_15340	ko:K03281
rgl:CS053_15345	ko:K14223
rgl:CS053_15350	ko:K02996
rgl:CS053_15355	ko:K02871
rgl:CS053_15360	ko:K06134
rgl:CS053_15365	ko:K01611
rgl:CS053_15370	ko:K10914
rgl:CS053_15380	ko:K01609
rgl:CS053_15385	ko:K00766
rgl:CS053_15390	ko:K01658
rgl:CS053_15395	ko:K04046
rgl:CS053_15410	ko:K07407
rgl:CS053_15415	ko:K19746
rgl:CS053_15435	ko:K19802
rgl:CS053_15460	ko:K01586
rgl:CS053_15465	ko:K01273
rgl:CS053_15475	ko:K08641
rgl:CS053_15485	ko:K11066
rgl:CS053_15490	ko:K09807
rgl:CS053_15495	ko:K01657
rgl:CS053_15505	ko:K14980
rgl:CS053_15515	ko:K02483
rgl:CS053_15520	ko:K01783
rgl:CS053_15525	ko:K05801
rgl:CS053_15535	ko:K01923
rgl:CS053_15540	ko:K03297
rgl:CS053_15555	ko:K00615
rgl:CS053_15565	ko:K03286
rgl:CS053_15570	ko:K03286
rgl:CS053_15575	ko:K01623
rgl:CS053_15590	ko:K00873
rgl:CS053_15595	ko:K05986
rgl:CS053_15600	ko:K00134
rgl:CS053_15605	ko:K05524
rgl:CS053_15610	ko:K00404
rgl:CS053_15615	ko:K00405
rgl:CS053_15620	ko:K00407
rgl:CS053_15625	ko:K00406
rgl:CS053_15635	ko:K01533
rgl:CS053_15645	ko:K06886
rgl:CS053_15650	ko:K11065
rgl:CS053_15655	ko:K09943
rgl:CS053_15660	ko:K07234
rgl:CS053_15665	ko:K01420
rgl:CS053_15670	ko:K16171
rgl:CS053_15680	ko:K00451
rgl:CS053_15685	ko:K07461
rgl:CS053_15690	ko:K00457
rgl:CS053_15700	ko:K01476
rgl:CS053_15705	ko:K04561
rgl:CS053_15710	ko:K14266
rgl:CS053_15720	ko:K14234
rgl:CS053_15730	ko:K03525
rgl:CS053_15735	ko:K03524
rgl:CS053_15745	ko:K07637
rgl:CS053_15750	ko:K07660
rgl:CS053_15760	ko:K05539
rgl:CS053_15815	ko:K00528
rgl:CS053_15825	ko:K09793
rgl:CS053_15830	ko:K11068
rgl:CS053_15835	ko:K03832
rgl:CS053_15855	ko:K06131
rgl:CS053_15900	ko:K08281
rgl:CS053_15915	ko:K07025
rgl:CS053_15940	ko:K02667
rgl:CS053_15965	ko:K02529
rgl:CS053_15970	ko:K02429
rgl:CS053_15975	ko:K00847
rgl:CS053_15980	ko:K29027
rgl:CS053_15990	ko:K16211
rgl:CS053_16005	ko:K03930
rgl:CS053_16010	ko:K01176
rgl:CS053_16030	ko:K02014
rgl:CS053_16035	ko:K01198
rgl:CS053_16050	ko:K01867
rgl:CS053_16055	ko:K09946
rgl:CS053_16060	ko:K03305
rgl:CS053_16065	ko:K03305
rgl:CS053_16070	ko:K00453
rgl:CS053_16075	ko:K00166
rgl:CS053_16080	ko:K00167
rgl:CS053_16085	ko:K09699
rgl:CS053_16095	ko:K03286
rgl:CS053_16100	ko:K21449
rgl:CS053_16105	ko:K04033
rgl:CS053_16110	ko:K02651
rgl:CS053_16115	ko:K02278
rgl:CS053_16120	ko:K12513
rgl:CS053_16125	ko:K02279
rgl:CS053_16130	ko:K02280
rgl:CS053_16135	ko:K02282
rgl:CS053_16140	ko:K02283
rgl:CS053_16145	ko:K12510
rgl:CS053_16150	ko:K12511
rgl:CS053_16155	ko:K27079
rgl:CS053_16165	ko:K27080
rgl:CS053_16180	ko:K03111
rgl:CS053_16190	ko:K02523
rgl:CS053_16200	ko:K18800
rgl:CS053_16205	ko:K03185
rgl:CS053_16215	ko:K00798
rgl:CS053_16225	ko:K07305
rgl:CS053_16230	ko:K04744
rgl:CS053_16235	ko:K03771
rgl:CS053_16240	ko:K00097
rgl:CS053_16245	ko:K02528
rgl:CS053_16250	ko:K06195
rgl:CS053_16255	ko:K01525
rgl:CS053_16260	ko:K07486
rgl:CS053_16295	ko:K02535
rgl:CS053_16300	ko:K03531
rgl:CS053_16305	ko:K03590
rgl:CS053_16310	ko:K03589
rgl:CS053_16315	ko:K01921
rgl:CS053_16320	ko:K01924
rgl:CS053_16325	ko:K02563
rgl:CS053_16330	ko:K03588
rgl:CS053_16335	ko:K01000
rgl:CS053_16340	ko:K01929
rgl:CS053_16345	ko:K01928
rgl:CS053_16350	ko:K03587
rgl:CS053_16355	ko:K03586
rgl:CS053_16360	ko:K03438
rgl:CS053_16365	ko:K03925
rgl:CS053_16370	ko:K01978
rgl:CS053_16375	ko:K07056
rgl:CS053_16380	ko:K07121
rgl:CS053_16385	ko:K07460
rgl:CS053_16395	ko:K11537
rgl:CS053_16405	ko:K05540
rgl:CS053_16425	ko:K00549
rgl:CS053_16430	ko:K00789
rgl:CS053_16435	ko:K07258
rgl:CS053_16440	ko:K15738
rgl:CS053_16445	ko:K05994
rgl:CS053_16450	ko:K00799
rgl:CS053_16455	ko:K07461
rgl:CS053_16475	ko:K02004
rgl:CS053_16495	ko:K02003
rgl:CS053_16500	ko:K02005
rgl:CS053_16505	ko:K06221
rgl:CS053_16510	ko:K01595
rgl:CS053_16515	ko:K01251
rgl:CS053_16520	ko:K00799
rgl:CS053_16525	ko:K00826
rgl:CS053_16535	ko:K00297
rgl:CS053_16545	ko:K00003
rgl:CS053_16550	ko:K01739
rgl:CS053_16560	ko:K01738
rgl:CS053_16565	ko:K01985
rgl:CS053_16570	ko:K01980
rgl:CS053_16575	ko:K14218
rgl:CS053_16580	ko:K14227
rgl:CS053_16585	ko:K01977
rgl:CS053_16590	ko:K09005
rgl:CS053_16600	ko:K00788
rgl:CS053_16605	ko:K01845
rgl:CS053_16610	ko:K01759
rgl:CS053_16615	ko:K00821
rgl:CS053_16635	ko:K06992
rgl:CS053_16650	ko:K07713
rgl:CS053_16655	ko:K13775
rgl:CS053_16660	ko:K07157
rgl:CS053_16665	ko:K01990
rgl:CS053_16675	ko:K02558
rgl:CS053_16680	ko:K00939
rgl:CS053_16685	ko:K21071
rgl:CS053_16700	ko:K15987
rgl:CS053_16705	ko:K01322
rgl:CS053_16715	ko:K00472
rgl:CS053_16720	ko:K01507
rgl:CS053_16730	ko:K19577
rgl:CS053_16740	ko:K03594
rgl:CS053_16745	ko:K03644
rgl:CS053_16760	ko:K03147
rgl:CS053_16765	ko:K18301
rgl:CS053_16775	ko:K00573
rgl:CS053_16780	ko:K12340
rgl:CS053_16785	ko:K02527
rgl:CS053_16790	ko:K02517
rgl:CS053_16795	ko:K09824
rgl:CS053_16825	ko:K07507
rgl:CS053_16830	ko:K09019
rgl:CS053_16835	ko:K07276
rgl:CS053_16840	ko:K00982
rgl:CS053_16845	ko:K00380
rgl:CS053_16850	ko:K00381
rgl:CS053_16855	ko:K00390
rgl:CS053_16865	ko:K13634
rgl:CS053_16870	ko:K02302
rgl:CS053_16875	ko:K24158
rgl:CS053_16890	ko:K04077
rgl:CS053_16895	ko:K04078
rgl:CS053_16900	ko:K03926
rgl:CS053_16915	ko:K03786
rgl:CS053_16920	ko:K02160
rgl:CS053_16925	ko:K01961
rgl:CS053_16930	ko:K02687
rgl:CS053_16940	ko:K03557
rgl:CS053_16945	ko:K00602
rgl:CS053_16950	ko:K14347
rgl:CS053_16960	ko:K08978
rgl:CS053_16970	ko:K02335
rgl:CS053_16980	ko:K03657
rgl:CS053_16995	ko:K00368
rgl:CS053_17000	ko:K02498
rgl:CS053_17005	ko:K02496
rgl:CS053_17010	ko:K01719
rgl:CS053_17030	ko:K00523
rgl:CS053_17035	ko:K19222
rgl:CS053_17060	ko:K06969
rgl:CS053_17070	ko:K00529
rgl:CS053_17075	ko:K03829
rgl:CS053_17080	ko:K14261
rgl:CS053_17085	ko:K09760
rgl:CS053_17095	ko:K01495
rgl:CS053_17100	ko:K01738
rgl:CS053_17110	ko:K08151
rgl:CS053_17115	ko:K09983
rgl:CS053_17120	ko:K07137
rgl:CS053_17125	ko:K15773
rgl:CS053_17130	ko:K07154
rgl:CS053_17140	ko:K03722
rgl:CS053_17145	ko:K09975
rgl:CS053_17165	ko:K09858
rgl:CS053_17170	ko:K01972
rgl:CS053_17185	ko:K02014
rgl:CS053_17190	ko:K22719
rgl:CS053_17195	ko:K03797
rgl:CS053_17200	ko:K03118
rgl:CS053_17205	ko:K03117
rgl:CS053_17210	ko:K03116
rgl:CS053_17220	ko:K01772
rgl:CS053_17245	ko:K09696
rgl:CS053_17250	ko:K09697
rgl:CS053_17270	ko:K07729
rgl:CS053_17290	ko:K07345
rgl:CS053_17295	ko:K15540
rgl:CS053_17300	ko:K07347
rgl:CS053_17305	ko:K07345
rgl:CS053_17320	ko:K01990
rgl:CS053_17325	ko:K01992
rgl:CS053_17345	ko:K05999
rgl:CS053_17360	ko:K03579
rgl:CS053_17365	ko:K02453
rgl:CS053_17375	ko:K02462
rgl:CS053_17380	ko:K02461
rgl:CS053_17385	ko:K02460
rgl:CS053_17390	ko:K02459
rgl:CS053_17395	ko:K02458
rgl:CS053_17400	ko:K02457
rgl:CS053_17405	ko:K02456
rgl:CS053_17410	ko:K02455
rgl:CS053_17415	ko:K02454
rgl:CS053_17420	ko:K03424
rgl:CS053_17425	ko:K06181
rgl:CS053_17440	ko:K00121
rgl:CS053_17445	ko:K03566
rgl:CS053_17460	ko:K17836
rgl:CS053_17470	ko:K00031
rgl:CS053_17475	ko:K07232
rgl:CS053_17490	ko:K07789
rgl:CS053_17495	ko:K07788
rgl:CS053_17500	ko:K07799
rgl:CS053_17510	ko:K08682
rgl:CS053_17515	ko:K07018
rgl:CS053_17520	ko:K06916
rgl:CS053_17535	ko:K00666
rgl:CS053_17540	ko:K00525
rgl:CS053_17545	ko:K07461
rgl:CS053_17550	ko:K00526
rgl:CS053_17560	ko:K17893
rgl:CS053_17570	ko:K02172
rgl:CS053_17585	ko:K00799
rgl:CS053_17595	ko:K06879
rgl:CS053_17605	ko:K14205
rgl:CS053_17630	ko:K01805
rgl:CS053_17635	ko:K00854
rgl:CS053_17640	ko:K01684
rgl:CS053_17645	ko:K02529
rgl:CS053_17655	ko:K01811
rgl:CS053_17660	ko:K05349
rgl:CS053_17670	ko:K05970
rgl:CS053_17685	ko:K01206
rgl:CS053_17695	ko:K01198
rgl:CS053_17700	ko:K01198
rgl:CS053_17730	ko:K01114
rgl:CS053_17740	ko:K03412
rgl:CS053_17745	ko:K00575
rgl:CS053_17755	ko:K02014
rgl:CS053_17770	ko:K03305
rgl:CS053_17780	ko:K14219
rgl:CS053_17795	ko:K03294
rgl:CS053_17810	ko:K01126
rgl:CS053_17815	ko:K12373
rgl:CS053_17820	ko:K02014
rgl:CS053_17825	ko:K00845
rgl:CS053_17830	ko:K02429
rgl:CS053_17835	ko:K02529
rgl:CS053_17840	ko:K00820
rgl:CS053_17845	ko:K01443
rgl:CS053_17855	ko:K01119
rgl:CS053_17865	ko:K02477
rgl:CS053_17875	ko:K00003
rgl:CS053_17880	ko:K00872
rgl:CS053_17885	ko:K01733
rgl:CS053_17900	ko:K01649
rgl:CS053_17905	ko:K00826
rgl:CS053_17910	ko:K01703
rgl:CS053_17915	ko:K01704
rgl:CS053_17920	ko:K00052
rgl:CS053_17935	ko:K01652
rgl:CS053_17940	ko:K01653
rgl:CS053_17945	ko:K01754
rgl:CS053_17960	ko:K03179
rgl:CS053_17970	ko:K01012
rgl:CS053_17975	ko:K00652
rgl:CS053_17980	ko:K07146
rgl:CS053_17985	ko:K02170
rgl:CS053_17990	ko:K02169
rgl:CS053_18000	ko:K01246
rgl:CS053_18015	ko:K01754
rgl:CS053_18020	ko:K01785
rgl:CS053_18025	ko:K01256
rgl:CS053_18035	ko:K03495
rgl:CS053_18045	ko:K06959
rgl:CS053_18050	ko:K12686
rgl:CS053_18055	ko:K09914
rgl:CS053_18070	ko:K01879
rgl:CS053_18075	ko:K01878
rgl:CS053_18080	ko:K02454
rgl:CS053_18085	ko:K01951
rgl:CS053_18100	ko:K01985
rgl:CS053_18105	ko:K01980
rgl:CS053_18110	ko:K14218
rgl:CS053_18115	ko:K14227
rgl:CS053_18120	ko:K01977
rgl:CS053_18125	ko:K01866
rgl:CS053_18135	ko:K09001
rgl:CS053_18145	ko:K08218
rgl:CS053_18150	ko:K01142
rgl:CS053_18160	ko:K00762
rgl:CS053_18170	ko:K15778
rgl:CS053_18175	ko:K01520
rgl:CS053_18180	ko:K13038
rgl:CS053_18185	ko:K03630
rgl:CS053_18190	ko:K01887
rgl:CS053_18200	ko:K05886
rgl:CS053_18205	ko:K00019
rgl:CS053_18210	ko:K01585
rgl:CS053_18215	ko:K00797
rgl:CS053_18230	ko:K03496
rgl:CS053_18235	ko:K08296
rgl:CS053_18245	ko:K06132
rgl:CS053_18250	ko:K03832
rgl:CS053_18255	ko:K00626
rgl:CS053_18270	ko:K07712
rgl:CS053_18275	ko:K07708
rgl:CS053_18290	ko:K03446
rgl:CS053_18295	ko:K03543
rgl:CS053_18300	ko:K18139
