rpln:B1209_00005	ko:K02313
rpln:B1209_00010	ko:K02338
rpln:B1209_00015	ko:K03629
rpln:B1209_00020	ko:K02470
rpln:B1209_00045	ko:K04080
rpln:B1209_00050	ko:K04081
rpln:B1209_00060	ko:K03482
rpln:B1209_00065	ko:K02750
rpln:B1209_00070	ko:K01232
rpln:B1209_00075	ko:K00389
rpln:B1209_00085	ko:K01753
rpln:B1209_00090	ko:K13629
rpln:B1209_00095	ko:K13636
rpln:B1209_00100	ko:K08154
rpln:B1209_00115	ko:K19148
rpln:B1209_00125	ko:K01652
rpln:B1209_00130	ko:K01653
rpln:B1209_00135	ko:K11534
rpln:B1209_00140	ko:K28747
rpln:B1209_00145	ko:K02429
rpln:B1209_00155	ko:K07686
rpln:B1209_00165	ko:K07783
rpln:B1209_00170	ko:K07784
rpln:B1209_00175	ko:K01631
rpln:B1209_00180	ko:K00883
rpln:B1209_00185	ko:K08194
rpln:B1209_00195	ko:K22397
rpln:B1209_00215	ko:K05306
rpln:B1209_00220	ko:K03430
rpln:B1209_00230	ko:K11081
rpln:B1209_00235	ko:K11084
rpln:B1209_00245	ko:K11082
rpln:B1209_00250	ko:K02024
rpln:B1209_00255	ko:K02759
rpln:B1209_00260	ko:K02761
rpln:B1209_00265	ko:K02760
rpln:B1209_00285	ko:K16516
rpln:B1209_00290	ko:K16515
rpln:B1209_00295	ko:K10218
rpln:B1209_00300	ko:K16514
rpln:B1209_00320	ko:K11192
rpln:B1209_00335	ko:K18139
rpln:B1209_00340	ko:K18138
rpln:B1209_00345	ko:K03585
rpln:B1209_00375	ko:K07006
rpln:B1209_00380	ko:K09958
rpln:B1209_00390	ko:K18991
rpln:B1209_00395	ko:K02073
rpln:B1209_00405	ko:K01515
rpln:B1209_00420	ko:K13979
rpln:B1209_00440	ko:K14238
rpln:B1209_00455	ko:K02750
rpln:B1209_00465	ko:K16345
rpln:B1209_00470	ko:K03312
rpln:B1209_00475	ko:K00864
rpln:B1209_00480	ko:K02440
rpln:B1209_00485	ko:K09892
rpln:B1209_00490	ko:K23163
rpln:B1209_00495	ko:K01521
rpln:B1209_00505	ko:K01803
rpln:B1209_00520	ko:K00528
rpln:B1209_00525	ko:K02446
rpln:B1209_00530	ko:K03655
rpln:B1209_00535	ko:K00556
rpln:B1209_00540	ko:K01139
rpln:B1209_00545	ko:K03060
rpln:B1209_00550	ko:K00942
rpln:B1209_00570	ko:K00989
rpln:B1209_00575	ko:K00762
rpln:B1209_00580	ko:K05501
rpln:B1209_00585	ko:K01520
rpln:B1209_00590	ko:K13038
rpln:B1209_00595	ko:K03630
rpln:B1209_00600	ko:K02902
rpln:B1209_00605	ko:K02913
rpln:B1209_00615	ko:K00954
rpln:B1209_00620	ko:K12984
rpln:B1209_00625	ko:K02527
rpln:B1209_00630	ko:K19354
rpln:B1209_00640	ko:K02844
rpln:B1209_00645	ko:K02849
rpln:B1209_00670	ko:K02841
rpln:B1209_00675	ko:K02843
rpln:B1209_00680	ko:K03274
rpln:B1209_00685	ko:K00639
rpln:B1209_00690	ko:K00060
rpln:B1209_00700	ko:K09798
rpln:B1209_00705	ko:K22719
rpln:B1209_00710	ko:K15633
rpln:B1209_00720	ko:K03676
rpln:B1209_00725	ko:K03071
rpln:B1209_00730	ko:K00057
rpln:B1209_00735	ko:K00640
rpln:B1209_00740	ko:K03216
rpln:B1209_00745	ko:K29125
rpln:B1209_00750	ko:K14348
rpln:B1209_00760	ko:K14762
rpln:B1209_00770	ko:K02562
rpln:B1209_00775	ko:K00009
rpln:B1209_00780	ko:K02800
rpln:B1209_00800	ko:K01042
rpln:B1209_00805	ko:K03833
rpln:B1209_00810	ko:K09955
rpln:B1209_00815	ko:K03292
rpln:B1209_00825	ko:K05796
rpln:B1209_00830	ko:K00835
rpln:B1209_00835	ko:K01176
rpln:B1209_00845	ko:K03796
rpln:B1209_00855	ko:K10544
rpln:B1209_00860	ko:K10545
rpln:B1209_00865	ko:K10543
rpln:B1209_00870	ko:K01805
rpln:B1209_00875	ko:K00854
rpln:B1209_00890	ko:K01878
rpln:B1209_00895	ko:K01879
rpln:B1209_00915	ko:K03704
rpln:B1209_00920	ko:K07726
rpln:B1209_00935	ko:K00090
rpln:B1209_00945	ko:K00874
rpln:B1209_00955	ko:K02525
rpln:B1209_00965	ko:K08351
rpln:B1209_00970	ko:K03826
rpln:B1209_00975	ko:K01246
rpln:B1209_00985	ko:K08177
rpln:B1209_00990	ko:K12975
rpln:B1209_00995	ko:K14232
rpln:B1209_01010	ko:K12368
rpln:B1209_01015	ko:K12369
rpln:B1209_01020	ko:K12370
rpln:B1209_01025	ko:K12371
rpln:B1209_01030	ko:K12372
rpln:B1209_01065	ko:K20542
rpln:B1209_01070	ko:K01265
rpln:B1209_01105	ko:K00694
rpln:B1209_01110	ko:K20541
rpln:B1209_01115	ko:K20542
rpln:B1209_01120	ko:K20543
rpln:B1209_01125	ko:K26149
rpln:B1209_01130	ko:K11103
rpln:B1209_01140	ko:K00874
rpln:B1209_01145	ko:K07290
rpln:B1209_01155	ko:K07058
rpln:B1209_01175	ko:K01194
rpln:B1209_01185	ko:K00799
rpln:B1209_01210	ko:K02773
rpln:B1209_01215	ko:K02774
rpln:B1209_01230	ko:K00008
rpln:B1209_01245	ko:K02784
rpln:B1209_01255	ko:K00383
rpln:B1209_01260	ko:K07115
rpln:B1209_01270	ko:K01414
rpln:B1209_01275	ko:K15984
rpln:B1209_01285	ko:K06149
rpln:B1209_01290	ko:K06144
rpln:B1209_01295	ko:K16322
rpln:B1209_01305	ko:K06213
rpln:B1209_01310	ko:K07722
rpln:B1209_01315	ko:K10824
rpln:B1209_01320	ko:K15587
rpln:B1209_01325	ko:K15586
rpln:B1209_01330	ko:K15585
rpln:B1209_01335	ko:K15584
rpln:B1209_01345	ko:K13727
rpln:B1209_01350	ko:K07806
rpln:B1209_01355	ko:K10012
rpln:B1209_01360	ko:K10011
rpln:B1209_01365	ko:K13014
rpln:B1209_01375	ko:K12962
rpln:B1209_01380	ko:K12963
rpln:B1209_01385	ko:K06133
rpln:B1209_01390	ko:K09458
rpln:B1209_01395	ko:K00059
rpln:B1209_01405	ko:K00647
rpln:B1209_01425	ko:K07107
rpln:B1209_01450	ko:K02078
rpln:B1209_01455	ko:K02078
rpln:B1209_01480	ko:K27311
rpln:B1209_01485	ko:K09125
rpln:B1209_01490	ko:K04085
rpln:B1209_01510	ko:K08993
rpln:B1209_01515	ko:K08316
rpln:B1209_01520	ko:K03110
rpln:B1209_01525	ko:K09812
rpln:B1209_01530	ko:K09811
rpln:B1209_01535	ko:K03089
rpln:B1209_01540	ko:K00375
rpln:B1209_01545	ko:K00823
rpln:B1209_01555	ko:K01999
rpln:B1209_01565	ko:K01999
rpln:B1209_01575	ko:K01998
rpln:B1209_01580	ko:K01995
rpln:B1209_01590	ko:K05813
rpln:B1209_01595	ko:K05814
rpln:B1209_01600	ko:K05815
rpln:B1209_01605	ko:K05816
rpln:B1209_01610	ko:K01126
rpln:B1209_01620	ko:K00681
rpln:B1209_01625	ko:K03825
rpln:B1209_01640	ko:K06911
rpln:B1209_01650	ko:K00851
rpln:B1209_01655	ko:K06156
rpln:B1209_01665	ko:K00133
rpln:B1209_01670	ko:K00700
rpln:B1209_01675	ko:K02438
rpln:B1209_01680	ko:K00975
rpln:B1209_01690	ko:K00688
rpln:B1209_01695	ko:K00111
rpln:B1209_01700	ko:K02439
rpln:B1209_01705	ko:K02441
rpln:B1209_01710	ko:K02444
rpln:B1209_01715	ko:K03556
rpln:B1209_01720	ko:K00688
rpln:B1209_01725	ko:K00705
rpln:B1209_01730	ko:K06155
rpln:B1209_01735	ko:K07400
rpln:B1209_01745	ko:K02170
rpln:B1209_01755	ko:K07490
rpln:B1209_01760	ko:K04759
rpln:B1209_01765	ko:K04758
rpln:B1209_01770	ko:K06959
rpln:B1209_01775	ko:K04760
rpln:B1209_01780	ko:K07659
rpln:B1209_01785	ko:K07638
rpln:B1209_01790	ko:K01610
rpln:B1209_01795	ko:K04083
rpln:B1209_01800	ko:K04762
rpln:B1209_01805	ko:K20881
rpln:B1209_01815	ko:K08312
rpln:B1209_01820	ko:K05366
rpln:B1209_01825	ko:K12288
rpln:B1209_01830	ko:K12289
rpln:B1209_01835	ko:K12290
rpln:B1209_01840	ko:K12291
rpln:B1209_01845	ko:K02507
rpln:B1209_01860	ko:K00891
rpln:B1209_01870	ko:K03112
rpln:B1209_01880	ko:K01783
rpln:B1209_01885	ko:K01091
rpln:B1209_01890	ko:K01867
rpln:B1209_01895	ko:K02302
rpln:B1209_01900	ko:K00363
rpln:B1209_01905	ko:K00362
rpln:B1209_01915	ko:K06141
rpln:B1209_01920	ko:K03767
rpln:B1209_01930	ko:K04095
rpln:B1209_01935	ko:K01664
rpln:B1209_01950	ko:K10914
rpln:B1209_01955	ko:K07397
rpln:B1209_01960	ko:K28462
rpln:B1209_01965	ko:K09898
rpln:B1209_01970	ko:K07019
rpln:B1209_01980	ko:K06158
rpln:B1209_01985	ko:K11748
rpln:B1209_01995	ko:K07070
rpln:B1209_02000	ko:K03775
rpln:B1209_02005	ko:K03745
rpln:B1209_02010	ko:K03772
rpln:B1209_02020	ko:K07235
rpln:B1209_02025	ko:K07236
rpln:B1209_02030	ko:K07237
rpln:B1209_02035	ko:K02950
rpln:B1209_02040	ko:K02992
rpln:B1209_02045	ko:K02355
rpln:B1209_02050	ko:K02358
rpln:B1209_02055	ko:K02192
rpln:B1209_02060	ko:K03594
rpln:B1209_02065	ko:K02506
rpln:B1209_02070	ko:K02946
rpln:B1209_02075	ko:K02906
rpln:B1209_02080	ko:K02926
rpln:B1209_02085	ko:K02892
rpln:B1209_02090	ko:K02886
rpln:B1209_02095	ko:K02965
rpln:B1209_02100	ko:K02890
rpln:B1209_02105	ko:K02982
rpln:B1209_02110	ko:K02878
rpln:B1209_02115	ko:K02904
rpln:B1209_02120	ko:K02961
rpln:B1209_02125	ko:K02874
rpln:B1209_02130	ko:K02895
rpln:B1209_02135	ko:K02931
rpln:B1209_02140	ko:K02954
rpln:B1209_02145	ko:K02994
rpln:B1209_02150	ko:K02933
rpln:B1209_02155	ko:K02881
rpln:B1209_02160	ko:K02988
rpln:B1209_02165	ko:K02907
rpln:B1209_02170	ko:K02876
rpln:B1209_02180	ko:K02919
rpln:B1209_02185	ko:K02952
rpln:B1209_02190	ko:K02948
rpln:B1209_02195	ko:K02986
rpln:B1209_02200	ko:K03040
rpln:B1209_02205	ko:K02879
rpln:B1209_02215	ko:K13638
rpln:B1209_02220	ko:K09890
rpln:B1209_02225	ko:K03282
rpln:B1209_02230	ko:K03499
rpln:B1209_02240	ko:K00604
rpln:B1209_02245	ko:K01462
rpln:B1209_02250	ko:K04096
rpln:B1209_02255	ko:K03747
rpln:B1209_02260	ko:K07479
rpln:B1209_02265	ko:K07566
rpln:B1209_02290	ko:K01977
rpln:B1209_02295	ko:K01980
rpln:B1209_02300	ko:K01985
rpln:B1209_02305	ko:K14234
rpln:B1209_02310	ko:K01985
rpln:B1209_02320	ko:K03557
rpln:B1209_02325	ko:K05540
rpln:B1209_02330	ko:K02687
rpln:B1209_02335	ko:K14392
rpln:B1209_02345	ko:K01961
rpln:B1209_02350	ko:K02160
rpln:B1209_02360	ko:K03786
rpln:B1209_02365	ko:K17247
rpln:B1209_02375	ko:K19745
rpln:B1209_02380	ko:K18765
rpln:B1209_02385	ko:K03569
rpln:B1209_02395	ko:K03571
rpln:B1209_02400	ko:K06287
rpln:B1209_02405	ko:K08301
rpln:B1209_02415	ko:K03568
rpln:B1209_02420	ko:K21698
rpln:B1209_02425	ko:K21695
rpln:B1209_02430	ko:K15548
rpln:B1209_02435	ko:K03468
rpln:B1209_02440	ko:K03623
rpln:B1209_02455	ko:K03402
rpln:B1209_02460	ko:K00024
rpln:B1209_02465	ko:K04691
rpln:B1209_02475	ko:K09908
rpln:B1209_02490	ko:K02871
rpln:B1209_02495	ko:K02996
rpln:B1209_02500	ko:K03599
rpln:B1209_02505	ko:K03600
rpln:B1209_02510	ko:K22104
rpln:B1209_02515	ko:K01639
rpln:B1209_02520	ko:K03290
rpln:B1209_02525	ko:K01788
rpln:B1209_02530	ko:K00885
rpln:B1209_02540	ko:K00266
rpln:B1209_02545	ko:K00265
rpln:B1209_02560	ko:K07648
rpln:B1209_02570	ko:K03814
rpln:B1209_02575	ko:K08485
rpln:B1209_02580	ko:K06958
rpln:B1209_02585	ko:K02806
rpln:B1209_02590	ko:K05808
rpln:B1209_02595	ko:K03092
rpln:B1209_02600	ko:K06861
rpln:B1209_02605	ko:K09774
rpln:B1209_02610	ko:K11719
rpln:B1209_02615	ko:K03270
rpln:B1209_02620	ko:K06041
rpln:B1209_02625	ko:K07301
rpln:B1209_02630	ko:K02065
rpln:B1209_02635	ko:K02066
rpln:B1209_02640	ko:K02067
rpln:B1209_02645	ko:K07323
rpln:B1209_02650	ko:K07122
rpln:B1209_02660	ko:K00790
rpln:B1209_02665	ko:K07724
rpln:B1209_02670	ko:K02523
rpln:B1209_02675	ko:K02888
rpln:B1209_02680	ko:K02899
rpln:B1209_02690	ko:K03979
rpln:B1209_02695	ko:K07259
rpln:B1209_02700	ko:K03624
rpln:B1209_02705	ko:K07574
rpln:B1209_02715	ko:K02427
rpln:B1209_02720	ko:K03798
rpln:B1209_02725	ko:K00796
rpln:B1209_02730	ko:K03431
rpln:B1209_02735	ko:K03075
rpln:B1209_02740	ko:K14228
rpln:B1209_02760	ko:K01940
rpln:B1209_02765	ko:K14230
rpln:B1209_02770	ko:K09748
rpln:B1209_02775	ko:K02600
rpln:B1209_02780	ko:K02519
rpln:B1209_02785	ko:K02834
rpln:B1209_02790	ko:K03177
rpln:B1209_02795	ko:K02956
rpln:B1209_02800	ko:K00962
rpln:B1209_02805	ko:K05803
rpln:B1209_02810	ko:K05592
rpln:B1209_02815	ko:K03835
rpln:B1209_02825	ko:K24845
rpln:B1209_02830	ko:K24844
rpln:B1209_02835	ko:K24843
rpln:B1209_02840	ko:K03824
rpln:B1209_02845	ko:K07461
rpln:B1209_02850	ko:K09979
rpln:B1209_02860	ko:K07089
rpln:B1209_02865	ko:K28369
rpln:B1209_02870	ko:K12961
rpln:B1209_02875	ko:K07460
rpln:B1209_02880	ko:K07121
rpln:B1209_02885	ko:K07056
rpln:B1209_02895	ko:K08302
rpln:B1209_02900	ko:K02082
rpln:B1209_02905	ko:K02079
rpln:B1209_02915	ko:K02747
rpln:B1209_02920	ko:K02746
rpln:B1209_02925	ko:K02745
rpln:B1209_02930	ko:K16371
rpln:B1209_02940	ko:K02081
rpln:B1209_02945	ko:K01708
rpln:B1209_02955	ko:K00042
rpln:B1209_02960	ko:K00865
rpln:B1209_02965	ko:K01978
rpln:B1209_02985	ko:K07393
rpln:B1209_02990	ko:K15977
rpln:B1209_03015	ko:K25864
rpln:B1209_03025	ko:K19775
rpln:B1209_03035	ko:K01812
rpln:B1209_03040	ko:K01685
rpln:B1209_03050	ko:K07862
rpln:B1209_03065	ko:K07043
rpln:B1209_03070	ko:K11391
rpln:B1209_03075	ko:K00219
rpln:B1209_03080	ko:K11216
rpln:B1209_03085	ko:K11531
rpln:B1209_03100	ko:K10557
rpln:B1209_03105	ko:K10555
rpln:B1209_03110	ko:K08321
rpln:B1209_03115	ko:K11530
rpln:B1209_03130	ko:K11903
rpln:B1209_03135	ko:K09251
rpln:B1209_03150	ko:K07229
rpln:B1209_03165	ko:K05879
rpln:B1209_03170	ko:K05878
rpln:B1209_03185	ko:K00005
rpln:B1209_03190	ko:K05880
rpln:B1209_03200	ko:K14230
rpln:B1209_03205	ko:K03649
rpln:B1209_03210	ko:K03086
rpln:B1209_03220	ko:K02970
rpln:B1209_03225	ko:K25706
rpln:B1209_03235	ko:K03189
rpln:B1209_03240	ko:K03188
rpln:B1209_03245	ko:K03187
rpln:B1209_03250	ko:K01428
rpln:B1209_03255	ko:K01429
rpln:B1209_03260	ko:K01430
rpln:B1209_03265	ko:K03190
rpln:B1209_03275	ko:K08591
rpln:B1209_03280	ko:K01633
rpln:B1209_03285	ko:K06153
rpln:B1209_03290	ko:K00974
rpln:B1209_03295	ko:K07184
rpln:B1209_03300	ko:K18446
rpln:B1209_03310	ko:K03272
rpln:B1209_03315	ko:K22720
rpln:B1209_03320	ko:K09806
rpln:B1209_03325	ko:K02858
rpln:B1209_03330	ko:K07238
rpln:B1209_03335	ko:K15777
rpln:B1209_03350	ko:K12340
rpln:B1209_03360	ko:K09920
rpln:B1209_03370	ko:K07000
rpln:B1209_03375	ko:K02622
rpln:B1209_03385	ko:K03923
rpln:B1209_03390	ko:K07645
rpln:B1209_03395	ko:K07666
rpln:B1209_03405	ko:K13652
rpln:B1209_03410	ko:K02621
rpln:B1209_03415	ko:K00655
rpln:B1209_03435	ko:K08325
rpln:B1209_03450	ko:K01760
rpln:B1209_03460	ko:K03561
rpln:B1209_03465	ko:K03559
rpln:B1209_03475	ko:K19265
rpln:B1209_03490	ko:K11209
rpln:B1209_03500	ko:K01460
rpln:B1209_03505	ko:K05825
rpln:B1209_03525	ko:K09472
rpln:B1209_03555	ko:K03457
rpln:B1209_03570	ko:K01758
rpln:B1209_03575	ko:K01697
rpln:B1209_03585	ko:K10009
rpln:B1209_03590	ko:K10010
rpln:B1209_03595	ko:K02424
rpln:B1209_03615	ko:K02532
rpln:B1209_03620	ko:K18581
rpln:B1209_03650	ko:K14231
rpln:B1209_03655	ko:K07150
rpln:B1209_03670	ko:K07702
rpln:B1209_03675	ko:K07700
rpln:B1209_03690	ko:K01910
rpln:B1209_03695	ko:K01646
rpln:B1209_03700	ko:K01644
rpln:B1209_03705	ko:K01643
rpln:B1209_03710	ko:K05964
rpln:B1209_03715	ko:K05966
rpln:B1209_03720	ko:K03289
rpln:B1209_03735	ko:K03575
rpln:B1209_03740	ko:K03439
rpln:B1209_03745	ko:K09923
rpln:B1209_03755	ko:K10544
rpln:B1209_03765	ko:K10543
rpln:B1209_03775	ko:K01519
rpln:B1209_03785	ko:K02221
rpln:B1209_03790	ko:K06997
rpln:B1209_03800	ko:K04333
rpln:B1209_03805	ko:K07447
rpln:B1209_03810	ko:K07735
rpln:B1209_03815	ko:K01920
rpln:B1209_03820	ko:K09761
rpln:B1209_03825	ko:K01150
rpln:B1209_03830	ko:K02742
rpln:B1209_03835	ko:K08137
rpln:B1209_03840	ko:K00789
rpln:B1209_03850	ko:K01585
rpln:B1209_03855	ko:K01480
rpln:B1209_03895	ko:K00529
rpln:B1209_03920	ko:K06989
rpln:B1209_03930	ko:K01652
rpln:B1209_03935	ko:K07387
rpln:B1209_03940	ko:K00615
rpln:B1209_03945	ko:K02798
rpln:B1209_03955	ko:K19956
rpln:B1209_03960	ko:K02446
rpln:B1209_03965	ko:K01774
rpln:B1209_03970	ko:K02173
rpln:B1209_03975	ko:K03472
rpln:B1209_03980	ko:K00927
rpln:B1209_03985	ko:K01624
rpln:B1209_03990	ko:K03442
rpln:B1209_03995	ko:K06895
rpln:B1209_04000	ko:K09807
rpln:B1209_04005	ko:K05596
rpln:B1209_04010	ko:K01807
rpln:B1209_04015	ko:K00058
rpln:B1209_04020	ko:K08984
rpln:B1209_04030	ko:K28358
rpln:B1209_04035	ko:K09888
rpln:B1209_04045	ko:K09895
rpln:B1209_04050	ko:K01262
rpln:B1209_04055	ko:K03185
rpln:B1209_04060	ko:K18800
rpln:B1209_04065	ko:K00605
rpln:B1209_04070	ko:K02437
rpln:B1209_04075	ko:K00281
rpln:B1209_04095	ko:K08344
rpln:B1209_04105	ko:K01223
rpln:B1209_04115	ko:K09900
rpln:B1209_04120	ko:K11068
rpln:B1209_04125	ko:K06980
rpln:B1209_04130	ko:K09159
rpln:B1209_04135	ko:K19168
rpln:B1209_04140	ko:K03840
rpln:B1209_04145	ko:K04763
rpln:B1209_04150	ko:K03981
rpln:B1209_04155	ko:K07462
rpln:B1209_04165	ko:K04567
rpln:B1209_04170	ko:K01823
rpln:B1209_04175	ko:K12943
rpln:B1209_04180	ko:K14225
rpln:B1209_04195	ko:K07733
rpln:B1209_04230	ko:K06919
rpln:B1209_04265	ko:K11903
rpln:B1209_04280	ko:K03305
rpln:B1209_04285	ko:K08151
rpln:B1209_04295	ko:K03366
rpln:B1209_04315	ko:K15549
rpln:B1209_04330	ko:K06975
rpln:B1209_04350	ko:K07350
rpln:B1209_04355	ko:K07349
rpln:B1209_04360	ko:K07348
rpln:B1209_04370	ko:K07346
rpln:B1209_04375	ko:K07351
rpln:B1209_04380	ko:K07345
rpln:B1209_04385	ko:K07358
rpln:B1209_04390	ko:K07357
rpln:B1209_04425	ko:K00059
rpln:B1209_04450	ko:K22027
rpln:B1209_04455	ko:K01426
rpln:B1209_04500	ko:K07345
rpln:B1209_04505	ko:K15540
rpln:B1209_04510	ko:K07347
rpln:B1209_04515	ko:K07345
rpln:B1209_04520	ko:K07345
rpln:B1209_04525	ko:K21086
rpln:B1209_04535	ko:K21087
rpln:B1209_04545	ko:K05275
rpln:B1209_04565	ko:K00626
rpln:B1209_04575	ko:K01730
rpln:B1209_04580	ko:K00065
rpln:B1209_04585	ko:K02100
rpln:B1209_04595	ko:K02532
rpln:B1209_04600	ko:K01193
rpln:B1209_04610	ko:K01730
rpln:B1209_04620	ko:K10195
rpln:B1209_04625	ko:K10194
rpln:B1209_04630	ko:K10193
rpln:B1209_04635	ko:K26933
rpln:B1209_04640	ko:K25316
rpln:B1209_04650	ko:K01586
rpln:B1209_04665	ko:K02529
rpln:B1209_04675	ko:K05939
rpln:B1209_04680	ko:K08227
rpln:B1209_04700	ko:K03573
rpln:B1209_04710	ko:K08311
rpln:B1209_04715	ko:K08484
rpln:B1209_04720	ko:K13292
rpln:B1209_04725	ko:K00560
rpln:B1209_04740	ko:K02679
rpln:B1209_04745	ko:K02680
rpln:B1209_04755	ko:K02681
rpln:B1209_04760	ko:K03583
rpln:B1209_04765	ko:K01407
rpln:B1209_04770	ko:K03582
rpln:B1209_04775	ko:K03581
rpln:B1209_04780	ko:K14682
rpln:B1209_04785	ko:K01448
rpln:B1209_04790	ko:K04720
rpln:B1209_04795	ko:K02227
rpln:B1209_04800	ko:K02232
rpln:B1209_04805	ko:K02231
rpln:B1209_04810	ko:K02233
rpln:B1209_04815	ko:K14230
rpln:B1209_04820	ko:K08304
rpln:B1209_04825	ko:K22132
rpln:B1209_04830	ko:K02426
rpln:B1209_04835	ko:K01766
rpln:B1209_04860	ko:K02431
rpln:B1209_04865	ko:K00879
rpln:B1209_04875	ko:K02429
rpln:B1209_04880	ko:K01628
rpln:B1209_04885	ko:K00048
rpln:B1209_04890	ko:K01146
rpln:B1209_04900	ko:K04091
rpln:B1209_04910	ko:K20938
rpln:B1209_04915	ko:K02071
rpln:B1209_04920	ko:K02072
rpln:B1209_04925	ko:K02073
rpln:B1209_04940	ko:K15553
rpln:B1209_04945	ko:K01752
rpln:B1209_04955	ko:K06966
rpln:B1209_04960	ko:K06879
rpln:B1209_04965	ko:K15723
rpln:B1209_04975	ko:K06175
rpln:B1209_04985	ko:K03535
rpln:B1209_04995	ko:K01706
rpln:B1209_05000	ko:K00865
rpln:B1209_05005	ko:K07678
rpln:B1209_05010	ko:K03215
rpln:B1209_05015	ko:K00951
rpln:B1209_05020	ko:K04765
rpln:B1209_05025	ko:K01937
rpln:B1209_05030	ko:K01689
rpln:B1209_05040	ko:K10026
rpln:B1209_05045	ko:K01737
rpln:B1209_05050	ko:K00380
rpln:B1209_05055	ko:K00381
rpln:B1209_05065	ko:K00390
rpln:B1209_05070	ko:K09612
rpln:B1209_05075	ko:K02302
rpln:B1209_05080	ko:K00957
rpln:B1209_05085	ko:K00956
rpln:B1209_05090	ko:K00860
rpln:B1209_05100	ko:K05589
rpln:B1209_05105	ko:K00991
rpln:B1209_05110	ko:K01770
rpln:B1209_05115	ko:K06176
rpln:B1209_05120	ko:K03787
rpln:B1209_05130	ko:K06194
rpln:B1209_05135	ko:K03087
rpln:B1209_05155	ko:K03555
rpln:B1209_05175	ko:K07481
rpln:B1209_05185	ko:K00046
rpln:B1209_05190	ko:K08323
rpln:B1209_05195	ko:K10834
rpln:B1209_05200	ko:K25133
rpln:B1209_05205	ko:K25132
rpln:B1209_05215	ko:K16087
rpln:B1209_05220	ko:K07401
rpln:B1209_05230	ko:K11606
rpln:B1209_05235	ko:K11605
rpln:B1209_05240	ko:K11607
rpln:B1209_05245	ko:K11604
rpln:B1209_05250	ko:K02019
rpln:B1209_05255	ko:K15836
rpln:B1209_05260	ko:K04655
rpln:B1209_05265	ko:K04654
rpln:B1209_05270	ko:K04653
rpln:B1209_05275	ko:K04652
rpln:B1209_05280	ko:K04651
rpln:B1209_05285	ko:K15833
rpln:B1209_05290	ko:K15827
rpln:B1209_05295	ko:K15828
rpln:B1209_05300	ko:K15829
rpln:B1209_05305	ko:K15830
rpln:B1209_05310	ko:K15831
rpln:B1209_05315	ko:K15832
rpln:B1209_05320	ko:K15834
rpln:B1209_05325	ko:K08315
rpln:B1209_05335	ko:K02753
rpln:B1209_05340	ko:K03487
rpln:B1209_05345	ko:K05796
rpln:B1209_05355	ko:K07241
rpln:B1209_05360	ko:K12265
rpln:B1209_05365	ko:K12264
rpln:B1209_05375	ko:K12266
rpln:B1209_05380	ko:K02467
rpln:B1209_05385	ko:K02468
rpln:B1209_05390	ko:K02466
rpln:B1209_05395	ko:K00068
rpln:B1209_05400	ko:K02781
rpln:B1209_05405	ko:K02782
rpln:B1209_05415	ko:K08305
rpln:B1209_05420	ko:K02074
rpln:B1209_05425	ko:K02075
rpln:B1209_05435	ko:K03743
rpln:B1209_05440	ko:K03553
rpln:B1209_05445	ko:K03565
rpln:B1209_05450	ko:K01872
rpln:B1209_05455	ko:K03563
rpln:B1209_05460	ko:K14233
rpln:B1209_05465	ko:K14219
rpln:B1209_05470	ko:K14219
rpln:B1209_05475	ko:K14219
rpln:B1209_05480	ko:K14219
rpln:B1209_05505	ko:K01919
rpln:B1209_05510	ko:K07173
rpln:B1209_05520	ko:K01649
rpln:B1209_05530	ko:K03543
rpln:B1209_05535	ko:K15974
rpln:B1209_05540	ko:K26606
rpln:B1209_05545	ko:K26605
rpln:B1209_05550	ko:K02002
rpln:B1209_05555	ko:K02001
rpln:B1209_05560	ko:K02000
rpln:B1209_05565	ko:K00526
rpln:B1209_05570	ko:K00525
rpln:B1209_05575	ko:K03647
rpln:B1209_05580	ko:K06191
rpln:B1209_05605	ko:K28156
rpln:B1209_05615	ko:K11685
rpln:B1209_05640	ko:K19302
rpln:B1209_05645	ko:K21405
rpln:B1209_05660	ko:K07345
rpln:B1209_05665	ko:K07346
rpln:B1209_05670	ko:K07347
rpln:B1209_05675	ko:K07345
rpln:B1209_05680	ko:K02032
rpln:B1209_05685	ko:K02031
rpln:B1209_05690	ko:K02034
rpln:B1209_05695	ko:K02033
rpln:B1209_05700	ko:K02035
rpln:B1209_05705	ko:K08641
rpln:B1209_05715	ko:K01713
rpln:B1209_05720	ko:K06160
rpln:B1209_05735	ko:K02014
rpln:B1209_05745	ko:K21699
rpln:B1209_05755	ko:K02030
rpln:B1209_05760	ko:K02774
rpln:B1209_05765	ko:K02775
rpln:B1209_05770	ko:K02773
rpln:B1209_05785	ko:K12972
rpln:B1209_05795	ko:K02028
rpln:B1209_05795	ko:K02029
rpln:B1209_05800	ko:K02030
rpln:B1209_05815	ko:K12255
rpln:B1209_05830	ko:K19587
rpln:B1209_05835	ko:K19585
rpln:B1209_05845	ko:K05804
rpln:B1209_05850	ko:K15035
rpln:B1209_05855	ko:K03664
rpln:B1209_05865	ko:K09801
rpln:B1209_05870	ko:K06186
rpln:B1209_05875	ko:K03631
rpln:B1209_05880	ko:K00858
rpln:B1209_05885	ko:K03687
rpln:B1209_05890	ko:K03699
rpln:B1209_05900	ko:K03106
rpln:B1209_05905	ko:K02959
rpln:B1209_05910	ko:K02860
rpln:B1209_05915	ko:K00554
rpln:B1209_05920	ko:K02884
rpln:B1209_05950	ko:K01626
rpln:B1209_05955	ko:K14187
rpln:B1209_05965	ko:K14170
rpln:B1209_05970	ko:K05809
rpln:B1209_05975	ko:K05807
rpln:B1209_05980	ko:K06180
rpln:B1209_05985	ko:K05810
rpln:B1209_05990	ko:K03695
rpln:B1209_05995	ko:K01977
rpln:B1209_06000	ko:K14224
rpln:B1209_06005	ko:K01980
rpln:B1209_06010	ko:K01985
rpln:B1209_06015	ko:K03761
rpln:B1209_06020	ko:K05811
rpln:B1209_06025	ko:K00998
rpln:B1209_06035	ko:K05812
rpln:B1209_06040	ko:K03672
rpln:B1209_06045	ko:K03214
rpln:B1209_06050	ko:K03648
rpln:B1209_06055	ko:K06866
rpln:B1209_06060	ko:K05590
rpln:B1209_06070	ko:K00278
rpln:B1209_06075	ko:K03088
rpln:B1209_06080	ko:K03597
rpln:B1209_06085	ko:K03598
rpln:B1209_06090	ko:K03803
rpln:B1209_06095	ko:K03596
rpln:B1209_06100	ko:K03100
rpln:B1209_06110	ko:K03685
rpln:B1209_06115	ko:K03595
rpln:B1209_06120	ko:K03584
rpln:B1209_06125	ko:K03474
rpln:B1209_06130	ko:K00997
rpln:B1209_06145	ko:K18697
rpln:B1209_06150	ko:K11991
rpln:B1209_06155	ko:K18691
rpln:B1209_06160	ko:K01952
rpln:B1209_06165	ko:K07711
rpln:B1209_06175	ko:K07715
rpln:B1209_06180	ko:K04751
rpln:B1209_06185	ko:K05916
rpln:B1209_06190	ko:K00600
rpln:B1209_06195	ko:K15977
rpln:B1209_06210	ko:K23545
rpln:B1209_06235	ko:K05820
rpln:B1209_06250	ko:K08970
rpln:B1209_06255	ko:K01092
rpln:B1209_06260	ko:K15396
rpln:B1209_06265	ko:K13643
rpln:B1209_06270	ko:K04487
rpln:B1209_06275	ko:K04488
rpln:B1209_06280	ko:K13628
rpln:B1209_06285	ko:K04082
rpln:B1209_06290	ko:K04044
rpln:B1209_06295	ko:K04755
rpln:B1209_06305	ko:K07751
rpln:B1209_06315	ko:K01011
rpln:B1209_06320	ko:K06894
rpln:B1209_06325	ko:K05367
rpln:B1209_06330	ko:K00940
rpln:B1209_06335	ko:K06941
rpln:B1209_06340	ko:K15539
rpln:B1209_06345	ko:K03526
rpln:B1209_06350	ko:K01892
rpln:B1209_06360	ko:K17713
rpln:B1209_06365	ko:K03977
rpln:B1209_06380	ko:K03601
rpln:B1209_06385	ko:K00088
rpln:B1209_06390	ko:K01951
rpln:B1209_06420	ko:K26149
rpln:B1209_06425	ko:K01524
rpln:B1209_06430	ko:K00937
rpln:B1209_06435	ko:K11175
rpln:B1209_06440	ko:K01933
rpln:B1209_06455	ko:K01223
rpln:B1209_06460	ko:K00761
rpln:B1209_06465	ko:K02824
rpln:B1209_06470	ko:K10763
rpln:B1209_06475	ko:K00537
rpln:B1209_06480	ko:K01423
rpln:B1209_06485	ko:K03548
rpln:B1209_06490	ko:K03564
rpln:B1209_06495	ko:K03567
rpln:B1209_06500	ko:K01714
rpln:B1209_06505	ko:K07287
rpln:B1209_06510	ko:K01923
rpln:B1209_06515	ko:K07054
rpln:B1209_06560	ko:K12945
rpln:B1209_06585	ko:K00228
rpln:B1209_06590	ko:K01448
rpln:B1209_06615	ko:K07223
rpln:B1209_06625	ko:K02048
rpln:B1209_06630	ko:K02046
rpln:B1209_06635	ko:K02047
rpln:B1209_06640	ko:K02045
rpln:B1209_06645	ko:K12339
rpln:B1209_06655	ko:K01951
rpln:B1209_06665	ko:K00868
rpln:B1209_06675	ko:K02777
rpln:B1209_06680	ko:K08483
rpln:B1209_06685	ko:K02784
rpln:B1209_06695	ko:K01738
rpln:B1209_06700	ko:K06203
rpln:B1209_06705	ko:K03528
rpln:B1209_06710	ko:K01972
rpln:B1209_06715	ko:K09954
rpln:B1209_06720	ko:K14347
rpln:B1209_06745	ko:K14229
rpln:B1209_06750	ko:K14237
rpln:B1209_06755	ko:K14237
rpln:B1209_06760	ko:K14237
rpln:B1209_06770	ko:K01885
rpln:B1209_06785	ko:K14218
rpln:B1209_06790	ko:K14218
rpln:B1209_06795	ko:K26149
rpln:B1209_06800	ko:K11535
rpln:B1209_06805	ko:K03322
rpln:B1209_06815	ko:K19265
rpln:B1209_06820	ko:K04103
rpln:B1209_06825	ko:K03281
rpln:B1209_06830	ko:K00845
rpln:B1209_06835	ko:K27885
rpln:B1209_06845	ko:K14261
rpln:B1209_06850	ko:K03449
rpln:B1209_06855	ko:K01487
rpln:B1209_06860	ko:K11921
rpln:B1209_06865	ko:K07274
rpln:B1209_06880	ko:K11901
rpln:B1209_06885	ko:K11900
rpln:B1209_06890	ko:K11893
rpln:B1209_06895	ko:K11892
rpln:B1209_06905	ko:K11903
rpln:B1209_06945	ko:K11910
rpln:B1209_06950	ko:K11896
rpln:B1209_06960	ko:K11906
rpln:B1209_06965	ko:K11905
rpln:B1209_06970	ko:K11911
rpln:B1209_06975	ko:K14219
rpln:B1209_06980	ko:K21990
rpln:B1209_06985	ko:K04754
rpln:B1209_06990	ko:K06076
rpln:B1209_07005	ko:K00632
rpln:B1209_07010	ko:K01782
rpln:B1209_07015	ko:K08296
rpln:B1209_07025	ko:K07320
rpln:B1209_07030	ko:K01736
rpln:B1209_07035	ko:K07261
rpln:B1209_07040	ko:K07090
rpln:B1209_07045	ko:K09906
rpln:B1209_07060	ko:K00647
rpln:B1209_07070	ko:K03482
rpln:B1209_07075	ko:K02760
rpln:B1209_07080	ko:K02761
rpln:B1209_07085	ko:K02759
rpln:B1209_07090	ko:K10124
rpln:B1209_07100	ko:K03473
rpln:B1209_07110	ko:K06173
rpln:B1209_07115	ko:K03975
rpln:B1209_07120	ko:K01963
rpln:B1209_07125	ko:K11754
rpln:B1209_07135	ko:K03558
rpln:B1209_07140	ko:K00764
rpln:B1209_07145	ko:K03186
rpln:B1209_07155	ko:K10013
rpln:B1209_07160	ko:K10014
rpln:B1209_07165	ko:K10016
rpln:B1209_07170	ko:K10015
rpln:B1209_07175	ko:K10017
rpln:B1209_07190	ko:K07589
rpln:B1209_07195	ko:K11209
rpln:B1209_07210	ko:K00799
rpln:B1209_07215	ko:K07095
rpln:B1209_07235	ko:K02822
rpln:B1209_07250	ko:K00615
rpln:B1209_07255	ko:K13788
rpln:B1209_07260	ko:K00925
rpln:B1209_07265	ko:K09899
rpln:B1209_07270	ko:K09161
rpln:B1209_07275	ko:K19270
rpln:B1209_07285	ko:K08722
rpln:B1209_07290	ko:K14260
rpln:B1209_07305	ko:K00330
rpln:B1209_07310	ko:K00331
rpln:B1209_07315	ko:K13378
rpln:B1209_07320	ko:K00334
rpln:B1209_07325	ko:K00335
rpln:B1209_07330	ko:K00336
rpln:B1209_07335	ko:K00337
rpln:B1209_07340	ko:K00338
rpln:B1209_07345	ko:K00339
rpln:B1209_07350	ko:K00340
rpln:B1209_07355	ko:K00341
rpln:B1209_07360	ko:K00342
rpln:B1209_07365	ko:K00343
rpln:B1209_07370	ko:K00784
rpln:B1209_07375	ko:K02348
rpln:B1209_07385	ko:K02551
rpln:B1209_07390	ko:K08680
rpln:B1209_07395	ko:K01661
rpln:B1209_07400	ko:K02549
rpln:B1209_07405	ko:K01911
rpln:B1209_07410	ko:K07793
rpln:B1209_07420	ko:K07795
rpln:B1209_07430	ko:K07774
rpln:B1209_07440	ko:K12944
rpln:B1209_07455	ko:K00113
rpln:B1209_07475	ko:K01126
rpln:B1209_07480	ko:K11107
rpln:B1209_07485	ko:K00526
rpln:B1209_07490	ko:K00525
rpln:B1209_07500	ko:K00568
rpln:B1209_07505	ko:K02469
rpln:B1209_07515	ko:K07687
rpln:B1209_07520	ko:K07676
rpln:B1209_07530	ko:K09475
rpln:B1209_07535	ko:K03734
rpln:B1209_07540	ko:K10778
rpln:B1209_07545	ko:K03919
rpln:B1209_07550	ko:K06159
rpln:B1209_07555	ko:K06213
rpln:B1209_07560	ko:K03321
rpln:B1209_07565	ko:K00116
rpln:B1209_07570	ko:K08276
rpln:B1209_07580	ko:K14232
rpln:B1209_07585	ko:K07014
rpln:B1209_07590	ko:K09904
rpln:B1209_07595	ko:K06899
rpln:B1209_07620	ko:K02897
rpln:B1209_07625	ko:K19789
rpln:B1209_07630	ko:K06183
rpln:B1209_07635	ko:K07552
rpln:B1209_07650	ko:K13896
rpln:B1209_07655	ko:K13895
rpln:B1209_07660	ko:K13894
rpln:B1209_07670	ko:K26148
rpln:B1209_07675	ko:K13694
rpln:B1209_07680	ko:K19803
rpln:B1209_07695	ko:K01686
rpln:B1209_07700	ko:K02356
rpln:B1209_07705	ko:K06940
rpln:B1209_07710	ko:K11903
rpln:B1209_07730	ko:K11183
rpln:B1209_07735	ko:K00882
rpln:B1209_07740	ko:K02770
rpln:B1209_07745	ko:K01151
rpln:B1209_07765	ko:K11733
rpln:B1209_07775	ko:K16089
rpln:B1209_07790	ko:K01070
rpln:B1209_07795	ko:K01495
rpln:B1209_07800	ko:K07148
rpln:B1209_07810	ko:K02529
rpln:B1209_07815	ko:K10540
rpln:B1209_07820	ko:K10542
rpln:B1209_07825	ko:K10541
rpln:B1209_07830	ko:K03748
rpln:B1209_07835	ko:K01489
rpln:B1209_07845	ko:K06518
rpln:B1209_07850	ko:K05541
rpln:B1209_07855	ko:K07267
rpln:B1209_07865	ko:K03292
rpln:B1209_07870	ko:K01198
rpln:B1209_07875	ko:K03488
rpln:B1209_07880	ko:K02757
rpln:B1209_07885	ko:K01223
rpln:B1209_07895	ko:K18139
rpln:B1209_07920	ko:K03777
rpln:B1209_07925	ko:K05349
rpln:B1209_07930	ko:K05845
rpln:B1209_07940	ko:K05847
rpln:B1209_07945	ko:K05846
rpln:B1209_07955	ko:K21089
rpln:B1209_07960	ko:K27882
rpln:B1209_07965	ko:K27883
rpln:B1209_07980	ko:K01874
rpln:B1209_07985	ko:K03593
rpln:B1209_07990	ko:K23243
rpln:B1209_08000	ko:K06901
rpln:B1209_08005	ko:K01486
rpln:B1209_08020	ko:K00878
rpln:B1209_08025	ko:K00941
rpln:B1209_08050	ko:K11645
rpln:B1209_08055	ko:K28829
rpln:B1209_08060	ko:K00875
rpln:B1209_08065	ko:K00039
rpln:B1209_08070	ko:K03435
rpln:B1209_08080	ko:K00007
rpln:B1209_08085	ko:K00854
rpln:B1209_08090	ko:K28818
rpln:B1209_08095	ko:K24204
rpln:B1209_08105	ko:K08303
rpln:B1209_08110	ko:K07664
rpln:B1209_08115	ko:K07642
rpln:B1209_08120	ko:K18326
rpln:B1209_08125	ko:K07789
rpln:B1209_08130	ko:K07788
rpln:B1209_08135	ko:K07799
rpln:B1209_08145	ko:K01482
rpln:B1209_08155	ko:K07481
rpln:B1209_08160	ko:K10016
rpln:B1209_08165	ko:K10015
rpln:B1209_08170	ko:K03719
rpln:B1209_08175	ko:K06987
rpln:B1209_08200	ko:K04046
rpln:B1209_08205	ko:K01247
rpln:B1209_08210	ko:K00876
rpln:B1209_08215	ko:K01494
rpln:B1209_08220	ko:K07289
rpln:B1209_08235	ko:K00963
rpln:B1209_08250	ko:K01991
rpln:B1209_08255	ko:K25307
rpln:B1209_08260	ko:K16692
rpln:B1209_08300	ko:K00971
rpln:B1209_08305	ko:K01840
rpln:B1209_08310	ko:K03606
rpln:B1209_08315	ko:K00033
rpln:B1209_08330	ko:K00012
rpln:B1209_08340	ko:K08679
rpln:B1209_08345	ko:K01710
rpln:B1209_08350	ko:K00973
rpln:B1209_08355	ko:K00067
rpln:B1209_08360	ko:K01790
rpln:B1209_08365	ko:K09690
rpln:B1209_08370	ko:K09691
rpln:B1209_08385	ko:K12990
rpln:B1209_08410	ko:K11755
rpln:B1209_08415	ko:K02500
rpln:B1209_08420	ko:K01814
rpln:B1209_08425	ko:K02501
rpln:B1209_08430	ko:K01089
rpln:B1209_08435	ko:K00817
rpln:B1209_08440	ko:K00013
rpln:B1209_08445	ko:K00765
rpln:B1209_08470	ko:K02355
rpln:B1209_08475	ko:K01141
rpln:B1209_08480	ko:K07258
rpln:B1209_08485	ko:K07470
rpln:B1209_08495	ko:K09802
rpln:B1209_08505	ko:K01251
rpln:B1209_08510	ko:K07168
rpln:B1209_08530	ko:K08172
rpln:B1209_08575	ko:K03522
rpln:B1209_08580	ko:K03521
rpln:B1209_08585	ko:K29069
rpln:B1209_08600	ko:K01026
rpln:B1209_08605	ko:K00064
rpln:B1209_08620	ko:K10441
rpln:B1209_08625	ko:K10440
rpln:B1209_08630	ko:K10439
rpln:B1209_08640	ko:K00865
rpln:B1209_08650	ko:K16210
rpln:B1209_08655	ko:K19577
rpln:B1209_08675	ko:K02160
rpln:B1209_08680	ko:K01961
rpln:B1209_08685	ko:K00261
rpln:B1209_08695	ko:K02030
rpln:B1209_08705	ko:K23124
rpln:B1209_08715	ko:K00812
rpln:B1209_08720	ko:K19338
rpln:B1209_08725	ko:K02160
rpln:B1209_08735	ko:K02029
rpln:B1209_08740	ko:K02029
rpln:B1209_08745	ko:K02028
rpln:B1209_08750	ko:K14220
rpln:B1209_08755	ko:K26937
rpln:B1209_08760	ko:K14220
rpln:B1209_08780	ko:K01241
rpln:B1209_08785	ko:K19238
rpln:B1209_08800	ko:K14220
rpln:B1209_08805	ko:K19338
rpln:B1209_08810	ko:K13635
rpln:B1209_08815	ko:K19236
rpln:B1209_08845	ko:K13408
rpln:B1209_08850	ko:K12340
rpln:B1209_08855	ko:K07687
rpln:B1209_08870	ko:K07347
rpln:B1209_08875	ko:K15540
rpln:B1209_08880	ko:K07345
rpln:B1209_08885	ko:K12373
rpln:B1209_08890	ko:K01805
rpln:B1209_08895	ko:K10439
rpln:B1209_08900	ko:K10441
rpln:B1209_08905	ko:K10440
rpln:B1209_08910	ko:K23238
rpln:B1209_08915	ko:K00852
rpln:B1209_08920	ko:K14220
rpln:B1209_08925	ko:K09933
rpln:B1209_08930	ko:K14233
rpln:B1209_08935	ko:K09476
rpln:B1209_08945	ko:K06950
rpln:B1209_08950	ko:K00558
rpln:B1209_08955	ko:K07458
rpln:B1209_08965	ko:K09781
rpln:B1209_08990	ko:K07781
rpln:B1209_09000	ko:K01176
rpln:B1209_09005	ko:K02424
rpln:B1209_09010	ko:K05396
rpln:B1209_09015	ko:K10009
rpln:B1209_09030	ko:K07782
rpln:B1209_09040	ko:K07689
rpln:B1209_09045	ko:K03703
rpln:B1209_09050	ko:K00995
rpln:B1209_09055	ko:K14225
rpln:B1209_09060	ko:K14222
rpln:B1209_09065	ko:K14228
rpln:B1209_09080	ko:K07039
rpln:B1209_09085	ko:K03834
rpln:B1209_09095	ko:K02217
rpln:B1209_09115	ko:K16210
rpln:B1209_09120	ko:K02255
rpln:B1209_09130	ko:K10537
rpln:B1209_09135	ko:K10539
rpln:B1209_09145	ko:K01087
rpln:B1209_09155	ko:K14064
rpln:B1209_09160	ko:K16210
rpln:B1209_09165	ko:K15532
rpln:B1209_09170	ko:K01887
rpln:B1209_09180	ko:K06201
rpln:B1209_09185	ko:K15257
rpln:B1209_09190	ko:K15256
rpln:B1209_09195	ko:K07136
rpln:B1209_09225	ko:K14060
rpln:B1209_09255	ko:K07497
rpln:B1209_09265	ko:K07483
rpln:B1209_09285	ko:K01876
rpln:B1209_09290	ko:K08310
rpln:B1209_09300	ko:K01159
rpln:B1209_09305	ko:K03550
rpln:B1209_09310	ko:K03551
rpln:B1209_09315	ko:K09816
rpln:B1209_09320	ko:K09817
rpln:B1209_09325	ko:K09815
rpln:B1209_09330	ko:K19304
rpln:B1209_09335	ko:K02560
rpln:B1209_09340	ko:K07703
rpln:B1209_09345	ko:K00027
rpln:B1209_09350	ko:K13936
rpln:B1209_09355	ko:K11616
rpln:B1209_09360	ko:K00873
rpln:B1209_09365	ko:K19337
rpln:B1209_09375	ko:K00036
rpln:B1209_09380	ko:K01690
rpln:B1209_09385	ko:K01625
rpln:B1209_09390	ko:K08289
rpln:B1209_09395	ko:K09918
rpln:B1209_09405	ko:K01354
rpln:B1209_09415	ko:K02345
rpln:B1209_09420	ko:K07156
rpln:B1209_09425	ko:K07245
rpln:B1209_09440	ko:K09824
rpln:B1209_09445	ko:K07313
rpln:B1209_09460	ko:K11392
rpln:B1209_09465	ko:K06192
rpln:B1209_09470	ko:K03808
rpln:B1209_09475	ko:K08968
rpln:B1209_09480	ko:K03607
rpln:B1209_09490	ko:K03799
rpln:B1209_09495	ko:K08169
rpln:B1209_09500	ko:K19333
rpln:B1209_09530	ko:K03704
rpln:B1209_09535	ko:K03587
rpln:B1209_09540	ko:K00563
rpln:B1209_09560	ko:K02796
rpln:B1209_09565	ko:K02795
rpln:B1209_09570	ko:K02794
rpln:B1209_09585	ko:K01752
rpln:B1209_09595	ko:K01665
rpln:B1209_09600	ko:K09917
rpln:B1209_09615	ko:K02027
rpln:B1209_09625	ko:K02026
rpln:B1209_09630	ko:K10112
rpln:B1209_09645	ko:K03722
rpln:B1209_09650	ko:K14742
rpln:B1209_09655	ko:K07285
rpln:B1209_09670	ko:K03684
rpln:B1209_09675	ko:K03608
rpln:B1209_09680	ko:K03609
rpln:B1209_09685	ko:K03610
rpln:B1209_09690	ko:K09902
rpln:B1209_09695	ko:K29029
rpln:B1209_09700	ko:K09160
rpln:B1209_09715	ko:K03611
rpln:B1209_09720	ko:K03314
rpln:B1209_09725	ko:K03603
rpln:B1209_09730	ko:K06415
rpln:B1209_09735	ko:K00285
rpln:B1209_09740	ko:K01775
rpln:B1209_09750	ko:K12973
rpln:B1209_09770	ko:K11932
rpln:B1209_09780	ko:K01754
rpln:B1209_09785	ko:K11105
rpln:B1209_09790	ko:K01297
rpln:B1209_09795	ko:K08308
rpln:B1209_09800	ko:K02014
rpln:B1209_09810	ko:K01194
rpln:B1209_09835	ko:K07395
rpln:B1209_09850	ko:K10112
rpln:B1209_09865	ko:K02025
rpln:B1209_09870	ko:K02027
rpln:B1209_09880	ko:K00794
rpln:B1209_09900	ko:K05845
rpln:B1209_09905	ko:K05846
rpln:B1209_09910	ko:K05846
rpln:B1209_09920	ko:K07592
rpln:B1209_09925	ko:K01754
rpln:B1209_09930	ko:K03838
rpln:B1209_09940	ko:K00656
rpln:B1209_09945	ko:K09022
rpln:B1209_09950	ko:K01752
rpln:B1209_09955	ko:K02511
rpln:B1209_09960	ko:K06177
rpln:B1209_09970	ko:K15553
rpln:B1209_09980	ko:K15554
rpln:B1209_09990	ko:K00134
rpln:B1209_10020	ko:K02051
rpln:B1209_10025	ko:K01470
rpln:B1209_10030	ko:K09022
rpln:B1209_10035	ko:K01485
rpln:B1209_10090	ko:K27261
rpln:B1209_10095	ko:K04069
rpln:B1209_10105	ko:K05520
rpln:B1209_10115	ko:K13922
rpln:B1209_10120	ko:K27263
rpln:B1209_10125	ko:K27260
rpln:B1209_10130	ko:K00932
rpln:B1209_10150	ko:K04024
rpln:B1209_10155	ko:K15024
rpln:B1209_10160	ko:K13921
rpln:B1209_10180	ko:K01424
rpln:B1209_10255	ko:K07724
rpln:B1209_10275	ko:K03630
rpln:B1209_10280	ko:K04763
rpln:B1209_10295	ko:K07733
rpln:B1209_10305	ko:K06919
rpln:B1209_10355	ko:K06942
rpln:B1209_10360	ko:K01056
rpln:B1209_10375	ko:K03321
rpln:B1209_10380	ko:K00948
rpln:B1209_10390	ko:K00919
rpln:B1209_10395	ko:K02494
rpln:B1209_10400	ko:K02492
rpln:B1209_10405	ko:K02835
rpln:B1209_10410	ko:K02493
rpln:B1209_10425	ko:K01627
rpln:B1209_10430	ko:K07300
rpln:B1209_10435	ko:K06197
rpln:B1209_10440	ko:K07232
rpln:B1209_10450	ko:K06039
rpln:B1209_10460	ko:K15576
rpln:B1209_10465	ko:K15577
rpln:B1209_10470	ko:K15578
rpln:B1209_10480	ko:K00372
rpln:B1209_10490	ko:K07684
rpln:B1209_10495	ko:K07673
rpln:B1209_10500	ko:K02575
rpln:B1209_10505	ko:K00370
rpln:B1209_10510	ko:K00371
rpln:B1209_10515	ko:K00373
rpln:B1209_10530	ko:K03719
rpln:B1209_10545	ko:K14236
rpln:B1209_10550	ko:K14236
rpln:B1209_10560	ko:K09858
rpln:B1209_10565	ko:K07001
rpln:B1209_10570	ko:K02485
rpln:B1209_10575	ko:K00963
rpln:B1209_10580	ko:K03746
rpln:B1209_10585	ko:K00857
rpln:B1209_10595	ko:K04072
rpln:B1209_10610	ko:K15580
rpln:B1209_10615	ko:K15581
rpln:B1209_10620	ko:K15582
rpln:B1209_10625	ko:K15583
rpln:B1209_10635	ko:K10716
rpln:B1209_10640	ko:K09901
rpln:B1209_10645	ko:K06131
rpln:B1209_10650	ko:K09780
rpln:B1209_10655	ko:K03832
rpln:B1209_10670	ko:K16370
rpln:B1209_10675	ko:K07283
rpln:B1209_10690	ko:K01868
rpln:B1209_10695	ko:K02520
rpln:B1209_10700	ko:K02916
rpln:B1209_10705	ko:K02887
rpln:B1209_10715	ko:K01889
rpln:B1209_10720	ko:K01890
rpln:B1209_10725	ko:K04764
rpln:B1209_10750	ko:K06073
rpln:B1209_10755	ko:K02073
rpln:B1209_10760	ko:K00432
rpln:B1209_10765	ko:K06074
rpln:B1209_10770	ko:K13695
rpln:B1209_10775	ko:K08997
rpln:B1209_10785	ko:K01626
rpln:B1209_10790	ko:K09773
rpln:B1209_10795	ko:K01007
rpln:B1209_10800	ko:K18518
rpln:B1209_10815	ko:K19222
rpln:B1209_10835	ko:K05997
rpln:B1209_10840	ko:K09014
rpln:B1209_10845	ko:K09013
rpln:B1209_10850	ko:K09015
rpln:B1209_10855	ko:K11717
rpln:B1209_10860	ko:K02426
rpln:B1209_10870	ko:K06078
rpln:B1209_10875	ko:K00873
rpln:B1209_10880	ko:K01675
rpln:B1209_10890	ko:K26400
rpln:B1209_10895	ko:K08194
rpln:B1209_10905	ko:K02020
rpln:B1209_10910	ko:K02013
rpln:B1209_10915	ko:K02015
rpln:B1209_10920	ko:K02016
rpln:B1209_10925	ko:K05818
rpln:B1209_10930	ko:K05712
rpln:B1209_10935	ko:K05713
rpln:B1209_10940	ko:K05714
rpln:B1209_10945	ko:K02554
rpln:B1209_10950	ko:K04073
rpln:B1209_10955	ko:K01666
rpln:B1209_10960	ko:K05819
rpln:B1209_10965	ko:K05810
rpln:B1209_10975	ko:K24700
rpln:B1209_10985	ko:K04091
rpln:B1209_10995	ko:K15553
rpln:B1209_11000	ko:K15553
rpln:B1209_11005	ko:K15554
rpln:B1209_11010	ko:K15555
rpln:B1209_11015	ko:K02014
rpln:B1209_11025	ko:K02015
rpln:B1209_11030	ko:K02015
rpln:B1209_11035	ko:K02016
rpln:B1209_11045	ko:K02030
rpln:B1209_11050	ko:K02029
rpln:B1209_11055	ko:K02028
rpln:B1209_11070	ko:K22015
rpln:B1209_11075	ko:K13574
rpln:B1209_11090	ko:K00348
rpln:B1209_11095	ko:K07243
rpln:B1209_11100	ko:K07230
rpln:B1209_11110	ko:K02004
rpln:B1209_11115	ko:K02004
rpln:B1209_11120	ko:K02003
rpln:B1209_11135	ko:K02030
rpln:B1209_11160	ko:K02012
rpln:B1209_11165	ko:K02011
rpln:B1209_11170	ko:K02010
rpln:B1209_11175	ko:K06152
rpln:B1209_11180	ko:K06151
rpln:B1209_11190	ko:K02193
rpln:B1209_11200	ko:K02195
rpln:B1209_11205	ko:K02196
rpln:B1209_11210	ko:K02197
rpln:B1209_11220	ko:K02199
rpln:B1209_11225	ko:K02200
rpln:B1209_11235	ko:K03366
rpln:B1209_11240	ko:K01652
rpln:B1209_11245	ko:K01575
rpln:B1209_11255	ko:K03704
rpln:B1209_11260	ko:K03704
rpln:B1209_11265	ko:K00019
rpln:B1209_11275	ko:K00074
rpln:B1209_11280	ko:K00626
rpln:B1209_11285	ko:K01029
rpln:B1209_11290	ko:K01028
rpln:B1209_11295	ko:K17737
rpln:B1209_11300	ko:K09824
rpln:B1209_11305	ko:K05358
rpln:B1209_11310	ko:K02032
rpln:B1209_11315	ko:K02031
rpln:B1209_11320	ko:K02034
rpln:B1209_11325	ko:K02033
rpln:B1209_11330	ko:K02035
rpln:B1209_11340	ko:K02073
rpln:B1209_11345	ko:K02072
rpln:B1209_11360	ko:K11811
rpln:B1209_11365	ko:K03892
rpln:B1209_11370	ko:K03893
rpln:B1209_11375	ko:K00537
rpln:B1209_11380	ko:K19271
rpln:B1209_11385	ko:K01759
rpln:B1209_11405	ko:K22015
rpln:B1209_11410	ko:K22015
rpln:B1209_11415	ko:K24206
rpln:B1209_11435	ko:K12527
rpln:B1209_11440	ko:K07141
rpln:B1209_11455	ko:K00926
rpln:B1209_11460	ko:K01464
rpln:B1209_11470	ko:K01751
rpln:B1209_11490	ko:K01673
rpln:B1209_11515	ko:K03566
rpln:B1209_11535	ko:K05520
rpln:B1209_11555	ko:K14237
rpln:B1209_11560	ko:K14237
rpln:B1209_11565	ko:K14237
rpln:B1209_11575	ko:K06988
rpln:B1209_11590	ko:K00793
rpln:B1209_11600	ko:K28371
rpln:B1209_11610	ko:K03604
rpln:B1209_11620	ko:K19577
rpln:B1209_11625	ko:K04564
rpln:B1209_11640	ko:K07390
rpln:B1209_11645	ko:K03683
rpln:B1209_11650	ko:K01759
rpln:B1209_11655	ko:K10680
rpln:B1209_11660	ko:K16137
rpln:B1209_11665	ko:K06938
rpln:B1209_11690	ko:K06075
rpln:B1209_11695	ko:K06077
rpln:B1209_11700	ko:K09001
rpln:B1209_11710	ko:K00275
rpln:B1209_11720	ko:K00868
rpln:B1209_11725	ko:K00799
rpln:B1209_11730	ko:K03305
rpln:B1209_11735	ko:K10773
rpln:B1209_11740	ko:K03613
rpln:B1209_11745	ko:K03612
rpln:B1209_11750	ko:K03614
rpln:B1209_11755	ko:K03615
rpln:B1209_11760	ko:K03616
rpln:B1209_11780	ko:K01223
rpln:B1209_11785	ko:K22718
rpln:B1209_11795	ko:K01488
rpln:B1209_11805	ko:K02073
rpln:B1209_11815	ko:K07112
rpln:B1209_11825	ko:K03306
rpln:B1209_11835	ko:K14155
rpln:B1209_11840	ko:K02791
rpln:B1209_11845	ko:K16136
rpln:B1209_11855	ko:K01809
rpln:B1209_11860	ko:K01676
rpln:B1209_11865	ko:K01679
rpln:B1209_11870	ko:K10748
rpln:B1209_11905	ko:K07661
rpln:B1209_11915	ko:K13938
rpln:B1209_11920	ko:K03758
rpln:B1209_11940	ko:K00324
rpln:B1209_11945	ko:K00325
rpln:B1209_11955	ko:K14055
rpln:B1209_11960	ko:K01420
rpln:B1209_11965	ko:K00567
rpln:B1209_11985	ko:K25379
rpln:B1209_11990	ko:K14057
rpln:B1209_12000	ko:K02624
rpln:B1209_12005	ko:K01031
rpln:B1209_12015	ko:K07823
rpln:B1209_12020	ko:K01857
rpln:B1209_12025	ko:K01055
rpln:B1209_12030	ko:K01607
rpln:B1209_12040	ko:K03712
rpln:B1209_12045	ko:K03543
rpln:B1209_12055	ko:K01676
rpln:B1209_12060	ko:K11106
rpln:B1209_12070	ko:K28482
rpln:B1209_12075	ko:K03734
rpln:B1209_12080	ko:K07703
rpln:B1209_12085	ko:K07701
rpln:B1209_12090	ko:K07106
rpln:B1209_12100	ko:K07552
rpln:B1209_12105	ko:K13928
rpln:B1209_12110	ko:K13935
rpln:B1209_12115	ko:K13934
rpln:B1209_12120	ko:K13936
rpln:B1209_12125	ko:K13933
rpln:B1209_12130	ko:K13932
rpln:B1209_12135	ko:K13931
rpln:B1209_12140	ko:K13930
rpln:B1209_12145	ko:K13929
rpln:B1209_12155	ko:K11744
rpln:B1209_12165	ko:K11743
rpln:B1209_12170	ko:K11742
rpln:B1209_12180	ko:K04775
rpln:B1209_12185	ko:K03566
rpln:B1209_12200	ko:K01299
rpln:B1209_12215	ko:K15545
rpln:B1209_12220	ko:K01935
rpln:B1209_12225	ko:K03281
rpln:B1209_12230	ko:K23349
rpln:B1209_12235	ko:K07312
rpln:B1209_12240	ko:K07309
rpln:B1209_12255	ko:K00657
rpln:B1209_12265	ko:K09771
rpln:B1209_12270	ko:K08322
rpln:B1209_12275	ko:K08173
rpln:B1209_12280	ko:K00040
rpln:B1209_12285	ko:K11932
rpln:B1209_12290	ko:K22293
rpln:B1209_12295	ko:K16066
rpln:B1209_12300	ko:K01284
rpln:B1209_12335	ko:K02050
rpln:B1209_12340	ko:K02050
rpln:B1209_12345	ko:K02049
rpln:B1209_12350	ko:K19732
rpln:B1209_12360	ko:K00757
rpln:B1209_12385	ko:K17836
rpln:B1209_12400	ko:K02532
rpln:B1209_12405	ko:K01190
rpln:B1209_12410	ko:K27069
rpln:B1209_12420	ko:K06077
rpln:B1209_12430	ko:K08996
rpln:B1209_12460	ko:K00675
rpln:B1209_12465	ko:K06889
rpln:B1209_12490	ko:K14059
rpln:B1209_12570	ko:K03497
rpln:B1209_12625	ko:K01185
rpln:B1209_12720	ko:K21528
rpln:B1209_12735	ko:K03503
rpln:B1209_12745	ko:K13633
rpln:B1209_12760	ko:K11959
rpln:B1209_12770	ko:K11961
rpln:B1209_12775	ko:K11962
rpln:B1209_12780	ko:K11963
rpln:B1209_12785	ko:K02651
rpln:B1209_12790	ko:K02279
rpln:B1209_12795	ko:K02280
rpln:B1209_12800	ko:K02282
rpln:B1209_12805	ko:K02283
rpln:B1209_12810	ko:K12510
rpln:B1209_12815	ko:K12511
rpln:B1209_12820	ko:K12512
rpln:B1209_12835	ko:K06945
rpln:B1209_12850	ko:K02278
rpln:B1209_12855	ko:K12513
rpln:B1209_12860	ko:K12514
rpln:B1209_12865	ko:K12515
rpln:B1209_12870	ko:K03194
rpln:B1209_12885	ko:K15268
rpln:B1209_12915	ko:K16089
rpln:B1209_12925	ko:K01439
rpln:B1209_12935	ko:K07048
rpln:B1209_12940	ko:K10440
rpln:B1209_12945	ko:K10441
rpln:B1209_12950	ko:K02529
rpln:B1209_12955	ko:K10439
rpln:B1209_12960	ko:K00852
rpln:B1209_12970	ko:K03707
rpln:B1209_12975	ko:K09962
rpln:B1209_12985	ko:K00432
rpln:B1209_12990	ko:K02529
rpln:B1209_13010	ko:K13630
rpln:B1209_13015	ko:K13632
rpln:B1209_13025	ko:K05595
rpln:B1209_13030	ko:K08159
rpln:B1209_13045	ko:K00016
rpln:B1209_13050	ko:K03829
rpln:B1209_13060	ko:K08324
rpln:B1209_13065	ko:K01425
rpln:B1209_13085	ko:K00041
rpln:B1209_13095	ko:K00598
rpln:B1209_13140	ko:K02072
rpln:B1209_13145	ko:K02071
rpln:B1209_13150	ko:K02073
rpln:B1209_13180	ko:K08177
rpln:B1209_13185	ko:K11382
rpln:B1209_13190	ko:K08478
rpln:B1209_13195	ko:K08475
rpln:B1209_13200	ko:K08476
rpln:B1209_13225	ko:K00633
rpln:B1209_13265	ko:K22450
rpln:B1209_13305	ko:K19267
rpln:B1209_13320	ko:K09979
rpln:B1209_13325	ko:K01823
rpln:B1209_13330	ko:K07150
rpln:B1209_13360	ko:K21908
rpln:B1209_13370	ko:K16053
rpln:B1209_13385	ko:K05358
rpln:B1209_13390	ko:K01759
rpln:B1209_13395	ko:K02429
rpln:B1209_13405	ko:K17195
rpln:B1209_13415	ko:K01619
rpln:B1209_13430	ko:K00020
rpln:B1209_13435	ko:K01996
rpln:B1209_13440	ko:K01995
rpln:B1209_13445	ko:K01998
rpln:B1209_13450	ko:K01997
rpln:B1209_13455	ko:K01999
rpln:B1209_13465	ko:K07154
rpln:B1209_13470	ko:K15773
rpln:B1209_13495	ko:K21088
rpln:B1209_13515	ko:K03707
rpln:B1209_13520	ko:K15600
rpln:B1209_13525	ko:K15599
rpln:B1209_13530	ko:K15598
rpln:B1209_13535	ko:K00836
rpln:B1209_13540	ko:K13745
rpln:B1209_13555	ko:K02483
rpln:B1209_13565	ko:K01951
rpln:B1209_13570	ko:K05515
rpln:B1209_13585	ko:K28693
rpln:B1209_13590	ko:K28692
rpln:B1209_13600	ko:K02050
rpln:B1209_13605	ko:K02051
rpln:B1209_13610	ko:K03782
rpln:B1209_13620	ko:K02014
rpln:B1209_13625	ko:K02016
rpln:B1209_13630	ko:K08369
rpln:B1209_13655	ko:K08994
rpln:B1209_13660	ko:K07223
rpln:B1209_13670	ko:K04063
rpln:B1209_13685	ko:K20940
rpln:B1209_13690	ko:K07045
rpln:B1209_13725	ko:K00059
rpln:B1209_13750	ko:K02972
rpln:B1209_13755	ko:K00027
rpln:B1209_13770	ko:K01507
rpln:B1209_13775	ko:K13953
rpln:B1209_13780	ko:K02035
rpln:B1209_13790	ko:K02034
rpln:B1209_13795	ko:K02031
rpln:B1209_13795	ko:K02032
rpln:B1209_13810	ko:K08156
rpln:B1209_13820	ko:K22468
rpln:B1209_13830	ko:K08350
rpln:B1209_13835	ko:K08349
rpln:B1209_13840	ko:K08348
rpln:B1209_13845	ko:K08348
rpln:B1209_13860	ko:K05783
rpln:B1209_13865	ko:K05784
rpln:B1209_13870	ko:K05550
rpln:B1209_13875	ko:K05549
rpln:B1209_13880	ko:K03381
rpln:B1209_13885	ko:K03464
rpln:B1209_13890	ko:K01856
rpln:B1209_13895	ko:K02624
rpln:B1209_13900	ko:K08167
rpln:B1209_13920	ko:K00371
rpln:B1209_13925	ko:K00373
rpln:B1209_13930	ko:K00374
rpln:B1209_13945	ko:K01607
rpln:B1209_13955	ko:K00675
rpln:B1209_13960	ko:K02011
rpln:B1209_13965	ko:K02012
rpln:B1209_13985	ko:K01821
rpln:B1209_13990	ko:K11208
rpln:B1209_13995	ko:K06145
rpln:B1209_14000	ko:K20023
rpln:B1209_14005	ko:K03535
rpln:B1209_14010	ko:K02030
rpln:B1209_14015	ko:K02028
rpln:B1209_14020	ko:K02029
rpln:B1209_14030	ko:K02030
rpln:B1209_14035	ko:K28525
rpln:B1209_14080	ko:K02014
rpln:B1209_14085	ko:K01250
rpln:B1209_14090	ko:K23256
rpln:B1209_14100	ko:K24217
rpln:B1209_14115	ko:K12368
rpln:B1209_14120	ko:K00141
rpln:B1209_14130	ko:K28274
rpln:B1209_14165	ko:K00137
rpln:B1209_14170	ko:K02053
rpln:B1209_14175	ko:K02054
rpln:B1209_14180	ko:K02052
rpln:B1209_14200	ko:K00864
rpln:B1209_14205	ko:K00111
rpln:B1209_14210	ko:K00803
rpln:B1209_14280	ko:K07733
rpln:B1209_14300	ko:K00426
rpln:B1209_14320	ko:K24847
rpln:B1209_14325	ko:K23779
rpln:B1209_14335	ko:K07506
rpln:B1209_14355	ko:K01258
rpln:B1209_14360	ko:K16868
rpln:B1209_14365	ko:K03304
rpln:B1209_14375	ko:K03817
rpln:B1209_14385	ko:K10013
rpln:B1209_14390	ko:K14287
rpln:B1209_14400	ko:K03566
rpln:B1209_14405	ko:K03929
rpln:B1209_14415	ko:K00449
rpln:B1209_14435	ko:K00121
rpln:B1209_14440	ko:K23239
rpln:B1209_14450	ko:K12262
rpln:B1209_14480	ko:K12262
rpln:B1209_14485	ko:K22736
rpln:B1209_14520	ko:K00134
rpln:B1209_14525	ko:K07248
rpln:B1209_14540	ko:K05526
rpln:B1209_14545	ko:K01484
rpln:B1209_14550	ko:K06447
rpln:B1209_14555	ko:K00673
rpln:B1209_14560	ko:K00840
rpln:B1209_14565	ko:K00261
rpln:B1209_14570	ko:K06075
rpln:B1209_14585	ko:K18139
rpln:B1209_14595	ko:K03578
rpln:B1209_14600	ko:K01118
rpln:B1209_14610	ko:K02617
rpln:B1209_14615	ko:K02616
rpln:B1209_14620	ko:K01912
rpln:B1209_14625	ko:K02615
rpln:B1209_14630	ko:K02614
rpln:B1209_14640	ko:K15866
rpln:B1209_14645	ko:K01692
rpln:B1209_14650	ko:K02613
rpln:B1209_14655	ko:K02612
rpln:B1209_14660	ko:K02611
rpln:B1209_14665	ko:K02610
rpln:B1209_14675	ko:K02618
rpln:B1209_14680	ko:K00276
rpln:B1209_14695	ko:K00077
rpln:B1209_14710	ko:K14063
rpln:B1209_14720	ko:K02798
rpln:B1209_14725	ko:K09978
rpln:B1209_14745	ko:K03778
rpln:B1209_14750	ko:K03668
rpln:B1209_14760	ko:K03737
rpln:B1209_14770	ko:K14061
rpln:B1209_14775	ko:K07687
rpln:B1209_14795	ko:K07345
rpln:B1209_14800	ko:K07346
rpln:B1209_14805	ko:K07347
rpln:B1209_14810	ko:K07345
rpln:B1209_14815	ko:K14058
rpln:B1209_14820	ko:K05591
rpln:B1209_14830	ko:K16074
rpln:B1209_14835	ko:K02444
rpln:B1209_14850	ko:K07389
rpln:B1209_14860	ko:K15125
rpln:B1209_15000	ko:K02532
rpln:B1209_15010	ko:K01835
rpln:B1209_15025	ko:K00975
rpln:B1209_15030	ko:K00700
rpln:B1209_15040	ko:K01821
rpln:B1209_15065	ko:K10680
rpln:B1209_15075	ko:K03311
rpln:B1209_15090	ko:K09022
rpln:B1209_15130	ko:K06911
rpln:B1209_15135	ko:K10680
rpln:B1209_15140	ko:K05835
rpln:B1209_15160	ko:K03543
rpln:B1209_15165	ko:K03446
rpln:B1209_15170	ko:K09458
rpln:B1209_15180	ko:K13979
rpln:B1209_15185	ko:K04343
rpln:B1209_15225	ko:K07124
rpln:B1209_15230	ko:K10680
rpln:B1209_15235	ko:K16137
rpln:B1209_15245	ko:K18900
rpln:B1209_15265	ko:K01714
rpln:B1209_15285	ko:K06221
rpln:B1209_15305	ko:K12151
rpln:B1209_15310	ko:K18325
rpln:B1209_15335	ko:K03503
rpln:B1209_15340	ko:K00986
rpln:B1209_15360	ko:K15580
rpln:B1209_15365	ko:K14054
rpln:B1209_15370	ko:K19802
rpln:B1209_15375	ko:K11065
rpln:B1209_15380	ko:K07120
rpln:B1209_15385	ko:K03721
rpln:B1209_15390	ko:K08990
rpln:B1209_15400	ko:K03971
rpln:B1209_15405	ko:K03973
rpln:B1209_15410	ko:K03970
rpln:B1209_15415	ko:K03969
rpln:B1209_15420	ko:K03974
rpln:B1209_15425	ko:K08170
rpln:B1209_15430	ko:K01451
rpln:B1209_15450	ko:K02760
rpln:B1209_15460	ko:K19226
rpln:B1209_15465	ko:K19227
rpln:B1209_15470	ko:K19228
rpln:B1209_15480	ko:K19230
rpln:B1209_15485	ko:K03457
rpln:B1209_15490	ko:K01745
rpln:B1209_15495	ko:K10021
rpln:B1209_15500	ko:K10019
rpln:B1209_15505	ko:K10020
rpln:B1209_15510	ko:K10018
rpln:B1209_15515	ko:K09975
rpln:B1209_15520	ko:K00208
rpln:B1209_15530	ko:K01147
rpln:B1209_15545	ko:K04062
rpln:B1209_15550	ko:K03113
rpln:B1209_15555	ko:K01591
rpln:B1209_15560	ko:K19804
rpln:B1209_15565	ko:K08992
rpln:B1209_15570	ko:K01096
rpln:B1209_15575	ko:K01497
rpln:B1209_15580	ko:K27802
rpln:B1209_15595	ko:K13634
rpln:B1209_15600	ko:K03168
rpln:B1209_15615	ko:K04774
rpln:B1209_15625	ko:K19221
rpln:B1209_15635	ko:K05349
rpln:B1209_15640	ko:K03292
rpln:B1209_15645	ko:K06178
rpln:B1209_15650	ko:K24118
rpln:B1209_15655	ko:K02002
rpln:B1209_15660	ko:K01133
rpln:B1209_15670	ko:K02000
rpln:B1209_15685	ko:K07053
rpln:B1209_15695	ko:K13497
rpln:B1209_15700	ko:K13498
rpln:B1209_15705	ko:K01696
rpln:B1209_15710	ko:K01695
rpln:B1209_15715	ko:K11003
rpln:B1209_15760	ko:K23240
rpln:B1209_15765	ko:K08970
rpln:B1209_15770	ko:K07275
rpln:B1209_15775	ko:K06940
rpln:B1209_15785	ko:K06190
rpln:B1209_15795	ko:K10806
rpln:B1209_15805	ko:K24204
rpln:B1209_15810	ko:K00065
rpln:B1209_15815	ko:K07038
rpln:B1209_15825	ko:K15722
rpln:B1209_15830	ko:K03781
rpln:B1209_15835	ko:K03478
rpln:B1209_15840	ko:K01222
rpln:B1209_15845	ko:K03490
rpln:B1209_15850	ko:K02759
rpln:B1209_15855	ko:K02761
rpln:B1209_15860	ko:K02760
rpln:B1209_15865	ko:K04064
rpln:B1209_15870	ko:K01916
rpln:B1209_15875	ko:K05984
rpln:B1209_15880	ko:K06006
rpln:B1209_15885	ko:K05526
rpln:B1209_15890	ko:K01484
rpln:B1209_15895	ko:K06447
rpln:B1209_15900	ko:K00673
rpln:B1209_15905	ko:K00840
rpln:B1209_15915	ko:K01142
rpln:B1209_15935	ko:K05777
rpln:B1209_15940	ko:K05778
rpln:B1209_15945	ko:K05779
rpln:B1209_15950	ko:K21028
rpln:B1209_15960	ko:K08320
rpln:B1209_15965	ko:K00262
rpln:B1209_15970	ko:K03169
rpln:B1209_15975	ko:K01008
rpln:B1209_15990	ko:K09474
rpln:B1209_16000	ko:K04773
rpln:B1209_16005	ko:K01424
rpln:B1209_16010	ko:K08281
rpln:B1209_16015	ko:K08369
rpln:B1209_16025	ko:K18471
rpln:B1209_16040	ko:K00008
rpln:B1209_16060	ko:K09916
rpln:B1209_16065	ko:K07305
rpln:B1209_16070	ko:K00134
rpln:B1209_16075	ko:K01792
rpln:B1209_16080	ko:K03319
rpln:B1209_16090	ko:K07274
rpln:B1209_16095	ko:K07180
rpln:B1209_16100	ko:K09786
rpln:B1209_16110	ko:K02024
rpln:B1209_16125	ko:K19055
rpln:B1209_16135	ko:K25495
rpln:B1209_16140	ko:K25494
rpln:B1209_16160	ko:K09712
rpln:B1209_16165	ko:K13069
rpln:B1209_16180	ko:K12974
rpln:B1209_16185	ko:K23514
rpln:B1209_16195	ko:K16091
rpln:B1209_16235	ko:K00549
rpln:B1209_16245	ko:K09912
rpln:B1209_16255	ko:K07724
rpln:B1209_16260	ko:K07497
rpln:B1209_16505	ko:K06897
rpln:B1209_16510	ko:K07497
rpln:B1209_16545	ko:K00031
rpln:B1209_16555	ko:K12152
rpln:B1209_16560	ko:K00566
rpln:B1209_16565	ko:K07153
rpln:B1209_16570	ko:K01756
rpln:B1209_16580	ko:K07660
rpln:B1209_16585	ko:K07637
rpln:B1209_16590	ko:K18850
rpln:B1209_16595	ko:K07491
rpln:B1209_16600	ko:K01258
rpln:B1209_16610	ko:K11072
rpln:B1209_16615	ko:K11071
rpln:B1209_16620	ko:K11070
rpln:B1209_16625	ko:K11069
rpln:B1209_16630	ko:K20034
rpln:B1209_16660	ko:K28207
rpln:B1209_16675	ko:K09808
rpln:B1209_16685	ko:K19236
rpln:B1209_16690	ko:K12151
rpln:B1209_16695	ko:K22041
rpln:B1209_16700	ko:K02014
rpln:B1209_16710	ko:K03885
rpln:B1209_16725	ko:K01207
rpln:B1209_16730	ko:K07251
rpln:B1209_16735	ko:K07337
rpln:B1209_16745	ko:K02503
rpln:B1209_16750	ko:K02779
rpln:B1209_16760	ko:K02341
rpln:B1209_16765	ko:K00943
rpln:B1209_16770	ko:K07082
rpln:B1209_16775	ko:K02619
rpln:B1209_16780	ko:K09458
rpln:B1209_16785	ko:K02078
rpln:B1209_16790	ko:K00059
rpln:B1209_16795	ko:K00645
rpln:B1209_16800	ko:K00648
rpln:B1209_16805	ko:K03621
rpln:B1209_16810	ko:K02911
rpln:B1209_16815	ko:K07040
rpln:B1209_16820	ko:K25422
rpln:B1209_16825	ko:K06179
rpln:B1209_16850	ko:K03980
rpln:B1209_16860	ko:K09915
rpln:B1209_16865	ko:K03790
rpln:B1209_16870	ko:K08162
rpln:B1209_16880	ko:K01465
rpln:B1209_16885	ko:K12149
rpln:B1209_16890	ko:K12148
rpln:B1209_16895	ko:K02846
rpln:B1209_16905	ko:K07146
rpln:B1209_16910	ko:K02517
rpln:B1209_16925	ko:K12147
rpln:B1209_16935	ko:K03669
rpln:B1209_16940	ko:K03670
rpln:B1209_16945	ko:K11941
rpln:B1209_16950	ko:K23518
rpln:B1209_16965	ko:K04477
rpln:B1209_16970	ko:K12972
rpln:B1209_16975	ko:K14233
rpln:B1209_17010	ko:K18900
rpln:B1209_17015	ko:K00059
rpln:B1209_17040	ko:K06911
rpln:B1209_17050	ko:K14233
rpln:B1209_17060	ko:K03497
rpln:B1209_17190	ko:K03746
rpln:B1209_17200	ko:K07126
rpln:B1209_17245	ko:K07733
rpln:B1209_17280	ko:K07347
rpln:B1209_17285	ko:K07345
rpln:B1209_17305	ko:K06217
rpln:B1209_17315	ko:K07224
rpln:B1209_17325	ko:K03317
rpln:B1209_17335	ko:K11928
rpln:B1209_17345	ko:K13821
rpln:B1209_17355	ko:K09017
rpln:B1209_17360	ko:K09018
rpln:B1209_17365	ko:K09020
rpln:B1209_17370	ko:K09021
rpln:B1209_17375	ko:K09023
rpln:B1209_17380	ko:K09019
rpln:B1209_17385	ko:K09024
rpln:B1209_17390	ko:K09016
rpln:B1209_17400	ko:K03809
rpln:B1209_17410	ko:K01085
rpln:B1209_17420	ko:K07124
rpln:B1209_17440	ko:K14052
rpln:B1209_17455	ko:K09473
rpln:B1209_17460	ko:K14056
rpln:B1209_17465	ko:K09472
rpln:B1209_17470	ko:K09471
rpln:B1209_17475	ko:K16135
rpln:B1209_17480	ko:K07246
rpln:B1209_17485	ko:K23991
rpln:B1209_17490	ko:K11203
rpln:B1209_17495	ko:K11202
rpln:B1209_17505	ko:K04069
rpln:B1209_17510	ko:K11202
rpln:B1209_17535	ko:K00839
rpln:B1209_17540	ko:K02028
rpln:B1209_17545	ko:K02029
rpln:B1209_17550	ko:K02029
rpln:B1209_17555	ko:K02030
rpln:B1209_17575	ko:K22601
rpln:B1209_17585	ko:K16842
rpln:B1209_17590	ko:K16841
rpln:B1209_17600	ko:K03457
rpln:B1209_17605	ko:K01487
rpln:B1209_17610	ko:K07127
rpln:B1209_17615	ko:K16840
rpln:B1209_17665	ko:K02010
rpln:B1209_17670	ko:K02011
rpln:B1209_17715	ko:K14233
rpln:B1209_17725	ko:K14233
rpln:B1209_17730	ko:K15580
rpln:B1209_17735	ko:K19416
rpln:B1209_17740	ko:K11179
rpln:B1209_17745	ko:K01512
rpln:B1209_17760	ko:K06969
rpln:B1209_17765	ko:K11940
rpln:B1209_17770	ko:K06929
rpln:B1209_17775	ko:K01734
rpln:B1209_17780	ko:K03658
rpln:B1209_17800	ko:K13053
rpln:B1209_17805	ko:K03286
rpln:B1209_17810	ko:K09911
rpln:B1209_17815	ko:K04770
rpln:B1209_17820	ko:K01716
rpln:B1209_17825	ko:K03812
rpln:B1209_17835	ko:K09857
rpln:B1209_17840	ko:K06192
rpln:B1209_17845	ko:K03808
rpln:B1209_17850	ko:K15738
rpln:B1209_17855	ko:K12297
rpln:B1209_17860	ko:K07140
rpln:B1209_17865	ko:K18657
rpln:B1209_17870	ko:K00254
rpln:B1209_17875	ko:K00299
rpln:B1209_17880	ko:K15553
rpln:B1209_17885	ko:K04091
rpln:B1209_17890	ko:K15554
rpln:B1209_17895	ko:K15555
rpln:B1209_17900	ko:K01256
rpln:B1209_17905	ko:K00763
rpln:B1209_17910	ko:K01893
rpln:B1209_17915	ko:K09476
rpln:B1209_17920	ko:K00813
rpln:B1209_17925	ko:K01069
rpln:B1209_17940	ko:K21470
rpln:B1209_17945	ko:K03632
rpln:B1209_17950	ko:K03804
rpln:B1209_17975	ko:K00979
rpln:B1209_17980	ko:K09791
rpln:B1209_17985	ko:K09927
rpln:B1209_17995	ko:K11085
rpln:B1209_18000	ko:K02238
rpln:B1209_18005	ko:K05788
rpln:B1209_18010	ko:K02945
rpln:B1209_18015	ko:K00945
rpln:B1209_18020	ko:K00800
rpln:B1209_18025	ko:K00831
rpln:B1209_18040	ko:K06212
rpln:B1209_18045	ko:K00656
rpln:B1209_18050	ko:K04069
rpln:B1209_18055	ko:K08219
rpln:B1209_18060	ko:K07308
rpln:B1209_18065	ko:K07307
rpln:B1209_18070	ko:K07306
rpln:B1209_18075	ko:K01875
rpln:B1209_18080	ko:K07478
rpln:B1209_18085	ko:K03634
rpln:B1209_18090	ko:K03466
rpln:B1209_18095	ko:K03719
rpln:B1209_18105	ko:K00384
rpln:B1209_18115	ko:K16012
rpln:B1209_18120	ko:K00684
rpln:B1209_18125	ko:K02518
rpln:B1209_18135	ko:K06891
rpln:B1209_18140	ko:K03704
rpln:B1209_18145	ko:K05685
rpln:B1209_18150	ko:K13888
rpln:B1209_18155	ko:K07459
rpln:B1209_18160	ko:K06188
rpln:B1209_18165	ko:K28370
rpln:B1209_18175	ko:K11933
rpln:B1209_18185	ko:K00156
rpln:B1209_18190	ko:K01620
rpln:B1209_18235	ko:K09997
rpln:B1209_18240	ko:K09999
rpln:B1209_18245	ko:K09998
rpln:B1209_18250	ko:K03299
rpln:B1209_18255	ko:K22024
rpln:B1209_18270	ko:K06041
rpln:B1209_18290	ko:K03212
rpln:B1209_18300	ko:K11074
rpln:B1209_18305	ko:K11075
rpln:B1209_18325	ko:K05844
rpln:B1209_18330	ko:K10678
rpln:B1209_18340	ko:K03674
rpln:B1209_18375	ko:K20861
rpln:B1209_18385	ko:K19302
rpln:B1209_18390	ko:K11534
rpln:B1209_18395	ko:K07258
rpln:B1209_18400	ko:K00799
rpln:B1209_18410	ko:K19688
rpln:B1209_18415	ko:K02532
rpln:B1209_18420	ko:K14441
rpln:B1209_18425	ko:K13891
rpln:B1209_18435	ko:K13889
rpln:B1209_18440	ko:K13892
rpln:B1209_18445	ko:K13051
rpln:B1209_18450	ko:K03750
rpln:B1209_18455	ko:K21029
rpln:B1209_18460	ko:K04069
rpln:B1209_18470	ko:K07757
rpln:B1209_18485	ko:K08191
rpln:B1209_18490	ko:K01187
rpln:B1209_18510	ko:K19236
rpln:B1209_18520	ko:K01223
rpln:B1209_18535	ko:K11924
rpln:B1209_18550	ko:K11934
rpln:B1209_18555	ko:K11939
rpln:B1209_18560	ko:K04047
rpln:B1209_18565	ko:K10036
rpln:B1209_18570	ko:K10037
rpln:B1209_18575	ko:K10038
rpln:B1209_18580	ko:K22044
rpln:B1209_18585	ko:K06970
rpln:B1209_18595	ko:K13650
rpln:B1209_18600	ko:K16090
rpln:B1209_18625	ko:K03722
rpln:B1209_18630	ko:K11927
rpln:B1209_18635	ko:K23777
rpln:B1209_18640	ko:K25183
rpln:B1209_18645	ko:K25182
rpln:B1209_18650	ko:K25181
rpln:B1209_18655	ko:K25180
rpln:B1209_18675	ko:K07027
rpln:B1209_18680	ko:K06890
rpln:B1209_18685	ko:K03635
rpln:B1209_18690	ko:K03636
rpln:B1209_18695	ko:K03637
rpln:B1209_18700	ko:K03638
rpln:B1209_18720	ko:K03760
rpln:B1209_18725	ko:K07771
rpln:B1209_18730	ko:K07643
rpln:B1209_18740	ko:K11963
rpln:B1209_18750	ko:K02169
rpln:B1209_18755	ko:K00652
rpln:B1209_18760	ko:K01012
rpln:B1209_18765	ko:K00833
rpln:B1209_18775	ko:K16234
rpln:B1209_18780	ko:K01745
rpln:B1209_18785	ko:K01712
rpln:B1209_18790	ko:K05836
rpln:B1209_18795	ko:K01479
rpln:B1209_18800	ko:K01468
rpln:B1209_18805	ko:K01051
rpln:B1209_18825	ko:K03564
rpln:B1209_18845	ko:K07404
rpln:B1209_18850	ko:K28853
rpln:B1209_18855	ko:K02017
rpln:B1209_18860	ko:K02018
rpln:B1209_18865	ko:K02020
rpln:B1209_18870	ko:K25859
rpln:B1209_18875	ko:K02019
rpln:B1209_18880	ko:K05776
rpln:B1209_18885	ko:K01784
rpln:B1209_18890	ko:K00965
rpln:B1209_18895	ko:K00849
rpln:B1209_18900	ko:K01785
rpln:B1209_18905	ko:K01834
rpln:B1209_18910	ko:K01626
rpln:B1209_18915	ko:K16264
rpln:B1209_18920	ko:K03811
rpln:B1209_18925	ko:K03517
rpln:B1209_18935	ko:K14229
rpln:B1209_18940	ko:K14229
rpln:B1209_18945	ko:K14229
rpln:B1209_18950	ko:K14237
rpln:B1209_18955	ko:K14229
rpln:B1209_18965	ko:K03640
rpln:B1209_18970	ko:K03641
rpln:B1209_18980	ko:K03560
rpln:B1209_18985	ko:K03562
rpln:B1209_18990	ko:K07107
rpln:B1209_19000	ko:K00424
rpln:B1209_19005	ko:K00426
rpln:B1209_19015	ko:K01902
rpln:B1209_19020	ko:K01903
rpln:B1209_19030	ko:K00164
rpln:B1209_19035	ko:K00240
rpln:B1209_19040	ko:K00239
rpln:B1209_19045	ko:K00242
rpln:B1209_19050	ko:K00241
rpln:B1209_19065	ko:K01647
rpln:B1209_19070	ko:K05522
rpln:B1209_19075	ko:K01304
rpln:B1209_19090	ko:K07160
rpln:B1209_19095	ko:K23124
rpln:B1209_19100	ko:K23123
rpln:B1209_19110	ko:K03305
rpln:B1209_19115	ko:K01669
rpln:B1209_19125	ko:K01545
rpln:B1209_19130	ko:K01546
rpln:B1209_19140	ko:K01547
rpln:B1209_19145	ko:K01548
rpln:B1209_19150	ko:K07646
rpln:B1209_19155	ko:K07667
rpln:B1209_19160	ko:K01835
rpln:B1209_19165	ko:K03645
rpln:B1209_19170	ko:K01175
rpln:B1209_19180	ko:K03839
rpln:B1209_19185	ko:K03711
rpln:B1209_19210	ko:K17213
rpln:B1209_19215	ko:K00010
rpln:B1209_19220	ko:K00058
rpln:B1209_19225	ko:K02510
rpln:B1209_19230	ko:K00135
rpln:B1209_19265	ko:K01886
rpln:B1209_19270	ko:K02804
rpln:B1209_19275	ko:K02564
rpln:B1209_19280	ko:K01443
rpln:B1209_19290	ko:K02566
rpln:B1209_19295	ko:K01953
rpln:B1209_19300	ko:K14230
rpln:B1209_19305	ko:K14228
rpln:B1209_19310	ko:K14223
rpln:B1209_19315	ko:K14223
rpln:B1209_19320	ko:K14230
rpln:B1209_19325	ko:K14223
rpln:B1209_19330	ko:K14223
rpln:B1209_19335	ko:K03184
rpln:B1209_19340	ko:K06168
rpln:B1209_19345	ko:K06217
rpln:B1209_19350	ko:K07042
rpln:B1209_19355	ko:K06189
rpln:B1209_19360	ko:K03820
rpln:B1209_19365	ko:K10001
rpln:B1209_19370	ko:K10003
rpln:B1209_19375	ko:K10002
rpln:B1209_19380	ko:K10004
rpln:B1209_19390	ko:K01869
rpln:B1209_19395	ko:K03643
rpln:B1209_19400	ko:K02340
rpln:B1209_19405	ko:K00969
rpln:B1209_19410	ko:K02226
rpln:B1209_19420	ko:K09710
rpln:B1209_19425	ko:K00783
rpln:B1209_19430	ko:K05515
rpln:B1209_19435	ko:K05837
rpln:B1209_19440	ko:K03642
rpln:B1209_19445	ko:K07258
rpln:B1209_19450	ko:K09158
rpln:B1209_19455	ko:K03801
rpln:B1209_19470	ko:K03644
rpln:B1209_19475	ko:K03425
rpln:B1209_19480	ko:K11206
rpln:B1209_19485	ko:K06199
rpln:B1209_19490	ko:K03704
rpln:B1209_19495	ko:K12973
rpln:B1209_19500	ko:K03326
rpln:B1209_19505	ko:K01169
rpln:B1209_19510	ko:K00433
rpln:B1209_19515	ko:K06140
rpln:B1209_19520	ko:K11932
rpln:B1209_19525	ko:K03387
rpln:B1209_19530	ko:K24119
rpln:B1209_19535	ko:K03805
rpln:B1209_19555	ko:K14287
rpln:B1209_19560	ko:K09880
rpln:B1209_19565	ko:K08967
rpln:B1209_19575	ko:K10439
rpln:B1209_19585	ko:K10440
rpln:B1209_19590	ko:K10440
rpln:B1209_19600	ko:K00058
rpln:B1209_19605	ko:K00862
rpln:B1209_19610	ko:K08964
rpln:B1209_19615	ko:K10974
rpln:B1209_19625	ko:K01485
rpln:B1209_19635	ko:K01092
rpln:B1209_19645	ko:K01093
rpln:B1209_19650	ko:K08963
rpln:B1209_19655	ko:K00899
rpln:B1209_19665	ko:K02058
rpln:B1209_19670	ko:K02057
rpln:B1209_19675	ko:K02056
rpln:B1209_19680	ko:K08317
rpln:B1209_19695	ko:K06200
rpln:B1209_19700	ko:K24147
rpln:B1209_19705	ko:K00216
rpln:B1209_19710	ko:K01252
rpln:B1209_19725	ko:K23185
rpln:B1209_19735	ko:K23186
rpln:B1209_19740	ko:K23187
rpln:B1209_19745	ko:K23188
rpln:B1209_19755	ko:K02364
rpln:B1209_19765	ko:K07214
rpln:B1209_19775	ko:K02362
rpln:B1209_19785	ko:K00615
rpln:B1209_19795	ko:K00864
rpln:B1209_19800	ko:K17202
rpln:B1209_19810	ko:K17204
rpln:B1209_19820	ko:K03366
rpln:B1209_19830	ko:K02168
rpln:B1209_19840	ko:K02167
rpln:B1209_19845	ko:K00130
rpln:B1209_19850	ko:K00108
rpln:B1209_19865	ko:K02033
rpln:B1209_19870	ko:K02034
rpln:B1209_19880	ko:K02032
rpln:B1209_19885	ko:K15372
rpln:B1209_19890	ko:K15373
rpln:B1209_19900	ko:K02028
rpln:B1209_19905	ko:K02029
rpln:B1209_19910	ko:K02029
rpln:B1209_19915	ko:K02030
rpln:B1209_19925	ko:K06016
rpln:B1209_19930	ko:K01426
rpln:B1209_19935	ko:K02031
rpln:B1209_19940	ko:K02032
rpln:B1209_19945	ko:K02034
rpln:B1209_19955	ko:K02035
rpln:B1209_19960	ko:K06048
rpln:B1209_19970	ko:K18138
rpln:B1209_19975	ko:K03585
rpln:B1209_19995	ko:K02014
rpln:B1209_20000	ko:K18325
rpln:B1209_20020	ko:K10679
rpln:B1209_20070	ko:K11732
rpln:B1209_20090	ko:K09471
rpln:B1209_20095	ko:K06995
rpln:B1209_20150	ko:K10013
rpln:B1209_20155	ko:K01451
rpln:B1209_20175	ko:K00847
rpln:B1209_20180	ko:K16077
rpln:B1209_20185	ko:K02810
rpln:B1209_20190	ko:K01193
rpln:B1209_20195	ko:K03484
rpln:B1209_20200	ko:K03488
rpln:B1209_20210	ko:K02757
rpln:B1209_20215	ko:K03566
rpln:B1209_20220	ko:K01997
rpln:B1209_20230	ko:K01995
rpln:B1209_20235	ko:K01996
rpln:B1209_20240	ko:K01999
rpln:B1209_20250	ko:K06016
rpln:B1209_20260	ko:K17214
rpln:B1209_20265	ko:K17215
rpln:B1209_20270	ko:K17213
rpln:B1209_20295	ko:K06867
rpln:B1209_20325	ko:K04567
rpln:B1209_20330	ko:K03305
rpln:B1209_20335	ko:K01582
rpln:B1209_20340	ko:K03757
rpln:B1209_20350	ko:K03765
rpln:B1209_20360	ko:K00638
rpln:B1209_20365	ko:K03293
rpln:B1209_20370	ko:K00832
rpln:B1209_20375	ko:K09022
rpln:B1209_20420	ko:K01647
rpln:B1209_20425	ko:K08987
rpln:B1209_20440	ko:K07644
rpln:B1209_20445	ko:K07665
rpln:B1209_20475	ko:K18837
rpln:B1209_20480	ko:K18838
rpln:B1209_20490	ko:K03630
rpln:B1209_20525	ko:K07733
rpln:B1209_20530	ko:K07733
rpln:B1209_20540	ko:K21498
rpln:B1209_20555	ko:K21086
rpln:B1209_20570	ko:K07345
rpln:B1209_20580	ko:K15540
rpln:B1209_20585	ko:K07345
rpln:B1209_20630	ko:K01993
rpln:B1209_20635	ko:K13926
rpln:B1209_20655	ko:K00700
rpln:B1209_20660	ko:K00975
rpln:B1209_20710	ko:K14219
rpln:B1209_20715	ko:K01491
rpln:B1209_20720	ko:K14761
rpln:B1209_20725	ko:K01883
rpln:B1209_20730	ko:K03768
rpln:B1209_20735	ko:K03269
rpln:B1209_20745	ko:K01588
rpln:B1209_20750	ko:K01589
rpln:B1209_20755	ko:K06917
rpln:B1209_20770	ko:K02004
rpln:B1209_20775	ko:K02003
rpln:B1209_20780	ko:K10804
rpln:B1209_20795	ko:K02069
rpln:B1209_20800	ko:K02068
rpln:B1209_20810	ko:K07340
rpln:B1209_20815	ko:K19591
rpln:B1209_20825	ko:K17686
rpln:B1209_20830	ko:K09973
rpln:B1209_20840	ko:K03976
rpln:B1209_20850	ko:K08223
rpln:B1209_20855	ko:K26735
rpln:B1209_20860	ko:K00892
rpln:B1209_20865	ko:K01772
rpln:B1209_20870	ko:K00939
rpln:B1209_20875	ko:K04079
rpln:B1209_20880	ko:K06187
rpln:B1209_20885	ko:K09747
rpln:B1209_20890	ko:K02343
rpln:B1209_20895	ko:K00759
rpln:B1209_20900	ko:K09790
rpln:B1209_20905	ko:K04067
rpln:B1209_20925	ko:K03585
rpln:B1209_20930	ko:K18138
rpln:B1209_20940	ko:K19162
rpln:B1209_20945	ko:K05839
rpln:B1209_20950	ko:K00661
rpln:B1209_20960	ko:K00375
rpln:B1209_20970	ko:K02919
rpln:B1209_20975	ko:K02909
rpln:B1209_20980	ko:K27069
rpln:B1209_20985	ko:K02024
rpln:B1209_20990	ko:K02778
rpln:B1209_21005	ko:K15772
rpln:B1209_21020	ko:K15770
rpln:B1209_21025	ko:K10111
rpln:B1209_21030	ko:K26148
rpln:B1209_21065	ko:K01983
rpln:B1209_21070	ko:K07443
rpln:B1209_21075	ko:K09914
rpln:B1209_21080	ko:K10805
rpln:B1209_21085	ko:K03320
rpln:B1209_21090	ko:K04752
rpln:B1209_21095	ko:K18890
rpln:B1209_21100	ko:K18889
rpln:B1209_21105	ko:K05800
rpln:B1209_21110	ko:K28981
rpln:B1209_21130	ko:K06920
rpln:B1209_21135	ko:K12500
rpln:B1209_21140	ko:K02237
rpln:B1209_21145	ko:K03770
rpln:B1209_21150	ko:K03530
rpln:B1209_21155	ko:K01338
rpln:B1209_21160	ko:K03544
rpln:B1209_21165	ko:K01358
rpln:B1209_21170	ko:K03545
rpln:B1209_21180	ko:K05527
rpln:B1209_21190	ko:K07286
rpln:B1209_21195	ko:K08218
rpln:B1209_21200	ko:K02297
rpln:B1209_21210	ko:K02299
rpln:B1209_21215	ko:K02300
rpln:B1209_21220	ko:K02257
rpln:B1209_21225	ko:K02624
rpln:B1209_21260	ko:K08195
rpln:B1209_21280	ko:K09767
rpln:B1209_21285	ko:K00077
rpln:B1209_21295	ko:K03151
rpln:B1209_21300	ko:K03602
rpln:B1209_21305	ko:K00795
rpln:B1209_21310	ko:K01662
rpln:B1209_21315	ko:K23107
rpln:B1209_21320	ko:K01095
rpln:B1209_21325	ko:K00946
rpln:B1209_21330	ko:K03625
rpln:B1209_21335	ko:K00794
rpln:B1209_21340	ko:K11752
rpln:B1209_21345	ko:K07738
rpln:B1209_21355	ko:K05517
rpln:B1209_21365	ko:K06996
rpln:B1209_21375	ko:K03074
rpln:B1209_21380	ko:K03072
rpln:B1209_21385	ko:K03210
rpln:B1209_21390	ko:K00773
rpln:B1209_21395	ko:K07568
rpln:B1209_21400	ko:K08682
rpln:B1209_21405	ko:K03386
rpln:B1209_21410	ko:K02821
rpln:B1209_21415	ko:K02822
rpln:B1209_21420	ko:K03475
rpln:B1209_21425	ko:K18478
rpln:B1209_21430	ko:K03339
rpln:B1209_21440	ko:K09932
rpln:B1209_21455	ko:K01187
rpln:B1209_21460	ko:K11736
rpln:B1209_21465	ko:K03311
rpln:B1209_21470	ko:K07636
rpln:B1209_21475	ko:K07657
rpln:B1209_21480	ko:K03547
rpln:B1209_21485	ko:K03546
rpln:B1209_21495	ko:K00847
rpln:B1209_21500	ko:K03554
rpln:B1209_21510	ko:K14591
rpln:B1209_21520	ko:K00891
rpln:B1209_21530	ko:K09768
rpln:B1209_21535	ko:K00286
rpln:B1209_21545	ko:K01077
rpln:B1209_21555	ko:K06146
rpln:B1209_21565	ko:K00046
rpln:B1209_21570	ko:K08161
rpln:B1209_21575	ko:K01921
rpln:B1209_21595	ko:K17938
rpln:B1209_21605	ko:K18988
rpln:B1209_21620	ko:K03119
rpln:B1209_21625	ko:K15552
rpln:B1209_21630	ko:K10831
rpln:B1209_21635	ko:K15551
rpln:B1209_21640	ko:K20264
rpln:B1209_21660	ko:K02011
rpln:B1209_21670	ko:K00547
rpln:B1209_21675	ko:K16235
rpln:B1209_21685	ko:K03735
rpln:B1209_21690	ko:K03736
rpln:B1209_21695	ko:K02030
rpln:B1209_21700	ko:K02028
rpln:B1209_21705	ko:K02029
rpln:B1209_21710	ko:K02029
rpln:B1209_21715	ko:K07592
rpln:B1209_21730	ko:K02041
rpln:B1209_21740	ko:K02042
rpln:B1209_21745	ko:K02042
rpln:B1209_21755	ko:K07090
rpln:B1209_21770	ko:K15555
rpln:B1209_21775	ko:K15554
rpln:B1209_21780	ko:K15553
rpln:B1209_21790	ko:K13695
rpln:B1209_21795	ko:K11929
rpln:B1209_21800	ko:K00931
rpln:B1209_21805	ko:K00147
rpln:B1209_21810	ko:K14234
rpln:B1209_21830	ko:K02431
rpln:B1209_21835	ko:K00059
rpln:B1209_21840	ko:K21393
rpln:B1209_21845	ko:K11688
rpln:B1209_21850	ko:K00135
rpln:B1209_21860	ko:K11926
rpln:B1209_21865	ko:K11750
rpln:B1209_21870	ko:K00769
rpln:B1209_21875	ko:K01270
rpln:B1209_21890	ko:K05952
rpln:B1209_21900	ko:K00350
rpln:B1209_21905	ko:K00349
rpln:B1209_21915	ko:K00347
rpln:B1209_21920	ko:K00346
rpln:B1209_21930	ko:K28919
rpln:B1209_21940	ko:K03271
rpln:B1209_21945	ko:K06445
rpln:B1209_21950	ko:K13566
rpln:B1209_21960	ko:K18904
rpln:B1209_21980	ko:K14221
rpln:B1209_21985	ko:K02342
rpln:B1209_21990	ko:K03469
rpln:B1209_22000	ko:K01069
rpln:B1209_22005	ko:K08307
rpln:B1209_22020	ko:K19577
rpln:B1209_22030	ko:K06222
rpln:B1209_22035	ko:K14221
rpln:B1209_22040	ko:K01985
rpln:B1209_22045	ko:K01980
rpln:B1209_22050	ko:K14218
rpln:B1209_22055	ko:K14227
rpln:B1209_22060	ko:K01977
rpln:B1209_22065	ko:K03273
rpln:B1209_22070	ko:K02071
rpln:B1209_22075	ko:K02072
rpln:B1209_22080	ko:K02073
rpln:B1209_22085	ko:K06080
rpln:B1209_22090	ko:K22900
rpln:B1209_22095	ko:K01881
rpln:B1209_22100	ko:K06079
rpln:B1209_22105	ko:K15034
rpln:B1209_22120	ko:K19000
rpln:B1209_22125	ko:K04075
rpln:B1209_22130	ko:K08234
rpln:B1209_22140	ko:K01962
rpln:B1209_22145	ko:K02337
rpln:B1209_22150	ko:K03470
rpln:B1209_22155	ko:K00748
rpln:B1209_22160	ko:K00677
rpln:B1209_22165	ko:K02372
rpln:B1209_22170	ko:K02536
rpln:B1209_22175	ko:K06142
rpln:B1209_22180	ko:K07277
rpln:B1209_22190	ko:K00981
rpln:B1209_22195	ko:K00806
rpln:B1209_22205	ko:K00099
rpln:B1209_22210	ko:K02838
rpln:B1209_22215	ko:K09903
rpln:B1209_22220	ko:K02357
rpln:B1209_22225	ko:K02967
rpln:B1209_22235	ko:K01265
rpln:B1209_22240	ko:K00990
rpln:B1209_22245	ko:K00674
rpln:B1209_22255	ko:K02647
rpln:B1209_22260	ko:K04771
rpln:B1209_22265	ko:K01129
rpln:B1209_22270	ko:K01243
rpln:B1209_22275	ko:K06858
rpln:B1209_22285	ko:K15724
rpln:B1209_22290	ko:K03281
rpln:B1209_22295	ko:K01845
rpln:B1209_22310	ko:K10829
rpln:B1209_22315	ko:K02014
rpln:B1209_22330	ko:K02465
rpln:B1209_22335	ko:K02451
rpln:B1209_22340	ko:K01200
rpln:B1209_22345	ko:K02452
rpln:B1209_22355	ko:K02454
rpln:B1209_22360	ko:K02455
rpln:B1209_22365	ko:K02456
rpln:B1209_22370	ko:K02457
rpln:B1209_22375	ko:K02458
rpln:B1209_22380	ko:K02459
rpln:B1209_22385	ko:K02460
rpln:B1209_22390	ko:K02461
rpln:B1209_22395	ko:K02462
rpln:B1209_22400	ko:K02463
rpln:B1209_22405	ko:K02464
rpln:B1209_22410	ko:K03579
rpln:B1209_22415	ko:K01975
rpln:B1209_22420	ko:K06206
rpln:B1209_22425	ko:K06204
rpln:B1209_22430	ko:K01894
rpln:B1209_22435	ko:K00970
rpln:B1209_22440	ko:K00950
rpln:B1209_22445	ko:K00606
rpln:B1209_22450	ko:K01918
rpln:B1209_22455	ko:K01579
rpln:B1209_22470	ko:K11903
rpln:B1209_22485	ko:K01992
rpln:B1209_22490	ko:K01990
rpln:B1209_22495	ko:K01673
rpln:B1209_22500	ko:K00760
rpln:B1209_22505	ko:K00117
rpln:B1209_22510	ko:K14588
rpln:B1209_22520	ko:K00797
rpln:B1209_22525	ko:K01611
rpln:B1209_22535	ko:K22024
rpln:B1209_22540	ko:K22129
rpln:B1209_22545	ko:K02526
rpln:B1209_22550	ko:K09910
rpln:B1209_22555	ko:K01682
rpln:B1209_22575	ko:K00382
rpln:B1209_22585	ko:K00627
rpln:B1209_22590	ko:K00163
rpln:B1209_22595	ko:K05799
rpln:B1209_22600	ko:K11734
rpln:B1209_22605	ko:K03292
rpln:B1209_22615	ko:K03807
rpln:B1209_22625	ko:K00767
rpln:B1209_22630	ko:K02682
rpln:B1209_22635	ko:K02504
rpln:B1209_22640	ko:K02505
rpln:B1209_22645	ko:K00364
rpln:B1209_22650	ko:K00859
rpln:B1209_22655	ko:K18778
rpln:B1209_22660	ko:K09862
rpln:B1209_22665	ko:K03574
rpln:B1209_22670	ko:K03070
rpln:B1209_22675	ko:K13301
rpln:B1209_22680	ko:K02535
rpln:B1209_22685	ko:K03531
rpln:B1209_22690	ko:K03590
rpln:B1209_22695	ko:K03589
rpln:B1209_22700	ko:K01921
rpln:B1209_22705	ko:K01924
rpln:B1209_22710	ko:K02563
rpln:B1209_22715	ko:K03588
rpln:B1209_22720	ko:K01925
rpln:B1209_22725	ko:K01000
rpln:B1209_22730	ko:K01929
rpln:B1209_22735	ko:K01928
rpln:B1209_22740	ko:K03587
rpln:B1209_22745	ko:K03586
rpln:B1209_22750	ko:K03438
rpln:B1209_22755	ko:K03925
rpln:B1209_22765	ko:K03435
rpln:B1209_22770	ko:K01653
rpln:B1209_22780	ko:K05798
rpln:B1209_22785	ko:K01649
rpln:B1209_22790	ko:K00052
rpln:B1209_22795	ko:K01703
rpln:B1209_22800	ko:K01704
rpln:B1209_22805	ko:K03785
rpln:B1209_22810	ko:K03291
rpln:B1209_22820	ko:K11925
rpln:B1209_22825	ko:K02064
rpln:B1209_22830	ko:K02063
rpln:B1209_22845	ko:K02099
rpln:B1209_22850	ko:K00853
rpln:B1209_22855	ko:K01804
rpln:B1209_22860	ko:K03077
rpln:B1209_22865	ko:K02336
rpln:B1209_22875	ko:K03580
rpln:B1209_22880	ko:K06177
rpln:B1209_22885	ko:K05964
rpln:B1209_22900	ko:K07700
rpln:B1209_22905	ko:K07702
rpln:B1209_22910	ko:K05801
rpln:B1209_22915	ko:K04744
rpln:B1209_22920	ko:K03771
rpln:B1209_22930	ko:K02528
rpln:B1209_22935	ko:K06195
rpln:B1209_22940	ko:K01525
rpln:B1209_22945	ko:K00287
rpln:B1209_22955	ko:K11745
rpln:B1209_22960	ko:K11746
rpln:B1209_22975	ko:K06146
rpln:B1209_22980	ko:K00046
rpln:B1209_22985	ko:K00851
rpln:B1209_23000	ko:K01955
rpln:B1209_23005	ko:K01956
rpln:B1209_23010	ko:K00215
rpln:B1209_23015	ko:K02529
rpln:B1209_23025	ko:K02793
rpln:B1209_23035	ko:K02795
rpln:B1209_23050	ko:K06859
rpln:B1209_23065	ko:K12700
rpln:B1209_23070	ko:K03527
rpln:B1209_23075	ko:K03774
rpln:B1209_23080	ko:K03101
rpln:B1209_23085	ko:K01870
rpln:B1209_23090	ko:K11753
rpln:B1209_23095	ko:K02968
rpln:B1209_23100	ko:K03717
rpln:B1209_23105	ko:K03313
rpln:B1209_23110	ko:K03686
rpln:B1209_23115	ko:K04043
rpln:B1209_23125	ko:K07034
rpln:B1209_23130	ko:K03762
rpln:B1209_23135	ko:K03831
rpln:B1209_23140	ko:K00616
rpln:B1209_23145	ko:K03310
rpln:B1209_23150	ko:K09861
rpln:B1209_23160	ko:K01733
rpln:B1209_23165	ko:K00872
rpln:B1209_23170	ko:K12524
rpln:B1209_23175	ko:K08278
rpln:B1209_23180	ko:K02533
rpln:B1209_23190	ko:K07773
rpln:B1209_23195	ko:K05805
rpln:B1209_23200	ko:K05804
rpln:B1209_23205	ko:K15634
rpln:B1209_23210	ko:K01529
rpln:B1209_23215	ko:K03720
rpln:B1209_23220	ko:K08309
rpln:B1209_23230	ko:K06020
rpln:B1209_23235	ko:K06211
rpln:B1209_23245	ko:K01079
rpln:B1209_23250	ko:K07186
rpln:B1209_23255	ko:K03800
rpln:B1209_23260	ko:K03784
rpln:B1209_23265	ko:K01839
rpln:B1209_23270	ko:K00758
rpln:B1209_23275	ko:K01619
rpln:B1209_23280	ko:K03424
rpln:B1209_23295	ko:K04065
rpln:B1209_23300	ko:K02837
rpln:B1209_23305	ko:K08723
rpln:B1209_23310	ko:K03789
rpln:B1209_23315	ko:K02344
rpln:B1209_23325	ko:K14228
rpln:B1209_23330	ko:K14228
rpln:B1209_23335	ko:K14228
rpln:B1209_23350	ko:K13255
rpln:B1209_23365	ko:K22650
rpln:B1209_23375	ko:K18954
rpln:B1209_23380	ko:K00481
rpln:B1209_23395	ko:K02317
rpln:B1209_23400	ko:K02315
rpln:B1209_23410	ko:K01002
rpln:B1209_23425	ko:K13609
rpln:B1209_23440	ko:K21062
rpln:B1209_23450	ko:K12658
rpln:B1209_23455	ko:K21061
rpln:B1209_23460	ko:K22550
rpln:B1209_23480	ko:K05921
rpln:B1209_23485	ko:K05921
rpln:B1209_23490	ko:K00151
rpln:B1209_23495	ko:K00455
rpln:B1209_23500	ko:K01826
rpln:B1209_23505	ko:K02509
rpln:B1209_23510	ko:K02510
rpln:B1209_23515	ko:K02511
rpln:B1209_23520	ko:K02508
rpln:B1209_23525	ko:K00483
rpln:B1209_23530	ko:K00484
rpln:B1209_23535	ko:K23676
rpln:B1209_23550	ko:K11903
rpln:B1209_23570	ko:K00135
rpln:B1209_23580	ko:K05835
rpln:B1209_23590	ko:K01760
rpln:B1209_23635	ko:K06075
rpln:B1209_23655	ko:K09803
rpln:B1209_23660	ko:K21265
rpln:B1209_23670	ko:K00355
rpln:B1209_23705	ko:K00132
rpln:B1209_23720	ko:K20038
rpln:B1209_23725	ko:K20037
rpln:B1209_23735	ko:K15024
rpln:B1209_23745	ko:K03297
rpln:B1209_23750	ko:K03297
rpln:B1209_23755	ko:K01867
rpln:B1209_23760	ko:K13069
rpln:B1209_23765	ko:K01993
rpln:B1209_23770	ko:K13926
rpln:B1209_23775	ko:K01992
rpln:B1209_23785	ko:K01985
rpln:B1209_23790	ko:K01980
rpln:B1209_23795	ko:K14224
rpln:B1209_23800	ko:K01977
rpln:B1209_23805	ko:K18850
rpln:B1209_23810	ko:K07644
rpln:B1209_23815	ko:K07665
rpln:B1209_23820	ko:K07796
rpln:B1209_23825	ko:K07810
rpln:B1209_23830	ko:K07798
rpln:B1209_23835	ko:K07787
rpln:B1209_23840	ko:K03787
rpln:B1209_23860	ko:K01821
rpln:B1209_23870	ko:K01686
rpln:B1209_23875	ko:K01812
rpln:B1209_23880	ko:K16210
rpln:B1209_23885	ko:K03972
rpln:B1209_23895	ko:K03704
rpln:B1209_23900	ko:K07724
rpln:B1209_23910	ko:K09982
rpln:B1209_23920	ko:K02024
rpln:B1209_23925	ko:K01805
rpln:B1209_23930	ko:K03292
rpln:B1209_23935	ko:K01198
rpln:B1209_23940	ko:K11903
rpln:B1209_23965	ko:K02783
rpln:B1209_23975	ko:K02782
rpln:B1209_23985	ko:K19048
rpln:B1209_24005	ko:K07454
rpln:B1209_24010	ko:K07497
rpln:B1209_24030	ko:K06920
rpln:B1209_24040	ko:K03653
rpln:B1209_24045	ko:K06223
rpln:B1209_24050	ko:K01129
rpln:B1209_24065	ko:K01153
rpln:B1209_24070	ko:K03427
rpln:B1209_24075	ko:K01154
rpln:B1209_24095	ko:K14228
rpln:B1209_24105	ko:K12957
rpln:B1209_24115	ko:K05814
rpln:B1209_24120	ko:K05815
rpln:B1209_24125	ko:K03651
rpln:B1209_24130	ko:K05816
rpln:B1209_24135	ko:K05813
rpln:B1209_24140	ko:K01426
rpln:B1209_24155	ko:K03335
rpln:B1209_24160	ko:K06605
rpln:B1209_24165	ko:K00010
rpln:B1209_24170	ko:K03336
rpln:B1209_24175	ko:K03338
rpln:B1209_24185	ko:K03337
rpln:B1209_24195	ko:K06606
rpln:B1209_24200	ko:K06915
rpln:B1209_24210	ko:K07091
rpln:B1209_24220	ko:K01255
rpln:B1209_24225	ko:K02339
rpln:B1209_24230	ko:K01873
rpln:B1209_24235	ko:K03828
rpln:B1209_24240	ko:K06169
rpln:B1209_24245	ko:K09893
rpln:B1209_24250	ko:K00611
rpln:B1209_24255	ko:K19334
rpln:B1209_24265	ko:K00609
rpln:B1209_24270	ko:K00610
rpln:B1209_24275	ko:K09022
rpln:B1209_24280	ko:K12373
rpln:B1209_24285	ko:K01531
rpln:B1209_24290	ko:K03485
rpln:B1209_24295	ko:K02819
rpln:B1209_24300	ko:K01226
rpln:B1209_24305	ko:K21636
rpln:B1209_24310	ko:K04068
rpln:B1209_24320	ko:K07404
rpln:B1209_24330	ko:K01042
rpln:B1209_24335	ko:K01465
rpln:B1209_24365	ko:K15536
rpln:B1209_24370	ko:K03592
rpln:B1209_24375	ko:K09889
rpln:B1209_24390	ko:K02558
rpln:B1209_24395	ko:K03841
rpln:B1209_24400	ko:K23509
rpln:B1209_24415	ko:K23508
rpln:B1209_24420	ko:K01507
rpln:B1209_24435	ko:K09800
rpln:B1209_24445	ko:K07304
rpln:B1209_24450	ko:K03699
rpln:B1209_24455	ko:K02532
rpln:B1209_24460	ko:K12308
rpln:B1209_24465	ko:K02099
rpln:B1209_24475	ko:K07109
rpln:B1209_24485	ko:K01119
rpln:B1209_24495	ko:K19267
rpln:B1209_24510	ko:K07322
rpln:B1209_24515	ko:K11737
rpln:B1209_24520	ko:K03773
rpln:B1209_24530	ko:K07269
rpln:B1209_24535	ko:K02939
rpln:B1209_24540	ko:K02963
rpln:B1209_24545	ko:K02686
rpln:B1209_24550	ko:K02990
rpln:B1209_24565	ko:K03077
rpln:B1209_24570	ko:K03079
rpln:B1209_24575	ko:K03078
rpln:B1209_24580	ko:K02821
rpln:B1209_24585	ko:K02822
rpln:B1209_24590	ko:K03475
rpln:B1209_24595	ko:K03476
rpln:B1209_24600	ko:K03477
rpln:B1209_24605	ko:K06889
rpln:B1209_24620	ko:K09456
rpln:B1209_24625	ko:K03762
rpln:B1209_24630	ko:K03218
rpln:B1209_24635	ko:K02049
rpln:B1209_24640	ko:K15552
rpln:B1209_24645	ko:K15551
rpln:B1209_24660	ko:K12573
rpln:B1209_24670	ko:K01939
rpln:B1209_24675	ko:K09937
rpln:B1209_24680	ko:K04087
rpln:B1209_24685	ko:K04088
rpln:B1209_24690	ko:K03665
rpln:B1209_24695	ko:K03666
rpln:B1209_24700	ko:K00791
rpln:B1209_24705	ko:K03572
rpln:B1209_24710	ko:K01448
rpln:B1209_24715	ko:K06925
rpln:B1209_24720	ko:K23997
rpln:B1209_24725	ko:K18979
rpln:B1209_24730	ko:K14225
rpln:B1209_24735	ko:K14225
rpln:B1209_24740	ko:K14225
rpln:B1209_24745	ko:K09996
rpln:B1209_24750	ko:K13288
rpln:B1209_24755	ko:K06949
rpln:B1209_24760	ko:K01613
rpln:B1209_24765	ko:K22051
rpln:B1209_24770	ko:K04568
rpln:B1209_24775	ko:K00244
rpln:B1209_24780	ko:K00245
rpln:B1209_24785	ko:K00246
rpln:B1209_24790	ko:K00247
rpln:B1209_24795	ko:K03098
rpln:B1209_24800	ko:K11741
rpln:B1209_24805	ko:K16348
rpln:B1209_24810	ko:K16347
rpln:B1209_24815	ko:K02356
rpln:B1209_24820	ko:K19810
rpln:B1209_24830	ko:K04077
rpln:B1209_24835	ko:K04078
rpln:B1209_24840	ko:K16263
rpln:B1209_24855	ko:K01744
rpln:B1209_24860	ko:K07791
rpln:B1209_24865	ko:K03926
rpln:B1209_24870	ko:K04084
rpln:B1209_24885	ko:K14231
rpln:B1209_24950	ko:K12518
rpln:B1209_24995	ko:K05516
rpln:B1209_25000	ko:K18997
rpln:B1209_25005	ko:K07406
rpln:B1209_25010	ko:K23237
rpln:B1209_25015	ko:K03762
rpln:B1209_25020	ko:K06193
rpln:B1209_25025	ko:K04750
rpln:B1209_25035	ko:K06166
rpln:B1209_25040	ko:K06165
rpln:B1209_25045	ko:K06164
rpln:B1209_25050	ko:K06163
rpln:B1209_25055	ko:K05781
rpln:B1209_25060	ko:K05780
rpln:B1209_25065	ko:K06162
rpln:B1209_25070	ko:K05774
rpln:B1209_25075	ko:K09994
rpln:B1209_25080	ko:K06167
rpln:B1209_25095	ko:K23238
rpln:B1209_25105	ko:K10551
rpln:B1209_25110	ko:K10550
rpln:B1209_25115	ko:K17195
rpln:B1209_25120	ko:K00881
rpln:B1209_25130	ko:K10441
rpln:B1209_25150	ko:K22015
rpln:B1209_25155	ko:K22015
rpln:B1209_25160	ko:K07126
rpln:B1209_25165	ko:K11102
rpln:B1209_25175	ko:K01895
rpln:B1209_25185	ko:K14393
rpln:B1209_25195	ko:K06518
rpln:B1209_25205	ko:K24163
rpln:B1209_25210	ko:K06901
rpln:B1209_25220	ko:K00799
rpln:B1209_25225	ko:K13639
rpln:B1209_25230	ko:K13631
rpln:B1209_25245	ko:K21968
rpln:B1209_25250	ko:K21967
rpln:B1209_25255	ko:K21966
rpln:B1209_25260	ko:K21965
rpln:B1209_25265	ko:K21964
rpln:B1209_25285	ko:K21638
rpln:B1209_25290	ko:K07277
rpln:B1209_25300	ko:K19611
rpln:B1209_25310	ko:K03111
rpln:B1209_25315	ko:K03701
rpln:B1209_25330	ko:K03788
rpln:B1209_25335	ko:K00832
rpln:B1209_25340	ko:K01775
rpln:B1209_25345	ko:K02314
rpln:B1209_25350	ko:K00344
rpln:B1209_25360	ko:K05539
rpln:B1209_25370	ko:K09823
rpln:B1209_25380	ko:K26937
rpln:B1209_25385	ko:K01356
rpln:B1209_25390	ko:K00901
rpln:B1209_25395	ko:K00631
rpln:B1209_25400	ko:K03179
rpln:B1209_25410	ko:K05775
rpln:B1209_25415	ko:K02024
rpln:B1209_25420	ko:K10111
rpln:B1209_25430	ko:K10108
rpln:B1209_25435	ko:K10109
rpln:B1209_25440	ko:K10110
rpln:B1209_25460	ko:K01810
rpln:B1209_25470	ko:K00928
rpln:B1209_25485	ko:K06182
rpln:B1209_25495	ko:K00068
rpln:B1209_25500	ko:K02812
rpln:B1209_25510	ko:K02814
rpln:B1209_25515	ko:K02815
rpln:B1209_25520	ko:K19956
rpln:B1209_25525	ko:K00014
rpln:B1209_25530	ko:K05995
rpln:B1209_25535	ko:K03324
rpln:B1209_25540	ko:K00548
rpln:B1209_25555	ko:K00906
rpln:B1209_25560	ko:K01637
rpln:B1209_25570	ko:K00651
rpln:B1209_25575	ko:K03826
rpln:B1209_25580	ko:K01985
rpln:B1209_25585	ko:K01980
rpln:B1209_25590	ko:K14224
rpln:B1209_25595	ko:K01977
rpln:B1209_25610	ko:K00602
rpln:B1209_25615	ko:K01945
rpln:B1209_25625	ko:K05787
rpln:B1209_25630	ko:K09891
rpln:B1209_25650	ko:K07740
rpln:B1209_25655	ko:K03147
rpln:B1209_25660	ko:K00788
rpln:B1209_25665	ko:K03148
rpln:B1209_25670	ko:K03154
rpln:B1209_25675	ko:K03149
rpln:B1209_25680	ko:K03150
rpln:B1209_25690	ko:K02760
rpln:B1209_25695	ko:K02759
rpln:B1209_25700	ko:K07792
rpln:B1209_25705	ko:K03046
rpln:B1209_25710	ko:K03043
rpln:B1209_25715	ko:K02935
rpln:B1209_25720	ko:K02864
rpln:B1209_25730	ko:K02863
rpln:B1209_25735	ko:K02867
rpln:B1209_25740	ko:K02601
rpln:B1209_25745	ko:K03073
rpln:B1209_25755	ko:K02358
rpln:B1209_25760	ko:K14234
rpln:B1209_25765	ko:K14225
rpln:B1209_25770	ko:K14236
rpln:B1209_25775	ko:K14234
rpln:B1209_25780	ko:K00867
rpln:B1209_25785	ko:K03524
rpln:B1209_25790	ko:K00075
rpln:B1209_25795	ko:K01985
rpln:B1209_25800	ko:K01980
rpln:B1209_25805	ko:K14218
rpln:B1209_25810	ko:K14227
rpln:B1209_25815	ko:K01977
rpln:B1209_25820	ko:K00230
rpln:B1209_25825	ko:K03498
rpln:B1209_25835	ko:K01271
rpln:B1209_25845	ko:K01825
rpln:B1209_25850	ko:K00632
rpln:B1209_25855	ko:K05368
rpln:B1209_25860	ko:K03182
rpln:B1209_25865	ko:K05785
rpln:B1209_25870	ko:K03424
rpln:B1209_25875	ko:K03118
rpln:B1209_25880	ko:K03117
rpln:B1209_25885	ko:K03116
rpln:B1209_25900	ko:K03183
rpln:B1209_25905	ko:K09760
rpln:B1209_25910	ko:K00757
rpln:B1209_25925	ko:K00549
rpln:B1209_25930	ko:K03576
rpln:B1209_25940	ko:K28854
rpln:B1209_25945	ko:K01048
rpln:B1209_25950	ko:K05834
rpln:B1209_25955	ko:K05835
rpln:B1209_25965	ko:K01058
rpln:B1209_25970	ko:K01073
rpln:B1209_25975	ko:K05786
rpln:B1209_25980	ko:K03284
rpln:B1209_25985	ko:K03657
rpln:B1209_25990	ko:K20862
rpln:B1209_25995	ko:K03733
rpln:B1209_26000	ko:K09921
rpln:B1209_26005	ko:K01778
rpln:B1209_26015	ko:K06202
rpln:B1209_26020	ko:K05851
rpln:B1209_26025	ko:K01749
rpln:B1209_26030	ko:K01719
rpln:B1209_26035	ko:K02496
rpln:B1209_26040	ko:K02498
rpln:B1209_26045	ko:K14232
rpln:B1209_26050	ko:K14228
rpln:B1209_26055	ko:K14226
rpln:B1209_26060	ko:K14219
rpln:B1209_26065	ko:K03293
rpln:B1209_26070	ko:K02852
rpln:B1209_26080	ko:K12582
rpln:B1209_26085	ko:K16693
rpln:B1209_26090	ko:K02805
rpln:B1209_26095	ko:K16704
rpln:B1209_26100	ko:K02472
rpln:B1209_26105	ko:K01791
rpln:B1209_26110	ko:K05790
rpln:B1209_26115	ko:K02851
rpln:B1209_26120	ko:K03628
rpln:B1209_26130	ko:K03671
rpln:B1209_26135	ko:K03732
rpln:B1209_26140	ko:K01524
rpln:B1209_26145	ko:K03656
rpln:B1209_26150	ko:K03769
rpln:B1209_26155	ko:K03769
rpln:B1209_26160	ko:K00053
rpln:B1209_26165	ko:K02521
rpln:B1209_26170	ko:K01754
rpln:B1209_26180	ko:K00826
rpln:B1209_26185	ko:K11258
rpln:B1209_26190	ko:K01652
rpln:B1209_26205	ko:K09897
rpln:B1209_26210	ko:K23773
rpln:B1209_26215	ko:K14235
rpln:B1209_26220	ko:K14221
rpln:B1209_26225	ko:K01985
rpln:B1209_26230	ko:K01980
rpln:B1209_26235	ko:K14218
rpln:B1209_26240	ko:K14227
rpln:B1209_26245	ko:K01977
rpln:B1209_26250	ko:K01776
rpln:B1209_26260	ko:K00557
rpln:B1209_26270	ko:K22105
rpln:B1209_26275	ko:K00322
rpln:B1209_26280	ko:K04761
rpln:B1209_26290	ko:K01755
rpln:B1209_26295	ko:K00930
rpln:B1209_26300	ko:K00145
rpln:B1209_26305	ko:K01438
rpln:B1209_26325	ko:K08314
rpln:B1209_26330	ko:K00005
rpln:B1209_26335	ko:K00297
rpln:B1209_26345	ko:K01607
rpln:B1209_26350	ko:K12525
rpln:B1209_26355	ko:K01739
rpln:B1209_26360	ko:K03764
rpln:B1209_26365	ko:K02909
rpln:B1209_26370	ko:K04066
rpln:B1209_26380	ko:K03591
rpln:B1209_26385	ko:K01419
rpln:B1209_26390	ko:K03667
rpln:B1209_26395	ko:K02548
rpln:B1209_26400	ko:K02553
rpln:B1209_26405	ko:K00850
rpln:B1209_26410	ko:K13283
rpln:B1209_26415	ko:K06006
rpln:B1209_26420	ko:K07662
rpln:B1209_26435	ko:K04564
rpln:B1209_26445	ko:K02854
rpln:B1209_26450	ko:K02855
rpln:B1209_26460	ko:K00848
rpln:B1209_26465	ko:K01813
rpln:B1209_26475	ko:K10559
rpln:B1209_26480	ko:K10562
rpln:B1209_26485	ko:K10560
rpln:B1209_26490	ko:K10561
rpln:B1209_26495	ko:K13954
rpln:B1209_26500	ko:K03534
rpln:B1209_26505	ko:K25596
rpln:B1209_26510	ko:K03292
rpln:B1209_26515	ko:K02529
rpln:B1209_26530	ko:K02532
rpln:B1209_26535	ko:K07407
rpln:B1209_26540	ko:K02529
rpln:B1209_26555	ko:K01714
rpln:B1209_26560	ko:K00852
rpln:B1209_26570	ko:K26605
rpln:B1209_26575	ko:K26606
rpln:B1209_26585	ko:K02821
rpln:B1209_26595	ko:K01624
rpln:B1209_26610	ko:K00850
rpln:B1209_26620	ko:K02379
rpln:B1209_26625	ko:K00123
rpln:B1209_26630	ko:K00123
rpln:B1209_26635	ko:K00124
rpln:B1209_26640	ko:K00127
rpln:B1209_26645	ko:K02380
rpln:B1209_26660	ko:K07560
rpln:B1209_26665	ko:K07058
rpln:B1209_26670	ko:K20866
rpln:B1209_26680	ko:K06207
rpln:B1209_26695	ko:K01915
rpln:B1209_26700	ko:K07708
rpln:B1209_26705	ko:K07712
rpln:B1209_26710	ko:K02495
rpln:B1209_26720	ko:K09894
rpln:B1209_26725	ko:K03978
rpln:B1209_26730	ko:K02335
rpln:B1209_26740	ko:K03673
rpln:B1209_26750	ko:K09896
rpln:B1209_26760	ko:K03753
rpln:B1209_26765	ko:K01985
rpln:B1209_26770	ko:K01980
rpln:B1209_26775	ko:K14224
rpln:B1209_26780	ko:K01977
rpln:B1209_26795	ko:K02529
rpln:B1209_26800	ko:K00852
rpln:B1209_26805	ko:K10439
rpln:B1209_26815	ko:K10441
rpln:B1209_26820	ko:K06726
rpln:B1209_26825	ko:K03549
rpln:B1209_26830	ko:K03924
rpln:B1209_26840	ko:K01914
rpln:B1209_26845	ko:K03718
rpln:B1209_26850	ko:K06205
rpln:B1209_26855	ko:K03495
rpln:B1209_26860	ko:K03501
rpln:B1209_26865	ko:K02116
rpln:B1209_26875	ko:K02110
rpln:B1209_26880	ko:K02109
rpln:B1209_26885	ko:K02113
rpln:B1209_26890	ko:K02111
rpln:B1209_26895	ko:K02115
rpln:B1209_26900	ko:K02112
rpln:B1209_26905	ko:K02114
rpln:B1209_26915	ko:K04042
rpln:B1209_26920	ko:K00820
rpln:B1209_26925	ko:K02040
rpln:B1209_26930	ko:K02037
rpln:B1209_26935	ko:K02038
rpln:B1209_26940	ko:K02036
rpln:B1209_26945	ko:K02039
rpln:B1209_26955	ko:K06901
rpln:B1209_26960	ko:K19784
rpln:B1209_26975	ko:K08163
rpln:B1209_26985	ko:K03650
rpln:B1209_26990	ko:K03217
rpln:B1209_26995	ko:K08998
rpln:B1209_27000	ko:K03536
rpln:B1209_27005	ko:K02914
rpln:B1209_27010	ko:K02255
rpln:B1209_27025	ko:K07497
rpln:B1209_27035	ko:K07483
rpln:B1209_27065	ko:K07497
rpln:B1209_27070	ko:K07497
rpln:B1209_27130	ko:K03496
rpln:B1209_27135	ko:K03497
rpln:B1209_27145	ko:K03503
rpln:B1209_27155	ko:K00986
rpln:B1209_27160	ko:K18640
rpln:B1209_27180	ko:K07319
rpln:B1209_27215	ko:K02345
rpln:B1209_27230	ko:K03111
rpln:B1209_27240	ko:K03497
rpln:B1209_27270	ko:K18921
rpln:B1209_27370	ko:K24954
rpln:B1209_27380	ko:K24955
rpln:B1209_27385	ko:K10018
rpln:B1209_27395	ko:K10020
rpln:B1209_27400	ko:K10019
rpln:B1209_27405	ko:K10018
rpln:B1209_27410	ko:K00840
rpln:B1209_27415	ko:K00673
rpln:B1209_27425	ko:K01484
rpln:B1209_27430	ko:K05526
rpln:B1209_27435	ko:K10017
rpln:B1209_27465	ko:K02168
rpln:B1209_27480	ko:K03892
rpln:B1209_27490	ko:K01551
rpln:B1209_27495	ko:K03893
rpln:B1209_27500	ko:K00537
rpln:B1209_27535	ko:K18320
rpln:B1209_27560	ko:K01725
rpln:B1209_27565	ko:K01673
rpln:B1209_27570	ko:K11921
rpln:B1209_27575	ko:K08984
rpln:B1209_27585	ko:K07481
rpln:B1209_27600	ko:K18320
rpln:B1209_27610	ko:K11104
rpln:B1209_27620	ko:K18320
rpln:B1209_27635	ko:K28280
rpln:B1209_27640	ko:K28279
rpln:B1209_27745	ko:K06223
rpln:B1209_27785	ko:K03496
rpln:B1209_27825	ko:K11685
