vms:LVJ82_00045	ko:K03628
vms:LVJ82_00055	ko:K03671
vms:LVJ82_00060	ko:K13896
vms:LVJ82_00070	ko:K08159
vms:LVJ82_00100	ko:K05811
vms:LVJ82_00105	ko:K03723
vms:LVJ82_00120	ko:K00641
vms:LVJ82_00130	ko:K12984
vms:LVJ82_00140	ko:K01703
vms:LVJ82_00145	ko:K16348
vms:LVJ82_00150	ko:K01704
vms:LVJ82_00155	ko:K00052
vms:LVJ82_00160	ko:K03808
vms:LVJ82_00165	ko:K06192
vms:LVJ82_00185	ko:K02348
vms:LVJ82_00190	ko:K13283
vms:LVJ82_00195	ko:K15268
vms:LVJ82_00200	ko:K14219
vms:LVJ82_00205	ko:K14224
vms:LVJ82_00210	ko:K14219
vms:LVJ82_00215	ko:K14224
vms:LVJ82_00220	ko:K14219
vms:LVJ82_00225	ko:K14224
vms:LVJ82_00230	ko:K01698
vms:LVJ82_00250	ko:K06988
vms:LVJ82_00265	ko:K00831
vms:LVJ82_00270	ko:K09748
vms:LVJ82_00275	ko:K02600
vms:LVJ82_00280	ko:K02519
vms:LVJ82_00285	ko:K02834
vms:LVJ82_00305	ko:K03177
vms:LVJ82_00310	ko:K02956
vms:LVJ82_00315	ko:K00962
vms:LVJ82_00325	ko:K04750
vms:LVJ82_00330	ko:K17837
vms:LVJ82_00335	ko:K03310
vms:LVJ82_00340	ko:K03183
vms:LVJ82_00350	ko:K07568
vms:LVJ82_00355	ko:K03786
vms:LVJ82_00360	ko:K02160
vms:LVJ82_00365	ko:K01961
vms:LVJ82_00370	ko:K02687
vms:LVJ82_00380	ko:K14682
vms:LVJ82_00390	ko:K00937
vms:LVJ82_00400	ko:K03298
vms:LVJ82_00410	ko:K01056
vms:LVJ82_00415	ko:K09801
vms:LVJ82_00425	ko:K03664
vms:LVJ82_00435	ko:K01951
vms:LVJ82_00630	ko:K06909
vms:LVJ82_00795	ko:K03111
vms:LVJ82_00835	ko:K00287
vms:LVJ82_00870	ko:K00759
vms:LVJ82_00875	ko:K00942
vms:LVJ82_00880	ko:K03060
vms:LVJ82_00885	ko:K01139
vms:LVJ82_00890	ko:K02970
vms:LVJ82_00895	ko:K09117
vms:LVJ82_00900	ko:K02316
vms:LVJ82_00905	ko:K03086
vms:LVJ82_00910	ko:K14230
vms:LVJ82_00930	ko:K03554
vms:LVJ82_01100	ko:K01448
vms:LVJ82_01115	ko:K03530
vms:LVJ82_01165	ko:K07497
vms:LVJ82_01175	ko:K07724
vms:LVJ82_01190	ko:K13954
vms:LVJ82_01195	ko:K13821
vms:LVJ82_01220	ko:K02053
vms:LVJ82_01225	ko:K02054
vms:LVJ82_01230	ko:K02052
vms:LVJ82_01235	ko:K02055
vms:LVJ82_01265	ko:K02444
vms:LVJ82_01270	ko:K28370
vms:LVJ82_01275	ko:K00528
vms:LVJ82_01280	ko:K11085
vms:LVJ82_01285	ko:K01733
vms:LVJ82_01295	ko:K02849
vms:LVJ82_01300	ko:K18118
vms:LVJ82_01305	ko:K07478
vms:LVJ82_01310	ko:K03453
vms:LVJ82_01320	ko:K00681
vms:LVJ82_01325	ko:K20034
vms:LVJ82_01340	ko:K06193
vms:LVJ82_01365	ko:K08368
vms:LVJ82_01425	ko:K07486
vms:LVJ82_01435	ko:K01895
vms:LVJ82_01440	ko:K14393
vms:LVJ82_01455	ko:K14267
vms:LVJ82_01465	ko:K03186
vms:LVJ82_01490	ko:K01480
vms:LVJ82_01505	ko:K00276
vms:LVJ82_01515	ko:K00230
vms:LVJ82_01520	ko:K03496
vms:LVJ82_01535	ko:K00424
vms:LVJ82_01540	ko:K00426
vms:LVJ82_01545	ko:K00425
vms:LVJ82_01565	ko:K16238
vms:LVJ82_01570	ko:K07010
vms:LVJ82_01585	ko:K01915
vms:LVJ82_01610	ko:K11004
vms:LVJ82_01615	ko:K11003
vms:LVJ82_01650	ko:K08368
vms:LVJ82_01655	ko:K06995
vms:LVJ82_01675	ko:K00018
vms:LVJ82_01710	ko:K01961
vms:LVJ82_01715	ko:K02160
vms:LVJ82_01720	ko:K07160
vms:LVJ82_01735	ko:K01652
vms:LVJ82_01745	ko:K06989
vms:LVJ82_01770	ko:K00529
vms:LVJ82_01895	ko:K03427
vms:LVJ82_01910	ko:K07445
vms:LVJ82_01975	ko:K07733
vms:LVJ82_02065	ko:K14233
vms:LVJ82_02075	ko:K06187
vms:LVJ82_02080	ko:K09747
vms:LVJ82_02085	ko:K02343
vms:LVJ82_02090	ko:K08305
vms:LVJ82_02095	ko:K02939
vms:LVJ82_02100	ko:K02963
vms:LVJ82_02105	ko:K02686
vms:LVJ82_02110	ko:K02990
vms:LVJ82_02120	ko:K08310
vms:LVJ82_02130	ko:K02071
vms:LVJ82_02135	ko:K02072
vms:LVJ82_02140	ko:K02073
vms:LVJ82_02145	ko:K02073
vms:LVJ82_02210	ko:K07486
vms:LVJ82_02245	ko:K03655
vms:LVJ82_02250	ko:K07320
vms:LVJ82_02260	ko:K03311
vms:LVJ82_02265	ko:K01985
vms:LVJ82_02270	ko:K01980
vms:LVJ82_02275	ko:K14218
vms:LVJ82_02280	ko:K14227
vms:LVJ82_02285	ko:K01977
vms:LVJ82_02295	ko:K01915
vms:LVJ82_02305	ko:K01886
vms:LVJ82_02310	ko:K02030
vms:LVJ82_02315	ko:K02030
vms:LVJ82_02320	ko:K03583
vms:LVJ82_02325	ko:K03582
vms:LVJ82_02335	ko:K03553
vms:LVJ82_02355	ko:K11927
vms:LVJ82_02365	ko:K18928
vms:LVJ82_02370	ko:K00782
vms:LVJ82_02375	ko:K18929
vms:LVJ82_02380	ko:K03303
vms:LVJ82_02390	ko:K00799
vms:LVJ82_02400	ko:K06190
vms:LVJ82_02410	ko:K01933
vms:LVJ82_02435	ko:K07126
vms:LVJ82_02440	ko:K01676
vms:LVJ82_02445	ko:K03499
vms:LVJ82_02450	ko:K03498
vms:LVJ82_02455	ko:K08309
vms:LVJ82_02465	ko:K00311
vms:LVJ82_02470	ko:K01041
vms:LVJ82_02475	ko:K00252
vms:LVJ82_02490	ko:K03775
vms:LVJ82_02495	ko:K01638
vms:LVJ82_02505	ko:K26735
vms:LVJ82_02510	ko:K07090
vms:LVJ82_02515	ko:K02498
vms:LVJ82_02520	ko:K02496
vms:LVJ82_02530	ko:K01749
vms:LVJ82_02540	ko:K03551
vms:LVJ82_02545	ko:K02483
vms:LVJ82_02550	ko:K02484
vms:LVJ82_02560	ko:K03981
vms:LVJ82_02575	ko:K07501
vms:LVJ82_02580	ko:K04517
vms:LVJ82_02600	ko:K00404
vms:LVJ82_02605	ko:K00405
vms:LVJ82_02625	ko:K09926
vms:LVJ82_02630	ko:K00029
vms:LVJ82_02640	ko:K01297
vms:LVJ82_02655	ko:K03118
vms:LVJ82_02665	ko:K03116
vms:LVJ82_02670	ko:K02503
vms:LVJ82_02675	ko:K01679
vms:LVJ82_02680	ko:K01523
vms:LVJ82_02685	ko:K01496
vms:LVJ82_02690	ko:K02500
vms:LVJ82_02700	ko:K01814
vms:LVJ82_02705	ko:K02501
vms:LVJ82_02715	ko:K00817
vms:LVJ82_02730	ko:K01251
vms:LVJ82_02755	ko:K21826
vms:LVJ82_02760	ko:K08688
vms:LVJ82_02765	ko:K03762
vms:LVJ82_02805	ko:K06995
vms:LVJ82_02820	ko:K11073
vms:LVJ82_02840	ko:K01687
vms:LVJ82_02880	ko:K05808
vms:LVJ82_02885	ko:K03092
vms:LVJ82_02890	ko:K06861
vms:LVJ82_02895	ko:K09774
vms:LVJ82_02900	ko:K11719
vms:LVJ82_02905	ko:K03270
vms:LVJ82_02910	ko:K06041
vms:LVJ82_02915	ko:K14237
vms:LVJ82_02920	ko:K14221
vms:LVJ82_02925	ko:K12368
vms:LVJ82_02930	ko:K12369
vms:LVJ82_02935	ko:K12370
vms:LVJ82_02940	ko:K12371
vms:LVJ82_02945	ko:K12372
vms:LVJ82_02975	ko:K01878
vms:LVJ82_02980	ko:K01879
vms:LVJ82_03010	ko:K08195
vms:LVJ82_03085	ko:K00135
vms:LVJ82_03090	ko:K11735
vms:LVJ82_03095	ko:K06995
vms:LVJ82_03105	ko:K07493
vms:LVJ82_03115	ko:K01876
vms:LVJ82_03125	ko:K01058
vms:LVJ82_03130	ko:K02968
vms:LVJ82_03140	ko:K02204
vms:LVJ82_03155	ko:K08195
vms:LVJ82_03160	ko:K16165
vms:LVJ82_03165	ko:K01801
vms:LVJ82_03170	ko:K22270
vms:LVJ82_03175	ko:K00450
vms:LVJ82_03195	ko:K09125
vms:LVJ82_03205	ko:K00003
vms:LVJ82_03220	ko:K15035
vms:LVJ82_03235	ko:K03503
vms:LVJ82_03240	ko:K03502
vms:LVJ82_03270	ko:K02078
vms:LVJ82_03275	ko:K02078
vms:LVJ82_03300	ko:K07107
vms:LVJ82_03325	ko:K00647
vms:LVJ82_03335	ko:K00059
vms:LVJ82_03340	ko:K09458
vms:LVJ82_03355	ko:K28981
vms:LVJ82_03370	ko:K09007
vms:LVJ82_03380	ko:K01739
vms:LVJ82_03410	ko:K05396
vms:LVJ82_03425	ko:K05825
vms:LVJ82_03465	ko:K06911
vms:LVJ82_03500	ko:K03119
vms:LVJ82_03505	ko:K15552
vms:LVJ82_03510	ko:K10831
vms:LVJ82_03515	ko:K15551
vms:LVJ82_03530	ko:K01501
vms:LVJ82_03540	ko:K02429
vms:LVJ82_03545	ko:K29028
vms:LVJ82_03550	ko:K18333
vms:LVJ82_03555	ko:K07046
vms:LVJ82_03560	ko:K26580
vms:LVJ82_03565	ko:K18334
vms:LVJ82_03570	ko:K18336
vms:LVJ82_03585	ko:K14232
vms:LVJ82_03605	ko:K07733
vms:LVJ82_03630	ko:K01153
vms:LVJ82_03640	ko:K08368
vms:LVJ82_03740	ko:K01915
vms:LVJ82_03745	ko:K11076
vms:LVJ82_03750	ko:K11075
vms:LVJ82_03755	ko:K11074
vms:LVJ82_03765	ko:K03885
vms:LVJ82_03770	ko:K00528
vms:LVJ82_03780	ko:K01885
vms:LVJ82_03785	ko:K03816
vms:LVJ82_03790	ko:K09024
vms:LVJ82_03800	ko:K00059
vms:LVJ82_03825	ko:K22027
vms:LVJ82_03835	ko:K00074
vms:LVJ82_03840	ko:K04940
vms:LVJ82_03860	ko:K03564
vms:LVJ82_03870	ko:K25494
vms:LVJ82_03875	ko:K07175
vms:LVJ82_03880	ko:K00574
vms:LVJ82_03885	ko:K04084
vms:LVJ82_03895	ko:K02493
vms:LVJ82_03900	ko:K06213
vms:LVJ82_03910	ko:K02655
vms:LVJ82_03920	ko:K09158
vms:LVJ82_03925	ko:K03801
vms:LVJ82_03930	ko:K03644
vms:LVJ82_03935	ko:K01524
vms:LVJ82_03950	ko:K00793
vms:LVJ82_03955	ko:K14652
vms:LVJ82_03965	ko:K01262
vms:LVJ82_03975	ko:K10764
vms:LVJ82_03980	ko:K00764
vms:LVJ82_04000	ko:K11754
vms:LVJ82_04015	ko:K15738
vms:LVJ82_04025	ko:K00925
vms:LVJ82_04035	ko:K13634
vms:LVJ82_04100	ko:K00059
vms:LVJ82_04105	ko:K00645
vms:LVJ82_04115	ko:K00648
vms:LVJ82_04120	ko:K03621
vms:LVJ82_04125	ko:K02911
vms:LVJ82_04130	ko:K07040
vms:LVJ82_04135	ko:K25422
vms:LVJ82_04140	ko:K07056
vms:LVJ82_04150	ko:K01448
vms:LVJ82_04155	ko:K06925
vms:LVJ82_04160	ko:K18979
vms:LVJ82_04170	ko:K07001
vms:LVJ82_04175	ko:K23163
vms:LVJ82_04185	ko:K00675
vms:LVJ82_04195	ko:K00059
vms:LVJ82_04210	ko:K01872
vms:LVJ82_04215	ko:K03517
vms:LVJ82_04220	ko:K00278
vms:LVJ82_04225	ko:K02257
vms:LVJ82_04230	ko:K02300
vms:LVJ82_04235	ko:K02299
vms:LVJ82_04240	ko:K02298
vms:LVJ82_04245	ko:K02297
vms:LVJ82_04250	ko:K07115
vms:LVJ82_04255	ko:K03841
vms:LVJ82_04260	ko:K03767
vms:LVJ82_04265	ko:K03768
vms:LVJ82_04290	ko:K01091
vms:LVJ82_04295	ko:K03565
vms:LVJ82_04310	ko:K03648
vms:LVJ82_04325	ko:K18800
vms:LVJ82_04355	ko:K08368
vms:LVJ82_04375	ko:K03777
vms:LVJ82_04380	ko:K01666
vms:LVJ82_04575	ko:K06903
vms:LVJ82_04600	ko:K06907
vms:LVJ82_04605	ko:K06908
vms:LVJ82_04625	ko:K06905
vms:LVJ82_04675	ko:K03111
vms:LVJ82_04705	ko:K14228
vms:LVJ82_04715	ko:K14222
vms:LVJ82_04720	ko:K14225
vms:LVJ82_04725	ko:K14225
vms:LVJ82_04730	ko:K14225
vms:LVJ82_04735	ko:K14225
vms:LVJ82_04740	ko:K00995
vms:LVJ82_04745	ko:K03703
vms:LVJ82_04760	ko:K00088
vms:LVJ82_04770	ko:K03431
vms:LVJ82_04775	ko:K00796
vms:LVJ82_04780	ko:K03798
vms:LVJ82_04785	ko:K02427
vms:LVJ82_04790	ko:K07574
vms:LVJ82_04800	ko:K03624
vms:LVJ82_04805	ko:K03111
vms:LVJ82_04820	ko:K01465
vms:LVJ82_04825	ko:K04085
vms:LVJ82_04835	ko:K07090
vms:LVJ82_04890	ko:K01627
vms:LVJ82_04895	ko:K01937
vms:LVJ82_04910	ko:K02902
vms:LVJ82_04915	ko:K02913
vms:LVJ82_04925	ko:K01775
vms:LVJ82_04930	ko:K00285
vms:LVJ82_04935	ko:K03719
vms:LVJ82_04940	ko:K03568
vms:LVJ82_04955	ko:K21345
vms:LVJ82_04965	ko:K03320
vms:LVJ82_04970	ko:K04752
vms:LVJ82_04985	ko:K00620
vms:LVJ82_04990	ko:K08281
vms:LVJ82_05000	ko:K05520
vms:LVJ82_05005	ko:K01724
vms:LVJ82_05015	ko:K00500
vms:LVJ82_05030	ko:K00133
vms:LVJ82_05035	ko:K07113
vms:LVJ82_05060	ko:K02028
vms:LVJ82_05065	ko:K02528
vms:LVJ82_05085	ko:K06287
vms:LVJ82_05095	ko:K03273
vms:LVJ82_05100	ko:K00655
vms:LVJ82_05120	ko:K06183
vms:LVJ82_05130	ko:K06911
vms:LVJ82_05145	ko:K03688
vms:LVJ82_05155	ko:K19416
vms:LVJ82_05160	ko:K16872
vms:LVJ82_05165	ko:K00954
vms:LVJ82_05170	ko:K03576
vms:LVJ82_05175	ko:K00549
vms:LVJ82_05190	ko:K08301
vms:LVJ82_05195	ko:K00640
vms:LVJ82_05210	ko:K06945
vms:LVJ82_05220	ko:K00832
vms:LVJ82_05225	ko:K09458
vms:LVJ82_05230	ko:K02078
vms:LVJ82_05235	ko:K00057
vms:LVJ82_05240	ko:K01999
vms:LVJ82_05260	ko:K09888
vms:LVJ82_05265	ko:K28358
vms:LVJ82_05270	ko:K02871
vms:LVJ82_05275	ko:K02996
vms:LVJ82_05280	ko:K00145
vms:LVJ82_05285	ko:K15724
vms:LVJ82_05295	ko:K02662
vms:LVJ82_05300	ko:K02663
vms:LVJ82_05305	ko:K02664
vms:LVJ82_05310	ko:K02665
vms:LVJ82_05315	ko:K02666
vms:LVJ82_05320	ko:K00891
vms:LVJ82_05325	ko:K01735
vms:LVJ82_05330	ko:K09181
vms:LVJ82_05335	ko:K02959
vms:LVJ82_05340	ko:K02860
vms:LVJ82_05350	ko:K02884
vms:LVJ82_05360	ko:K22468
vms:LVJ82_05365	ko:K03342
vms:LVJ82_05375	ko:K00325
vms:LVJ82_05380	ko:K00324
vms:LVJ82_05435	ko:K01007
vms:LVJ82_05440	ko:K09773
vms:LVJ82_05445	ko:K03269
vms:LVJ82_05485	ko:K05589
vms:LVJ82_05490	ko:K01689
vms:LVJ82_05515	ko:K08218
vms:LVJ82_05525	ko:K01069
vms:LVJ82_05535	ko:K00602
vms:LVJ82_05540	ko:K03557
vms:LVJ82_05545	ko:K05540
vms:LVJ82_05550	ko:K03217
vms:LVJ82_05555	ko:K08998
vms:LVJ82_05560	ko:K03536
vms:LVJ82_05565	ko:K02914
vms:LVJ82_05570	ko:K02313
vms:LVJ82_05575	ko:K02338
vms:LVJ82_05580	ko:K02470
vms:LVJ82_05585	ko:K02106
vms:LVJ82_05590	ko:K03547
vms:LVJ82_05600	ko:K16264
vms:LVJ82_05605	ko:K06940
vms:LVJ82_05610	ko:K07213
vms:LVJ82_05620	ko:K09792
vms:LVJ82_05635	ko:K09823
vms:LVJ82_05645	ko:K01845
vms:LVJ82_05655	ko:K01985
vms:LVJ82_05660	ko:K01980
vms:LVJ82_05665	ko:K14218
vms:LVJ82_05670	ko:K14227
vms:LVJ82_05675	ko:K01977
vms:LVJ82_05680	ko:K01173
vms:LVJ82_05705	ko:K01870
vms:LVJ82_05710	ko:K11753
vms:LVJ82_05715	ko:K02029
vms:LVJ82_05720	ko:K03182
vms:LVJ82_05730	ko:K11073
vms:LVJ82_05740	ko:K06020
vms:LVJ82_05750	ko:K14224
vms:LVJ82_05755	ko:K14219
vms:LVJ82_05765	ko:K03799
vms:LVJ82_05770	ko:K00147
vms:LVJ82_05790	ko:K11175
vms:LVJ82_05800	ko:K03500
vms:LVJ82_05805	ko:K07390
vms:LVJ82_05815	ko:K00761
vms:LVJ82_05825	ko:K03694
vms:LVJ82_05830	ko:K06891
vms:LVJ82_05835	ko:K03704
vms:LVJ82_05850	ko:K00567
vms:LVJ82_05855	ko:K04763
vms:LVJ82_05860	ko:K02346
vms:LVJ82_05880	ko:K13038
vms:LVJ82_05890	ko:K01607
vms:LVJ82_05905	ko:K01520
vms:LVJ82_05910	ko:K00566
vms:LVJ82_05915	ko:K01897
vms:LVJ82_05945	ko:K07118
vms:LVJ82_05955	ko:K03702
vms:LVJ82_05960	ko:K13292
vms:LVJ82_05995	ko:K06937
vms:LVJ82_06000	ko:K03324
vms:LVJ82_06005	ko:K09984
vms:LVJ82_06010	ko:K00128
vms:LVJ82_06020	ko:K07506
vms:LVJ82_06025	ko:K05548
vms:LVJ82_06030	ko:K01055
vms:LVJ82_06035	ko:K07823
vms:LVJ82_06040	ko:K01032
vms:LVJ82_06045	ko:K01031
vms:LVJ82_06050	ko:K05782
vms:LVJ82_06055	ko:K05783
vms:LVJ82_06060	ko:K05784
vms:LVJ82_06065	ko:K05550
vms:LVJ82_06070	ko:K05549
vms:LVJ82_06075	ko:K03381
vms:LVJ82_06080	ko:K03464
vms:LVJ82_06085	ko:K01856
vms:LVJ82_06090	ko:K21757
vms:LVJ82_06100	ko:K00003
vms:LVJ82_06115	ko:K04760
vms:LVJ82_06125	ko:K09810
vms:LVJ82_06130	ko:K09808
vms:LVJ82_06145	ko:K14058
vms:LVJ82_06155	ko:K00797
vms:LVJ82_06165	ko:K07018
vms:LVJ82_06210	ko:K07663
vms:LVJ82_06225	ko:K01784
vms:LVJ82_06230	ko:K04083
vms:LVJ82_06245	ko:K07738
vms:LVJ82_06255	ko:K11752
vms:LVJ82_06260	ko:K01710
vms:LVJ82_06265	ko:K00973
vms:LVJ82_06270	ko:K01790
vms:LVJ82_06275	ko:K00067
vms:LVJ82_06280	ko:K13015
vms:LVJ82_06285	ko:K13020
vms:LVJ82_06290	ko:K00111
vms:LVJ82_06295	ko:K13018
vms:LVJ82_06300	ko:K13017
vms:LVJ82_06315	ko:K26858
vms:LVJ82_06325	ko:K13019
vms:LVJ82_06355	ko:K24300
vms:LVJ82_06360	ko:K01939
vms:LVJ82_06365	ko:K02502
vms:LVJ82_06370	ko:K06153
vms:LVJ82_06375	ko:K03673
vms:LVJ82_06385	ko:K07391
vms:LVJ82_06390	ko:K09806
vms:LVJ82_06400	ko:K03574
vms:LVJ82_06405	ko:K00997
vms:LVJ82_06410	ko:K03474
vms:LVJ82_06415	ko:K03584
vms:LVJ82_06430	ko:K01438
vms:LVJ82_06450	ko:K07222
vms:LVJ82_06465	ko:K09472
vms:LVJ82_06470	ko:K23467
vms:LVJ82_06475	ko:K12256
vms:LVJ82_06490	ko:K00135
vms:LVJ82_06495	ko:K00823
vms:LVJ82_06505	ko:K00632
vms:LVJ82_06520	ko:K06445
vms:LVJ82_06535	ko:K00004
vms:LVJ82_06540	ko:K09975
vms:LVJ82_06545	ko:K01649
vms:LVJ82_06565	ko:K01491
vms:LVJ82_06575	ko:K14232
vms:LVJ82_06580	ko:K14219
vms:LVJ82_06585	ko:K14226
vms:LVJ82_06590	ko:K14232
vms:LVJ82_06615	ko:K03733
vms:LVJ82_06620	ko:K00254
vms:LVJ82_06625	ko:K07084
vms:LVJ82_06640	ko:K05516
vms:LVJ82_06645	ko:K18997
vms:LVJ82_06660	ko:K03470
vms:LVJ82_06665	ko:K00748
vms:LVJ82_06710	ko:K00677
vms:LVJ82_06715	ko:K02372
vms:LVJ82_06720	ko:K02536
vms:LVJ82_06730	ko:K07277
vms:LVJ82_06735	ko:K11749
vms:LVJ82_06740	ko:K00099
vms:LVJ82_06745	ko:K00981
vms:LVJ82_06750	ko:K00806
vms:LVJ82_06755	ko:K02838
vms:LVJ82_06760	ko:K09903
vms:LVJ82_06765	ko:K02357
vms:LVJ82_06770	ko:K02967
vms:LVJ82_06780	ko:K01934
vms:LVJ82_06800	ko:K04567
vms:LVJ82_06805	ko:K06995
vms:LVJ82_06810	ko:K06177
vms:LVJ82_06815	ko:K14229
vms:LVJ82_06820	ko:K14229
vms:LVJ82_06825	ko:K14229
vms:LVJ82_06830	ko:K14229
vms:LVJ82_06840	ko:K01414
vms:LVJ82_06850	ko:K13771
vms:LVJ82_06855	ko:K05916
vms:LVJ82_06870	ko:K04042
vms:LVJ82_06875	ko:K00820
vms:LVJ82_06890	ko:K16171
vms:LVJ82_06895	ko:K05712
vms:LVJ82_06900	ko:K01607
vms:LVJ82_06910	ko:K02072
vms:LVJ82_06915	ko:K02071
vms:LVJ82_06925	ko:K02073
vms:LVJ82_06930	ko:K01761
vms:LVJ82_06950	ko:K06518
vms:LVJ82_06960	ko:K14414
vms:LVJ82_06965	ko:K11089
vms:LVJ82_06975	ko:K14415
vms:LVJ82_06990	ko:K03923
vms:LVJ82_07000	ko:K07038
vms:LVJ82_07005	ko:K09986
vms:LVJ82_07015	ko:K14220
vms:LVJ82_07020	ko:K08300
vms:LVJ82_07025	ko:K06179
vms:LVJ82_07030	ko:K01091
vms:LVJ82_07035	ko:K04773
vms:LVJ82_07040	ko:K06518
vms:LVJ82_07055	ko:K01894
vms:LVJ82_07060	ko:K14742
vms:LVJ82_07075	ko:K03600
vms:LVJ82_07080	ko:K03599
vms:LVJ82_07090	ko:K00413
vms:LVJ82_07095	ko:K00412
vms:LVJ82_07100	ko:K00411
vms:LVJ82_07110	ko:K04077
vms:LVJ82_07120	ko:K04078
vms:LVJ82_07125	ko:K01595
vms:LVJ82_07145	ko:K01611
vms:LVJ82_07160	ko:K08989
vms:LVJ82_07165	ko:K00797
vms:LVJ82_07210	ko:K07078
vms:LVJ82_07220	ko:K09934
vms:LVJ82_07225	ko:K06894
vms:LVJ82_07270	ko:K11741
vms:LVJ82_07275	ko:K28762
vms:LVJ82_07290	ko:K03719
vms:LVJ82_07305	ko:K01955
vms:LVJ82_07310	ko:K11250
vms:LVJ82_07320	ko:K01956
vms:LVJ82_07325	ko:K02674
vms:LVJ82_07335	ko:K01985
vms:LVJ82_07340	ko:K01980
vms:LVJ82_07345	ko:K14218
vms:LVJ82_07350	ko:K14227
vms:LVJ82_07355	ko:K01977
vms:LVJ82_07365	ko:K03106
vms:LVJ82_07370	ko:K01586
vms:LVJ82_07380	ko:K06202
vms:LVJ82_07385	ko:K23518
vms:LVJ82_07415	ko:K00817
vms:LVJ82_07420	ko:K11737
vms:LVJ82_07425	ko:K10004
vms:LVJ82_07430	ko:K10002
vms:LVJ82_07435	ko:K10003
vms:LVJ82_07440	ko:K10001
vms:LVJ82_07445	ko:K06168
vms:LVJ82_07455	ko:K02879
vms:LVJ82_07460	ko:K03040
vms:LVJ82_07465	ko:K02986
vms:LVJ82_07470	ko:K02948
vms:LVJ82_07475	ko:K02952
vms:LVJ82_07480	ko:K02919
vms:LVJ82_07485	ko:K02518
vms:LVJ82_07490	ko:K03076
vms:LVJ82_07495	ko:K02876
vms:LVJ82_07500	ko:K02907
vms:LVJ82_07505	ko:K02988
vms:LVJ82_07510	ko:K02881
vms:LVJ82_07515	ko:K02933
vms:LVJ82_07520	ko:K02994
vms:LVJ82_07525	ko:K02954
vms:LVJ82_07530	ko:K02931
vms:LVJ82_07535	ko:K02895
vms:LVJ82_07540	ko:K02874
vms:LVJ82_07545	ko:K02961
vms:LVJ82_07550	ko:K02904
vms:LVJ82_07555	ko:K02878
vms:LVJ82_07560	ko:K02982
vms:LVJ82_07565	ko:K02890
vms:LVJ82_07570	ko:K02965
vms:LVJ82_07575	ko:K02886
vms:LVJ82_07580	ko:K02892
vms:LVJ82_07585	ko:K02926
vms:LVJ82_07590	ko:K02906
vms:LVJ82_07595	ko:K02946
vms:LVJ82_07600	ko:K02358
vms:LVJ82_07605	ko:K02355
vms:LVJ82_07610	ko:K02992
vms:LVJ82_07615	ko:K02950
vms:LVJ82_07625	ko:K03046
vms:LVJ82_07630	ko:K03043
vms:LVJ82_07635	ko:K02935
vms:LVJ82_07640	ko:K02864
vms:LVJ82_07645	ko:K02863
vms:LVJ82_07650	ko:K02867
vms:LVJ82_07655	ko:K02601
vms:LVJ82_07665	ko:K14235
vms:LVJ82_07670	ko:K02358
vms:LVJ82_07675	ko:K14234
vms:LVJ82_07680	ko:K14225
vms:LVJ82_07685	ko:K14236
vms:LVJ82_07695	ko:K08316
vms:LVJ82_07700	ko:K13599
vms:LVJ82_07705	ko:K13598
vms:LVJ82_07715	ko:K03500
vms:LVJ82_07720	ko:K00604
vms:LVJ82_07725	ko:K01462
vms:LVJ82_07735	ko:K04096
vms:LVJ82_07740	ko:K03747
vms:LVJ82_07745	ko:K03168
vms:LVJ82_07750	ko:K06726
vms:LVJ82_07755	ko:K10441
vms:LVJ82_07760	ko:K10440
vms:LVJ82_07765	ko:K10439
vms:LVJ82_07785	ko:K00931
vms:LVJ82_07790	ko:K07657
vms:LVJ82_07810	ko:K01662
vms:LVJ82_07815	ko:K00783
vms:LVJ82_07830	ko:K07107
vms:LVJ82_07840	ko:K09710
vms:LVJ82_07845	ko:K00969
vms:LVJ82_07850	ko:K01673
vms:LVJ82_07855	ko:K18139
vms:LVJ82_07875	ko:K03407
vms:LVJ82_07880	ko:K03413
vms:LVJ82_07885	ko:K03409
vms:LVJ82_07890	ko:K02030
vms:LVJ82_07895	ko:K06945
vms:LVJ82_07900	ko:K06959
vms:LVJ82_07905	ko:K02342
vms:LVJ82_07930	ko:K07462
vms:LVJ82_07935	ko:K05834
vms:LVJ82_07945	ko:K03561
vms:LVJ82_07950	ko:K03559
vms:LVJ82_07955	ko:K04062
vms:LVJ82_07960	ko:K07560
vms:LVJ82_07970	ko:K00760
vms:LVJ82_07975	ko:K19236
vms:LVJ82_07995	ko:K00681
vms:LVJ82_08060	ko:K00281
vms:LVJ82_08075	ko:K01246
vms:LVJ82_08085	ko:K02437
vms:LVJ82_08090	ko:K00605
vms:LVJ82_08095	ko:K03719
vms:LVJ82_08100	ko:K09941
vms:LVJ82_08105	ko:K09790
vms:LVJ82_08110	ko:K01433
vms:LVJ82_08125	ko:K00297
vms:LVJ82_08130	ko:K02793
vms:LVJ82_08135	ko:K02784
vms:LVJ82_08140	ko:K08483
vms:LVJ82_08150	ko:K28369
vms:LVJ82_08155	ko:K03271
vms:LVJ82_08160	ko:K07460
vms:LVJ82_08165	ko:K07056
vms:LVJ82_08170	ko:K14228
vms:LVJ82_08175	ko:K14228
vms:LVJ82_08185	ko:K08968
vms:LVJ82_08190	ko:K16422
vms:LVJ82_08195	ko:K07336
vms:LVJ82_08200	ko:K16090
vms:LVJ82_08205	ko:K06194
vms:LVJ82_08235	ko:K02337
vms:LVJ82_08245	ko:K14230
vms:LVJ82_08250	ko:K04761
vms:LVJ82_08255	ko:K03608
vms:LVJ82_08260	ko:K03609
vms:LVJ82_08270	ko:K02527
vms:LVJ82_08280	ko:K07278
vms:LVJ82_08290	ko:K00852
vms:LVJ82_08295	ko:K03593
vms:LVJ82_08310	ko:K08997
vms:LVJ82_08320	ko:K03642
vms:LVJ82_08335	ko:K02170
vms:LVJ82_08340	ko:K02169
vms:LVJ82_08345	ko:K07001
vms:LVJ82_08360	ko:K11209
vms:LVJ82_08370	ko:K01585
vms:LVJ82_08390	ko:K01620
vms:LVJ82_08415	ko:K03722
vms:LVJ82_08430	ko:K01999
vms:LVJ82_08435	ko:K07025
vms:LVJ82_08440	ko:K07734
vms:LVJ82_08445	ko:K00375
vms:LVJ82_08455	ko:K03667
vms:LVJ82_08465	ko:K01419
vms:LVJ82_08470	ko:K04750
vms:LVJ82_08475	ko:K03555
vms:LVJ82_08485	ko:K08304
vms:LVJ82_08490	ko:K06945
vms:LVJ82_08495	ko:K00262
vms:LVJ82_08500	ko:K01845
vms:LVJ82_08510	ko:K08973
vms:LVJ82_08520	ko:K00537
vms:LVJ82_08560	ko:K07053
vms:LVJ82_08570	ko:K14761
vms:LVJ82_08580	ko:K09771
vms:LVJ82_08585	ko:K21053
vms:LVJ82_08605	ko:K09712
vms:LVJ82_08620	ko:K00610
vms:LVJ82_08625	ko:K00609
vms:LVJ82_08635	ko:K01159
vms:LVJ82_08640	ko:K03550
vms:LVJ82_08650	ko:K16066
vms:LVJ82_08660	ko:K15977
vms:LVJ82_08665	ko:K18893
vms:LVJ82_08675	ko:K03650
vms:LVJ82_08705	ko:K01243
vms:LVJ82_08715	ko:K06975
vms:LVJ82_08730	ko:K09927
vms:LVJ82_08780	ko:K00548
vms:LVJ82_08795	ko:K06222
vms:LVJ82_08800	ko:K08083
vms:LVJ82_08805	ko:K06204
vms:LVJ82_08810	ko:K02221
vms:LVJ82_08815	ko:K00286
vms:LVJ82_08820	ko:K06997
vms:LVJ82_08825	ko:K02669
vms:LVJ82_08830	ko:K02670
vms:LVJ82_08850	ko:K02030
vms:LVJ82_08855	ko:K02030
vms:LVJ82_08865	ko:K03657
vms:LVJ82_08875	ko:K01438
vms:LVJ82_08890	ko:K23541
vms:LVJ82_08905	ko:K07566
vms:LVJ82_08910	ko:K01945
vms:LVJ82_08925	ko:K03216
vms:LVJ82_08930	ko:K03522
vms:LVJ82_08935	ko:K03521
vms:LVJ82_08940	ko:K02841
vms:LVJ82_08945	ko:K22900
vms:LVJ82_08950	ko:K02535
vms:LVJ82_08955	ko:K01921
vms:LVJ82_08960	ko:K01092
vms:LVJ82_08965	ko:K09761
vms:LVJ82_08970	ko:K11068
vms:LVJ82_08995	ko:K20199
vms:LVJ82_09005	ko:K00799
vms:LVJ82_09015	ko:K03980
vms:LVJ82_09020	ko:K07149
vms:LVJ82_09025	ko:K09811
vms:LVJ82_09030	ko:K09812
vms:LVJ82_09040	ko:K03110
vms:LVJ82_09045	ko:K07263
vms:LVJ82_09065	ko:K15012
vms:LVJ82_09075	ko:K00425
vms:LVJ82_09080	ko:K00426
vms:LVJ82_09090	ko:K01978
vms:LVJ82_09110	ko:K03828
vms:LVJ82_09120	ko:K04090
vms:LVJ82_09155	ko:K07090
vms:LVJ82_09175	ko:K00018
vms:LVJ82_09185	ko:K03772
vms:LVJ82_09200	ko:K00992
vms:LVJ82_09205	ko:K01626
vms:LVJ82_09210	ko:K22310
vms:LVJ82_09220	ko:K01977
vms:LVJ82_09225	ko:K14227
vms:LVJ82_09230	ko:K14218
vms:LVJ82_09235	ko:K01980
vms:LVJ82_09240	ko:K01985
vms:LVJ82_09250	ko:K15269
vms:LVJ82_09260	ko:K01977
vms:LVJ82_09265	ko:K14227
vms:LVJ82_09270	ko:K14218
vms:LVJ82_09275	ko:K01980
vms:LVJ82_09280	ko:K01985
vms:LVJ82_09285	ko:K03286
vms:LVJ82_09290	ko:K03824
vms:LVJ82_09295	ko:K09457
vms:LVJ82_09310	ko:K01147
vms:LVJ82_09320	ko:K07667
vms:LVJ82_09325	ko:K07646
vms:LVJ82_09330	ko:K01548
vms:LVJ82_09335	ko:K01547
vms:LVJ82_09340	ko:K01546
vms:LVJ82_09355	ko:K01555
vms:LVJ82_09370	ko:K05712
vms:LVJ82_09385	ko:K00055
vms:LVJ82_09390	ko:K01983
vms:LVJ82_09400	ko:K09946
vms:LVJ82_09430	ko:K00795
vms:LVJ82_09435	ko:K03602
vms:LVJ82_09440	ko:K01756
vms:LVJ82_09460	ko:K26606
vms:LVJ82_09465	ko:K26605
vms:LVJ82_09495	ko:K06911
vms:LVJ82_09510	ko:K25316
vms:LVJ82_09540	ko:K00765
vms:LVJ82_09555	ko:K07152
vms:LVJ82_09560	ko:K00790
vms:LVJ82_09570	ko:K01992
vms:LVJ82_09575	ko:K01990
vms:LVJ82_09585	ko:K06901
vms:LVJ82_09600	ko:K01473
vms:LVJ82_09605	ko:K01474
vms:LVJ82_09610	ko:K02836
vms:LVJ82_09625	ko:K03310
vms:LVJ82_09630	ko:K06132
vms:LVJ82_09645	ko:K01874
vms:LVJ82_09655	ko:K01751
vms:LVJ82_09665	ko:K12500
vms:LVJ82_09675	ko:K04754
vms:LVJ82_09680	ko:K07122
vms:LVJ82_09685	ko:K07323
vms:LVJ82_09690	ko:K02067
vms:LVJ82_09695	ko:K02066
vms:LVJ82_09700	ko:K02065
vms:LVJ82_09705	ko:K00097
vms:LVJ82_09715	ko:K04744
vms:LVJ82_09720	ko:K07102
vms:LVJ82_09725	ko:K01977
vms:LVJ82_09730	ko:K14227
vms:LVJ82_09735	ko:K14218
vms:LVJ82_09740	ko:K01980
vms:LVJ82_09745	ko:K01985
vms:LVJ82_09765	ko:K13041
vms:LVJ82_09775	ko:K06150
vms:LVJ82_09780	ko:K19713
vms:LVJ82_09785	ko:K00927
vms:LVJ82_09790	ko:K01772
vms:LVJ82_09795	ko:K03466
vms:LVJ82_09800	ko:K09001
vms:LVJ82_09810	ko:K14219
vms:LVJ82_09875	ko:K00013
vms:LVJ82_09890	ko:K06867
vms:LVJ82_09925	ko:K01624
vms:LVJ82_09945	ko:K15984
vms:LVJ82_09955	ko:K03924
vms:LVJ82_09980	ko:K02667
vms:LVJ82_09985	ko:K02668
vms:LVJ82_09990	ko:K02621
vms:LVJ82_10005	ko:K01473
vms:LVJ82_10010	ko:K01474
vms:LVJ82_10015	ko:K20035
vms:LVJ82_10020	ko:K03806
vms:LVJ82_10030	ko:K01972
vms:LVJ82_10035	ko:K00963
vms:LVJ82_10050	ko:K00573
vms:LVJ82_10055	ko:K16322
vms:LVJ82_10060	ko:K02036
vms:LVJ82_10065	ko:K02038
vms:LVJ82_10070	ko:K02037
vms:LVJ82_10075	ko:K02040
vms:LVJ82_10080	ko:K01803
vms:LVJ82_10085	ko:K03075
vms:LVJ82_10090	ko:K14228
vms:LVJ82_10145	ko:K00330
vms:LVJ82_10150	ko:K00331
vms:LVJ82_10155	ko:K00332
vms:LVJ82_10160	ko:K00333
vms:LVJ82_10165	ko:K00334
vms:LVJ82_10170	ko:K00335
vms:LVJ82_10175	ko:K00336
vms:LVJ82_10180	ko:K00337
vms:LVJ82_10185	ko:K00338
vms:LVJ82_10190	ko:K00339
vms:LVJ82_10195	ko:K00340
vms:LVJ82_10200	ko:K00341
vms:LVJ82_10205	ko:K00342
vms:LVJ82_10210	ko:K00343
vms:LVJ82_10230	ko:K02517
vms:LVJ82_10235	ko:K02517
vms:LVJ82_10240	ko:K00789
vms:LVJ82_10265	ko:K09959
vms:LVJ82_10275	ko:K00138
vms:LVJ82_10285	ko:K02335
vms:LVJ82_10295	ko:K00481
vms:LVJ82_10320	ko:K10219
vms:LVJ82_10325	ko:K04101
vms:LVJ82_10330	ko:K04100
vms:LVJ82_10335	ko:K10221
vms:LVJ82_10340	ko:K10218
vms:LVJ82_10345	ko:K10220
vms:LVJ82_10350	ko:K16514
vms:LVJ82_10355	ko:K19338
vms:LVJ82_10370	ko:K03786
vms:LVJ82_10375	ko:K02624
vms:LVJ82_10385	ko:K08195
vms:LVJ82_10425	ko:K08195
vms:LVJ82_10430	ko:K13936
vms:LVJ82_10445	ko:K06970
vms:LVJ82_10455	ko:K04079
vms:LVJ82_10480	ko:K01451
vms:LVJ82_10490	ko:K03978
vms:LVJ82_10500	ko:K07399
vms:LVJ82_10515	ko:K07461
vms:LVJ82_10520	ko:K01259
vms:LVJ82_10535	ko:K03495
vms:LVJ82_10540	ko:K03501
vms:LVJ82_10545	ko:K03496
vms:LVJ82_10550	ko:K03497
vms:LVJ82_10555	ko:K02116
vms:LVJ82_10560	ko:K02108
vms:LVJ82_10565	ko:K02110
vms:LVJ82_10570	ko:K02109
vms:LVJ82_10575	ko:K02113
vms:LVJ82_10580	ko:K02111
vms:LVJ82_10585	ko:K02115
vms:LVJ82_10590	ko:K02112
vms:LVJ82_10595	ko:K02114
vms:LVJ82_10600	ko:K03745
vms:LVJ82_10605	ko:K26605
vms:LVJ82_10610	ko:K26606
vms:LVJ82_10615	ko:K11735
vms:LVJ82_10620	ko:K00452
vms:LVJ82_10625	ko:K02302
vms:LVJ82_10645	ko:K00390
vms:LVJ82_10650	ko:K00957
vms:LVJ82_10655	ko:K00956
vms:LVJ82_10660	ko:K00380
vms:LVJ82_10670	ko:K00381
vms:LVJ82_10710	ko:K11742
vms:LVJ82_10715	ko:K11743
vms:LVJ82_10735	ko:K13609
vms:LVJ82_10765	ko:K01935
vms:LVJ82_10770	ko:K02169
vms:LVJ82_10775	ko:K00652
vms:LVJ82_10780	ko:K00833
vms:LVJ82_10880	ko:K14233
vms:LVJ82_10890	ko:K07058
vms:LVJ82_10895	ko:K03809
vms:LVJ82_10920	ko:K06132
vms:LVJ82_10935	ko:K01869
vms:LVJ82_10945	ko:K05539
vms:LVJ82_10950	ko:K16868
vms:LVJ82_10960	ko:K03549
vms:LVJ82_10965	ko:K01740
vms:LVJ82_10970	ko:K18139
vms:LVJ82_10975	ko:K03543
vms:LVJ82_10980	ko:K03446
vms:LVJ82_11025	ko:K13652
vms:LVJ82_11030	ko:K03773
vms:LVJ82_11050	ko:K00382
vms:LVJ82_11055	ko:K24136
vms:LVJ82_11060	ko:K00655
vms:LVJ82_11065	ko:K10563
vms:LVJ82_11075	ko:K02494
vms:LVJ82_11080	ko:K00919
vms:LVJ82_11085	ko:K14223
vms:LVJ82_11090	ko:K14223
vms:LVJ82_11095	ko:K00948
vms:LVJ82_11100	ko:K02897
vms:LVJ82_11135	ko:K05896
vms:LVJ82_11140	ko:K22132
vms:LVJ82_11155	ko:K03575
vms:LVJ82_11160	ko:K25137
vms:LVJ82_11170	ko:K00024
vms:LVJ82_11180	ko:K00241
vms:LVJ82_11185	ko:K00242
vms:LVJ82_11190	ko:K00239
vms:LVJ82_11195	ko:K00240
vms:LVJ82_11200	ko:K09159
vms:LVJ82_11205	ko:K01647
vms:LVJ82_11210	ko:K00164
vms:LVJ82_11215	ko:K00658
vms:LVJ82_11225	ko:K00382
vms:LVJ82_11235	ko:K01903
vms:LVJ82_11240	ko:K01902
vms:LVJ82_11260	ko:K01533
vms:LVJ82_11265	ko:K00059
vms:LVJ82_11270	ko:K01991
vms:LVJ82_11275	ko:K25307
vms:LVJ82_11280	ko:K16692
vms:LVJ82_11295	ko:K06945
vms:LVJ82_11305	ko:K07131
vms:LVJ82_11310	ko:K01142
vms:LVJ82_11315	ko:K01256
vms:LVJ82_11320	ko:K00799
vms:LVJ82_11325	ko:K03386
vms:LVJ82_11335	ko:K00981
vms:LVJ82_11365	ko:K01637
vms:LVJ82_11380	ko:K00906
vms:LVJ82_11385	ko:K03687
vms:LVJ82_11390	ko:K00626
vms:LVJ82_11395	ko:K04043
vms:LVJ82_11405	ko:K03417
vms:LVJ82_11410	ko:K01659
vms:LVJ82_11415	ko:K01720
vms:LVJ82_11420	ko:K20034
vms:LVJ82_11425	ko:K06996
vms:LVJ82_11430	ko:K14230
vms:LVJ82_11440	ko:K03925
vms:LVJ82_11445	ko:K03438
vms:LVJ82_11450	ko:K03586
vms:LVJ82_11455	ko:K03587
vms:LVJ82_11460	ko:K01928
vms:LVJ82_11465	ko:K01929
vms:LVJ82_11470	ko:K01000
vms:LVJ82_11475	ko:K01925
vms:LVJ82_11480	ko:K03588
vms:LVJ82_11485	ko:K02563
vms:LVJ82_11490	ko:K01924
vms:LVJ82_11495	ko:K01921
vms:LVJ82_11505	ko:K03590
vms:LVJ82_11510	ko:K03531
vms:LVJ82_11515	ko:K00219
vms:LVJ82_11525	ko:K03070
vms:LVJ82_11530	ko:K02237
vms:LVJ82_11535	ko:K18133
vms:LVJ82_11540	ko:K02652
vms:LVJ82_11545	ko:K02653
vms:LVJ82_11550	ko:K02654
vms:LVJ82_11555	ko:K00859
vms:LVJ82_11560	ko:K18778
vms:LVJ82_11565	ko:K09862
vms:LVJ82_11570	ko:K01873
vms:LVJ82_11580	ko:K01265
vms:LVJ82_11585	ko:K01609
vms:LVJ82_11590	ko:K07019
vms:LVJ82_11595	ko:K09889
vms:LVJ82_11600	ko:K03592
vms:LVJ82_11605	ko:K03611
vms:LVJ82_11610	ko:K01322
vms:LVJ82_11615	ko:K02192
vms:LVJ82_11620	ko:K03594
vms:LVJ82_11625	ko:K03594
vms:LVJ82_11630	ko:K04782
vms:LVJ82_11635	ko:K00616
vms:LVJ82_11645	ko:K01989
vms:LVJ82_11650	ko:K05832
vms:LVJ82_11655	ko:K05833
vms:LVJ82_11665	ko:K09936
vms:LVJ82_11670	ko:K03089
vms:LVJ82_11680	ko:K03820
vms:LVJ82_11685	ko:K09781
vms:LVJ82_11690	ko:K06189
vms:LVJ82_11705	ko:K06217
vms:LVJ82_11710	ko:K03585
vms:LVJ82_11715	ko:K18138
vms:LVJ82_11735	ko:K04079
vms:LVJ82_11750	ko:K06167
vms:LVJ82_11755	ko:K03424
vms:LVJ82_11760	ko:K02676
vms:LVJ82_11765	ko:K02341
vms:LVJ82_11770	ko:K00943
vms:LVJ82_11775	ko:K07082
vms:LVJ82_11780	ko:K07305
vms:LVJ82_11785	ko:K14218
vms:LVJ82_11790	ko:K11717
vms:LVJ82_11800	ko:K00640
vms:LVJ82_11810	ko:K03566
vms:LVJ82_11850	ko:K03762
vms:LVJ82_11860	ko:K01759
vms:LVJ82_11865	ko:K10217
vms:LVJ82_11870	ko:K08195
vms:LVJ82_11875	ko:K02554
vms:LVJ82_11880	ko:K04073
vms:LVJ82_11885	ko:K01666
vms:LVJ82_11890	ko:K01617
vms:LVJ82_11895	ko:K15067
vms:LVJ82_11900	ko:K00452
vms:LVJ82_11925	ko:K06938
vms:LVJ82_11955	ko:K12339
vms:LVJ82_11960	ko:K03101
vms:LVJ82_11965	ko:K03527
vms:LVJ82_12000	ko:K06889
vms:LVJ82_12030	ko:K00117
vms:LVJ82_12035	ko:K02013
vms:LVJ82_12040	ko:K02015
vms:LVJ82_12045	ko:K02016
vms:LVJ82_12060	ko:K07145
vms:LVJ82_12065	ko:K14231
vms:LVJ82_12070	ko:K14231
vms:LVJ82_12075	ko:K13936
vms:LVJ82_12085	ko:K07262
vms:LVJ82_12090	ko:K00821
vms:LVJ82_12095	ko:K12410
vms:LVJ82_12105	ko:K09793
vms:LVJ82_12110	ko:K00299
vms:LVJ82_12115	ko:K15553
vms:LVJ82_12120	ko:K04091
vms:LVJ82_12125	ko:K15554
vms:LVJ82_12130	ko:K15555
vms:LVJ82_12140	ko:K00800
vms:LVJ82_12145	ko:K00945
vms:LVJ82_12150	ko:K02945
vms:LVJ82_12155	ko:K05788
vms:LVJ82_12160	ko:K06916
vms:LVJ82_12165	ko:K00940
vms:LVJ82_12170	ko:K06941
vms:LVJ82_12175	ko:K02656
vms:LVJ82_12185	ko:K03526
vms:LVJ82_12190	ko:K01892
vms:LVJ82_12200	ko:K03977
vms:LVJ82_12205	ko:K03666
vms:LVJ82_12215	ko:K00459
vms:LVJ82_12225	ko:K02342
vms:LVJ82_12230	ko:K00991
vms:LVJ82_12235	ko:K01770
vms:LVJ82_12240	ko:K01807
vms:LVJ82_12245	ko:K00798
vms:LVJ82_12255	ko:K10773
vms:LVJ82_12260	ko:K04771
vms:LVJ82_12265	ko:K01207
vms:LVJ82_12275	ko:K14170
vms:LVJ82_12295	ko:K03688
vms:LVJ82_12330	ko:K02650
vms:LVJ82_12335	ko:K02650
vms:LVJ82_12345	ko:K00982
vms:LVJ82_12350	ko:K11206
vms:LVJ82_12355	ko:K03333
vms:LVJ82_12365	ko:K09861
vms:LVJ82_12370	ko:K14233
vms:LVJ82_12375	ko:K14233
vms:LVJ82_12380	ko:K05591
vms:LVJ82_12385	ko:K01977
vms:LVJ82_12390	ko:K14227
vms:LVJ82_12395	ko:K14218
vms:LVJ82_12400	ko:K01980
vms:LVJ82_12405	ko:K01985
vms:LVJ82_12415	ko:K02674
vms:LVJ82_12420	ko:K01649
vms:LVJ82_12435	ko:K19577
vms:LVJ82_12445	ko:K22444
vms:LVJ82_12450	ko:K00135
vms:LVJ82_12455	ko:K22443
vms:LVJ82_12470	ko:K07246
vms:LVJ82_12475	ko:K16135
vms:LVJ82_12490	ko:K09768
vms:LVJ82_12500	ko:K00549
vms:LVJ82_12505	ko:K09024
vms:LVJ82_12550	ko:K07733
vms:LVJ82_12645	ko:K14219
vms:LVJ82_12650	ko:K02523
vms:LVJ82_12655	ko:K02888
vms:LVJ82_12660	ko:K02899
vms:LVJ82_12665	ko:K03979
vms:LVJ82_12675	ko:K01883
vms:LVJ82_12685	ko:K02909
vms:LVJ82_12695	ko:K12960
vms:LVJ82_12705	ko:K09780
vms:LVJ82_12710	ko:K05527
vms:LVJ82_12725	ko:K06949
vms:LVJ82_12730	ko:K06013
vms:LVJ82_12735	ko:K13288
vms:LVJ82_12740	ko:K01810
vms:LVJ82_12745	ko:K03743
vms:LVJ82_12755	ko:K00568
vms:LVJ82_12760	ko:K06173
vms:LVJ82_12765	ko:K01817
vms:LVJ82_12770	ko:K01696
vms:LVJ82_12775	ko:K01695
vms:LVJ82_12780	ko:K01963
vms:LVJ82_12785	ko:K07795
vms:LVJ82_12790	ko:K07794
vms:LVJ82_12795	ko:K07793
vms:LVJ82_12800	ko:K07120
vms:LVJ82_12805	ko:K21430
vms:LVJ82_12830	ko:K12686
vms:LVJ82_12855	ko:K00784
vms:LVJ82_12865	ko:K00878
vms:LVJ82_12870	ko:K00941
vms:LVJ82_12875	ko:K00788
vms:LVJ82_12905	ko:K03665
vms:LVJ82_12910	ko:K17103
vms:LVJ82_12920	ko:K01599
vms:LVJ82_12935	ko:K06131
vms:LVJ82_12940	ko:K04066
vms:LVJ82_12945	ko:K07395
vms:LVJ82_12970	ko:K03676
vms:LVJ82_12975	ko:K03071
vms:LVJ82_12985	ko:K00598
vms:LVJ82_13000	ko:K06945
vms:LVJ82_13015	ko:K03695
vms:LVJ82_13025	ko:K01420
vms:LVJ82_13030	ko:K02495
vms:LVJ82_13035	ko:K02553
vms:LVJ82_13040	ko:K07397
vms:LVJ82_13055	ko:K19696
vms:LVJ82_13060	ko:K01011
vms:LVJ82_13065	ko:K06188
vms:LVJ82_13070	ko:K03760
vms:LVJ82_13075	ko:K07771
vms:LVJ82_13085	ko:K09974
vms:LVJ82_13100	ko:K26937
vms:LVJ82_13110	ko:K09165
vms:LVJ82_13125	ko:K01092
vms:LVJ82_13130	ko:K02533
vms:LVJ82_13135	ko:K09977
vms:LVJ82_13140	ko:K03545
vms:LVJ82_13145	ko:K01358
vms:LVJ82_13150	ko:K03544
vms:LVJ82_13175	ko:K01338
vms:LVJ82_13180	ko:K03530
vms:LVJ82_13200	ko:K04564
vms:LVJ82_13205	ko:K02314
vms:LVJ82_13215	ko:K08084
vms:LVJ82_13220	ko:K02671
vms:LVJ82_13225	ko:K02672
vms:LVJ82_13230	ko:K02673
vms:LVJ82_13245	ko:K02291
vms:LVJ82_13250	ko:K06954
vms:LVJ82_13260	ko:K04485
vms:LVJ82_13280	ko:K06980
vms:LVJ82_13285	ko:K10680
vms:LVJ82_13290	ko:K02622
vms:LVJ82_13300	ko:K08311
vms:LVJ82_13310	ko:K00560
vms:LVJ82_13315	ko:K00287
vms:LVJ82_13335	ko:K01439
vms:LVJ82_13340	ko:K00611
vms:LVJ82_13350	ko:K11720
vms:LVJ82_13355	ko:K07091
vms:LVJ82_13360	ko:K01255
vms:LVJ82_13380	ko:K04755
vms:LVJ82_13390	ko:K04044
vms:LVJ82_13395	ko:K04082
vms:LVJ82_13400	ko:K13628
vms:LVJ82_13405	ko:K04488
vms:LVJ82_13410	ko:K04487
vms:LVJ82_13415	ko:K13643
vms:LVJ82_13420	ko:K01079
vms:LVJ82_13425	ko:K00432
vms:LVJ82_13430	ko:K01494
vms:LVJ82_13435	ko:K03554
vms:LVJ82_13440	ko:K06194
vms:LVJ82_13445	ko:K00573
vms:LVJ82_13450	ko:K03787
vms:LVJ82_13455	ko:K14224
vms:LVJ82_13465	ko:K11477
vms:LVJ82_13475	ko:K11473
vms:LVJ82_13480	ko:K11472
vms:LVJ82_13485	ko:K00104
vms:LVJ82_13495	ko:K00615
vms:LVJ82_13555	ko:K02670
vms:LVJ82_13560	ko:K07001
vms:LVJ82_13565	ko:K00019
vms:LVJ82_13570	ko:K01029
vms:LVJ82_13575	ko:K01028
vms:LVJ82_13580	ko:K17758
vms:LVJ82_13585	ko:K01589
vms:LVJ82_13595	ko:K01588
vms:LVJ82_13615	ko:K00970
vms:LVJ82_13620	ko:K00950
vms:LVJ82_13630	ko:K00606
vms:LVJ82_13635	ko:K01918
vms:LVJ82_13655	ko:K06942
vms:LVJ82_13665	ko:K19784
vms:LVJ82_13670	ko:K09922
vms:LVJ82_13680	ko:K01866
vms:LVJ82_13690	ko:K27802
vms:LVJ82_13700	ko:K10763
vms:LVJ82_13705	ko:K28842
vms:LVJ82_13715	ko:K06923
vms:LVJ82_13725	ko:K06895
vms:LVJ82_13730	ko:K05596
vms:LVJ82_13750	ko:K00600
vms:LVJ82_13755	ko:K25307
vms:LVJ82_13775	ko:K06207
vms:LVJ82_13790	ko:K03775
vms:LVJ82_13800	ko:K00453
vms:LVJ82_13805	ko:K01556
vms:LVJ82_13825	ko:K03686
vms:LVJ82_13850	ko:K07552
vms:LVJ82_13870	ko:K06158
vms:LVJ82_13875	ko:K11065
vms:LVJ82_13880	ko:K25706
vms:LVJ82_13885	ko:K11073
vms:LVJ82_13890	ko:K11073
vms:LVJ82_13905	ko:K13936
vms:LVJ82_13910	ko:K06911
vms:LVJ82_13920	ko:K00822
vms:LVJ82_13930	ko:K00154
vms:LVJ82_13935	ko:K01525
vms:LVJ82_13940	ko:K02835
vms:LVJ82_13945	ko:K02492
vms:LVJ82_13950	ko:K00275
vms:LVJ82_13960	ko:K11811
vms:LVJ82_13965	ko:K03325
vms:LVJ82_13970	ko:K03741
vms:LVJ82_13990	ko:K01534
vms:LVJ82_14005	ko:K03572
vms:LVJ82_14010	ko:K03975
vms:LVJ82_14015	ko:K03074
vms:LVJ82_14020	ko:K03072
vms:LVJ82_14030	ko:K00773
vms:LVJ82_14035	ko:K14237
vms:LVJ82_14040	ko:K01868
vms:LVJ82_14045	ko:K02520
vms:LVJ82_14050	ko:K02916
vms:LVJ82_14055	ko:K02887
vms:LVJ82_14060	ko:K01889
vms:LVJ82_14065	ko:K01890
vms:LVJ82_14070	ko:K04764
vms:LVJ82_14090	ko:K02469
vms:LVJ82_14100	ko:K02356
vms:LVJ82_14105	ko:K26939
vms:LVJ82_14110	ko:K00075
vms:LVJ82_14120	ko:K06915
vms:LVJ82_14125	ko:K13788
vms:LVJ82_14135	ko:K07090
vms:LVJ82_14160	ko:K02483
vms:LVJ82_14165	ko:K16301
vms:LVJ82_14170	ko:K07224
vms:LVJ82_14175	ko:K07243
vms:LVJ82_14180	ko:K15866
vms:LVJ82_14215	ko:K03707
vms:LVJ82_14220	ko:K03529
vms:LVJ82_14235	ko:K04762
vms:LVJ82_14240	ko:K01962
vms:LVJ82_14250	ko:K03088
vms:LVJ82_14255	ko:K01778
vms:LVJ82_14295	ko:K15778
vms:LVJ82_14300	ko:K00766
vms:LVJ82_14305	ko:K01658
vms:LVJ82_14310	ko:K12340
vms:LVJ82_14330	ko:K01752
vms:LVJ82_14345	ko:K03469
vms:LVJ82_14355	ko:K03630
vms:LVJ82_14370	ko:K05807
vms:LVJ82_14375	ko:K06180
vms:LVJ82_14380	ko:K05810
vms:LVJ82_14385	ko:K02238
vms:LVJ82_14390	ko:K02045
vms:LVJ82_14395	ko:K02047
vms:LVJ82_14400	ko:K02046
vms:LVJ82_14405	ko:K02048
vms:LVJ82_14420	ko:K08324
vms:LVJ82_14425	ko:K16345
vms:LVJ82_14435	ko:K28868
vms:LVJ82_14445	ko:K14220
vms:LVJ82_14450	ko:K01783
vms:LVJ82_14460	ko:K01507
vms:LVJ82_14470	ko:K06134
vms:LVJ82_14480	ko:K03631
vms:LVJ82_14485	ko:K00858
vms:LVJ82_14490	ko:K07304
vms:LVJ82_14500	ko:K05541
vms:LVJ82_14505	ko:K03437
vms:LVJ82_14510	ko:K07039
vms:LVJ82_14530	ko:K05837
vms:LVJ82_14535	ko:K05515
vms:LVJ82_14550	ko:K03569
vms:LVJ82_14555	ko:K02435
vms:LVJ82_14560	ko:K02433
vms:LVJ82_14575	ko:K02434
vms:LVJ82_14585	ko:K02340
vms:LVJ82_14595	ko:K00134
vms:LVJ82_14600	ko:K02503
vms:LVJ82_14605	ko:K29125
vms:LVJ82_14630	ko:K12256
vms:LVJ82_14635	ko:K01915
vms:LVJ82_14640	ko:K07010
vms:LVJ82_14665	ko:K00163
vms:LVJ82_14680	ko:K00382
vms:LVJ82_14690	ko:K03762
vms:LVJ82_14695	ko:K03316
vms:LVJ82_14710	ko:K02028
vms:LVJ82_14715	ko:K02029
vms:LVJ82_14720	ko:K02030
vms:LVJ82_14725	ko:K22042
vms:LVJ82_14730	ko:K01682
vms:LVJ82_14735	ko:K03466
vms:LVJ82_14775	ko:K12658
vms:LVJ82_14780	ko:K21060
vms:LVJ82_14785	ko:K01714
vms:LVJ82_14790	ko:K09472
vms:LVJ82_14795	ko:K01999
vms:LVJ82_14800	ko:K08195
vms:LVJ82_14810	ko:K05599
vms:LVJ82_14815	ko:K05600
vms:LVJ82_14820	ko:K10778
vms:LVJ82_14825	ko:K02014
vms:LVJ82_14830	ko:K06159
vms:LVJ82_14835	ko:K23228
vms:LVJ82_14840	ko:K23227
vms:LVJ82_14845	ko:K10829
vms:LVJ82_14850	ko:K01952
vms:LVJ82_14855	ko:K04751
vms:LVJ82_14865	ko:K00121
vms:LVJ82_14870	ko:K01070
vms:LVJ82_14875	ko:K02424
vms:LVJ82_14880	ko:K10009
vms:LVJ82_14885	ko:K01940
vms:LVJ82_14890	ko:K03835
vms:LVJ82_14900	ko:K28061
vms:LVJ82_14905	ko:K00140
vms:LVJ82_14920	ko:K03310
vms:LVJ82_14935	ko:K09471
vms:LVJ82_14940	ko:K11074
vms:LVJ82_14945	ko:K11075
vms:LVJ82_14950	ko:K11076
vms:LVJ82_14955	ko:K05782
vms:LVJ82_14960	ko:K03744
vms:LVJ82_14980	ko:K03296
vms:LVJ82_14985	ko:K01012
vms:LVJ82_14990	ko:K03297
vms:LVJ82_14995	ko:K05548
vms:LVJ82_15020	ko:K01519
vms:LVJ82_15030	ko:K07287
vms:LVJ82_15035	ko:K01714
vms:LVJ82_15060	ko:K03310
vms:LVJ82_15075	ko:K22479
vms:LVJ82_15090	ko:K00767
vms:LVJ82_15100	ko:K02858
vms:LVJ82_15110	ko:K08224
vms:LVJ82_15145	ko:K11107
vms:LVJ82_15150	ko:K00526
vms:LVJ82_15155	ko:K00525
vms:LVJ82_15185	ko:K00459
vms:LVJ82_15200	ko:K13888
vms:LVJ82_15205	ko:K05685
vms:LVJ82_15220	ko:K08641
vms:LVJ82_15235	ko:K09858
vms:LVJ82_15270	ko:K03147
vms:LVJ82_15280	ko:K06945
vms:LVJ82_15300	ko:K14228
vms:LVJ82_15310	ko:K03672
vms:LVJ82_15315	ko:K00557
vms:LVJ82_15320	ko:K01657
vms:LVJ82_15330	ko:K01736
vms:LVJ82_15340	ko:K07054
vms:LVJ82_15350	ko:K00791
vms:LVJ82_15355	ko:K00023
vms:LVJ82_15375	ko:K01923
vms:LVJ82_15380	ko:K00946
vms:LVJ82_15385	ko:K01095
vms:LVJ82_15390	ko:K06195
vms:LVJ82_15420	ko:K28029
vms:LVJ82_15440	ko:K00130
vms:LVJ82_15450	ko:K01585
vms:LVJ82_15455	ko:K14234
vms:LVJ82_15460	ko:K14234
vms:LVJ82_15510	ko:K01560
vms:LVJ82_15625	ko:K14225
vms:LVJ82_15635	ko:K18139
vms:LVJ82_15640	ko:K18138
vms:LVJ82_15645	ko:K03585
vms:LVJ82_15655	ko:K03924
vms:LVJ82_15685	ko:K15342
vms:LVJ82_15690	ko:K07012
vms:LVJ82_15705	ko:K19129
vms:LVJ82_15730	ko:K01915
vms:LVJ82_15735	ko:K00014
vms:LVJ82_15740	ko:K03814
vms:LVJ82_15750	ko:K29125
vms:LVJ82_15760	ko:K07300
vms:LVJ82_15765	ko:K00215
vms:LVJ82_15770	ko:K06186
vms:LVJ82_15775	ko:K03711
vms:LVJ82_15780	ko:K00684
vms:LVJ82_15785	ko:K00674
vms:LVJ82_15810	ko:K14347
vms:LVJ82_15820	ko:K07387
vms:LVJ82_15825	ko:K01777
vms:LVJ82_15830	ko:K06911
vms:LVJ82_15845	ko:K01652
vms:LVJ82_15850	ko:K01653
vms:LVJ82_15855	ko:K00053
vms:LVJ82_15860	ko:K03439
vms:LVJ82_15865	ko:K01881
vms:LVJ82_15870	ko:K01129
vms:LVJ82_15875	ko:K06182
vms:LVJ82_15885	ko:K01497
vms:LVJ82_15890	ko:K14237
vms:LVJ82_15895	ko:K14221
vms:LVJ82_15900	ko:K14237
vms:LVJ82_15905	ko:K14221
vms:LVJ82_15910	ko:K14237
vms:LVJ82_15915	ko:K14221
vms:LVJ82_15920	ko:K14237
vms:LVJ82_15925	ko:K14221
vms:LVJ82_15930	ko:K14237
vms:LVJ82_15935	ko:K14221
vms:LVJ82_15965	ko:K03596
vms:LVJ82_15970	ko:K03100
vms:LVJ82_15975	ko:K03685
vms:LVJ82_15980	ko:K03595
vms:LVJ82_15995	ko:K07323
vms:LVJ82_16000	ko:K01262
vms:LVJ82_16025	ko:K09794
vms:LVJ82_16035	ko:K02074
vms:LVJ82_16040	ko:K02075
vms:LVJ82_16050	ko:K00228
vms:LVJ82_16055	ko:K11529
vms:LVJ82_16060	ko:K01069
vms:LVJ82_16080	ko:K14236
vms:LVJ82_16090	ko:K01920
vms:LVJ82_16095	ko:K00901
vms:LVJ82_16100	ko:K09796
vms:LVJ82_16110	ko:K02824
vms:LVJ82_16115	ko:K08591
vms:LVJ82_16120	ko:K01633
vms:LVJ82_16130	ko:K11936
vms:LVJ82_16135	ko:K11931
vms:LVJ82_16155	ko:K02041
vms:LVJ82_16160	ko:K02044
vms:LVJ82_16165	ko:K02042
vms:LVJ82_16170	ko:K06166
vms:LVJ82_16175	ko:K06165
vms:LVJ82_16180	ko:K06164
vms:LVJ82_16185	ko:K06163
vms:LVJ82_16190	ko:K05781
vms:LVJ82_16195	ko:K05780
vms:LVJ82_16200	ko:K06162
vms:LVJ82_16210	ko:K06167
vms:LVJ82_16220	ko:K00253
vms:LVJ82_16225	ko:K01969
vms:LVJ82_16230	ko:K13766
vms:LVJ82_16235	ko:K01968
vms:LVJ82_16240	ko:K01640
vms:LVJ82_16245	ko:K00666
vms:LVJ82_16275	ko:K00763
vms:LVJ82_16280	ko:K08303
vms:LVJ82_16285	ko:K11733
vms:LVJ82_16290	ko:K01887
vms:LVJ82_16305	ko:K15777
vms:LVJ82_16325	ko:K11103
vms:LVJ82_16335	ko:K25285
vms:LVJ82_16340	ko:K25283
vms:LVJ82_16345	ko:K25284
vms:LVJ82_16350	ko:K08978
vms:LVJ82_16365	ko:K03701
vms:LVJ82_16395	ko:K03578
vms:LVJ82_16400	ko:K07114
vms:LVJ82_16410	ko:K06200
vms:LVJ82_16430	ko:K00626
vms:LVJ82_16435	ko:K03821
vms:LVJ82_16450	ko:K03282
vms:LVJ82_16455	ko:K00208
vms:LVJ82_16460	ko:K13893
vms:LVJ82_16465	ko:K01738
vms:LVJ82_16480	ko:K01875
vms:LVJ82_16490	ko:K02039
vms:LVJ82_16515	ko:K25136
vms:LVJ82_16520	ko:K01776
vms:LVJ82_16525	ko:K07213
vms:LVJ82_16530	ko:K17686
vms:LVJ82_16545	ko:K02484
vms:LVJ82_16550	ko:K02483
vms:LVJ82_16560	ko:K08160
vms:LVJ82_16565	ko:K19592
vms:LVJ82_16570	ko:K13894
vms:LVJ82_16575	ko:K13895
vms:LVJ82_16595	ko:K01126
vms:LVJ82_16600	ko:K00864
vms:LVJ82_16605	ko:K06996
vms:LVJ82_16610	ko:K03826
vms:LVJ82_16620	ko:K14287
vms:LVJ82_16640	ko:K02055
vms:LVJ82_16650	ko:K16959
vms:LVJ82_16660	ko:K16958
vms:LVJ82_16665	ko:K16957
vms:LVJ82_16670	ko:K16960
vms:LVJ82_16680	ko:K22879
vms:LVJ82_16725	ko:K28279
vms:LVJ82_16825	ko:K00287
vms:LVJ82_16865	ko:K03111
vms:LVJ82_16970	ko:K01160
vms:LVJ82_17185	ko:K03554
vms:LVJ82_17370	ko:K07741
vms:LVJ82_17430	ko:K14228
vms:LVJ82_17435	ko:K03601
vms:LVJ82_17440	ko:K00912
vms:LVJ82_17445	ko:K09791
vms:LVJ82_17450	ko:K00979
vms:LVJ82_17455	ko:K00939
vms:LVJ82_17470	ko:K03656
vms:LVJ82_17480	ko:K00990
vms:LVJ82_17485	ko:K00974
vms:LVJ82_17490	ko:K01997
vms:LVJ82_17495	ko:K01998
vms:LVJ82_17500	ko:K01995
vms:LVJ82_17505	ko:K01996
vms:LVJ82_17525	ko:K07394
vms:LVJ82_17535	ko:K00384
vms:LVJ82_17540	ko:K02843
vms:LVJ82_17550	ko:K00826
vms:LVJ82_17555	ko:K08992
vms:LVJ82_17560	ko:K19804
vms:LVJ82_17565	ko:K01591
vms:LVJ82_17570	ko:K21344
vms:LVJ82_17575	ko:K03274
vms:LVJ82_17580	ko:K07223
vms:LVJ82_17585	ko:K00432
vms:LVJ82_17600	ko:K07486
vms:LVJ82_17655	ko:K03315
vms:LVJ82_17660	ko:K00457
vms:LVJ82_17670	ko:K07862
vms:LVJ82_17765	ko:K00217
vms:LVJ82_17770	ko:K00128
vms:LVJ82_17795	ko:K01515
vms:LVJ82_17805	ko:K02558
vms:LVJ82_17810	ko:K21826
vms:LVJ82_17820	ko:K00302
vms:LVJ82_17825	ko:K00304
vms:LVJ82_17830	ko:K00303
vms:LVJ82_17835	ko:K01433
vms:LVJ82_17845	ko:K02837
vms:LVJ82_17855	ko:K23779
vms:LVJ82_17860	ko:K05782
vms:LVJ82_17880	ko:K06178
vms:LVJ82_17885	ko:K06024
vms:LVJ82_17890	ko:K14540
vms:LVJ82_17895	ko:K06958
vms:LVJ82_17900	ko:K06023
vms:LVJ82_17905	ko:K02806
vms:LVJ82_17910	ko:K03179
vms:LVJ82_17935	ko:K26064
vms:LVJ82_17945	ko:K01755
vms:LVJ82_17960	ko:K03218
vms:LVJ82_17995	ko:K01142
vms:LVJ82_18000	ko:K00762
vms:LVJ82_18005	ko:K07071
vms:LVJ82_18020	ko:K13292
vms:LVJ82_18025	ko:K25317
vms:LVJ82_18030	ko:K25317
vms:LVJ82_18060	ko:K01081
vms:LVJ82_18075	ko:K01867
vms:LVJ82_18080	ko:K01919
vms:LVJ82_18100	ko:K01992
vms:LVJ82_18105	ko:K13926
vms:LVJ82_18110	ko:K01993
vms:LVJ82_18115	ko:K18139
vms:LVJ82_18130	ko:K00794
vms:LVJ82_18135	ko:K03625
vms:LVJ82_18150	ko:K00031
vms:LVJ82_18155	ko:K00031
vms:LVJ82_18160	ko:K06181
vms:LVJ82_18190	ko:K00648
vms:LVJ82_18200	ko:K00989
vms:LVJ82_18205	ko:K00928
vms:LVJ82_18220	ko:K05836
vms:LVJ82_18225	ko:K01745
vms:LVJ82_18230	ko:K01712
vms:LVJ82_18235	ko:K01468
vms:LVJ82_18240	ko:K01479
vms:LVJ82_18245	ko:K18148
vms:LVJ82_18250	ko:K02839
vms:LVJ82_18290	ko:K03313
vms:LVJ82_18315	ko:K22292
vms:LVJ82_18330	ko:K01916
vms:LVJ82_18335	ko:K03634
vms:LVJ82_18345	ko:K15371
vms:LVJ82_18350	ko:K01754
vms:LVJ82_18355	ko:K07258
vms:LVJ82_18365	ko:K03781
vms:LVJ82_18375	ko:K02429
vms:LVJ82_18380	ko:K19337
vms:LVJ82_18385	ko:K00845
vms:LVJ82_18390	ko:K01057
vms:LVJ82_18395	ko:K00036
vms:LVJ82_18400	ko:K01690
vms:LVJ82_18405	ko:K01625
vms:LVJ82_18420	ko:K07017
vms:LVJ82_18430	ko:K00930
vms:LVJ82_18465	ko:K07447
vms:LVJ82_18470	ko:K07735
vms:LVJ82_18475	ko:K15633
vms:LVJ82_18480	ko:K22719
vms:LVJ82_18485	ko:K03797
