vpl:SA104470976_00001	ko:K02313
vpl:SA104470976_00002	ko:K02338
vpl:SA104470976_00003	ko:K03629
vpl:SA104470976_00004	ko:K02470
vpl:SA104470976_00007	ko:K04080
vpl:SA104470976_00008	ko:K00835
vpl:SA104470976_00009	ko:K01879
vpl:SA104470976_00010	ko:K01878
vpl:SA104470976_00012	ko:K23541
vpl:SA104470976_00014	ko:K04085
vpl:SA104470976_00016	ko:K19745
vpl:SA104470976_00017	ko:K01754
vpl:SA104470976_00018	ko:K01687
vpl:SA104470976_00019	ko:K00826
vpl:SA104470976_00020	ko:K00826
vpl:SA104470976_00021	ko:K11258
vpl:SA104470976_00022	ko:K01652
vpl:SA104470976_00023	ko:K07391
vpl:SA104470976_00029	ko:K07483
vpl:SA104470976_00033	ko:K06163
vpl:SA104470976_00034	ko:K06164
vpl:SA104470976_00038	ko:K02013
vpl:SA104470976_00039	ko:K02015
vpl:SA104470976_00040	ko:K02016
vpl:SA104470976_00052	ko:K03673
vpl:SA104470976_00055	ko:K09896
vpl:SA104470976_00056	ko:K06377
vpl:SA104470976_00057	ko:K11068
vpl:SA104470976_00059	ko:K03498
vpl:SA104470976_00060	ko:K03499
vpl:SA104470976_00061	ko:K03500
vpl:SA104470976_00062	ko:K00604
vpl:SA104470976_00063	ko:K01462
vpl:SA104470976_00065	ko:K04096
vpl:SA104470976_00066	ko:K03747
vpl:SA104470976_00067	ko:K07479
vpl:SA104470976_00068	ko:K01589
vpl:SA104470976_00069	ko:K01588
vpl:SA104470976_00070	ko:K07566
vpl:SA104470976_00071	ko:K00228
vpl:SA104470976_00072	ko:K00014
vpl:SA104470976_00075	ko:K01977
vpl:SA104470976_00076	ko:K14224
vpl:SA104470976_00077	ko:K14229
vpl:SA104470976_00078	ko:K14237
vpl:SA104470976_00079	ko:K01980
vpl:SA104470976_00080	ko:K01985
vpl:SA104470976_00081	ko:K14221
vpl:SA104470976_00082	ko:K01488
vpl:SA104470976_00084	ko:K07712
vpl:SA104470976_00085	ko:K07708
vpl:SA104470976_00087	ko:K01915
vpl:SA104470976_00089	ko:K06207
vpl:SA104470976_00091	ko:K07058
vpl:SA104470976_00092	ko:K07560
vpl:SA104470976_00095	ko:K01610
vpl:SA104470976_00096	ko:K04083
vpl:SA104470976_00097	ko:K04762
vpl:SA104470976_00098	ko:K02452
vpl:SA104470976_00099	ko:K02453
vpl:SA104470976_00100	ko:K02454
vpl:SA104470976_00101	ko:K02455
vpl:SA104470976_00102	ko:K02456
vpl:SA104470976_00103	ko:K02457
vpl:SA104470976_00104	ko:K02458
vpl:SA104470976_00105	ko:K02459
vpl:SA104470976_00106	ko:K02460
vpl:SA104470976_00107	ko:K02461
vpl:SA104470976_00108	ko:K02462
vpl:SA104470976_00109	ko:K02463
vpl:SA104470976_00110	ko:K01082
vpl:SA104470976_00111	ko:K08312
vpl:SA104470976_00112	ko:K07400
vpl:SA104470976_00114	ko:K02170
vpl:SA104470976_00116	ko:K06959
vpl:SA104470976_00117	ko:K04760
vpl:SA104470976_00119	ko:K10439
vpl:SA104470976_00120	ko:K10441
vpl:SA104470976_00121	ko:K10440
vpl:SA104470976_00122	ko:K01207
vpl:SA104470976_00123	ko:K07659
vpl:SA104470976_00124	ko:K07638
vpl:SA104470976_00125	ko:K16345
vpl:SA104470976_00126	ko:K03655
vpl:SA104470976_00127	ko:K01139
vpl:SA104470976_00128	ko:K03060
vpl:SA104470976_00129	ko:K00942
vpl:SA104470976_00130	ko:K09125
vpl:SA104470976_00131	ko:K14393
vpl:SA104470976_00133	ko:K11105
vpl:SA104470976_00135	ko:K04084
vpl:SA104470976_00136	ko:K01200
vpl:SA104470976_00138	ko:K07791
vpl:SA104470976_00139	ko:K01744
vpl:SA104470976_00141	ko:K07113
vpl:SA104470976_00142	ko:K03216
vpl:SA104470976_00143	ko:K04564
vpl:SA104470976_00144	ko:K07640
vpl:SA104470976_00145	ko:K07662
vpl:SA104470976_00146	ko:K06006
vpl:SA104470976_00147	ko:K13283
vpl:SA104470976_00148	ko:K00850
vpl:SA104470976_00149	ko:K02446
vpl:SA104470976_00150	ko:K09892
vpl:SA104470976_00151	ko:K00297
vpl:SA104470976_00152	ko:K12525
vpl:SA104470976_00153	ko:K01739
vpl:SA104470976_00154	ko:K03764
vpl:SA104470976_00155	ko:K00029
vpl:SA104470976_00156	ko:K02909
vpl:SA104470976_00157	ko:K04066
vpl:SA104470976_00158	ko:K05499
vpl:SA104470976_00160	ko:K01419
vpl:SA104470976_00161	ko:K03667
vpl:SA104470976_00162	ko:K02548
vpl:SA104470976_00163	ko:K02553
vpl:SA104470976_00164	ko:K26937
vpl:SA104470976_00165	ko:K01803
vpl:SA104470976_00166	ko:K01826
vpl:SA104470976_00170	ko:K04078
vpl:SA104470976_00171	ko:K04077
vpl:SA104470976_00173	ko:K19810
vpl:SA104470976_00174	ko:K02356
vpl:SA104470976_00175	ko:K00247
vpl:SA104470976_00176	ko:K00246
vpl:SA104470976_00177	ko:K00245
vpl:SA104470976_00178	ko:K00244
vpl:SA104470976_00179	ko:K04568
vpl:SA104470976_00181	ko:K03071
vpl:SA104470976_00182	ko:K00057
vpl:SA104470976_00183	ko:K00640
vpl:SA104470976_00184	ko:K10917
vpl:SA104470976_00185	ko:K01595
vpl:SA104470976_00186	ko:K01438
vpl:SA104470976_00187	ko:K00145
vpl:SA104470976_00188	ko:K00930
vpl:SA104470976_00189	ko:K01940
vpl:SA104470976_00190	ko:K01755
vpl:SA104470976_00192	ko:K00382
vpl:SA104470976_00193	ko:K24136
vpl:SA104470976_00194	ko:K04761
vpl:SA104470976_00195	ko:K05366
vpl:SA104470976_00196	ko:K02662
vpl:SA104470976_00197	ko:K02663
vpl:SA104470976_00198	ko:K02664
vpl:SA104470976_00199	ko:K02665
vpl:SA104470976_00200	ko:K02666
vpl:SA104470976_00201	ko:K00891
vpl:SA104470976_00202	ko:K01735
vpl:SA104470976_00203	ko:K03112
vpl:SA104470976_00204	ko:K06223
vpl:SA104470976_00205	ko:K01783
vpl:SA104470976_00206	ko:K01091
vpl:SA104470976_00207	ko:K01867
vpl:SA104470976_00208	ko:K02030
vpl:SA104470976_00209	ko:K07004
vpl:SA104470976_00210	ko:K14441
vpl:SA104470976_00211	ko:K01664
vpl:SA104470976_00212	ko:K00821
vpl:SA104470976_00213	ko:K00673
vpl:SA104470976_00214	ko:K06447
vpl:SA104470976_00216	ko:K10914
vpl:SA104470976_00217	ko:K28462
vpl:SA104470976_00218	ko:K09898
vpl:SA104470976_00219	ko:K07019
vpl:SA104470976_00221	ko:K06158
vpl:SA104470976_00222	ko:K07070
vpl:SA104470976_00223	ko:K03775
vpl:SA104470976_00224	ko:K13051
vpl:SA104470976_00225	ko:K01939
vpl:SA104470976_00226	ko:K21217
vpl:SA104470976_00227	ko:K07014
vpl:SA104470976_00228	ko:K12573
vpl:SA104470976_00229	ko:K03218
vpl:SA104470976_00231	ko:K02946
vpl:SA104470976_00232	ko:K02906
vpl:SA104470976_00233	ko:K02926
vpl:SA104470976_00234	ko:K02892
vpl:SA104470976_00235	ko:K02886
vpl:SA104470976_00236	ko:K02965
vpl:SA104470976_00237	ko:K02890
vpl:SA104470976_00238	ko:K02982
vpl:SA104470976_00239	ko:K02878
vpl:SA104470976_00240	ko:K02904
vpl:SA104470976_00241	ko:K02961
vpl:SA104470976_00242	ko:K02874
vpl:SA104470976_00243	ko:K02895
vpl:SA104470976_00244	ko:K02931
vpl:SA104470976_00245	ko:K02954
vpl:SA104470976_00246	ko:K02994
vpl:SA104470976_00247	ko:K02933
vpl:SA104470976_00248	ko:K02881
vpl:SA104470976_00249	ko:K02988
vpl:SA104470976_00250	ko:K02907
vpl:SA104470976_00251	ko:K02876
vpl:SA104470976_00252	ko:K03076
vpl:SA104470976_00253	ko:K02919
vpl:SA104470976_00255	ko:K02948
vpl:SA104470976_00256	ko:K02986
vpl:SA104470976_00257	ko:K03040
vpl:SA104470976_00258	ko:K02879
vpl:SA104470976_00260	ko:K03773
vpl:SA104470976_00261	ko:K07269
vpl:SA104470976_00263	ko:K02348
vpl:SA104470976_00264	ko:K05591
vpl:SA104470976_00266	ko:K01119
vpl:SA104470976_00267	ko:K02303
vpl:SA104470976_00268	ko:K00957
vpl:SA104470976_00269	ko:K00956
vpl:SA104470976_00270	ko:K00860
vpl:SA104470976_00272	ko:K09950
vpl:SA104470976_00273	ko:K02004
vpl:SA104470976_00274	ko:K02003
vpl:SA104470976_00277	ko:K07109
vpl:SA104470976_00278	ko:K07304
vpl:SA104470976_00279	ko:K07278
vpl:SA104470976_00280	ko:K09800
vpl:SA104470976_00282	ko:K01507
vpl:SA104470976_00283	ko:K03841
vpl:SA104470976_00284	ko:K02558
vpl:SA104470976_00285	ko:K03186
vpl:SA104470976_00286	ko:K02064
vpl:SA104470976_00287	ko:K02063
vpl:SA104470976_00288	ko:K02062
vpl:SA104470976_00289	ko:K09889
vpl:SA104470976_00290	ko:K03592
vpl:SA104470976_00291	ko:K06213
vpl:SA104470976_00292	ko:K08485
vpl:SA104470976_00293	ko:K06958
vpl:SA104470976_00294	ko:K02806
vpl:SA104470976_00295	ko:K03092
vpl:SA104470976_00296	ko:K06861
vpl:SA104470976_00297	ko:K09774
vpl:SA104470976_00298	ko:K11719
vpl:SA104470976_00299	ko:K03270
vpl:SA104470976_00300	ko:K06041
vpl:SA104470976_00301	ko:K07301
vpl:SA104470976_00302	ko:K02065
vpl:SA104470976_00303	ko:K02066
vpl:SA104470976_00304	ko:K02067
vpl:SA104470976_00305	ko:K07323
vpl:SA104470976_00306	ko:K07122
vpl:SA104470976_00308	ko:K00790
vpl:SA104470976_00309	ko:K00655
vpl:SA104470976_00310	ko:K09022
vpl:SA104470976_00311	ko:K00610
vpl:SA104470976_00312	ko:K00609
vpl:SA104470976_00313	ko:K00611
vpl:SA104470976_00314	ko:K07175
vpl:SA104470976_00315	ko:K03580
vpl:SA104470976_00317	ko:K06177
vpl:SA104470976_00318	ko:K00018
vpl:SA104470976_00319	ko:K01873
vpl:SA104470976_00320	ko:K02339
vpl:SA104470976_00321	ko:K01255
vpl:SA104470976_00322	ko:K07091
vpl:SA104470976_00323	ko:K11720
vpl:SA104470976_00325	ko:K14228
vpl:SA104470976_00327	ko:K01977
vpl:SA104470976_00328	ko:K14227
vpl:SA104470976_00329	ko:K14218
vpl:SA104470976_00330	ko:K01980
vpl:SA104470976_00331	ko:K01985
vpl:SA104470976_00332	ko:K14234
vpl:SA104470976_00333	ko:K01985
vpl:SA104470976_00335	ko:K01704
vpl:SA104470976_00336	ko:K01703
vpl:SA104470976_00337	ko:K00052
vpl:SA104470976_00338	ko:K01649
vpl:SA104470976_00339	ko:K19302
vpl:SA104470976_00341	ko:K05798
vpl:SA104470976_00342	ko:K01897
vpl:SA104470976_00344	ko:K01652
vpl:SA104470976_00345	ko:K01653
vpl:SA104470976_00347	ko:K00058
vpl:SA104470976_00348	ko:K01807
vpl:SA104470976_00349	ko:K01934
vpl:SA104470976_00351	ko:K09888
vpl:SA104470976_00352	ko:K09895
vpl:SA104470976_00353	ko:K03185
vpl:SA104470976_00354	ko:K18800
vpl:SA104470976_00356	ko:K06980
vpl:SA104470976_00357	ko:K09159
vpl:SA104470976_00359	ko:K00278
vpl:SA104470976_00360	ko:K03088
vpl:SA104470976_00361	ko:K03597
vpl:SA104470976_00362	ko:K03598
vpl:SA104470976_00363	ko:K03803
vpl:SA104470976_00364	ko:K03596
vpl:SA104470976_00365	ko:K03100
vpl:SA104470976_00366	ko:K03685
vpl:SA104470976_00367	ko:K03595
vpl:SA104470976_00368	ko:K03584
vpl:SA104470976_00369	ko:K03474
vpl:SA104470976_00370	ko:K00997
vpl:SA104470976_00373	ko:K20961
vpl:SA104470976_00374	ko:K07678
vpl:SA104470976_00375	ko:K03215
vpl:SA104470976_00376	ko:K00951
vpl:SA104470976_00377	ko:K04765
vpl:SA104470976_00378	ko:K01937
vpl:SA104470976_00379	ko:K01689
vpl:SA104470976_00380	ko:K00974
vpl:SA104470976_00381	ko:K02450
vpl:SA104470976_00382	ko:K02451
vpl:SA104470976_00383	ko:K07184
vpl:SA104470976_00384	ko:K03306
vpl:SA104470976_00385	ko:K07220
vpl:SA104470976_00386	ko:K18446
vpl:SA104470976_00387	ko:K03406
vpl:SA104470976_00388	ko:K00982
vpl:SA104470976_00389	ko:K03272
vpl:SA104470976_00390	ko:K12340
vpl:SA104470976_00391	ko:K01515
vpl:SA104470976_00392	ko:K09920
vpl:SA104470976_00393	ko:K03651
vpl:SA104470976_00394	ko:K07000
vpl:SA104470976_00395	ko:K02622
vpl:SA104470976_00396	ko:K02621
vpl:SA104470976_00397	ko:K09862
vpl:SA104470976_00398	ko:K18778
vpl:SA104470976_00399	ko:K00859
vpl:SA104470976_00400	ko:K02654
vpl:SA104470976_00401	ko:K02653
vpl:SA104470976_00402	ko:K02652
vpl:SA104470976_00403	ko:K02650
vpl:SA104470976_00404	ko:K00767
vpl:SA104470976_00405	ko:K03806
vpl:SA104470976_00406	ko:K03840
vpl:SA104470976_00407	ko:K04763
vpl:SA104470976_00408	ko:K03981
vpl:SA104470976_00409	ko:K07462
vpl:SA104470976_00412	ko:K05799
vpl:SA104470976_00413	ko:K00163
vpl:SA104470976_00414	ko:K00627
vpl:SA104470976_00415	ko:K00382
vpl:SA104470976_00417	ko:K03438
vpl:SA104470976_00418	ko:K03586
vpl:SA104470976_00419	ko:K03587
vpl:SA104470976_00420	ko:K01928
vpl:SA104470976_00421	ko:K01929
vpl:SA104470976_00422	ko:K01000
vpl:SA104470976_00423	ko:K01925
vpl:SA104470976_00424	ko:K03588
vpl:SA104470976_00425	ko:K02563
vpl:SA104470976_00426	ko:K01924
vpl:SA104470976_00427	ko:K03589
vpl:SA104470976_00428	ko:K03590
vpl:SA104470976_00429	ko:K03531
vpl:SA104470976_00430	ko:K02535
vpl:SA104470976_00432	ko:K03070
vpl:SA104470976_00433	ko:K03574
vpl:SA104470976_00434	ko:K00215
vpl:SA104470976_00435	ko:K01956
vpl:SA104470976_00436	ko:K01955
vpl:SA104470976_00439	ko:K07090
vpl:SA104470976_00442	ko:K06858
vpl:SA104470976_00443	ko:K02227
vpl:SA104470976_00444	ko:K01243
vpl:SA104470976_00447	ko:K00266
vpl:SA104470976_00448	ko:K00265
vpl:SA104470976_00449	ko:K00266
vpl:SA104470976_00450	ko:K00265
vpl:SA104470976_00451	ko:K07139
vpl:SA104470976_00453	ko:K07648
vpl:SA104470976_00454	ko:K07773
vpl:SA104470976_00456	ko:K02553
vpl:SA104470976_00459	ko:K12524
vpl:SA104470976_00460	ko:K00872
vpl:SA104470976_00461	ko:K01733
vpl:SA104470976_00462	ko:K06866
vpl:SA104470976_00463	ko:K01151
vpl:SA104470976_00464	ko:K03648
vpl:SA104470976_00467	ko:K03310
vpl:SA104470976_00468	ko:K09861
vpl:SA104470976_00470	ko:K03424
vpl:SA104470976_00471	ko:K03317
vpl:SA104470976_00472	ko:K01619
vpl:SA104470976_00473	ko:K00758
vpl:SA104470976_00474	ko:K01839
vpl:SA104470976_00475	ko:K03784
vpl:SA104470976_00476	ko:K07186
vpl:SA104470976_00477	ko:K01079
vpl:SA104470976_00479	ko:K04485
vpl:SA104470976_00480	ko:K02355
vpl:SA104470976_00481	ko:K01897
vpl:SA104470976_00483	ko:K07240
vpl:SA104470976_00484	ko:K01190
vpl:SA104470976_00485	ko:K02529
vpl:SA104470976_00486	ko:K06878
vpl:SA104470976_00488	ko:K16074
vpl:SA104470976_00492	ko:K07234
vpl:SA104470976_00493	ko:K00674
vpl:SA104470976_00494	ko:K09918
vpl:SA104470976_00496	ko:K11041
vpl:SA104470976_00497	ko:K03583
vpl:SA104470976_00498	ko:K03582
vpl:SA104470976_00499	ko:K03581
vpl:SA104470976_00501	ko:K14682
vpl:SA104470976_00503	ko:K08304
vpl:SA104470976_00504	ko:K22132
vpl:SA104470976_00505	ko:K02426
vpl:SA104470976_00506	ko:K01766
vpl:SA104470976_00507	ko:K03152
vpl:SA104470976_00508	ko:K00077
vpl:SA104470976_00509	ko:K05517
vpl:SA104470976_00510	ko:K07157
vpl:SA104470976_00511	ko:K03088
vpl:SA104470976_00512	ko:K07167
vpl:SA104470976_00513	ko:K08218
vpl:SA104470976_00514	ko:K03767
vpl:SA104470976_00515	ko:K07286
vpl:SA104470976_00516	ko:K11391
vpl:SA104470976_00517	ko:K05527
vpl:SA104470976_00518	ko:K00346
vpl:SA104470976_00519	ko:K00347
vpl:SA104470976_00520	ko:K00348
vpl:SA104470976_00521	ko:K00349
vpl:SA104470976_00522	ko:K00350
vpl:SA104470976_00523	ko:K00351
vpl:SA104470976_00524	ko:K03734
vpl:SA104470976_00525	ko:K05952
vpl:SA104470976_00526	ko:K02346
vpl:SA104470976_00528	ko:K20958
vpl:SA104470976_00529	ko:K03308
vpl:SA104470976_00530	ko:K06987
vpl:SA104470976_00531	ko:K05844
vpl:SA104470976_00533	ko:K01270
vpl:SA104470976_00534	ko:K06901
vpl:SA104470976_00535	ko:K00769
vpl:SA104470976_00536	ko:K11750
vpl:SA104470976_00537	ko:K11926
vpl:SA104470976_00538	ko:K00931
vpl:SA104470976_00539	ko:K00147
vpl:SA104470976_00540	ko:K07738
vpl:SA104470976_00541	ko:K11752
vpl:SA104470976_00542	ko:K00793
vpl:SA104470976_00543	ko:K14652
vpl:SA104470976_00544	ko:K00794
vpl:SA104470976_00545	ko:K03625
vpl:SA104470976_00546	ko:K00946
vpl:SA104470976_00547	ko:K01095
vpl:SA104470976_00549	ko:K00990
vpl:SA104470976_00550	ko:K01265
vpl:SA104470976_00552	ko:K02967
vpl:SA104470976_00553	ko:K02357
vpl:SA104470976_00554	ko:K09903
vpl:SA104470976_00555	ko:K02838
vpl:SA104470976_00556	ko:K00806
vpl:SA104470976_00557	ko:K00981
vpl:SA104470976_00558	ko:K00099
vpl:SA104470976_00559	ko:K11749
vpl:SA104470976_00560	ko:K07277
vpl:SA104470976_00561	ko:K06142
vpl:SA104470976_00562	ko:K02536
vpl:SA104470976_00563	ko:K02372
vpl:SA104470976_00564	ko:K00677
vpl:SA104470976_00565	ko:K00748
vpl:SA104470976_00566	ko:K03470
vpl:SA104470976_00567	ko:K02337
vpl:SA104470976_00568	ko:K01962
vpl:SA104470976_00569	ko:K04075
vpl:SA104470976_00571	ko:K13727
vpl:SA104470976_00572	ko:K04751
vpl:SA104470976_00574	ko:K08307
vpl:SA104470976_00575	ko:K01069
vpl:SA104470976_00577	ko:K03469
vpl:SA104470976_00578	ko:K02342
vpl:SA104470976_00580	ko:K06445
vpl:SA104470976_00581	ko:K03271
vpl:SA104470976_00583	ko:K11175
vpl:SA104470976_00584	ko:K01933
vpl:SA104470976_00585	ko:K00761
vpl:SA104470976_00588	ko:K06182
vpl:SA104470976_00591	ko:K14232
vpl:SA104470976_00592	ko:K09973
vpl:SA104470976_00593	ko:K12373
vpl:SA104470976_00595	ko:K17686
vpl:SA104470976_00596	ko:K01885
vpl:SA104470976_00597	ko:K03286
vpl:SA104470976_00599	ko:K02014
vpl:SA104470976_00601	ko:K12237
vpl:SA104470976_00602	ko:K24343
vpl:SA104470976_00603	ko:K24344
vpl:SA104470976_00604	ko:K09860
vpl:SA104470976_00605	ko:K02399
vpl:SA104470976_00606	ko:K02398
vpl:SA104470976_00607	ko:K02386
vpl:SA104470976_00608	ko:K03415
vpl:SA104470976_00609	ko:K00575
vpl:SA104470976_00610	ko:K02387
vpl:SA104470976_00611	ko:K02388
vpl:SA104470976_00612	ko:K02389
vpl:SA104470976_00613	ko:K02390
vpl:SA104470976_00614	ko:K02391
vpl:SA104470976_00615	ko:K02392
vpl:SA104470976_00616	ko:K02393
vpl:SA104470976_00617	ko:K02394
vpl:SA104470976_00618	ko:K02395
vpl:SA104470976_00619	ko:K02396
vpl:SA104470976_00620	ko:K02397
vpl:SA104470976_00621	ko:K02406
vpl:SA104470976_00622	ko:K02406
vpl:SA104470976_00623	ko:K14228
vpl:SA104470976_00624	ko:K14223
vpl:SA104470976_00625	ko:K14228
vpl:SA104470976_00626	ko:K14223
vpl:SA104470976_00627	ko:K14228
vpl:SA104470976_00628	ko:K14230
vpl:SA104470976_00629	ko:K14228
vpl:SA104470976_00630	ko:K14223
vpl:SA104470976_00631	ko:K14228
vpl:SA104470976_00632	ko:K14223
vpl:SA104470976_00633	ko:K14228
vpl:SA104470976_00634	ko:K14230
vpl:SA104470976_00635	ko:K14223
vpl:SA104470976_00636	ko:K14228
vpl:SA104470976_00637	ko:K14228
vpl:SA104470976_00638	ko:K14230
vpl:SA104470976_00639	ko:K06942
vpl:SA104470976_00640	ko:K01056
vpl:SA104470976_00641	ko:K00948
vpl:SA104470976_00642	ko:K00919
vpl:SA104470976_00643	ko:K02494
vpl:SA104470976_00644	ko:K02492
vpl:SA104470976_00645	ko:K02835
vpl:SA104470976_00646	ko:K02493
vpl:SA104470976_00649	ko:K01627
vpl:SA104470976_00650	ko:K11751
vpl:SA104470976_00651	ko:K03976
vpl:SA104470976_00652	ko:K02824
vpl:SA104470976_00653	ko:K09938
vpl:SA104470976_00655	ko:K03809
vpl:SA104470976_00656	ko:K00537
vpl:SA104470976_00657	ko:K01423
vpl:SA104470976_00658	ko:K04085
vpl:SA104470976_00659	ko:K03548
vpl:SA104470976_00660	ko:K03406
vpl:SA104470976_00661	ko:K03564
vpl:SA104470976_00662	ko:K03567
vpl:SA104470976_00663	ko:K01714
vpl:SA104470976_00664	ko:K07287
vpl:SA104470976_00667	ko:K01439
vpl:SA104470976_00672	ko:K07223
vpl:SA104470976_00673	ko:K02406
vpl:SA104470976_00674	ko:K02406
vpl:SA104470976_00675	ko:K02406
vpl:SA104470976_00676	ko:K06603
vpl:SA104470976_00677	ko:K02407
vpl:SA104470976_00678	ko:K06604
vpl:SA104470976_00679	ko:K02422
vpl:SA104470976_00680	ko:K10941
vpl:SA104470976_00681	ko:K10942
vpl:SA104470976_00682	ko:K10943
vpl:SA104470976_00684	ko:K02408
vpl:SA104470976_00685	ko:K02409
vpl:SA104470976_00686	ko:K02410
vpl:SA104470976_00687	ko:K02411
vpl:SA104470976_00688	ko:K02412
vpl:SA104470976_00689	ko:K02413
vpl:SA104470976_00690	ko:K02414
vpl:SA104470976_00691	ko:K02415
vpl:SA104470976_00692	ko:K02416
vpl:SA104470976_00693	ko:K02417
vpl:SA104470976_00694	ko:K02418
vpl:SA104470976_00695	ko:K02419
vpl:SA104470976_00696	ko:K02420
vpl:SA104470976_00697	ko:K02421
vpl:SA104470976_00698	ko:K02401
vpl:SA104470976_00700	ko:K07320
vpl:SA104470976_00701	ko:K01736
vpl:SA104470976_00703	ko:K09906
vpl:SA104470976_00706	ko:K15461
vpl:SA104470976_00707	ko:K00647
vpl:SA104470976_00708	ko:K03473
vpl:SA104470976_00709	ko:K00133
vpl:SA104470976_00710	ko:K03711
vpl:SA104470976_00713	ko:K06518
vpl:SA104470976_00715	ko:K03839
vpl:SA104470976_00717	ko:K01175
vpl:SA104470976_00718	ko:K03645
vpl:SA104470976_00719	ko:K01835
vpl:SA104470976_00720	ko:K09977
vpl:SA104470976_00722	ko:K01647
vpl:SA104470976_00723	ko:K00241
vpl:SA104470976_00724	ko:K00242
vpl:SA104470976_00725	ko:K00239
vpl:SA104470976_00726	ko:K00240
vpl:SA104470976_00727	ko:K00164
vpl:SA104470976_00728	ko:K00658
vpl:SA104470976_00729	ko:K01903
vpl:SA104470976_00730	ko:K01902
vpl:SA104470976_00731	ko:K09816
vpl:SA104470976_00732	ko:K09817
vpl:SA104470976_00733	ko:K09815
vpl:SA104470976_00734	ko:K19693
vpl:SA104470976_00736	ko:K04758
vpl:SA104470976_00737	ko:K04759
vpl:SA104470976_00738	ko:K10123
vpl:SA104470976_00740	ko:K01887
vpl:SA104470976_00741	ko:K09907
vpl:SA104470976_00743	ko:K08296
vpl:SA104470976_00744	ko:K02400
vpl:SA104470976_00745	ko:K02404
vpl:SA104470976_00746	ko:K04562
vpl:SA104470976_00747	ko:K02405
vpl:SA104470976_00748	ko:K03413
vpl:SA104470976_00749	ko:K03414
vpl:SA104470976_00750	ko:K03407
vpl:SA104470976_00751	ko:K03412
vpl:SA104470976_00752	ko:K03496
vpl:SA104470976_00753	ko:K03408
vpl:SA104470976_00754	ko:K03408
vpl:SA104470976_00756	ko:K02193
vpl:SA104470976_00757	ko:K02194
vpl:SA104470976_00758	ko:K02195
vpl:SA104470976_00759	ko:K02196
vpl:SA104470976_00760	ko:K02197
vpl:SA104470976_00761	ko:K02198
vpl:SA104470976_00762	ko:K02199
vpl:SA104470976_00763	ko:K02200
vpl:SA104470976_00765	ko:K04754
vpl:SA104470976_00768	ko:K04564
vpl:SA104470976_00769	ko:K07390
vpl:SA104470976_00770	ko:K03169
vpl:SA104470976_00772	ko:K14233
vpl:SA104470976_00773	ko:K14232
vpl:SA104470976_00774	ko:K07014
vpl:SA104470976_00775	ko:K09904
vpl:SA104470976_00776	ko:K06899
vpl:SA104470976_00778	ko:K03315
vpl:SA104470976_00779	ko:K00133
vpl:SA104470976_00781	ko:K04072
vpl:SA104470976_00783	ko:K03321
vpl:SA104470976_00784	ko:K08300
vpl:SA104470976_00785	ko:K06179
vpl:SA104470976_00786	ko:K25422
vpl:SA104470976_00787	ko:K07040
vpl:SA104470976_00788	ko:K02911
vpl:SA104470976_00789	ko:K03621
vpl:SA104470976_00790	ko:K00648
vpl:SA104470976_00791	ko:K00645
vpl:SA104470976_00792	ko:K00059
vpl:SA104470976_00793	ko:K02078
vpl:SA104470976_00794	ko:K09458
vpl:SA104470976_00795	ko:K02619
vpl:SA104470976_00796	ko:K07082
vpl:SA104470976_00797	ko:K00943
vpl:SA104470976_00798	ko:K02341
vpl:SA104470976_00799	ko:K03424
vpl:SA104470976_00800	ko:K02779
vpl:SA104470976_00801	ko:K06940
vpl:SA104470976_00802	ko:K09160
vpl:SA104470976_00804	ko:K04774
vpl:SA104470976_00805	ko:K28981
vpl:SA104470976_00806	ko:K05800
vpl:SA104470976_00807	ko:K10805
vpl:SA104470976_00808	ko:K09914
vpl:SA104470976_00809	ko:K07443
vpl:SA104470976_00811	ko:K20957
vpl:SA104470976_00814	ko:K18143
vpl:SA104470976_00815	ko:K18144
vpl:SA104470976_00816	ko:K18145
vpl:SA104470976_00817	ko:K18146
vpl:SA104470976_00818	ko:K18139
vpl:SA104470976_00820	ko:K03892
vpl:SA104470976_00821	ko:K25224
vpl:SA104470976_00823	ko:K25223
vpl:SA104470976_00824	ko:K21606
vpl:SA104470976_00825	ko:K07052
vpl:SA104470976_00829	ko:K07566
vpl:SA104470976_00830	ko:K20976
vpl:SA104470976_00832	ko:K03413
vpl:SA104470976_00833	ko:K03410
vpl:SA104470976_00834	ko:K02482
vpl:SA104470976_00840	ko:K15580
vpl:SA104470976_00841	ko:K15581
vpl:SA104470976_00842	ko:K15582
vpl:SA104470976_00843	ko:K15583
vpl:SA104470976_00844	ko:K10823
vpl:SA104470976_00845	ko:K07393
vpl:SA104470976_00846	ko:K13788
vpl:SA104470976_00847	ko:K00925
vpl:SA104470976_00848	ko:K09899
vpl:SA104470976_00850	ko:K01989
vpl:SA104470976_00851	ko:K05832
vpl:SA104470976_00852	ko:K05833
vpl:SA104470976_00853	ko:K20955
vpl:SA104470976_00854	ko:K05541
vpl:SA104470976_00855	ko:K07039
vpl:SA104470976_00856	ko:K03634
vpl:SA104470976_00857	ko:K07478
vpl:SA104470976_00858	ko:K01875
vpl:SA104470976_00859	ko:K00833
vpl:SA104470976_00860	ko:K01012
vpl:SA104470976_00861	ko:K00652
vpl:SA104470976_00862	ko:K02169
vpl:SA104470976_00863	ko:K01935
vpl:SA104470976_00865	ko:K03799
vpl:SA104470976_00868	ko:K06954
vpl:SA104470976_00869	ko:K09701
vpl:SA104470976_00870	ko:K00574
vpl:SA104470976_00874	ko:K01756
vpl:SA104470976_00875	ko:K07153
vpl:SA104470976_00876	ko:K00566
vpl:SA104470976_00877	ko:K00892
vpl:SA104470976_00878	ko:K03746
vpl:SA104470976_00880	ko:K18218
vpl:SA104470976_00882	ko:K00765
vpl:SA104470976_00884	ko:K00013
vpl:SA104470976_00885	ko:K00817
vpl:SA104470976_00886	ko:K01089
vpl:SA104470976_00887	ko:K02501
vpl:SA104470976_00888	ko:K01814
vpl:SA104470976_00889	ko:K02500
vpl:SA104470976_00890	ko:K11755
vpl:SA104470976_00892	ko:K06181
vpl:SA104470976_00893	ko:K00031
vpl:SA104470976_00894	ko:K03704
vpl:SA104470976_00895	ko:K06891
vpl:SA104470976_00896	ko:K03694
vpl:SA104470976_00897	ko:K07085
vpl:SA104470976_00898	ko:K03674
vpl:SA104470976_00900	ko:K19337
vpl:SA104470976_00901	ko:K24264
vpl:SA104470976_00903	ko:K28370
vpl:SA104470976_00905	ko:K07343
vpl:SA104470976_00910	ko:K00831
vpl:SA104470976_00914	ko:K15257
vpl:SA104470976_00915	ko:K15256
vpl:SA104470976_00917	ko:K01876
vpl:SA104470976_00918	ko:K00857
vpl:SA104470976_00920	ko:K01695
vpl:SA104470976_00921	ko:K01696
vpl:SA104470976_00922	ko:K13498
vpl:SA104470976_00923	ko:K00766
vpl:SA104470976_00924	ko:K01658
vpl:SA104470976_00925	ko:K01657
vpl:SA104470976_00927	ko:K07053
vpl:SA104470976_00929	ko:K06178
vpl:SA104470976_00930	ko:K16012
vpl:SA104470976_00931	ko:K16013
vpl:SA104470976_00932	ko:K00384
vpl:SA104470976_00936	ko:K03748
vpl:SA104470976_00938	ko:K00027
vpl:SA104470976_00940	ko:K01923
vpl:SA104470976_00941	ko:K13053
vpl:SA104470976_00943	ko:K07126
vpl:SA104470976_00947	ko:K26063
vpl:SA104470976_00950	ko:K28164
vpl:SA104470976_00952	ko:K01745
vpl:SA104470976_00953	ko:K01712
vpl:SA104470976_00954	ko:K01479
vpl:SA104470976_00955	ko:K01468
vpl:SA104470976_00956	ko:K05836
vpl:SA104470976_00958	ko:K09901
vpl:SA104470976_00959	ko:K02356
vpl:SA104470976_00962	ko:K02336
vpl:SA104470976_00963	ko:K07689
vpl:SA104470976_00964	ko:K03703
vpl:SA104470976_00965	ko:K00995
vpl:SA104470976_00966	ko:K14222
vpl:SA104470976_00967	ko:K14225
vpl:SA104470976_00968	ko:K14228
vpl:SA104470976_00969	ko:K14225
vpl:SA104470976_00971	ko:K03828
vpl:SA104470976_00972	ko:K01889
vpl:SA104470976_00973	ko:K01890
vpl:SA104470976_00974	ko:K04764
vpl:SA104470976_00977	ko:K00569
vpl:SA104470976_00978	ko:K08289
vpl:SA104470976_00979	ko:K24180
vpl:SA104470976_00980	ko:K01489
vpl:SA104470976_00982	ko:K06518
vpl:SA104470976_00983	ko:K01141
vpl:SA104470976_00984	ko:K06956
vpl:SA104470976_00985	ko:K00768
vpl:SA104470976_00986	ko:K02233
vpl:SA104470976_00987	ko:K02231
vpl:SA104470976_00988	ko:K02226
vpl:SA104470976_00989	ko:K05526
vpl:SA104470976_00990	ko:K06073
vpl:SA104470976_00991	ko:K06074
vpl:SA104470976_00994	ko:K03406
vpl:SA104470976_00999	ko:K11107
vpl:SA104470976_01000	ko:K00526
vpl:SA104470976_01001	ko:K00525
vpl:SA104470976_01002	ko:K00568
vpl:SA104470976_01003	ko:K02469
vpl:SA104470976_01004	ko:K07146
vpl:SA104470976_01006	ko:K03291
vpl:SA104470976_01008	ko:K01497
vpl:SA104470976_01009	ko:K07231
vpl:SA104470976_01011	ko:K07338
vpl:SA104470976_01012	ko:K09947
vpl:SA104470976_01013	ko:K21470
vpl:SA104470976_01015	ko:K01069
vpl:SA104470976_01018	ko:K11688
vpl:SA104470976_01019	ko:K11689
vpl:SA104470976_01020	ko:K11690
vpl:SA104470976_01021	ko:K02480
vpl:SA104470976_01022	ko:K07684
vpl:SA104470976_01024	ko:K03451
vpl:SA104470976_01025	ko:K18454
vpl:SA104470976_01026	ko:K02760
vpl:SA104470976_01028	ko:K02761
vpl:SA104470976_01029	ko:K02759
vpl:SA104470976_01030	ko:K01222
vpl:SA104470976_01033	ko:K03669
vpl:SA104470976_01034	ko:K03670
vpl:SA104470976_01035	ko:K03406
vpl:SA104470976_01036	ko:K02342
vpl:SA104470976_01038	ko:K07182
vpl:SA104470976_01039	ko:K00832
vpl:SA104470976_01041	ko:K00941
vpl:SA104470976_01042	ko:K01893
vpl:SA104470976_01043	ko:K03406
vpl:SA104470976_01044	ko:K01737
vpl:SA104470976_01045	ko:K18139
vpl:SA104470976_01046	ko:K05685
vpl:SA104470976_01047	ko:K13888
vpl:SA104470976_01048	ko:K01752
vpl:SA104470976_01049	ko:K03837
vpl:SA104470976_01051	ko:K01665
vpl:SA104470976_01052	ko:K01676
vpl:SA104470976_01054	ko:K06918
vpl:SA104470976_01055	ko:K08990
vpl:SA104470976_01056	ko:K03721
vpl:SA104470976_01057	ko:K03790
vpl:SA104470976_01059	ko:K11939
vpl:SA104470976_01060	ko:K25317
vpl:SA104470976_01061	ko:K03406
vpl:SA104470976_01062	ko:K14445
vpl:SA104470976_01064	ko:K03413
vpl:SA104470976_01065	ko:K09824
vpl:SA104470976_01066	ko:K07274
vpl:SA104470976_01067	ko:K07639
vpl:SA104470976_01068	ko:K07661
vpl:SA104470976_01070	ko:K05952
vpl:SA104470976_01072	ko:K10540
vpl:SA104470976_01073	ko:K10542
vpl:SA104470976_01074	ko:K10541
vpl:SA104470976_01080	ko:K07793
vpl:SA104470976_01081	ko:K07794
vpl:SA104470976_01082	ko:K07795
vpl:SA104470976_01084	ko:K03417
vpl:SA104470976_01085	ko:K01659
vpl:SA104470976_01087	ko:K20455
vpl:SA104470976_01088	ko:K09788
vpl:SA104470976_01089	ko:K01908
vpl:SA104470976_01092	ko:K01258
vpl:SA104470976_01094	ko:K00457
vpl:SA104470976_01095	ko:K00451
vpl:SA104470976_01096	ko:K16171
vpl:SA104470976_01097	ko:K01800
vpl:SA104470976_01098	ko:K07814
vpl:SA104470976_01100	ko:K24138
vpl:SA104470976_01102	ko:K06969
vpl:SA104470976_01103	ko:K01512
vpl:SA104470976_01104	ko:K11179
vpl:SA104470976_01105	ko:K19416
vpl:SA104470976_01106	ko:K09972
vpl:SA104470976_01107	ko:K09971
vpl:SA104470976_01108	ko:K09970
vpl:SA104470976_01109	ko:K09969
vpl:SA104470976_01110	ko:K24866
vpl:SA104470976_01112	ko:K10026
vpl:SA104470976_01113	ko:K06920
vpl:SA104470976_01123	ko:K20959
vpl:SA104470976_01129	ko:K03578
vpl:SA104470976_01132	ko:K04046
vpl:SA104470976_01133	ko:K03800
vpl:SA104470976_01134	ko:K12960
vpl:SA104470976_01137	ko:K01669
vpl:SA104470976_01139	ko:K11741
vpl:SA104470976_01140	ko:K03406
vpl:SA104470976_01141	ko:K03413
vpl:SA104470976_01143	ko:K03407
vpl:SA104470976_01144	ko:K03413
vpl:SA104470976_01145	ko:K00575
vpl:SA104470976_01147	ko:K03412
vpl:SA104470976_01148	ko:K03408
vpl:SA104470976_01149	ko:K03406
vpl:SA104470976_01150	ko:K03406
vpl:SA104470976_01151	ko:K03406
vpl:SA104470976_01152	ko:K11927
vpl:SA104470976_01154	ko:K18139
vpl:SA104470976_01155	ko:K03543
vpl:SA104470976_01156	ko:K03446
vpl:SA104470976_01172	ko:K01299
vpl:SA104470976_01173	ko:K11903
vpl:SA104470976_01174	ko:K11904
vpl:SA104470976_01180	ko:K07483
vpl:SA104470976_01181	ko:K07497
vpl:SA104470976_01183	ko:K03310
vpl:SA104470976_01187	ko:K11069
vpl:SA104470976_01188	ko:K11069
vpl:SA104470976_01189	ko:K11070
vpl:SA104470976_01190	ko:K11071
vpl:SA104470976_01191	ko:K11072
vpl:SA104470976_01193	ko:K03796
vpl:SA104470976_01195	ko:K14058
vpl:SA104470976_01196	ko:K14055
vpl:SA104470976_01197	ko:K01420
vpl:SA104470976_01198	ko:K09792
vpl:SA104470976_01200	ko:K01533
vpl:SA104470976_01201	ko:K09926
vpl:SA104470976_01202	ko:K00406
vpl:SA104470976_01203	ko:K00407
vpl:SA104470976_01204	ko:K00405
vpl:SA104470976_01205	ko:K00404
vpl:SA104470976_01209	ko:K12531
vpl:SA104470976_01210	ko:K12532
vpl:SA104470976_01211	ko:K12530
vpl:SA104470976_01213	ko:K07389
vpl:SA104470976_01214	ko:K10953
vpl:SA104470976_01217	ko:K09911
vpl:SA104470976_01218	ko:K04770
vpl:SA104470976_01219	ko:K01716
vpl:SA104470976_01220	ko:K03812
vpl:SA104470976_01222	ko:K15738
vpl:SA104470976_01224	ko:K12297
vpl:SA104470976_01226	ko:K18657
vpl:SA104470976_01227	ko:K00254
vpl:SA104470976_01228	ko:K15371
vpl:SA104470976_01229	ko:K01256
vpl:SA104470976_01231	ko:K03797
vpl:SA104470976_01232	ko:K03607
vpl:SA104470976_01233	ko:K08968
vpl:SA104470976_01235	ko:K03808
vpl:SA104470976_01236	ko:K06192
vpl:SA104470976_01237	ko:K11392
vpl:SA104470976_01239	ko:K00243
vpl:SA104470976_01242	ko:K01626
vpl:SA104470976_01243	ko:K09767
vpl:SA104470976_01244	ko:K12410
vpl:SA104470976_01246	ko:K00127
vpl:SA104470976_01247	ko:K00124
vpl:SA104470976_01248	ko:K00123
vpl:SA104470976_01255	ko:K02379
vpl:SA104470976_01258	ko:K02482
vpl:SA104470976_01260	ko:K05772
vpl:SA104470976_01261	ko:K05773
vpl:SA104470976_01262	ko:K06857
vpl:SA104470976_01263	ko:K03752
vpl:SA104470976_01264	ko:K03750
vpl:SA104470976_01266	ko:K28207
vpl:SA104470976_01267	ko:K05812
vpl:SA104470976_01271	ko:K13695
vpl:SA104470976_01275	ko:K26939
vpl:SA104470976_01278	ko:K26441
vpl:SA104470976_01280	ko:K03832
vpl:SA104470976_01281	ko:K03559
vpl:SA104470976_01282	ko:K03561
vpl:SA104470976_01283	ko:K03561
vpl:SA104470976_01285	ko:K05813
vpl:SA104470976_01286	ko:K05814
vpl:SA104470976_01287	ko:K05815
vpl:SA104470976_01288	ko:K05816
vpl:SA104470976_01289	ko:K02444
vpl:SA104470976_01290	ko:K01126
vpl:SA104470976_01291	ko:K19334
vpl:SA104470976_01293	ko:K02529
vpl:SA104470976_01294	ko:K01223
vpl:SA104470976_01295	ko:K03782
vpl:SA104470976_01297	ko:K02005
vpl:SA104470976_01298	ko:K12340
vpl:SA104470976_01299	ko:K02004
vpl:SA104470976_01300	ko:K02004
vpl:SA104470976_01301	ko:K02003
vpl:SA104470976_01302	ko:K00426
vpl:SA104470976_01303	ko:K00425
vpl:SA104470976_01305	ko:K01679
vpl:SA104470976_01306	ko:K09922
vpl:SA104470976_01308	ko:K09900
vpl:SA104470976_01311	ko:K02364
vpl:SA104470976_01314	ko:K01575
vpl:SA104470976_01315	ko:K01652
vpl:SA104470976_01316	ko:K18009
vpl:SA104470976_01317	ko:K20963
vpl:SA104470976_01318	ko:K20954
vpl:SA104470976_01319	ko:K01785
vpl:SA104470976_01320	ko:K00849
vpl:SA104470976_01321	ko:K00965
vpl:SA104470976_01323	ko:K02030
vpl:SA104470976_01324	ko:K14237
vpl:SA104470976_01325	ko:K14237
vpl:SA104470976_01330	ko:K03415
vpl:SA104470976_01332	ko:K02475
vpl:SA104470976_01333	ko:K02476
vpl:SA104470976_01335	ko:K12340
vpl:SA104470976_01336	ko:K01993
vpl:SA104470976_01337	ko:K01992
vpl:SA104470976_01338	ko:K01992
vpl:SA104470976_01340	ko:K00651
vpl:SA104470976_01341	ko:K02656
vpl:SA104470976_01343	ko:K06970
vpl:SA104470976_01345	ko:K07043
vpl:SA104470976_01348	ko:K08224
vpl:SA104470976_01349	ko:K09941
vpl:SA104470976_01350	ko:K07495
vpl:SA104470976_01353	ko:K12543
vpl:SA104470976_01355	ko:K13747
vpl:SA104470976_01356	ko:K13746
vpl:SA104470976_01357	ko:K00836
vpl:SA104470976_01359	ko:K03313
vpl:SA104470976_01361	ko:K02004
vpl:SA104470976_01362	ko:K02003
vpl:SA104470976_01363	ko:K26937
vpl:SA104470976_01366	ko:K07552
vpl:SA104470976_01367	ko:K06183
vpl:SA104470976_01368	ko:K19789
vpl:SA104470976_01371	ko:K02483
vpl:SA104470976_01373	ko:K02897
vpl:SA104470976_01376	ko:K03406
vpl:SA104470976_01379	ko:K11020
vpl:SA104470976_01380	ko:K07025
vpl:SA104470976_01383	ko:K28164
vpl:SA104470976_01384	ko:K01387
vpl:SA104470976_01386	ko:K13246
vpl:SA104470976_01387	ko:K07679
vpl:SA104470976_01389	ko:K06213
vpl:SA104470976_01391	ko:K03837
vpl:SA104470976_01393	ko:K06938
vpl:SA104470976_01394	ko:K03668
vpl:SA104470976_01395	ko:K05777
vpl:SA104470976_01396	ko:K05778
vpl:SA104470976_01397	ko:K05779
vpl:SA104470976_01399	ko:K06177
vpl:SA104470976_01400	ko:K03308
vpl:SA104470976_01401	ko:K06131
vpl:SA104470976_01402	ko:K01760
vpl:SA104470976_01403	ko:K03455
vpl:SA104470976_01405	ko:K01246
vpl:SA104470976_01409	ko:K03973
vpl:SA104470976_01410	ko:K03970
vpl:SA104470976_01411	ko:K03969
vpl:SA104470976_01412	ko:K03974
vpl:SA104470976_01413	ko:K19226
vpl:SA104470976_01415	ko:K19227
vpl:SA104470976_01416	ko:K19228
vpl:SA104470976_01417	ko:K19229
vpl:SA104470976_01418	ko:K19230
vpl:SA104470976_01421	ko:K15986
vpl:SA104470976_01423	ko:K07407
vpl:SA104470976_01424	ko:K06212
vpl:SA104470976_01429	ko:K06190
vpl:SA104470976_01430	ko:K10806
vpl:SA104470976_01431	ko:K09780
vpl:SA104470976_01433	ko:K00549
vpl:SA104470976_01434	ko:K03576
vpl:SA104470976_01437	ko:K07263
vpl:SA104470976_01441	ko:K03719
vpl:SA104470976_01442	ko:K03632
vpl:SA104470976_01443	ko:K03804
vpl:SA104470976_01444	ko:K03633
vpl:SA104470976_01445	ko:K06219
vpl:SA104470976_01447	ko:K03604
vpl:SA104470976_01449	ko:K07343
vpl:SA104470976_01453	ko:K00703
vpl:SA104470976_01454	ko:K00975
vpl:SA104470976_01455	ko:K03168
vpl:SA104470976_01457	ko:K00800
vpl:SA104470976_01458	ko:K00684
vpl:SA104470976_01459	ko:K21420
vpl:SA104470976_01460	ko:K02518
vpl:SA104470976_01461	ko:K00209
vpl:SA104470976_01462	ko:K06445
vpl:SA104470976_01467	ko:K00135
vpl:SA104470976_01468	ko:K19736
vpl:SA104470976_01469	ko:K03808
vpl:SA104470976_01470	ko:K06192
vpl:SA104470976_01471	ko:K09857
vpl:SA104470976_01474	ko:K14233
vpl:SA104470976_01476	ko:K07483
vpl:SA104470976_01477	ko:K07497
vpl:SA104470976_01485	ko:K03224
vpl:SA104470976_01486	ko:K03219
vpl:SA104470976_01498	ko:K03230
vpl:SA104470976_01515	ko:K08598
vpl:SA104470976_01523	ko:K10939
vpl:SA104470976_01530	ko:K25656
vpl:SA104470976_01534	ko:K02768
vpl:SA104470976_01535	ko:K11203
vpl:SA104470976_01538	ko:K11203
vpl:SA104470976_01539	ko:K02769
vpl:SA104470976_01540	ko:K02806
vpl:SA104470976_01543	ko:K01809
vpl:SA104470976_01544	ko:K28156
vpl:SA104470976_01546	ko:K07039
vpl:SA104470976_01547	ko:K03517
vpl:SA104470976_01549	ko:K03640
vpl:SA104470976_01550	ko:K03641
vpl:SA104470976_01551	ko:K03646
vpl:SA104470976_01552	ko:K03560
vpl:SA104470976_01553	ko:K03562
vpl:SA104470976_01554	ko:K07107
vpl:SA104470976_01555	ko:K00424
vpl:SA104470976_01556	ko:K00426
vpl:SA104470976_01557	ko:K00425
vpl:SA104470976_01558	ko:K03551
vpl:SA104470976_01559	ko:K03550
vpl:SA104470976_01560	ko:K01159
vpl:SA104470976_01561	ko:K01883
vpl:SA104470976_01562	ko:K03768
vpl:SA104470976_01563	ko:K03269
vpl:SA104470976_01565	ko:K09858
vpl:SA104470976_01566	ko:K09909
vpl:SA104470976_01567	ko:K10940
vpl:SA104470976_01568	ko:K03722
vpl:SA104470976_01569	ko:K07090
vpl:SA104470976_01570	ko:K04067
vpl:SA104470976_01572	ko:K03406
vpl:SA104470976_01573	ko:K01142
vpl:SA104470976_01574	ko:K10023
vpl:SA104470976_01575	ko:K10024
vpl:SA104470976_01576	ko:K10022
vpl:SA104470976_01577	ko:K10025
vpl:SA104470976_01579	ko:K00656
vpl:SA104470976_01580	ko:K09953
vpl:SA104470976_01581	ko:K03406
vpl:SA104470976_01582	ko:K04069
vpl:SA104470976_01584	ko:K09161
vpl:SA104470976_01585	ko:K07180
vpl:SA104470976_01586	ko:K09786
vpl:SA104470976_01587	ko:K06415
vpl:SA104470976_01588	ko:K00979
vpl:SA104470976_01589	ko:K09791
vpl:SA104470976_01590	ko:K00912
vpl:SA104470976_01591	ko:K11085
vpl:SA104470976_01592	ko:K02238
vpl:SA104470976_01593	ko:K09928
vpl:SA104470976_01594	ko:K09808
vpl:SA104470976_01595	ko:K09810
vpl:SA104470976_01596	ko:K09808
vpl:SA104470976_01598	ko:K03723
vpl:SA104470976_01600	ko:K20951
vpl:SA104470976_01601	ko:K20951
vpl:SA104470976_01604	ko:K03885
vpl:SA104470976_01605	ko:K07000
vpl:SA104470976_01607	ko:K07337
vpl:SA104470976_01609	ko:K09859
vpl:SA104470976_01610	ko:K02503
vpl:SA104470976_01611	ko:K03406
vpl:SA104470976_01613	ko:K03603
vpl:SA104470976_01614	ko:K03314
vpl:SA104470976_01615	ko:K03611
vpl:SA104470976_01616	ko:K03466
vpl:SA104470976_01617	ko:K03719
vpl:SA104470976_01618	ko:K00259
vpl:SA104470976_01620	ko:K13634
vpl:SA104470976_01622	ko:K06169
vpl:SA104470976_01623	ko:K01591
vpl:SA104470976_01624	ko:K19804
vpl:SA104470976_01625	ko:K08992
vpl:SA104470976_01626	ko:K05788
vpl:SA104470976_01627	ko:K02945
vpl:SA104470976_01628	ko:K00945
vpl:SA104470976_01629	ko:K02237
vpl:SA104470976_01630	ko:K03770
vpl:SA104470976_01631	ko:K03530
vpl:SA104470976_01632	ko:K01338
vpl:SA104470976_01633	ko:K03544
vpl:SA104470976_01634	ko:K01358
vpl:SA104470976_01635	ko:K03545
vpl:SA104470976_01636	ko:K10125
vpl:SA104470976_01637	ko:K10126
vpl:SA104470976_01638	ko:K11690
vpl:SA104470976_01639	ko:K11689
vpl:SA104470976_01640	ko:K11688
vpl:SA104470976_01641	ko:K08997
vpl:SA104470976_01645	ko:K07107
vpl:SA104470976_01646	ko:K05834
vpl:SA104470976_01648	ko:K14219
vpl:SA104470976_01649	ko:K01491
vpl:SA104470976_01651	ko:K22874
vpl:SA104470976_01656	ko:K07812
vpl:SA104470976_01657	ko:K07821
vpl:SA104470976_01658	ko:K03317
vpl:SA104470976_01660	ko:K08305
vpl:SA104470976_01661	ko:K09902
vpl:SA104470976_01662	ko:K03610
vpl:SA104470976_01663	ko:K03609
vpl:SA104470976_01664	ko:K03608
vpl:SA104470976_01667	ko:K09948
vpl:SA104470976_01674	ko:K23779
vpl:SA104470976_01675	ko:K05782
vpl:SA104470976_01676	ko:K01911
vpl:SA104470976_01677	ko:K02549
vpl:SA104470976_01678	ko:K01661
vpl:SA104470976_01679	ko:K08680
vpl:SA104470976_01680	ko:K02551
vpl:SA104470976_01681	ko:K02552
vpl:SA104470976_01682	ko:K14260
vpl:SA104470976_01683	ko:K08722
vpl:SA104470976_01684	ko:K01129
vpl:SA104470976_01685	ko:K05812
vpl:SA104470976_01686	ko:K28165
vpl:SA104470976_01687	ko:K03684
vpl:SA104470976_01688	ko:K01897
vpl:SA104470976_01690	ko:K07285
vpl:SA104470976_01692	ko:K14742
vpl:SA104470976_01693	ko:K03722
vpl:SA104470976_01695	ko:K01433
vpl:SA104470976_01696	ko:K00219
vpl:SA104470976_01697	ko:K04773
vpl:SA104470976_01698	ko:K01424
vpl:SA104470976_01699	ko:K09916
vpl:SA104470976_01701	ko:K07305
vpl:SA104470976_01702	ko:K00134
vpl:SA104470976_01703	ko:K01792
vpl:SA104470976_01705	ko:K00563
vpl:SA104470976_01708	ko:K03415
vpl:SA104470976_01709	ko:K15545
vpl:SA104470976_01710	ko:K00873
vpl:SA104470976_01714	ko:K03308
vpl:SA104470976_01715	ko:K06187
vpl:SA104470976_01716	ko:K09747
vpl:SA104470976_01717	ko:K02343
vpl:SA104470976_01718	ko:K00759
vpl:SA104470976_01719	ko:K09790
vpl:SA104470976_01722	ko:K10918
vpl:SA104470976_01724	ko:K01782
vpl:SA104470976_01725	ko:K00632
vpl:SA104470976_01726	ko:K03088
vpl:SA104470976_01729	ko:K06076
vpl:SA104470976_01732	ko:K25307
vpl:SA104470976_01733	ko:K19221
vpl:SA104470976_01734	ko:K07289
vpl:SA104470976_01735	ko:K00876
vpl:SA104470976_01736	ko:K03593
vpl:SA104470976_01737	ko:K01874
vpl:SA104470976_01739	ko:K00757
vpl:SA104470976_01740	ko:K01534
vpl:SA104470976_01743	ko:K03635
vpl:SA104470976_01744	ko:K03636
vpl:SA104470976_01745	ko:K03637
vpl:SA104470976_01746	ko:K03638
vpl:SA104470976_01749	ko:K10911
vpl:SA104470976_01753	ko:K03702
vpl:SA104470976_01754	ko:K14220
vpl:SA104470976_01755	ko:K03617
vpl:SA104470976_01756	ko:K03616
vpl:SA104470976_01757	ko:K03615
vpl:SA104470976_01758	ko:K03614
vpl:SA104470976_01759	ko:K03612
vpl:SA104470976_01760	ko:K03613
vpl:SA104470976_01761	ko:K10773
vpl:SA104470976_01762	ko:K01759
vpl:SA104470976_01764	ko:K21218
vpl:SA104470976_01766	ko:K03683
vpl:SA104470976_01767	ko:K07084
vpl:SA104470976_01768	ko:K00764
vpl:SA104470976_01769	ko:K03558
vpl:SA104470976_01770	ko:K03749
vpl:SA104470976_01771	ko:K11754
vpl:SA104470976_01772	ko:K01963
vpl:SA104470976_01773	ko:K06173
vpl:SA104470976_01775	ko:K01886
vpl:SA104470976_01776	ko:K02804
vpl:SA104470976_01777	ko:K01443
vpl:SA104470976_01778	ko:K02565
vpl:SA104470976_01780	ko:K01953
vpl:SA104470976_01781	ko:K05785
vpl:SA104470976_01782	ko:K03305
vpl:SA104470976_01783	ko:K01772
vpl:SA104470976_01784	ko:K00939
vpl:SA104470976_01785	ko:K04079
vpl:SA104470976_01786	ko:K10921
vpl:SA104470976_01787	ko:K10922
vpl:SA104470976_01788	ko:K07401
vpl:SA104470976_01789	ko:K07095
vpl:SA104470976_01790	ko:K07071
vpl:SA104470976_01792	ko:K05838
vpl:SA104470976_01794	ko:K07340
vpl:SA104470976_01795	ko:K19591
vpl:SA104470976_01798	ko:K01972
vpl:SA104470976_01799	ko:K03528
vpl:SA104470976_01800	ko:K06203
vpl:SA104470976_01801	ko:K01738
vpl:SA104470976_01802	ko:K02784
vpl:SA104470976_01803	ko:K08483
vpl:SA104470976_01804	ko:K02777
vpl:SA104470976_01805	ko:K03184
vpl:SA104470976_01806	ko:K06168
vpl:SA104470976_01807	ko:K06217
vpl:SA104470976_01808	ko:K07042
vpl:SA104470976_01809	ko:K06189
vpl:SA104470976_01810	ko:K03820
vpl:SA104470976_01812	ko:K01869
vpl:SA104470976_01813	ko:K03643
vpl:SA104470976_01814	ko:K02340
vpl:SA104470976_01815	ko:K09710
vpl:SA104470976_01816	ko:K00783
vpl:SA104470976_01817	ko:K05515
vpl:SA104470976_01818	ko:K05837
vpl:SA104470976_01819	ko:K03642
vpl:SA104470976_01820	ko:K07258
vpl:SA104470976_01821	ko:K09158
vpl:SA104470976_01822	ko:K03801
vpl:SA104470976_01823	ko:K03644
vpl:SA104470976_01825	ko:K00600
vpl:SA104470976_01827	ko:K20950
vpl:SA104470976_01828	ko:K20949
vpl:SA104470976_01829	ko:K16554
vpl:SA104470976_01830	ko:K20988
vpl:SA104470976_01831	ko:K20920
vpl:SA104470976_01832	ko:K03606
vpl:SA104470976_01835	ko:K20952
vpl:SA104470976_01837	ko:K20953
vpl:SA104470976_01838	ko:K25886
vpl:SA104470976_01839	ko:K20948
vpl:SA104470976_01842	ko:K00640
vpl:SA104470976_01843	ko:K20947
vpl:SA104470976_01845	ko:K20921
vpl:SA104470976_01846	ko:K00640
vpl:SA104470976_01847	ko:K02472
vpl:SA104470976_01848	ko:K01791
vpl:SA104470976_01849	ko:K20945
vpl:SA104470976_01850	ko:K18138
vpl:SA104470976_01851	ko:K03585
vpl:SA104470976_01852	ko:K14236
vpl:SA104470976_01853	ko:K14236
vpl:SA104470976_01854	ko:K14236
vpl:SA104470976_01855	ko:K14236
vpl:SA104470976_01856	ko:K01226
vpl:SA104470976_01857	ko:K02819
vpl:SA104470976_01858	ko:K03485
vpl:SA104470976_01859	ko:K03273
vpl:SA104470976_01860	ko:K02071
vpl:SA104470976_01861	ko:K02072
vpl:SA104470976_01862	ko:K02073
vpl:SA104470976_01864	ko:K15723
vpl:SA104470976_01865	ko:K06879
vpl:SA104470976_01868	ko:K06966
vpl:SA104470976_01869	ko:K01146
vpl:SA104470976_01871	ko:K03566
vpl:SA104470976_01873	ko:K03151
vpl:SA104470976_01874	ko:K02557
vpl:SA104470976_01875	ko:K02556
vpl:SA104470976_01876	ko:K03602
vpl:SA104470976_01877	ko:K00795
vpl:SA104470976_01878	ko:K01662
vpl:SA104470976_01879	ko:K06175
vpl:SA104470976_01886	ko:K09768
vpl:SA104470976_01887	ko:K12942
vpl:SA104470976_01888	ko:K02919
vpl:SA104470976_01889	ko:K02909
vpl:SA104470976_01890	ko:K22900
vpl:SA104470976_01891	ko:K01881
vpl:SA104470976_01894	ko:K01952
vpl:SA104470976_01895	ko:K18691
vpl:SA104470976_01897	ko:K11991
vpl:SA104470976_01898	ko:K12942
vpl:SA104470976_01900	ko:K02671
vpl:SA104470976_01902	ko:K02672
vpl:SA104470976_01903	ko:K08084
vpl:SA104470976_01904	ko:K02655
vpl:SA104470976_01905	ko:K03686
vpl:SA104470976_01906	ko:K04043
vpl:SA104470976_01907	ko:K03687
vpl:SA104470976_01908	ko:K00858
vpl:SA104470976_01909	ko:K03631
vpl:SA104470976_01910	ko:K06186
vpl:SA104470976_01911	ko:K09801
vpl:SA104470976_01913	ko:K03664
vpl:SA104470976_01914	ko:K15035
vpl:SA104470976_01915	ko:K07154
vpl:SA104470976_01925	ko:K02012
vpl:SA104470976_01926	ko:K02010
vpl:SA104470976_01927	ko:K02011
vpl:SA104470976_01928	ko:K07137
vpl:SA104470976_01929	ko:K05524
vpl:SA104470976_01930	ko:K03437
vpl:SA104470976_01931	ko:K05966
vpl:SA104470976_01932	ko:K05964
vpl:SA104470976_01933	ko:K01643
vpl:SA104470976_01934	ko:K01644
vpl:SA104470976_01935	ko:K01646
vpl:SA104470976_01936	ko:K01910
vpl:SA104470976_01938	ko:K01573
vpl:SA104470976_01939	ko:K01571
vpl:SA104470976_01940	ko:K20509
vpl:SA104470976_01941	ko:K07700
vpl:SA104470976_01942	ko:K07702
vpl:SA104470976_01946	ko:K00285
vpl:SA104470976_01947	ko:K03310
vpl:SA104470976_01948	ko:K02362
vpl:SA104470976_01949	ko:K23188
vpl:SA104470976_01950	ko:K23187
vpl:SA104470976_01951	ko:K23186
vpl:SA104470976_01952	ko:K23185
vpl:SA104470976_01953	ko:K04778
vpl:SA104470976_01954	ko:K00216
vpl:SA104470976_01955	ko:K02361
vpl:SA104470976_01956	ko:K02363
vpl:SA104470976_01957	ko:K01252
vpl:SA104470976_01958	ko:K07034
vpl:SA104470976_01960	ko:K11066
vpl:SA104470976_01963	ko:K01951
vpl:SA104470976_01964	ko:K00088
vpl:SA104470976_01965	ko:K03601
vpl:SA104470976_01967	ko:K01872
vpl:SA104470976_01968	ko:K03977
vpl:SA104470976_01969	ko:K17713
vpl:SA104470976_01971	ko:K01892
vpl:SA104470976_01972	ko:K03526
vpl:SA104470976_01973	ko:K15539
vpl:SA104470976_01974	ko:K06941
vpl:SA104470976_01975	ko:K00940
vpl:SA104470976_01976	ko:K07751
vpl:SA104470976_01978	ko:K04755
vpl:SA104470976_01979	ko:K04044
vpl:SA104470976_01980	ko:K04082
vpl:SA104470976_01981	ko:K13628
vpl:SA104470976_01982	ko:K04488
vpl:SA104470976_01983	ko:K04487
vpl:SA104470976_01984	ko:K13643
vpl:SA104470976_01985	ko:K15396
vpl:SA104470976_01986	ko:K01092
vpl:SA104470976_01987	ko:K03074
vpl:SA104470976_01988	ko:K03072
vpl:SA104470976_01989	ko:K03210
vpl:SA104470976_01990	ko:K00773
vpl:SA104470976_01991	ko:K07568
vpl:SA104470976_01992	ko:K04767
vpl:SA104470976_01993	ko:K01637
vpl:SA104470976_01994	ko:K01638
vpl:SA104470976_01995	ko:K04761
vpl:SA104470976_01996	ko:K03386
vpl:SA104470976_01997	ko:K06201
vpl:SA104470976_01998	ko:K22468
vpl:SA104470976_01999	ko:K02039
vpl:SA104470976_02000	ko:K02036
vpl:SA104470976_02001	ko:K02038
vpl:SA104470976_02002	ko:K02037
vpl:SA104470976_02003	ko:K00937
vpl:SA104470976_02004	ko:K01524
vpl:SA104470976_02005	ko:K02040
vpl:SA104470976_02006	ko:K07636
vpl:SA104470976_02007	ko:K07657
vpl:SA104470976_02008	ko:K03554
vpl:SA104470976_02009	ko:K08303
vpl:SA104470976_02011	ko:K19285
vpl:SA104470976_02013	ko:K14221
vpl:SA104470976_02014	ko:K01985
vpl:SA104470976_02015	ko:K01980
vpl:SA104470976_02016	ko:K14218
vpl:SA104470976_02017	ko:K14227
vpl:SA104470976_02018	ko:K01977
vpl:SA104470976_02019	ko:K03695
vpl:SA104470976_02020	ko:K05810
vpl:SA104470976_02021	ko:K06180
vpl:SA104470976_02022	ko:K05807
vpl:SA104470976_02023	ko:K05809
vpl:SA104470976_02025	ko:K14170
vpl:SA104470976_02026	ko:K11069
vpl:SA104470976_02027	ko:K20966
vpl:SA104470976_02028	ko:K01529
vpl:SA104470976_02029	ko:K03720
vpl:SA104470976_02030	ko:K08309
vpl:SA104470976_02031	ko:K06020
vpl:SA104470976_02033	ko:K14187
vpl:SA104470976_02034	ko:K01626
vpl:SA104470976_02035	ko:K27882
vpl:SA104470976_02036	ko:K27883
vpl:SA104470976_02037	ko:K01207
vpl:SA104470976_02038	ko:K09001
vpl:SA104470976_02039	ko:K07106
vpl:SA104470976_02042	ko:K03527
vpl:SA104470976_02043	ko:K03774
vpl:SA104470976_02044	ko:K03101
vpl:SA104470976_02045	ko:K01870
vpl:SA104470976_02046	ko:K11753
vpl:SA104470976_02047	ko:K03980
vpl:SA104470976_02048	ko:K02968
vpl:SA104470976_02049	ko:K22042
vpl:SA104470976_02050	ko:K03717
vpl:SA104470976_02051	ko:K14683
vpl:SA104470976_02052	ko:K00560
vpl:SA104470976_02053	ko:K13292
vpl:SA104470976_02054	ko:K07090
vpl:SA104470976_02055	ko:K08484
vpl:SA104470976_02056	ko:K08311
vpl:SA104470976_02057	ko:K03573
vpl:SA104470976_02060	ko:K20919
vpl:SA104470976_02061	ko:K04567
vpl:SA104470976_02062	ko:K02836
vpl:SA104470976_02063	ko:K03311
vpl:SA104470976_02064	ko:K15460
vpl:SA104470976_02065	ko:K05590
vpl:SA104470976_02066	ko:K02837
vpl:SA104470976_02068	ko:K03789
vpl:SA104470976_02069	ko:K02344
vpl:SA104470976_02070	ko:K03824
vpl:SA104470976_02071	ko:K24843
vpl:SA104470976_02072	ko:K20965
vpl:SA104470976_02073	ko:K24844
vpl:SA104470976_02074	ko:K24845
vpl:SA104470976_02075	ko:K26937
vpl:SA104470976_02077	ko:K05803
vpl:SA104470976_02078	ko:K00962
vpl:SA104470976_02080	ko:K03177
vpl:SA104470976_02081	ko:K02834
vpl:SA104470976_02082	ko:K02519
vpl:SA104470976_02083	ko:K02600
vpl:SA104470976_02084	ko:K09748
vpl:SA104470976_02086	ko:K14230
vpl:SA104470976_02087	ko:K14228
vpl:SA104470976_02088	ko:K03075
vpl:SA104470976_02089	ko:K03431
vpl:SA104470976_02090	ko:K00796
vpl:SA104470976_02091	ko:K03798
vpl:SA104470976_02092	ko:K02427
vpl:SA104470976_02093	ko:K07574
vpl:SA104470976_02094	ko:K03624
vpl:SA104470976_02095	ko:K08720
vpl:SA104470976_02096	ko:K07259
vpl:SA104470976_02097	ko:K01866
vpl:SA104470976_02099	ko:K18989
vpl:SA104470976_02100	ko:K18990
vpl:SA104470976_02101	ko:K15724
vpl:SA104470976_02102	ko:K01845
vpl:SA104470976_02105	ko:K00564
vpl:SA104470976_02106	ko:K19694
vpl:SA104470976_02108	ko:K02035
vpl:SA104470976_02109	ko:K02033
vpl:SA104470976_02110	ko:K02034
vpl:SA104470976_02111	ko:K02031
vpl:SA104470976_02112	ko:K02032
vpl:SA104470976_02114	ko:K18676
vpl:SA104470976_02115	ko:K12373
vpl:SA104470976_02116	ko:K18675
vpl:SA104470976_02118	ko:K02010
vpl:SA104470976_02119	ko:K02011
vpl:SA104470976_02120	ko:K02012
vpl:SA104470976_02121	ko:K03320
vpl:SA104470976_02122	ko:K04752
vpl:SA104470976_02123	ko:K09910
vpl:SA104470976_02124	ko:K01682
vpl:SA104470976_02125	ko:K07001
vpl:SA104470976_02126	ko:K05365
vpl:SA104470976_02127	ko:K03579
vpl:SA104470976_02129	ko:K06206
vpl:SA104470976_02130	ko:K06204
vpl:SA104470976_02131	ko:K01894
vpl:SA104470976_02132	ko:K00970
vpl:SA104470976_02133	ko:K00950
vpl:SA104470976_02134	ko:K00606
vpl:SA104470976_02135	ko:K01918
vpl:SA104470976_02136	ko:K01992
vpl:SA104470976_02137	ko:K01990
vpl:SA104470976_02138	ko:K03321
vpl:SA104470976_02139	ko:K01673
vpl:SA104470976_02140	ko:K00760
vpl:SA104470976_02141	ko:K10913
vpl:SA104470976_02142	ko:K07056
vpl:SA104470976_02143	ko:K07121
vpl:SA104470976_02144	ko:K07460
vpl:SA104470976_02145	ko:K12961
vpl:SA104470976_02146	ko:K28369
vpl:SA104470976_02147	ko:K03600
vpl:SA104470976_02148	ko:K03599
vpl:SA104470976_02149	ko:K00413
vpl:SA104470976_02150	ko:K00412
vpl:SA104470976_02151	ko:K00411
vpl:SA104470976_02152	ko:K02996
vpl:SA104470976_02153	ko:K02871
vpl:SA104470976_02154	ko:K06916
vpl:SA104470976_02155	ko:K09908
vpl:SA104470976_02156	ko:K04771
vpl:SA104470976_02157	ko:K04691
vpl:SA104470976_02158	ko:K02884
vpl:SA104470976_02159	ko:K00554
vpl:SA104470976_02160	ko:K02860
vpl:SA104470976_02161	ko:K02959
vpl:SA104470976_02162	ko:K03106
vpl:SA104470976_02164	ko:K03699
vpl:SA104470976_02165	ko:K07173
vpl:SA104470976_02166	ko:K01919
vpl:SA104470976_02167	ko:K07263
vpl:SA104470976_02169	ko:K00344
vpl:SA104470976_02170	ko:K20509
vpl:SA104470976_02171	ko:K01571
vpl:SA104470976_02172	ko:K01573
vpl:SA104470976_02173	ko:K14219
vpl:SA104470976_02174	ko:K14219
vpl:SA104470976_02175	ko:K14219
vpl:SA104470976_02176	ko:K14219
vpl:SA104470976_02177	ko:K14219
vpl:SA104470976_02178	ko:K14233
vpl:SA104470976_02179	ko:K14219
vpl:SA104470976_02180	ko:K14233
vpl:SA104470976_02181	ko:K03563
vpl:SA104470976_02182	ko:K00928
vpl:SA104470976_02183	ko:K01872
vpl:SA104470976_02184	ko:K03565
vpl:SA104470976_02185	ko:K03553
vpl:SA104470976_02186	ko:K03743
vpl:SA104470976_02187	ko:K02045
vpl:SA104470976_02188	ko:K02047
vpl:SA104470976_02189	ko:K02046
vpl:SA104470976_02190	ko:K02048
vpl:SA104470976_02191	ko:K12339
vpl:SA104470976_02192	ko:K03555
vpl:SA104470976_02193	ko:K03087
vpl:SA104470976_02194	ko:K06194
vpl:SA104470976_02195	ko:K00573
vpl:SA104470976_02196	ko:K03787
vpl:SA104470976_02197	ko:K06176
vpl:SA104470976_02198	ko:K01770
vpl:SA104470976_02199	ko:K00991
vpl:SA104470976_02200	ko:K05589
vpl:SA104470976_02201	ko:K06153
vpl:SA104470976_02202	ko:K00950
vpl:SA104470976_02203	ko:K01633
vpl:SA104470976_02204	ko:K08591
vpl:SA104470976_02206	ko:K25706
vpl:SA104470976_02207	ko:K02970
vpl:SA104470976_02208	ko:K09117
vpl:SA104470976_02209	ko:K02316
vpl:SA104470976_02210	ko:K03086
vpl:SA104470976_02211	ko:K14230
vpl:SA104470976_02213	ko:K11688
vpl:SA104470976_02214	ko:K00820
vpl:SA104470976_02216	ko:K00873
vpl:SA104470976_02218	ko:K09807
vpl:SA104470976_02219	ko:K05596
vpl:SA104470976_02220	ko:K06895
vpl:SA104470976_02221	ko:K03442
vpl:SA104470976_02222	ko:K01624
vpl:SA104470976_02223	ko:K00927
vpl:SA104470976_02224	ko:K03472
vpl:SA104470976_02225	ko:K16089
vpl:SA104470976_02227	ko:K00615
vpl:SA104470976_02228	ko:K00789
vpl:SA104470976_02229	ko:K02742
vpl:SA104470976_02230	ko:K01150
vpl:SA104470976_02231	ko:K09761
vpl:SA104470976_02232	ko:K01920
vpl:SA104470976_02233	ko:K07735
vpl:SA104470976_02234	ko:K07447
vpl:SA104470976_02235	ko:K01866
vpl:SA104470976_02237	ko:K02670
vpl:SA104470976_02238	ko:K02669
vpl:SA104470976_02239	ko:K06997
vpl:SA104470976_02240	ko:K00286
vpl:SA104470976_02241	ko:K02221
vpl:SA104470976_02242	ko:K09131
vpl:SA104470976_02244	ko:K01519
vpl:SA104470976_02246	ko:K01425
vpl:SA104470976_02247	ko:K03439
vpl:SA104470976_02248	ko:K03575
vpl:SA104470976_02250	ko:K08306
vpl:SA104470976_02251	ko:K14231
vpl:SA104470976_02252	ko:K14234
vpl:SA104470976_02253	ko:K14231
vpl:SA104470976_02254	ko:K14220
vpl:SA104470976_02255	ko:K03406
vpl:SA104470976_02258	ko:K14231
vpl:SA104470976_02259	ko:K14234
vpl:SA104470976_02260	ko:K14220
vpl:SA104470976_02261	ko:K14234
vpl:SA104470976_02262	ko:K14220
vpl:SA104470976_02263	ko:K05801
vpl:SA104470976_02264	ko:K04744
vpl:SA104470976_02265	ko:K03771
vpl:SA104470976_02266	ko:K00097
vpl:SA104470976_02267	ko:K02528
vpl:SA104470976_02268	ko:K06195
vpl:SA104470976_02269	ko:K01525
vpl:SA104470976_02270	ko:K00287
vpl:SA104470976_02274	ko:K03979
vpl:SA104470976_02275	ko:K02899
vpl:SA104470976_02276	ko:K02888
vpl:SA104470976_02277	ko:K02523
vpl:SA104470976_02278	ko:K03758
vpl:SA104470976_02279	ko:K00024
vpl:SA104470976_02280	ko:K03402
vpl:SA104470976_02281	ko:K07080
vpl:SA104470976_02283	ko:K14061
vpl:SA104470976_02286	ko:K09893
vpl:SA104470976_02287	ko:K01478
vpl:SA104470976_02290	ko:K05601
vpl:SA104470976_02291	ko:K03568
vpl:SA104470976_02292	ko:K11206
vpl:SA104470976_02294	ko:K08301
vpl:SA104470976_02295	ko:K06287
vpl:SA104470976_02296	ko:K03571
vpl:SA104470976_02297	ko:K03570
vpl:SA104470976_02298	ko:K03569
vpl:SA104470976_02299	ko:K12287
vpl:SA104470976_02300	ko:K12286
vpl:SA104470976_02301	ko:K12285
vpl:SA104470976_02302	ko:K10927
vpl:SA104470976_02303	ko:K10926
vpl:SA104470976_02304	ko:K10924
vpl:SA104470976_02305	ko:K10925
vpl:SA104470976_02306	ko:K12277
vpl:SA104470976_02307	ko:K12278
vpl:SA104470976_02308	ko:K12276
vpl:SA104470976_02309	ko:K12284
vpl:SA104470976_02310	ko:K12283
vpl:SA104470976_02311	ko:K12282
vpl:SA104470976_02312	ko:K12281
vpl:SA104470976_02313	ko:K12280
vpl:SA104470976_02314	ko:K12279
vpl:SA104470976_02316	ko:K18765
vpl:SA104470976_02317	ko:K03111
vpl:SA104470976_02319	ko:K00963
vpl:SA104470976_02320	ko:K03701
vpl:SA104470976_02322	ko:K00830
vpl:SA104470976_02324	ko:K00928
vpl:SA104470976_02325	ko:K00548
vpl:SA104470976_02326	ko:K03316
vpl:SA104470976_02327	ko:K14221
vpl:SA104470976_02328	ko:K01985
vpl:SA104470976_02329	ko:K01980
vpl:SA104470976_02330	ko:K14218
vpl:SA104470976_02331	ko:K14227
vpl:SA104470976_02332	ko:K01977
vpl:SA104470976_02333	ko:K00390
vpl:SA104470976_02334	ko:K00381
vpl:SA104470976_02335	ko:K00380
vpl:SA104470976_02339	ko:K05539
vpl:SA104470976_02340	ko:K09823
vpl:SA104470976_02341	ko:K03409
vpl:SA104470976_02343	ko:K01810
vpl:SA104470976_02345	ko:K01775
vpl:SA104470976_02346	ko:K02314
vpl:SA104470976_02347	ko:K07283
vpl:SA104470976_02348	ko:K02939
vpl:SA104470976_02349	ko:K02963
vpl:SA104470976_02350	ko:K02686
vpl:SA104470976_02351	ko:K02990
vpl:SA104470976_02352	ko:K03594
vpl:SA104470976_02353	ko:K02192
vpl:SA104470976_02354	ko:K02358
vpl:SA104470976_02355	ko:K02355
vpl:SA104470976_02356	ko:K02992
vpl:SA104470976_02357	ko:K02950
vpl:SA104470976_02358	ko:K07237
vpl:SA104470976_02359	ko:K07236
vpl:SA104470976_02360	ko:K07235
vpl:SA104470976_02362	ko:K03772
vpl:SA104470976_02364	ko:K03745
vpl:SA104470976_02365	ko:K09937
vpl:SA104470976_02366	ko:K04087
vpl:SA104470976_02367	ko:K04088
vpl:SA104470976_02368	ko:K03665
vpl:SA104470976_02369	ko:K03666
vpl:SA104470976_02370	ko:K00791
vpl:SA104470976_02371	ko:K03572
vpl:SA104470976_02373	ko:K01448
vpl:SA104470976_02374	ko:K06925
vpl:SA104470976_02375	ko:K18979
vpl:SA104470976_02376	ko:K14230
vpl:SA104470976_02377	ko:K14230
vpl:SA104470976_02378	ko:K14230
vpl:SA104470976_02379	ko:K14225
vpl:SA104470976_02380	ko:K14230
vpl:SA104470976_02381	ko:K14225
vpl:SA104470976_02382	ko:K14225
vpl:SA104470976_02383	ko:K13288
vpl:SA104470976_02384	ko:K06949
vpl:SA104470976_02385	ko:K01613
vpl:SA104470976_02386	ko:K14445
vpl:SA104470976_02388	ko:K15633
vpl:SA104470976_02389	ko:K22719
vpl:SA104470976_02392	ko:K01599
vpl:SA104470976_02393	ko:K03426
vpl:SA104470976_02394	ko:K07740
vpl:SA104470976_02395	ko:K03046
vpl:SA104470976_02396	ko:K03043
vpl:SA104470976_02397	ko:K02935
vpl:SA104470976_02398	ko:K02864
vpl:SA104470976_02399	ko:K02863
vpl:SA104470976_02400	ko:K02867
vpl:SA104470976_02401	ko:K02601
vpl:SA104470976_02402	ko:K03073
vpl:SA104470976_02403	ko:K14234
vpl:SA104470976_02404	ko:K14225
vpl:SA104470976_02405	ko:K14236
vpl:SA104470976_02406	ko:K14234
vpl:SA104470976_02407	ko:K00867
vpl:SA104470976_02408	ko:K03524
vpl:SA104470976_02409	ko:K00075
vpl:SA104470976_02411	ko:K00998
vpl:SA104470976_02412	ko:K14221
vpl:SA104470976_02413	ko:K01985
vpl:SA104470976_02414	ko:K01980
vpl:SA104470976_02415	ko:K14237
vpl:SA104470976_02416	ko:K14229
vpl:SA104470976_02417	ko:K14224
vpl:SA104470976_02418	ko:K01977
vpl:SA104470976_02419	ko:K05368
vpl:SA104470976_02421	ko:K03182
vpl:SA104470976_02423	ko:K03628
vpl:SA104470976_02424	ko:K03671
vpl:SA104470976_02425	ko:K03732
vpl:SA104470976_02426	ko:K01524
vpl:SA104470976_02428	ko:K05820
vpl:SA104470976_02429	ko:K07182
vpl:SA104470976_02431	ko:K02342
vpl:SA104470976_02432	ko:K01895
vpl:SA104470976_02433	ko:K03786
vpl:SA104470976_02434	ko:K02160
vpl:SA104470976_02435	ko:K01961
vpl:SA104470976_02436	ko:K02687
vpl:SA104470976_02437	ko:K05540
vpl:SA104470976_02438	ko:K03557
vpl:SA104470976_02444	ko:K03427
vpl:SA104470976_02447	ko:K01153
vpl:SA104470976_02452	ko:K06145
vpl:SA104470976_02453	ko:K01690
vpl:SA104470976_02454	ko:K00851
vpl:SA104470976_02455	ko:K03299
vpl:SA104470976_02456	ko:K01625
vpl:SA104470976_02457	ko:K03406
vpl:SA104470976_02458	ko:K01582
vpl:SA104470976_02459	ko:K03757
vpl:SA104470976_02460	ko:K03765
vpl:SA104470976_02461	ko:K13638
vpl:SA104470976_02462	ko:K00602
vpl:SA104470976_02463	ko:K01945
vpl:SA104470976_02465	ko:K05787
vpl:SA104470976_02466	ko:K03699
vpl:SA104470976_02467	ko:K09891
vpl:SA104470976_02469	ko:K16053
vpl:SA104470976_02470	ko:K07576
vpl:SA104470976_02471	ko:K24300
vpl:SA104470976_02473	ko:K24310
vpl:SA104470976_02487	ko:K15899
vpl:SA104470976_02489	ko:K15894
vpl:SA104470976_02490	ko:K00979
vpl:SA104470976_02492	ko:K01666
vpl:SA104470976_02502	ko:K03274
vpl:SA104470976_02507	ko:K02843
vpl:SA104470976_02509	ko:K02527
vpl:SA104470976_02513	ko:K07483
vpl:SA104470976_02514	ko:K07497
vpl:SA104470976_02518	ko:K11211
vpl:SA104470976_02519	ko:K12982
vpl:SA104470976_02520	ko:K12984
vpl:SA104470976_02522	ko:K00954
vpl:SA104470976_02523	ko:K10563
vpl:SA104470976_02525	ko:K02913
vpl:SA104470976_02526	ko:K02902
vpl:SA104470976_02527	ko:K03630
vpl:SA104470976_02528	ko:K03406
vpl:SA104470976_02529	ko:K13038
vpl:SA104470976_02530	ko:K05501
vpl:SA104470976_02531	ko:K02517
vpl:SA104470976_02532	ko:K02560
vpl:SA104470976_02533	ko:K00762
vpl:SA104470976_02534	ko:K00989
vpl:SA104470976_02537	ko:K11192
vpl:SA104470976_02538	ko:K07106
vpl:SA104470976_02539	ko:K15835
vpl:SA104470976_02540	ko:K23228
vpl:SA104470976_02541	ko:K23227
vpl:SA104470976_02542	ko:K10829
vpl:SA104470976_02543	ko:K02014
vpl:SA104470976_02544	ko:K18893
vpl:SA104470976_02547	ko:K03654
vpl:SA104470976_02548	ko:K05786
vpl:SA104470976_02550	ko:K05835
vpl:SA104470976_02552	ko:K03657
vpl:SA104470976_02553	ko:K01414
vpl:SA104470976_02554	ko:K07115
vpl:SA104470976_02555	ko:K00383
vpl:SA104470976_02557	ko:K02034
vpl:SA104470976_02558	ko:K02033
vpl:SA104470976_02559	ko:K02035
vpl:SA104470976_02560	ko:K02031
vpl:SA104470976_02560	ko:K02032
vpl:SA104470976_02562	ko:K14232
vpl:SA104470976_02563	ko:K14226
vpl:SA104470976_02564	ko:K14232
vpl:SA104470976_02565	ko:K14226
vpl:SA104470976_02566	ko:K14219
vpl:SA104470976_02568	ko:K03656
vpl:SA104470976_02569	ko:K18136
vpl:SA104470976_02570	ko:K03585
vpl:SA104470976_02571	ko:K18138
vpl:SA104470976_02572	ko:K09806
vpl:SA104470976_02573	ko:K00053
vpl:SA104470976_02574	ko:K02521
vpl:SA104470976_02575	ko:K14233
vpl:SA104470976_02576	ko:K01985
vpl:SA104470976_02577	ko:K01980
vpl:SA104470976_02578	ko:K14224
vpl:SA104470976_02579	ko:K01977
vpl:SA104470976_02581	ko:K01776
vpl:SA104470976_02582	ko:K14645
vpl:SA104470976_02583	ko:K16092
vpl:SA104470976_02585	ko:K00557
vpl:SA104470976_02587	ko:K22105
vpl:SA104470976_02588	ko:K00322
vpl:SA104470976_02589	ko:K03089
vpl:SA104470976_02590	ko:K09811
vpl:SA104470976_02591	ko:K09812
vpl:SA104470976_02592	ko:K03110
vpl:SA104470976_02593	ko:K08316
vpl:SA104470976_02594	ko:K08993
vpl:SA104470976_02599	ko:K04047
vpl:SA104470976_02600	ko:K07181
vpl:SA104470976_02601	ko:K05834
vpl:SA104470976_02602	ko:K01048
vpl:SA104470976_02603	ko:K28854
vpl:SA104470976_02605	ko:K05812
vpl:SA104470976_02608	ko:K20862
vpl:SA104470976_02609	ko:K03733
vpl:SA104470976_02610	ko:K09921
vpl:SA104470976_02611	ko:K01778
vpl:SA104470976_02612	ko:K01586
vpl:SA104470976_02613	ko:K06202
vpl:SA104470976_02615	ko:K05851
vpl:SA104470976_02616	ko:K01749
vpl:SA104470976_02617	ko:K01719
vpl:SA104470976_02618	ko:K02496
vpl:SA104470976_02619	ko:K02498
vpl:SA104470976_02620	ko:K02495
vpl:SA104470976_02622	ko:K09894
vpl:SA104470976_02625	ko:K03978
vpl:SA104470976_02627	ko:K02335
vpl:SA104470976_02630	ko:K01698
vpl:SA104470976_02631	ko:K03424
vpl:SA104470976_02632	ko:K02439
vpl:SA104470976_02633	ko:K02441
vpl:SA104470976_02634	ko:K02415
vpl:SA104470976_02635	ko:K03181
vpl:SA104470976_02636	ko:K03179
vpl:SA104470976_02637	ko:K00631
vpl:SA104470976_02638	ko:K01356
vpl:SA104470976_02640	ko:K26937
vpl:SA104470976_02641	ko:K00428
vpl:SA104470976_02642	ko:K03118
vpl:SA104470976_02643	ko:K03117
vpl:SA104470976_02644	ko:K03116
vpl:SA104470976_02645	ko:K03688
vpl:SA104470976_02646	ko:K03690
vpl:SA104470976_02647	ko:K03183
vpl:SA104470976_02648	ko:K09760
vpl:SA104470976_02659	ko:K07497
vpl:SA104470976_02660	ko:K07483
vpl:SA104470976_02663	ko:K06144
vpl:SA104470976_02664	ko:K02217
vpl:SA104470976_02665	ko:K06149
vpl:SA104470976_02668	ko:K15984
vpl:SA104470976_02670	ko:K03718
vpl:SA104470976_02672	ko:K07552
vpl:SA104470976_02674	ko:K01262
vpl:SA104470976_02675	ko:K03150
vpl:SA104470976_02676	ko:K03149
vpl:SA104470976_02677	ko:K03154
vpl:SA104470976_02678	ko:K03148
vpl:SA104470976_02679	ko:K00788
vpl:SA104470976_02680	ko:K03147
vpl:SA104470976_02682	ko:K06199
vpl:SA104470976_02683	ko:K14235
vpl:SA104470976_02684	ko:K14221
vpl:SA104470976_02685	ko:K01985
vpl:SA104470976_02686	ko:K01980
vpl:SA104470976_02687	ko:K14218
vpl:SA104470976_02688	ko:K01977
vpl:SA104470976_02689	ko:K00230
vpl:SA104470976_02690	ko:K03498
vpl:SA104470976_02692	ko:K01825
vpl:SA104470976_02693	ko:K00632
vpl:SA104470976_02695	ko:K28371
vpl:SA104470976_02696	ko:K04042
vpl:SA104470976_02697	ko:K02114
vpl:SA104470976_02698	ko:K02112
vpl:SA104470976_02699	ko:K02115
vpl:SA104470976_02700	ko:K02111
vpl:SA104470976_02701	ko:K02113
vpl:SA104470976_02702	ko:K02109
vpl:SA104470976_02703	ko:K02110
vpl:SA104470976_02704	ko:K02108
vpl:SA104470976_02705	ko:K02116
vpl:SA104470976_02706	ko:K03497
vpl:SA104470976_02707	ko:K03496
vpl:SA104470976_02708	ko:K03501
vpl:SA104470976_02709	ko:K03495
vpl:SA104470976_02710	ko:K06205
vpl:SA104470976_02711	ko:K03650
vpl:SA104470976_02712	ko:K03217
vpl:SA104470976_02713	ko:K03536
vpl:SA104470976_02714	ko:K02914
vpl:SA104470976_02715	ko:K16963
vpl:SA104470976_02716	ko:K16962
vpl:SA104470976_02717	ko:K16961
vpl:SA104470976_02718	ko:K10834
vpl:SA104470976_02724	ko:K03406
vpl:SA104470976_02725	ko:K07140
vpl:SA104470976_02726	ko:K01465
vpl:SA104470976_02727	ko:K03212
vpl:SA104470976_02728	ko:K09781
vpl:SA104470976_02737	ko:K02444
vpl:SA104470976_02741	ko:K10109
vpl:SA104470976_02742	ko:K10108
vpl:SA104470976_02743	ko:K10111
vpl:SA104470976_02744	ko:K00657
vpl:SA104470976_02745	ko:K19000
vpl:SA104470976_02746	ko:K07394
vpl:SA104470976_02748	ko:K20918
vpl:SA104470976_02749	ko:K03769
vpl:SA104470976_02750	ko:K03415
vpl:SA104470976_02752	ko:K13590
vpl:SA104470976_02763	ko:K06911
vpl:SA104470976_02764	ko:K09913
vpl:SA104470976_02769	ko:K10823
vpl:SA104470976_02769	ko:K15583
vpl:SA104470976_02770	ko:K02030
vpl:SA104470976_02771	ko:K03406
vpl:SA104470976_02772	ko:K02030
vpl:SA104470976_02775	ko:K03303
vpl:SA104470976_02776	ko:K29125
vpl:SA104470976_02777	ko:K18930
vpl:SA104470976_02778	ko:K09773
vpl:SA104470976_02779	ko:K01007
vpl:SA104470976_02780	ko:K03776
vpl:SA104470976_02781	ko:K26937
vpl:SA104470976_02784	ko:K18893
vpl:SA104470976_02786	ko:K10680
vpl:SA104470976_02790	ko:K26605
vpl:SA104470976_02791	ko:K26606
vpl:SA104470976_02793	ko:K23775
vpl:SA104470976_02794	ko:K04063
vpl:SA104470976_02802	ko:K19304
vpl:SA104470976_02804	ko:K03321
vpl:SA104470976_02807	ko:K20956
vpl:SA104470976_02809	ko:K02036
vpl:SA104470976_02810	ko:K02038
vpl:SA104470976_02811	ko:K02037
vpl:SA104470976_02812	ko:K02040
vpl:SA104470976_02813	ko:K03406
vpl:SA104470976_02817	ko:K02014
vpl:SA104470976_02818	ko:K01354
vpl:SA104470976_02820	ko:K06078
vpl:SA104470976_02821	ko:K19236
vpl:SA104470976_02822	ko:K01669
vpl:SA104470976_02825	ko:K03784
vpl:SA104470976_02829	ko:K08676
vpl:SA104470976_02830	ko:K06975
vpl:SA104470976_02832	ko:K03312
vpl:SA104470976_02834	ko:K08974
vpl:SA104470976_02836	ko:K07152
vpl:SA104470976_02837	ko:K09796
vpl:SA104470976_02838	ko:K07862
vpl:SA104470976_02839	ko:K01096
vpl:SA104470976_02840	ko:K07093
vpl:SA104470976_02843	ko:K01183
vpl:SA104470976_02844	ko:K09909
vpl:SA104470976_02845	ko:K14445
vpl:SA104470976_02846	ko:K13936
vpl:SA104470976_02848	ko:K07136
vpl:SA104470976_02852	ko:K11904
vpl:SA104470976_02853	ko:K11903
vpl:SA104470976_02854	ko:K00700
vpl:SA104470976_02855	ko:K00705
vpl:SA104470976_02856	ko:K00688
vpl:SA104470976_02857	ko:K03556
vpl:SA104470976_02858	ko:K14762
vpl:SA104470976_02859	ko:K03406
vpl:SA104470976_02866	ko:K03496
vpl:SA104470976_02867	ko:K03497
vpl:SA104470976_02868	ko:K11069
vpl:SA104470976_02869	ko:K06957
vpl:SA104470976_02870	ko:K02031
vpl:SA104470976_02870	ko:K02032
vpl:SA104470976_02871	ko:K02034
vpl:SA104470976_02872	ko:K02033
vpl:SA104470976_02873	ko:K02035
vpl:SA104470976_02875	ko:K03413
vpl:SA104470976_02876	ko:K03407
vpl:SA104470976_02877	ko:K03408
vpl:SA104470976_02878	ko:K03408
vpl:SA104470976_02879	ko:K03406
vpl:SA104470976_02880	ko:K00575
vpl:SA104470976_02881	ko:K03411
vpl:SA104470976_02882	ko:K03412
vpl:SA104470976_02884	ko:K03406
vpl:SA104470976_02885	ko:K20978
vpl:SA104470976_02886	ko:K20977
vpl:SA104470976_02887	ko:K09749
vpl:SA104470976_02888	ko:K12541
vpl:SA104470976_02891	ko:K12542
vpl:SA104470976_02892	ko:K00275
vpl:SA104470976_02898	ko:K13821
vpl:SA104470976_02900	ko:K11928
vpl:SA104470976_02902	ko:K03406
vpl:SA104470976_02903	ko:K03719
vpl:SA104470976_02904	ko:K00154
vpl:SA104470976_02909	ko:K07003
vpl:SA104470976_02911	ko:K01581
vpl:SA104470976_02912	ko:K03756
vpl:SA104470976_02914	ko:K02858
vpl:SA104470976_02915	ko:K16317
vpl:SA104470976_02919	ko:K07118
vpl:SA104470976_02922	ko:K15269
vpl:SA104470976_02923	ko:K07090
vpl:SA104470976_02927	ko:K03810
vpl:SA104470976_02928	ko:K02562
vpl:SA104470976_02929	ko:K00009
vpl:SA104470976_02930	ko:K02800
vpl:SA104470976_02932	ko:K01840
vpl:SA104470976_02933	ko:K02029
vpl:SA104470976_02934	ko:K02030
vpl:SA104470976_02935	ko:K02029
vpl:SA104470976_02936	ko:K02028
vpl:SA104470976_02937	ko:K01626
vpl:SA104470976_02939	ko:K03406
vpl:SA104470976_02940	ko:K10117
vpl:SA104470976_02941	ko:K03406
vpl:SA104470976_02943	ko:K01214
vpl:SA104470976_02945	ko:K05775
vpl:SA104470976_02948	ko:K01182
vpl:SA104470976_02950	ko:K07126
vpl:SA104470976_02951	ko:K02564
vpl:SA104470976_02954	ko:K09897
vpl:SA104470976_02955	ko:K23773
vpl:SA104470976_02956	ko:K15977
vpl:SA104470976_02957	ko:K13529
vpl:SA104470976_02959	ko:K00567
vpl:SA104470976_02967	ko:K06933
vpl:SA104470976_02976	ko:K00763
vpl:SA104470976_02978	ko:K03972
vpl:SA104470976_02982	ko:K06177
vpl:SA104470976_02985	ko:K11901
vpl:SA104470976_02986	ko:K11900
vpl:SA104470976_02987	ko:K11905
vpl:SA104470976_02988	ko:K11896
vpl:SA104470976_02989	ko:K11895
vpl:SA104470976_02990	ko:K11894
vpl:SA104470976_02991	ko:K11906
vpl:SA104470976_02992	ko:K11893
vpl:SA104470976_02993	ko:K11892
vpl:SA104470976_02994	ko:K11907
vpl:SA104470976_02995	ko:K11908
vpl:SA104470976_02996	ko:K11909
vpl:SA104470976_02997	ko:K11910
vpl:SA104470976_02998	ko:K11891
vpl:SA104470976_02999	ko:K11911
vpl:SA104470976_03000	ko:K11904
vpl:SA104470976_03003	ko:K06726
vpl:SA104470976_03004	ko:K10441
vpl:SA104470976_03005	ko:K10440
vpl:SA104470976_03006	ko:K10439
vpl:SA104470976_03007	ko:K00852
vpl:SA104470976_03008	ko:K02529
vpl:SA104470976_03012	ko:K01126
vpl:SA104470976_03013	ko:K02445
vpl:SA104470976_03017	ko:K10126
vpl:SA104470976_03018	ko:K07080
vpl:SA104470976_03020	ko:K15736
vpl:SA104470976_03022	ko:K01462
vpl:SA104470976_03023	ko:K05571
vpl:SA104470976_03024	ko:K05570
vpl:SA104470976_03025	ko:K05569
vpl:SA104470976_03026	ko:K05568
vpl:SA104470976_03027	ko:K05567
vpl:SA104470976_03028	ko:K05565
vpl:SA104470976_03031	ko:K03835
vpl:SA104470976_03032	ko:K01667
vpl:SA104470976_03033	ko:K09954
vpl:SA104470976_03037	ko:K09797
vpl:SA104470976_03039	ko:K07114
vpl:SA104470976_03040	ko:K07114
vpl:SA104470976_03043	ko:K03924
vpl:SA104470976_03044	ko:K03406
vpl:SA104470976_03047	ko:K03317
vpl:SA104470976_03048	ko:K01258
vpl:SA104470976_03050	ko:K12266
vpl:SA104470976_03051	ko:K05916
vpl:SA104470976_03053	ko:K09890
vpl:SA104470976_03058	ko:K23997
vpl:SA104470976_03059	ko:K03778
vpl:SA104470976_03061	ko:K10716
vpl:SA104470976_03063	ko:K00364
vpl:SA104470976_03065	ko:K11927
vpl:SA104470976_03066	ko:K07792
vpl:SA104470976_03067	ko:K01916
vpl:SA104470976_03068	ko:K00969
vpl:SA104470976_03073	ko:K18218
vpl:SA104470976_03075	ko:K08154
vpl:SA104470976_03077	ko:K11018
vpl:SA104470976_03078	ko:K10948
vpl:SA104470976_03080	ko:K01046
vpl:SA104470976_03082	ko:K09607
vpl:SA104470976_03085	ko:K25282
vpl:SA104470976_03086	ko:K25284
vpl:SA104470976_03087	ko:K25283
vpl:SA104470976_03088	ko:K25285
vpl:SA104470976_03090	ko:K16087
vpl:SA104470976_03092	ko:K02016
vpl:SA104470976_03093	ko:K02015
vpl:SA104470976_03094	ko:K02013
vpl:SA104470976_03096	ko:K00925
vpl:SA104470976_03097	ko:K03892
vpl:SA104470976_03098	ko:K03325
vpl:SA104470976_03104	ko:K02483
vpl:SA104470976_03107	ko:K03079
vpl:SA104470976_03108	ko:K03078
vpl:SA104470976_03109	ko:K28853
vpl:SA104470976_03110	ko:K03077
vpl:SA104470976_03111	ko:K02821
vpl:SA104470976_03112	ko:K02822
vpl:SA104470976_03112	ko:K03475
vpl:SA104470976_03113	ko:K03477
vpl:SA104470976_03114	ko:K03476
vpl:SA104470976_03124	ko:K03406
vpl:SA104470976_03126	ko:K07258
vpl:SA104470976_03129	ko:K01674
vpl:SA104470976_03130	ko:K00281
vpl:SA104470976_03131	ko:K02437
vpl:SA104470976_03132	ko:K00600
vpl:SA104470976_03134	ko:K00605
vpl:SA104470976_03135	ko:K01868
vpl:SA104470976_03136	ko:K02520
vpl:SA104470976_03137	ko:K02916
vpl:SA104470976_03138	ko:K02887
vpl:SA104470976_03158	ko:K09962
vpl:SA104470976_03176	ko:K07497
vpl:SA104470976_03177	ko:K07483
vpl:SA104470976_03180	ko:K03825
vpl:SA104470976_03185	ko:K06950
vpl:SA104470976_03186	ko:K22477
vpl:SA104470976_03187	ko:K07483
vpl:SA104470976_03188	ko:K07497
vpl:SA104470976_03196	ko:K00799
vpl:SA104470976_03210	ko:K18795
vpl:SA104470976_03212	ko:K19092
vpl:SA104470976_03213	ko:K19165
vpl:SA104470976_03218	ko:K18923
vpl:SA104470976_03219	ko:K06218
vpl:SA104470976_03221	ko:K19159
vpl:SA104470976_03222	ko:K19158
vpl:SA104470976_03224	ko:K03825
vpl:SA104470976_03225	ko:K07483
vpl:SA104470976_03226	ko:K07497
vpl:SA104470976_03228	ko:K07497
vpl:SA104470976_03229	ko:K07483
vpl:SA104470976_03231	ko:K19092
vpl:SA104470976_03232	ko:K07746
vpl:SA104470976_03235	ko:K00571
vpl:SA104470976_03240	ko:K19163
vpl:SA104470976_03241	ko:K19164
vpl:SA104470976_03245	ko:K07334
vpl:SA104470976_03246	ko:K21498
vpl:SA104470976_03247	ko:K09702
vpl:SA104470976_03253	ko:K18923
vpl:SA104470976_03254	ko:K06218
vpl:SA104470976_03261	ko:K19157
vpl:SA104470976_03262	ko:K07473
vpl:SA104470976_03269	ko:K06218
vpl:SA104470976_03270	ko:K18923
vpl:SA104470976_03278	ko:K07486
vpl:SA104470976_03279	ko:K23163
vpl:SA104470976_03285	ko:K21636
vpl:SA104470976_03286	ko:K04068
vpl:SA104470976_03287	ko:K00813
vpl:SA104470976_03289	ko:K02770
vpl:SA104470976_03290	ko:K00882
vpl:SA104470976_03291	ko:K11183
vpl:SA104470976_03292	ko:K03435
vpl:SA104470976_03293	ko:K03547
vpl:SA104470976_03294	ko:K03546
vpl:SA104470976_03295	ko:K10916
vpl:SA104470976_03296	ko:K10915
vpl:SA104470976_03298	ko:K03281
vpl:SA104470976_03300	ko:K14540
vpl:SA104470976_03308	ko:K06212
vpl:SA104470976_03311	ko:K07459
vpl:SA104470976_03312	ko:K01081
vpl:SA104470976_03316	ko:K06193
vpl:SA104470976_03320	ko:K08177
vpl:SA104470976_03322	ko:K14225
vpl:SA104470976_03323	ko:K22602
vpl:SA104470976_03328	ko:K00324
vpl:SA104470976_03329	ko:K00325
vpl:SA104470976_03335	ko:K09917
vpl:SA104470976_03336	ko:K03113
vpl:SA104470976_03338	ko:K01921
vpl:SA104470976_03340	ko:K09181
vpl:SA104470976_03342	ko:K16087
vpl:SA104470976_03343	ko:K11925
vpl:SA104470976_03345	ko:K19222
vpl:SA104470976_03347	ko:K14761
vpl:SA104470976_03348	ko:K02030
vpl:SA104470976_03349	ko:K11209
vpl:SA104470976_03352	ko:K06934
vpl:SA104470976_03353	ko:K13896
vpl:SA104470976_03354	ko:K13895
vpl:SA104470976_03355	ko:K13894
vpl:SA104470976_03357	ko:K13893
vpl:SA104470976_03360	ko:K09712
vpl:SA104470976_03364	ko:K03430
vpl:SA104470976_03365	ko:K05306
vpl:SA104470976_03366	ko:K06140
vpl:SA104470976_03367	ko:K00701
vpl:SA104470976_03370	ko:K02536
vpl:SA104470976_03372	ko:K15770
vpl:SA104470976_03373	ko:K15771
vpl:SA104470976_03374	ko:K15772
vpl:SA104470976_03375	ko:K01208
vpl:SA104470976_03377	ko:K23356
vpl:SA104470976_03378	ko:K07495
vpl:SA104470976_03379	ko:K08723
vpl:SA104470976_03382	ko:K03282
vpl:SA104470976_03383	ko:K01938
vpl:SA104470976_03384	ko:K12267
vpl:SA104470976_03385	ko:K01495
vpl:SA104470976_03386	ko:K03750
vpl:SA104470976_03387	ko:K21029
vpl:SA104470976_03389	ko:K01011
vpl:SA104470976_03392	ko:K00616
vpl:SA104470976_03393	ko:K00615
vpl:SA104470976_03394	ko:K16087
vpl:SA104470976_03397	ko:K07120
vpl:SA104470976_03398	ko:K00058
vpl:SA104470976_03401	ko:K02442
vpl:SA104470976_03402	ko:K06967
vpl:SA104470976_03405	ko:K10679
vpl:SA104470976_03406	ko:K18138
vpl:SA104470976_03407	ko:K03585
vpl:SA104470976_03408	ko:K07112
vpl:SA104470976_03409	ko:K07112
vpl:SA104470976_03410	ko:K22042
vpl:SA104470976_03413	ko:K06996
vpl:SA104470976_03415	ko:K02810
vpl:SA104470976_03416	ko:K03484
vpl:SA104470976_03417	ko:K01193
vpl:SA104470976_03418	ko:K00847
vpl:SA104470976_03419	ko:K00111
vpl:SA104470976_03420	ko:K03776
vpl:SA104470976_03424	ko:K03406
vpl:SA104470976_03426	ko:K03326
vpl:SA104470976_03427	ko:K01752
vpl:SA104470976_03428	ko:K07685
vpl:SA104470976_03429	ko:K07674
vpl:SA104470976_03430	ko:K02572
vpl:SA104470976_03431	ko:K02570
vpl:SA104470976_03432	ko:K02567
vpl:SA104470976_03433	ko:K02568
vpl:SA104470976_03434	ko:K02569
vpl:SA104470976_03436	ko:K20264
vpl:SA104470976_03437	ko:K20263
vpl:SA104470976_03438	ko:K07783
vpl:SA104470976_03439	ko:K02012
vpl:SA104470976_03440	ko:K02011
vpl:SA104470976_03441	ko:K02010
vpl:SA104470976_03442	ko:K03821
vpl:SA104470976_03444	ko:K00626
vpl:SA104470976_03445	ko:K00023
vpl:SA104470976_03446	ko:K03074
vpl:SA104470976_03447	ko:K03072
vpl:SA104470976_03451	ko:K00975
vpl:SA104470976_03452	ko:K21606
vpl:SA104470976_03454	ko:K08325
vpl:SA104470976_03456	ko:K08476
vpl:SA104470976_03457	ko:K08475
vpl:SA104470976_03458	ko:K08478
vpl:SA104470976_03459	ko:K07783
vpl:SA104470976_03460	ko:K00873
vpl:SA104470976_03462	ko:K01734
vpl:SA104470976_03463	ko:K08281
vpl:SA104470976_03464	ko:K00901
vpl:SA104470976_03465	ko:K03658
vpl:SA104470976_03471	ko:K00021
vpl:SA104470976_03472	ko:K02017
vpl:SA104470976_03473	ko:K02018
vpl:SA104470976_03474	ko:K02020
vpl:SA104470976_03475	ko:K02232
vpl:SA104470976_03482	ko:K10909
vpl:SA104470976_03483	ko:K10910
vpl:SA104470976_03485	ko:K07461
vpl:SA104470976_03486	ko:K09915
vpl:SA104470976_03488	ko:K09802
vpl:SA104470976_03490	ko:K00864
vpl:SA104470976_03491	ko:K02440
vpl:SA104470976_03492	ko:K00111
vpl:SA104470976_03493	ko:K00112
vpl:SA104470976_03494	ko:K00113
vpl:SA104470976_03495	ko:K00648
vpl:SA104470976_03496	ko:K03672
vpl:SA104470976_03497	ko:K08219
vpl:SA104470976_03499	ko:K14222
vpl:SA104470976_03500	ko:K14228
vpl:SA104470976_03501	ko:K09998
vpl:SA104470976_03502	ko:K09999
vpl:SA104470976_03503	ko:K09997
vpl:SA104470976_03504	ko:K10000
vpl:SA104470976_03506	ko:K03924
vpl:SA104470976_03507	ko:K01515
vpl:SA104470976_03508	ko:K01620
vpl:SA104470976_03511	ko:K11927
vpl:SA104470976_03513	ko:K03834
vpl:SA104470976_03514	ko:K03406
vpl:SA104470976_03515	ko:K01784
vpl:SA104470976_03516	ko:K07160
vpl:SA104470976_03518	ko:K23124
vpl:SA104470976_03520	ko:K00012
vpl:SA104470976_03521	ko:K02004
vpl:SA104470976_03522	ko:K02003
vpl:SA104470976_03523	ko:K10804
vpl:SA104470976_03524	ko:K00209
vpl:SA104470976_03525	ko:K20962
vpl:SA104470976_03528	ko:K08984
vpl:SA104470976_03533	ko:K05805
vpl:SA104470976_03534	ko:K00892
vpl:SA104470976_03536	ko:K28162
vpl:SA104470976_03537	ko:K05592
vpl:SA104470976_03538	ko:K01147
vpl:SA104470976_03540	ko:K02040
vpl:SA104470976_03542	ko:K06876
vpl:SA104470976_03543	ko:K19333
vpl:SA104470976_03544	ko:K02031
vpl:SA104470976_03544	ko:K02032
vpl:SA104470976_03545	ko:K02034
vpl:SA104470976_03546	ko:K02033
vpl:SA104470976_03547	ko:K02035
vpl:SA104470976_03549	ko:K19049
vpl:SA104470976_03550	ko:K15533
vpl:SA104470976_03551	ko:K18581
vpl:SA104470976_03552	ko:K00065
vpl:SA104470976_03553	ko:K00965
vpl:SA104470976_03554	ko:K01625
vpl:SA104470976_03555	ko:K00874
vpl:SA104470976_03556	ko:K01815
vpl:SA104470976_03558	ko:K01480
vpl:SA104470976_03559	ko:K01585
vpl:SA104470976_03561	ko:K06213
vpl:SA104470976_03563	ko:K01724
vpl:SA104470976_03564	ko:K00500
vpl:SA104470976_03565	ko:K01907
vpl:SA104470976_03574	ko:K00661
vpl:SA104470976_03575	ko:K03699
vpl:SA104470976_03576	ko:K07397
vpl:SA104470976_03578	ko:K01493
vpl:SA104470976_03579	ko:K00134
vpl:SA104470976_03581	ko:K05835
vpl:SA104470976_03583	ko:K17218
vpl:SA104470976_03584	ko:K16263
vpl:SA104470976_03591	ko:K02004
vpl:SA104470976_03592	ko:K02003
vpl:SA104470976_03595	ko:K01176
vpl:SA104470976_03596	ko:K06076
vpl:SA104470976_03598	ko:K03406
vpl:SA104470976_03599	ko:K08604
vpl:SA104470976_03600	ko:K07275
vpl:SA104470976_03602	ko:K07262
vpl:SA104470976_03603	ko:K12573
vpl:SA104470976_03607	ko:K00060
vpl:SA104470976_03608	ko:K00639
vpl:SA104470976_03609	ko:K01740
vpl:SA104470976_03611	ko:K08234
vpl:SA104470976_03614	ko:K15536
vpl:SA104470976_03615	ko:K04477
vpl:SA104470976_03617	ko:K00036
vpl:SA104470976_03618	ko:K01057
vpl:SA104470976_03619	ko:K00033
vpl:SA104470976_03622	ko:K07396
vpl:SA104470976_03624	ko:K00865
vpl:SA104470976_03626	ko:K07226
vpl:SA104470976_03627	ko:K07227
vpl:SA104470976_03628	ko:K21936
vpl:SA104470976_03629	ko:K03832
vpl:SA104470976_03630	ko:K03561
vpl:SA104470976_03632	ko:K25132
